{
  "2022-11": {
    "name": "Blissey",
    "percent": 2.5063,
    "usage": 7357,
    "rank": 44
  },
  "2022-12": {
    "name": "Blissey",
    "percent": 1.8512,
    "usage": 8048,
    "rank": 57
  },
  "2023-01": {
    "name": "Blissey",
    "percent": 1.68847,
    "usage": 5154,
    "rank": 60
  },
  "2023-02": {
    "name": "Blissey",
    "percent": 1.58636,
    "usage": 3625,
    "rank": 63
  },
  "2023-03": {
    "name": "Blissey",
    "percent": 1.99159,
    "usage": 4330,
    "rank": 60
  },
  "2023-04": {
    "name": "Blissey",
    "percent": 1.73616,
    "usage": 3317,
    "rank": 59
  },
  "2023-05": {
    "name": "Blissey",
    "percent": 1.64192,
    "usage": 2851,
    "rank": 66
  },
  "2023-06": {
    "name": "Blissey",
    "percent": 1.85491,
    "usage": 5294,
    "rank": 66
  },
  "2023-07": {
    "name": "Blissey",
    "percent": 1.73815,
    "usage": 3777,
    "rank": 71
  },
  "2023-08": {
    "name": "Blissey",
    "percent": 1.96967,
    "usage": 4195,
    "rank": 68
  },
  "2023-09": {
    "name": "Blissey",
    "percent": 1.4354,
    "usage": 3182,
    "rank": 86
  },
  "2023-09-DLC1": {
    "name": "Blissey",
    "percent": 1.1435,
    "usage": 1454,
    "rank": 106
  },
  "2023-10": {
    "name": "Blissey",
    "percent": 2.62394,
    "usage": 6903,
    "rank": 59
  },
  "2023-11": {
    "name": "Blissey",
    "percent": 2.67471,
    "usage": 7132,
    "rank": 59
  },
  "2023-12": {
    "name": "Blissey",
    "percent": 2.0196,
    "usage": 6823,
    "rank": 77
  },
  "2023-12-DLC2": {
    "name": "Blissey",
    "percent": 1.58258,
    "usage": 2731,
    "rank": 94
  },
  "2024-01": {
    "name": "Blissey",
    "percent": 1.30524,
    "usage": 4842,
    "rank": 108
  },
  "2024-02": {
    "name": "Blissey",
    "percent": 1.38227,
    "usage": 4717,
    "rank": 97
  },
  "2024-03": {
    "name": "Blissey",
    "percent": 2.09402,
    "usage": 7999,
    "rank": 64
  },
  "2024-04": {
    "name": "Blissey",
    "percent": 2.33713,
    "usage": 7457,
    "rank": 61
  },
  "2024-05": {
    "name": "Blissey",
    "percent": 1.80127,
    "usage": 2875,
    "rank": 77
  },
  "2024-06": {
    "name": "Blissey",
    "percent": 2.2641,
    "usage": 6755,
    "rank": 68
  }
}