{
  "2022-11": {
    "name": "Glaceon",
    "percent": 0.02743,
    "usage": 1827,
    "rank": 202
  },
  "2022-12": {
    "name": "Glaceon",
    "percent": 0.05,
    "usage": 3877,
    "rank": 205
  },
  "2023-01": {
    "name": "Glaceon",
    "percent": 0.13991,
    "usage": 3499,
    "rank": 166
  },
  "2023-02": {
    "name": "Glaceon",
    "percent": 0.11462,
    "usage": 2486,
    "rank": 184
  },
  "2023-03": {
    "name": "Glaceon",
    "percent": 0.09158,
    "usage": 2322,
    "rank": 190
  },
  "2023-04": {
    "name": "Glaceon",
    "percent": 0.12185,
    "usage": 2236,
    "rank": 174
  },
  "2023-05": {
    "name": "Glaceon",
    "percent": 0.10445,
    "usage": 2198,
    "rank": 229
  },
  "2023-06": {
    "name": "Glaceon",
    "percent": 0.10325,
    "usage": 1655,
    "rank": 248
  },
  "2023-07": {
    "name": "Glaceon",
    "percent": 0.05263,
    "usage": 2081,
    "rank": 293
  },
  "2023-08": {
    "name": "Glaceon",
    "percent": 0.06792,
    "usage": 2486,
    "rank": 282
  },
  "2023-09": {
    "name": "Glaceon",
    "percent": 0.07392,
    "usage": 2673,
    "rank": 318
  },
  "2023-09-DLC1": {
    "name": "Glaceon",
    "percent": 0.08781,
    "usage": 1216,
    "rank": 298
  },
  "2023-10": {
    "name": "Glaceon",
    "percent": 0.06208,
    "usage": 2108,
    "rank": 316
  },
  "2023-11": {
    "name": "Glaceon",
    "percent": 0.0491,
    "usage": 1939,
    "rank": 323
  },
  "2023-12": {
    "name": "Glaceon",
    "percent": 0.05463,
    "usage": 1506,
    "rank": 366
  },
  "2023-12-DLC2": {
    "name": "Glaceon",
    "percent": 0.03869,
    "usage": 567,
    "rank": 394
  },
  "2024-01": {
    "name": "Glaceon",
    "percent": 0.09316,
    "usage": 1656,
    "rank": 310
  },
  "2024-02": {
    "name": "Glaceon",
    "percent": 0.037,
    "usage": 1379,
    "rank": 398
  },
  "2024-03": {
    "name": "Glaceon",
    "percent": 0.04613,
    "usage": 1612,
    "rank": 386
  },
  "2024-04": {
    "name": "Glaceon",
    "percent": 0.0242,
    "usage": 1216,
    "rank": 421
  },
  "2024-05": {
    "name": "Glaceon",
    "percent": 0.02935,
    "usage": 668,
    "rank": 404
  },
  "2024-06": {
    "name": "Glaceon",
    "percent": 0.02578,
    "usage": 1330,
    "rank": 406
  }
}