{
  "2022-11": {
    "name": "Leafeon",
    "percent": 0.05623,
    "usage": 1876,
    "rank": 296
  },
  "2022-12": {
    "name": "Leafeon",
    "percent": 0.08662,
    "usage": 4395,
    "rank": 220
  },
  "2023-01": {
    "name": "Leafeon",
    "percent": 0.01523,
    "usage": 5215,
    "rank": 356
  },
  "2023-02": {
    "name": "Leafeon",
    "percent": 0.16084,
    "usage": 6247,
    "rank": 215
  },
  "2023-03": {
    "name": "Leafeon",
    "percent": 0.08838,
    "usage": 8249,
    "rank": 242
  },
  "2023-04": {
    "name": "Leafeon",
    "percent": 0.03422,
    "usage": 6498,
    "rank": 308
  },
  "2023-05": {
    "name": "Leafeon",
    "percent": 0.33628,
    "usage": 13747,
    "rank": 158
  },
  "2023-06": {
    "name": "Leafeon",
    "percent": 0.0642,
    "usage": 10244,
    "rank": 240
  },
  "2023-07": {
    "name": "Leafeon",
    "percent": 0.01341,
    "usage": 6527,
    "rank": 380
  },
  "2023-08": {
    "name": "Leafeon",
    "percent": 0.01072,
    "usage": 6667,
    "rank": 407
  },
  "2023-09": {
    "name": "Leafeon",
    "percent": 0.02302,
    "usage": 5952,
    "rank": 328
  },
  "2023-09-DLC1": {
    "name": "Leafeon",
    "percent": 0.02186,
    "usage": 2600,
    "rank": 315
  },
  "2023-10": {
    "name": "Leafeon",
    "percent": 0.0695,
    "usage": 5486,
    "rank": 245
  },
  "2023-11": {
    "name": "Leafeon",
    "percent": 0.12915,
    "usage": 6226,
    "rank": 216
  },
  "2023-12": {
    "name": "Leafeon",
    "percent": 0.0869,
    "usage": 5144,
    "rank": 230
  },
  "2023-12-DLC2": {
    "name": "Leafeon",
    "percent": 0.0847,
    "usage": 1930,
    "rank": 208
  },
  "2024-01": {
    "name": "Leafeon",
    "percent": 0.03611,
    "usage": 4364,
    "rank": 280
  },
  "2024-02": {
    "name": "Leafeon",
    "percent": 0.0655,
    "usage": 4100,
    "rank": 244
  },
  "2024-03": {
    "name": "Leafeon",
    "percent": 0.09835,
    "usage": 4828,
    "rank": 228
  },
  "2024-04": {
    "name": "Leafeon",
    "percent": 0.00783,
    "usage": 3506,
    "rank": 406
  },
  "2024-05": {
    "name": "Leafeon",
    "percent": 0.00131,
    "usage": 1892,
    "rank": 544
  },
  "2024-06": {
    "name": "Leafeon",
    "percent": 0.00555,
    "usage": 3234,
    "rank": 424
  }
}