{
  "2023-09": {
    "name": "Crawdaunt",
    "percent": 1.62825,
    "usage": 97643,
    "rank": 67
  },
  "2023-09-DLC1": {
    "name": "Crawdaunt",
    "percent": 1.89897,
    "usage": 76501,
    "rank": 63
  },
  "2023-10": {
    "name": "Crawdaunt",
    "percent": 0.90111,
    "usage": 63961,
    "rank": 79
  },
  "2023-11": {
    "name": "Crawdaunt",
    "percent": 0.5681,
    "usage": 31181,
    "rank": 91
  },
  "2023-12": {
    "name": "Crawdaunt",
    "percent": 0.24475,
    "usage": 21930,
    "rank": 142
  },
  "2023-12-DLC2": {
    "name": "Crawdaunt",
    "percent": 0.16726,
    "usage": 9021,
    "rank": 150
  },
  "2024-01": {
    "name": "Crawdaunt",
    "percent": 0.14976,
    "usage": 14002,
    "rank": 154
  },
  "2024-02": {
    "name": "Crawdaunt",
    "percent": 0.0864,
    "usage": 9357,
    "rank": 169
  },
  "2024-03": {
    "name": "Crawdaunt",
    "percent": 0.22016,
    "usage": 10659,
    "rank": 131
  },
  "2024-04": {
    "name": "Crawdaunt",
    "percent": 0.08921,
    "usage": 10001,
    "rank": 174
  },
  "2024-05": {
    "name": "Crawdaunt",
    "percent": 0.06405,
    "usage": 4050,
    "rank": 186
  },
  "2024-06": {
    "name": "Crawdaunt",
    "percent": 0.11834,
    "usage": 8317,
    "rank": 161
  }
}