{
  "2022-11": {
    "name": "Rillaboom",
    "percent": 3.0262,
    "usage": 17886,
    "rank": 53
  },
  "2022-12": {
    "name": "Rillaboom",
    "percent": 2.59595,
    "usage": 31901,
    "rank": 57
  },
  "2023-01": {
    "name": "Rillaboom",
    "percent": 3.39366,
    "usage": 46081,
    "rank": 42
  },
  "2023-02": {
    "name": "Rillaboom",
    "percent": 5.59358,
    "usage": 87291,
    "rank": 29
  },
  "2023-03": {
    "name": "Rillaboom",
    "percent": 5.69087,
    "usage": 100369,
    "rank": 27
  },
  "2023-04": {
    "name": "Rillaboom",
    "percent": 5.94183,
    "usage": 104582,
    "rank": 23
  },
  "2023-05": {
    "name": "Rillaboom",
    "percent": 6.10903,
    "usage": 114018,
    "rank": 25
  },
  "2023-06": {
    "name": "Rillaboom",
    "percent": 8.29534,
    "usage": 139475,
    "rank": 10
  },
  "2023-07": {
    "name": "Rillaboom",
    "percent": 7.95951,
    "usage": 128824,
    "rank": 12
  },
  "2023-08": {
    "name": "Rillaboom",
    "percent": 7.96421,
    "usage": 146530,
    "rank": 9
  },
  "2023-09": {
    "name": "Rillaboom",
    "percent": 7.73019,
    "usage": 132548,
    "rank": 13
  },
  "2023-09-DLC1": {
    "name": "Rillaboom",
    "percent": 7.74208,
    "usage": 66065,
    "rank": 12
  },
  "2023-10": {
    "name": "Rillaboom",
    "percent": 6.04009,
    "usage": 95232,
    "rank": 24
  },
  "2023-11": {
    "name": "Rillaboom",
    "percent": 6.94412,
    "usage": 93908,
    "rank": 18
  },
  "2023-12": {
    "name": "Rillaboom",
    "percent": 6.88484,
    "usage": 88040,
    "rank": 17
  },
  "2023-12-DLC2": {
    "name": "Rillaboom",
    "percent": 6.35099,
    "usage": 34794,
    "rank": 23
  },
  "2024-01": {
    "name": "Rillaboom",
    "percent": 6.14913,
    "usage": 75899,
    "rank": 24
  },
  "2024-02": {
    "name": "Rillaboom",
    "percent": 5.75165,
    "usage": 74476,
    "rank": 25
  },
  "2024-03": {
    "name": "Rillaboom",
    "percent": 5.52028,
    "usage": 74293,
    "rank": 26
  },
  "2024-04": {
    "name": "Rillaboom",
    "percent": 6.00053,
    "usage": 72970,
    "rank": 20
  },
  "2024-05": {
    "name": "Rillaboom",
    "percent": 5.79283,
    "usage": 34649,
    "rank": 24
  },
  "2024-06": {
    "name": "Rillaboom",
    "percent": 6.19892,
    "usage": 80884,
    "rank": 22
  }
}