{
  "2023-02": {
    "name": "Zoroark-Hisui",
    "percent": 1.15967,
    "usage": 46529,
    "rank": 62
  },
  "2023-03": {
    "name": "Zoroark-Hisui",
    "percent": 9.18929,
    "usage": 435833,
    "rank": 24
  },
  "2023-04": {
    "name": "Zoroark-Hisui",
    "percent": 4.70159,
    "usage": 225584,
    "rank": 33
  },
  "2023-05": {
    "name": "Zoroark-Hisui",
    "percent": 3.31745,
    "usage": 194416,
    "rank": 46
  },
  "2023-06": {
    "name": "Zoroark-Hisui",
    "percent": 0.33193,
    "usage": 113619,
    "rank": 100
  },
  "2023-07": {
    "name": "Zoroark-Hisui",
    "percent": 0.40422,
    "usage": 63375,
    "rank": 81
  },
  "2023-08": {
    "name": "Zoroark-Hisui",
    "percent": 0.25016,
    "usage": 59499,
    "rank": 88
  },
  "2023-09": {
    "name": "Zoroark-Hisui",
    "percent": 0.32556,
    "usage": 62603,
    "rank": 109
  },
  "2023-09-DLC1": {
    "name": "Zoroark-Hisui",
    "percent": 0.23601,
    "usage": 33915,
    "rank": 114
  },
  "2023-10": {
    "name": "Zoroark-Hisui",
    "percent": 0.25716,
    "usage": 61468,
    "rank": 104
  },
  "2023-11": {
    "name": "Zoroark-Hisui",
    "percent": 0.25439,
    "usage": 46582,
    "rank": 108
  },
  "2023-12": {
    "name": "Zoroark-Hisui",
    "percent": 0.18887,
    "usage": 38600,
    "rank": 143
  },
  "2023-12-DLC2": {
    "name": "Zoroark-Hisui",
    "percent": 0.22221,
    "usage": 16582,
    "rank": 128
  },
  "2024-01": {
    "name": "Zoroark-Hisui",
    "percent": 0.13119,
    "usage": 37838,
    "rank": 142
  },
  "2024-02": {
    "name": "Zoroark-Hisui",
    "percent": 0.08028,
    "usage": 31786,
    "rank": 145
  },
  "2024-03": {
    "name": "Zoroark-Hisui",
    "percent": 0.10644,
    "usage": 32912,
    "rank": 126
  },
  "2024-04": {
    "name": "Zoroark-Hisui",
    "percent": 0.07022,
    "usage": 26891,
    "rank": 147
  },
  "2024-05": {
    "name": "Zoroark-Hisui",
    "percent": 0.43361,
    "usage": 14238,
    "rank": 89
  },
  "2024-06": {
    "name": "Zoroark-Hisui",
    "percent": 0.07915,
    "usage": 30081,
    "rank": 148
  }
}