{
  "2022-11": {
    "name": "Chansey",
    "percent": 3.63117,
    "usage": 3822,
    "rank": 38
  },
  "2022-12": {
    "name": "Chansey",
    "percent": 1.7469,
    "usage": 4990,
    "rank": 61
  },
  "2023-01": {
    "name": "Chansey",
    "percent": 0.35089,
    "usage": 4013,
    "rank": 129
  },
  "2023-02": {
    "name": "Chansey",
    "percent": 0.95395,
    "usage": 3673,
    "rank": 82
  },
  "2023-03": {
    "name": "Chansey",
    "percent": 1.44118,
    "usage": 4275,
    "rank": 78
  },
  "2023-04": {
    "name": "Chansey",
    "percent": 1.1279,
    "usage": 3006,
    "rank": 81
  },
  "2023-05": {
    "name": "Chansey",
    "percent": 1.36779,
    "usage": 3259,
    "rank": 75
  },
  "2023-06": {
    "name": "Chansey",
    "percent": 1.33995,
    "usage": 3674,
    "rank": 86
  },
  "2023-07": {
    "name": "Chansey",
    "percent": 1.14404,
    "usage": 4334,
    "rank": 87
  },
  "2023-08": {
    "name": "Chansey",
    "percent": 1.25277,
    "usage": 4812,
    "rank": 82
  },
  "2023-09": {
    "name": "Chansey",
    "percent": 0.9115,
    "usage": 5329,
    "rank": 111
  },
  "2023-09-DLC1": {
    "name": "Chansey",
    "percent": 0.96597,
    "usage": 3228,
    "rank": 110
  },
  "2023-10": {
    "name": "Chansey",
    "percent": 1.01123,
    "usage": 5153,
    "rank": 104
  },
  "2023-11": {
    "name": "Chansey",
    "percent": 1.45731,
    "usage": 3739,
    "rank": 78
  },
  "2023-12": {
    "name": "Chansey",
    "percent": 0.92168,
    "usage": 2876,
    "rank": 112
  },
  "2023-12-DLC2": {
    "name": "Chansey",
    "percent": 0.84495,
    "usage": 1271,
    "rank": 127
  },
  "2024-01": {
    "name": "Chansey",
    "percent": 0.64921,
    "usage": 2885,
    "rank": 136
  },
  "2024-02": {
    "name": "Chansey",
    "percent": 0.97888,
    "usage": 3441,
    "rank": 100
  },
  "2024-03": {
    "name": "Chansey",
    "percent": 1.39037,
    "usage": 3685,
    "rank": 80
  },
  "2024-04": {
    "name": "Chansey",
    "percent": 1.27261,
    "usage": 3701,
    "rank": 80
  },
  "2024-05": {
    "name": "Chansey",
    "percent": 0.93178,
    "usage": 1992,
    "rank": 93
  },
  "2024-06": {
    "name": "Chansey",
    "percent": 0.92093,
    "usage": 3160,
    "rank": 91
  }
}