{
  "2023-09": {
    "name": "Ogerpon",
    "percent": 0.84512,
    "usage": 14407,
    "rank": 120
  },
  "2023-09-DLC1": {
    "name": "Ogerpon",
    "percent": 1.35692,
    "usage": 12385,
    "rank": 91
  },
  "2023-10": {
    "name": "Ogerpon",
    "percent": 1.31255,
    "usage": 16394,
    "rank": 91
  },
  "2023-11": {
    "name": "Ogerpon",
    "percent": 0.93728,
    "usage": 9372,
    "rank": 113
  },
  "2023-12": {
    "name": "Ogerpon",
    "percent": 0.73336,
    "usage": 7680,
    "rank": 131
  },
  "2023-12-DLC2": {
    "name": "Ogerpon",
    "percent": 0.3683,
    "usage": 2478,
    "rank": 166
  },
  "2024-01": {
    "name": "Ogerpon",
    "percent": 0.48892,
    "usage": 5766,
    "rank": 157
  },
  "2024-02": {
    "name": "Ogerpon",
    "percent": 0.39691,
    "usage": 5067,
    "rank": 170
  },
  "2024-03": {
    "name": "Ogerpon",
    "percent": 0.65233,
    "usage": 6051,
    "rank": 138
  },
  "2024-04": {
    "name": "Ogerpon",
    "percent": 0.64467,
    "usage": 5075,
    "rank": 135
  },
  "2024-05": {
    "name": "Ogerpon",
    "percent": 1.20999,
    "usage": 2976,
    "rank": 95
  },
  "2024-06": {
    "name": "Ogerpon",
    "percent": 5.51074,
    "usage": 41749,
    "rank": 38
  }
}