{
  "2022-11": {
    "name": "Latias-Mega",
    "percent": 0.6868,
    "usage": 3906,
    "rank": 213
  },
  "2022-12": {
    "name": "Latias-Mega",
    "percent": 0.67149,
    "usage": 8023,
    "rank": 202
  },
  "2023-01": {
    "name": "Latias-Mega",
    "percent": 0.71422,
    "usage": 9421,
    "rank": 184
  },
  "2023-02": {
    "name": "Latias-Mega",
    "percent": 0.57674,
    "usage": 8655,
    "rank": 211
  },
  "2023-03": {
    "name": "Latias-Mega",
    "percent": 0.6237,
    "usage": 10514,
    "rank": 182
  },
  "2023-04": {
    "name": "Latias-Mega",
    "percent": 0.65948,
    "usage": 10201,
    "rank": 156
  },
  "2023-05": {
    "name": "Latias-Mega",
    "percent": 0.77446,
    "usage": 11595,
    "rank": 134
  },
  "2023-06": {
    "name": "Latias-Mega",
    "percent": 0.54608,
    "usage": 8069,
    "rank": 176
  },
  "2023-07": {
    "name": "Latias-Mega",
    "percent": 0.60322,
    "usage": 8599,
    "rank": 166
  },
  "2023-08": {
    "name": "Latias-Mega",
    "percent": 0.63331,
    "usage": 10537,
    "rank": 154
  },
  "2023-09": {
    "name": "Latias-Mega",
    "percent": 0.69039,
    "usage": 10232,
    "rank": 159
  },
  "2023-09-DLC1": {
    "name": "Latias-Mega",
    "percent": 0.70867,
    "usage": 5167,
    "rank": 155
  },
  "2023-10": {
    "name": "Latias-Mega",
    "percent": 0.70758,
    "usage": 9672,
    "rank": 153
  },
  "2023-11": {
    "name": "Latias-Mega",
    "percent": 0.95938,
    "usage": 10629,
    "rank": 123
  },
  "2023-12": {
    "name": "Latias-Mega",
    "percent": 0.97202,
    "usage": 9701,
    "rank": 131
  },
  "2023-12-DLC2": {
    "name": "Latias-Mega",
    "percent": 0.76395,
    "usage": 3534,
    "rank": 139
  },
  "2024-01": {
    "name": "Latias-Mega",
    "percent": 0.76294,
    "usage": 7820,
    "rank": 144
  },
  "2024-02": {
    "name": "Latias-Mega",
    "percent": 0.90136,
    "usage": 9524,
    "rank": 124
  },
  "2024-03": {
    "name": "Latias-Mega",
    "percent": 1.12092,
    "usage": 12171,
    "rank": 113
  },
  "2024-04": {
    "name": "Latias-Mega",
    "percent": 0.88724,
    "usage": 8780,
    "rank": 129
  },
  "2024-05": {
    "name": "Latias-Mega",
    "percent": 0.87872,
    "usage": 4383,
    "rank": 129
  },
  "2024-06": {
    "name": "Latias-Mega",
    "percent": 1.0096,
    "usage": 10481,
    "rank": 110
  }
}