{
  "2023-12": {
    "name": "Comfey",
    "percent": 0.89421,
    "usage": 33305,
    "rank": 111
  },
  "2023-12-DLC2": {
    "name": "Comfey",
    "percent": 1.29576,
    "usage": 27727,
    "rank": 90
  },
  "2024-01": {
    "name": "Comfey",
    "percent": 0.91953,
    "usage": 34592,
    "rank": 104
  },
  "2024-02": {
    "name": "Comfey",
    "percent": 0.76935,
    "usage": 21707,
    "rank": 114
  },
  "2024-03": {
    "name": "Comfey",
    "percent": 0.65793,
    "usage": 17502,
    "rank": 130
  },
  "2024-04": {
    "name": "Comfey",
    "percent": 0.93575,
    "usage": 21781,
    "rank": 102
  },
  "2024-05": {
    "name": "Comfey",
    "percent": 0.75144,
    "usage": 8001,
    "rank": 129
  },
  "2024-06": {
    "name": "Comfey",
    "percent": 0.67603,
    "usage": 13971,
    "rank": 135
  }
}