{
  "2023-12": {
    "name": "Comfey",
    "percent": 0.76841,
    "usage": 33305,
    "rank": 108
  },
  "2023-12-DLC2": {
    "name": "Comfey",
    "percent": 1.1068,
    "usage": 27727,
    "rank": 92
  },
  "2024-01": {
    "name": "Comfey",
    "percent": 0.76818,
    "usage": 34592,
    "rank": 100
  },
  "2024-02": {
    "name": "Comfey",
    "percent": 0.68591,
    "usage": 21707,
    "rank": 102
  },
  "2024-03": {
    "name": "Comfey",
    "percent": 0.58109,
    "usage": 17502,
    "rank": 110
  },
  "2024-04": {
    "name": "Comfey",
    "percent": 0.83689,
    "usage": 21781,
    "rank": 93
  },
  "2024-05": {
    "name": "Comfey",
    "percent": 0.72202,
    "usage": 8001,
    "rank": 108
  },
  "2024-06": {
    "name": "Comfey",
    "percent": 0.63469,
    "usage": 13971,
    "rank": 110
  }
}