{
  "2023-12": {
    "name": "Excadrill",
    "percent": 4.23217,
    "usage": 157627,
    "rank": 49
  },
  "2023-12-DLC2": {
    "name": "Excadrill",
    "percent": 5.79765,
    "usage": 124060,
    "rank": 35
  },
  "2024-01": {
    "name": "Excadrill",
    "percent": 6.56021,
    "usage": 246791,
    "rank": 34
  },
  "2024-02": {
    "name": "Excadrill",
    "percent": 4.73387,
    "usage": 133565,
    "rank": 44
  },
  "2024-03": {
    "name": "Excadrill",
    "percent": 2.95978,
    "usage": 78735,
    "rank": 54
  },
  "2024-04": {
    "name": "Excadrill",
    "percent": 2.53362,
    "usage": 58974,
    "rank": 56
  },
  "2024-05": {
    "name": "Excadrill",
    "percent": 2.51879,
    "usage": 26819,
    "rank": 58
  },
  "2024-06": {
    "name": "Excadrill",
    "percent": 2.35723,
    "usage": 48715,
    "rank": 57
  }
}