{
  "2022-11": {
    "name": "Whiscash",
    "percent": 0.05798,
    "usage": 357,
    "rank": 561
  },
  "2022-12": {
    "name": "Whiscash",
    "percent": 0.08292,
    "usage": 1095,
    "rank": 530
  },
  "2023-01": {
    "name": "Whiscash",
    "percent": 0.05777,
    "usage": 871,
    "rank": 561
  },
  "2023-02": {
    "name": "Whiscash",
    "percent": 0.06519,
    "usage": 1226,
    "rank": 548
  },
  "2023-03": {
    "name": "Whiscash",
    "percent": 0.0473,
    "usage": 1018,
    "rank": 558
  },
  "2023-04": {
    "name": "Whiscash",
    "percent": 0.04717,
    "usage": 1143,
    "rank": 494
  },
  "2023-05": {
    "name": "Whiscash",
    "percent": 0.03078,
    "usage": 1246,
    "rank": 545
  },
  "2023-06": {
    "name": "Whiscash",
    "percent": 0.02593,
    "usage": 1313,
    "rank": 552
  },
  "2023-07": {
    "name": "Whiscash",
    "percent": 0.01994,
    "usage": 861,
    "rank": 582
  },
  "2023-08": {
    "name": "Whiscash",
    "percent": 0.03088,
    "usage": 1478,
    "rank": 536
  },
  "2023-09": {
    "name": "Whiscash",
    "percent": 0.02513,
    "usage": 1157,
    "rank": 549
  },
  "2023-09-DLC1": {
    "name": "Whiscash",
    "percent": 0.01066,
    "usage": 353,
    "rank": 620
  },
  "2023-10": {
    "name": "Whiscash",
    "percent": 0.03143,
    "usage": 941,
    "rank": 535
  },
  "2023-11": {
    "name": "Whiscash",
    "percent": 0.02124,
    "usage": 817,
    "rank": 582
  },
  "2023-12": {
    "name": "Whiscash",
    "percent": 0.01284,
    "usage": 625,
    "rank": 631
  },
  "2023-12-DLC2": {
    "name": "Whiscash",
    "percent": 0.00815,
    "usage": 209,
    "rank": 646
  },
  "2024-01": {
    "name": "Whiscash",
    "percent": 0.02746,
    "usage": 689,
    "rank": 545
  },
  "2024-02": {
    "name": "Whiscash",
    "percent": 0.02276,
    "usage": 861,
    "rank": 566
  },
  "2024-03": {
    "name": "Whiscash",
    "percent": 0.02148,
    "usage": 869,
    "rank": 583
  },
  "2024-04": {
    "name": "Whiscash",
    "percent": 0.01675,
    "usage": 643,
    "rank": 592
  },
  "2024-05": {
    "name": "Whiscash",
    "percent": 0.04016,
    "usage": 646,
    "rank": 486
  },
  "2024-06": {
    "name": "Whiscash",
    "percent": 0.01374,
    "usage": 733,
    "rank": 587
  }
}