{
  "2022-11": {
    "name": "Slither Wing",
    "percent": 1.77082,
    "usage": 10115,
    "rank": 73
  },
  "2022-12": {
    "name": "Slither Wing",
    "percent": 1.35997,
    "usage": 14681,
    "rank": 79
  },
  "2023-01": {
    "name": "Slither Wing",
    "percent": 1.29052,
    "usage": 10256,
    "rank": 92
  },
  "2023-02": {
    "name": "Slither Wing",
    "percent": 1.11746,
    "usage": 6464,
    "rank": 103
  },
  "2023-03": {
    "name": "Slither Wing",
    "percent": 1.1158,
    "usage": 6137,
    "rank": 103
  },
  "2023-04": {
    "name": "Slither Wing",
    "percent": 1.36209,
    "usage": 5593,
    "rank": 92
  },
  "2023-05": {
    "name": "Slither Wing",
    "percent": 1.04104,
    "usage": 4454,
    "rank": 107
  },
  "2023-06": {
    "name": "Slither Wing",
    "percent": 0.61708,
    "usage": 3193,
    "rank": 164
  },
  "2023-07": {
    "name": "Slither Wing",
    "percent": 0.54026,
    "usage": 2438,
    "rank": 176
  },
  "2023-08": {
    "name": "Slither Wing",
    "percent": 0.84185,
    "usage": 3598,
    "rank": 144
  },
  "2023-09": {
    "name": "Slither Wing",
    "percent": 0.56093,
    "usage": 3315,
    "rank": 196
  },
  "2023-09-DLC1": {
    "name": "Slither Wing",
    "percent": 0.42191,
    "usage": 1518,
    "rank": 232
  },
  "2023-10": {
    "name": "Slither Wing",
    "percent": 0.65049,
    "usage": 3811,
    "rank": 178
  },
  "2023-11": {
    "name": "Slither Wing",
    "percent": 0.54806,
    "usage": 2939,
    "rank": 190
  },
  "2023-12": {
    "name": "Slither Wing",
    "percent": 0.34604,
    "usage": 1556,
    "rank": 264
  },
  "2023-12-DLC2": {
    "name": "Slither Wing",
    "percent": 0.33941,
    "usage": 744,
    "rank": 272
  },
  "2024-01": {
    "name": "Slither Wing",
    "percent": 0.43399,
    "usage": 2170,
    "rank": 235
  },
  "2024-02": {
    "name": "Slither Wing",
    "percent": 0.47604,
    "usage": 1968,
    "rank": 229
  },
  "2024-03": {
    "name": "Slither Wing",
    "percent": 0.35562,
    "usage": 1942,
    "rank": 261
  },
  "2024-04": {
    "name": "Slither Wing",
    "percent": 0.50155,
    "usage": 1837,
    "rank": 216
  },
  "2024-05": {
    "name": "Slither Wing",
    "percent": 0.45608,
    "usage": 898,
    "rank": 222
  },
  "2024-06": {
    "name": "Slither Wing",
    "percent": 0.24013,
    "usage": 1120,
    "rank": 316
  }
}