{
  "2022-11": {
    "name": "Haunter",
    "percent": 0.01273,
    "usage": 726,
    "rank": 240
  },
  "2022-12": {
    "name": "Haunter",
    "percent": 0.0183,
    "usage": 1386,
    "rank": 233
  },
  "2023-01": {
    "name": "Haunter",
    "percent": 0.04114,
    "usage": 1976,
    "rank": 217
  },
  "2023-02": {
    "name": "Haunter",
    "percent": 0.05152,
    "usage": 1717,
    "rank": 209
  },
  "2023-03": {
    "name": "Haunter",
    "percent": 0.03494,
    "usage": 1514,
    "rank": 215
  },
  "2023-04": {
    "name": "Haunter",
    "percent": 0.01967,
    "usage": 1187,
    "rank": 215
  },
  "2023-05": {
    "name": "Haunter",
    "percent": 0.02505,
    "usage": 1220,
    "rank": 262
  },
  "2023-06": {
    "name": "Haunter",
    "percent": 0.01938,
    "usage": 1649,
    "rank": 248
  },
  "2023-07": {
    "name": "Haunter",
    "percent": 0.02459,
    "usage": 1284,
    "rank": 246
  },
  "2023-08": {
    "name": "Haunter",
    "percent": 0.02898,
    "usage": 1373,
    "rank": 234
  },
  "2023-09": {
    "name": "Haunter",
    "percent": 0.01918,
    "usage": 1700,
    "rank": 301
  },
  "2023-09-DLC1": {
    "name": "Haunter",
    "percent": 0.01356,
    "usage": 780,
    "rank": 311
  },
  "2023-10": {
    "name": "Haunter",
    "percent": 0.02128,
    "usage": 1596,
    "rank": 295
  },
  "2023-11": {
    "name": "Haunter",
    "percent": 0.01536,
    "usage": 1026,
    "rank": 313
  },
  "2023-12": {
    "name": "Haunter",
    "percent": 0.00793,
    "usage": 794,
    "rank": 397
  },
  "2023-12-DLC2": {
    "name": "Haunter",
    "percent": 0.0071,
    "usage": 406,
    "rank": 392
  },
  "2024-01": {
    "name": "Haunter",
    "percent": 0.00709,
    "usage": 820,
    "rank": 408
  },
  "2024-02": {
    "name": "Haunter",
    "percent": 0.03344,
    "usage": 1307,
    "rank": 322
  },
  "2024-03": {
    "name": "Haunter",
    "percent": 0.02126,
    "usage": 995,
    "rank": 361
  },
  "2024-04": {
    "name": "Haunter",
    "percent": 0.00885,
    "usage": 610,
    "rank": 415
  },
  "2024-05": {
    "name": "Haunter",
    "percent": 0.01496,
    "usage": 603,
    "rank": 387
  },
  "2024-06": {
    "name": "Haunter",
    "percent": 0.0096,
    "usage": 1117,
    "rank": 407
  }
}