{
  "2023-05": {
    "name": "Azelf",
    "percent": 0.19467,
    "usage": 278,
    "rank": 170
  },
  "2023-06": {
    "name": "Azelf",
    "percent": 0.88619,
    "usage": 2498,
    "rank": 84
  },
  "2023-07": {
    "name": "Azelf",
    "percent": 0.33114,
    "usage": 808,
    "rank": 138
  },
  "2023-08": {
    "name": "Azelf",
    "percent": 0.32796,
    "usage": 824,
    "rank": 143
  },
  "2023-09": {
    "name": "Azelf",
    "percent": 0.22953,
    "usage": 723,
    "rank": 192
  },
  "2023-09-DLC1": {
    "name": "Azelf",
    "percent": 0.20035,
    "usage": 416,
    "rank": 209
  },
  "2023-10": {
    "name": "Azelf",
    "percent": 0.10804,
    "usage": 728,
    "rank": 246
  },
  "2023-11": {
    "name": "Azelf",
    "percent": 0.12179,
    "usage": 626,
    "rank": 242
  },
  "2023-12": {
    "name": "Azelf",
    "percent": 0.08335,
    "usage": 625,
    "rank": 312
  },
  "2023-12-DLC2": {
    "name": "Azelf",
    "percent": 0.04798,
    "usage": 191,
    "rank": 369
  },
  "2024-01": {
    "name": "Azelf",
    "percent": 0.05453,
    "usage": 351,
    "rank": 356
  },
  "2024-02": {
    "name": "Azelf",
    "percent": 0.1334,
    "usage": 676,
    "rank": 262
  },
  "2024-03": {
    "name": "Azelf",
    "percent": 0.12777,
    "usage": 851,
    "rank": 244
  },
  "2024-04": {
    "name": "Azelf",
    "percent": 0.06672,
    "usage": 423,
    "rank": 329
  },
  "2024-05": {
    "name": "Azelf",
    "percent": 0.07259,
    "usage": 196,
    "rank": 322
  },
  "2024-06": {
    "name": "Azelf",
    "percent": 0.05697,
    "usage": 320,
    "rank": 366
  }
}