{
  "2023-09": {
    "name": "Mamoswine",
    "percent": 0.0102,
    "usage": 751,
    "rank": 231
  },
  "2023-09-DLC1": {
    "name": "Mamoswine",
    "percent": 0.01809,
    "usage": 706,
    "rank": 203
  },
  "2023-10": {
    "name": "Mamoswine",
    "percent": 0.00909,
    "usage": 1239,
    "rank": 217
  },
  "2023-11": {
    "name": "Mamoswine",
    "percent": 0.04086,
    "usage": 1205,
    "rank": 159
  },
  "2023-12": {
    "name": "Mamoswine",
    "percent": 0.01287,
    "usage": 1189,
    "rank": 244
  },
  "2023-12-DLC2": {
    "name": "Mamoswine",
    "percent": 0.00382,
    "usage": 373,
    "rank": 306
  },
  "2024-01": {
    "name": "Mamoswine",
    "percent": 0.02999,
    "usage": 1204,
    "rank": 187
  },
  "2024-02": {
    "name": "Mamoswine",
    "percent": 0.02554,
    "usage": 1165,
    "rank": 188
  },
  "2024-03": {
    "name": "Mamoswine",
    "percent": 0.00648,
    "usage": 882,
    "rank": 254
  },
  "2024-04": {
    "name": "Mamoswine",
    "percent": 0.08388,
    "usage": 1391,
    "rank": 135
  },
  "2024-05": {
    "name": "Mamoswine",
    "percent": 0.01281,
    "usage": 503,
    "rank": 198
  },
  "2024-06": {
    "name": "Mamoswine",
    "percent": 0.01149,
    "usage": 1888,
    "rank": 237
  }
}