{
  "2022-11": {
    "name": "Mawile-Mega",
    "percent": 1.88964,
    "usage": 10828,
    "rank": 85
  },
  "2022-12": {
    "name": "Mawile-Mega",
    "percent": 2.02104,
    "usage": 24125,
    "rank": 75
  },
  "2023-01": {
    "name": "Mawile-Mega",
    "percent": 2.65431,
    "usage": 35223,
    "rank": 56
  },
  "2023-02": {
    "name": "Mawile-Mega",
    "percent": 2.44922,
    "usage": 36861,
    "rank": 56
  },
  "2023-03": {
    "name": "Mawile-Mega",
    "percent": 2.50571,
    "usage": 42000,
    "rank": 59
  },
  "2023-04": {
    "name": "Mawile-Mega",
    "percent": 2.66766,
    "usage": 42090,
    "rank": 55
  },
  "2023-05": {
    "name": "Mawile-Mega",
    "percent": 3.9242,
    "usage": 60907,
    "rank": 38
  },
  "2023-06": {
    "name": "Mawile-Mega",
    "percent": 3.00877,
    "usage": 44829,
    "rank": 50
  },
  "2023-07": {
    "name": "Mawile-Mega",
    "percent": 2.81288,
    "usage": 41748,
    "rank": 49
  },
  "2023-08": {
    "name": "Mawile-Mega",
    "percent": 3.20421,
    "usage": 52575,
    "rank": 45
  },
  "2023-09": {
    "name": "Mawile-Mega",
    "percent": 3.28859,
    "usage": 48220,
    "rank": 46
  },
  "2023-09-DLC1": {
    "name": "Mawile-Mega",
    "percent": 3.12637,
    "usage": 22881,
    "rank": 47
  },
  "2023-10": {
    "name": "Mawile-Mega",
    "percent": 2.8856,
    "usage": 40481,
    "rank": 58
  },
  "2023-11": {
    "name": "Mawile-Mega",
    "percent": 3.78263,
    "usage": 42178,
    "rank": 44
  },
  "2023-12": {
    "name": "Mawile-Mega",
    "percent": 3.89838,
    "usage": 42055,
    "rank": 48
  },
  "2023-12-DLC2": {
    "name": "Mawile-Mega",
    "percent": 3.22284,
    "usage": 15363,
    "rank": 53
  },
  "2024-01": {
    "name": "Mawile-Mega",
    "percent": 3.28797,
    "usage": 35219,
    "rank": 53
  },
  "2024-02": {
    "name": "Mawile-Mega",
    "percent": 3.41902,
    "usage": 38584,
    "rank": 52
  },
  "2024-03": {
    "name": "Mawile-Mega",
    "percent": 4.27425,
    "usage": 48212,
    "rank": 44
  },
  "2024-04": {
    "name": "Mawile-Mega",
    "percent": 4.72428,
    "usage": 49254,
    "rank": 44
  },
  "2024-05": {
    "name": "Mawile-Mega",
    "percent": 5.97626,
    "usage": 29707,
    "rank": 32
  },
  "2024-06": {
    "name": "Mawile-Mega",
    "percent": 4.57155,
    "usage": 52851,
    "rank": 44
  }
}