{
  "2022-11": {
    "name": "Dewott",
    "percent": 0.01404,
    "usage": 83,
    "rank": 689
  },
  "2022-12": {
    "name": "Dewott",
    "percent": 0.01261,
    "usage": 155,
    "rank": 688
  },
  "2023-01": {
    "name": "Dewott",
    "percent": 0.02637,
    "usage": 358,
    "rank": 634
  },
  "2023-02": {
    "name": "Dewott",
    "percent": 0.01243,
    "usage": 194,
    "rank": 709
  },
  "2023-03": {
    "name": "Dewott",
    "percent": 0.02126,
    "usage": 375,
    "rank": 653
  },
  "2023-04": {
    "name": "Dewott",
    "percent": 0.00864,
    "usage": 152,
    "rank": 730
  },
  "2023-05": {
    "name": "Dewott",
    "percent": 0.01629,
    "usage": 304,
    "rank": 681
  },
  "2023-06": {
    "name": "Dewott",
    "percent": 0.00387,
    "usage": 65,
    "rank": 850
  },
  "2023-07": {
    "name": "Dewott",
    "percent": 0.00365,
    "usage": 59,
    "rank": 855
  },
  "2023-08": {
    "name": "Dewott",
    "percent": 0.01103,
    "usage": 203,
    "rank": 715
  },
  "2023-09": {
    "name": "Dewott",
    "percent": 0.00677,
    "usage": 116,
    "rank": 772
  },
  "2023-09-DLC1": {
    "name": "Dewott",
    "percent": 0.00539,
    "usage": 46,
    "rank": 800
  },
  "2023-10": {
    "name": "Dewott",
    "percent": 0.00425,
    "usage": 67,
    "rank": 851
  },
  "2023-11": {
    "name": "Dewott",
    "percent": 0.00281,
    "usage": 38,
    "rank": 906
  },
  "2023-12": {
    "name": "Dewott",
    "percent": 0.01611,
    "usage": 206,
    "rank": 688
  },
  "2023-12-DLC2": {
    "name": "Dewott",
    "percent": 0.00967,
    "usage": 53,
    "rank": 744
  },
  "2024-01": {
    "name": "Dewott",
    "percent": 0.0064,
    "usage": 79,
    "rank": 796
  },
  "2024-02": {
    "name": "Dewott",
    "percent": 0.00402,
    "usage": 52,
    "rank": 827
  },
  "2024-03": {
    "name": "Dewott",
    "percent": 0.00996,
    "usage": 134,
    "rank": 742
  },
  "2024-04": {
    "name": "Dewott",
    "percent": 0.00666,
    "usage": 81,
    "rank": 779
  },
  "2024-05": {
    "name": "Dewott",
    "percent": 0.00619,
    "usage": 37,
    "rank": 781
  },
  "2024-06": {
    "name": "Dewott",
    "percent": 0.0115,
    "usage": 150,
    "rank": 700
  }
}