{
  "2022-11": {
    "name": "Cubchoo",
    "percent": 0.76027,
    "usage": 624,
    "rank": 91
  },
  "2022-12": {
    "name": "Cubchoo",
    "percent": 0.83774,
    "usage": 991,
    "rank": 92
  },
  "2023-01": {
    "name": "Cubchoo",
    "percent": 0.78921,
    "usage": 852,
    "rank": 87
  },
  "2023-02": {
    "name": "Cubchoo",
    "percent": 0.45321,
    "usage": 322,
    "rank": 109
  },
  "2023-03": {
    "name": "Cubchoo",
    "percent": 0.59755,
    "usage": 368,
    "rank": 102
  },
  "2023-04": {
    "name": "Cubchoo",
    "percent": 0.30768,
    "usage": 245,
    "rank": 108
  },
  "2023-05": {
    "name": "Cubchoo",
    "percent": 0.53821,
    "usage": 381,
    "rank": 99
  },
  "2023-06": {
    "name": "Cubchoo",
    "percent": 1.44761,
    "usage": 608,
    "rank": 66
  },
  "2023-07": {
    "name": "Cubchoo",
    "percent": 1.06483,
    "usage": 431,
    "rank": 69
  },
  "2023-08": {
    "name": "Cubchoo",
    "percent": 0.84741,
    "usage": 600,
    "rank": 78
  },
  "2023-09": {
    "name": "Cubchoo",
    "percent": 0.34054,
    "usage": 301,
    "rank": 126
  },
  "2023-09-DLC1": {
    "name": "Cubchoo",
    "percent": 0.40076,
    "usage": 180,
    "rank": 115
  },
  "2023-10": {
    "name": "Cubchoo",
    "percent": 0.22062,
    "usage": 206,
    "rank": 138
  },
  "2023-11": {
    "name": "Cubchoo",
    "percent": 0.52962,
    "usage": 281,
    "rank": 111
  },
  "2023-12": {
    "name": "Cubchoo",
    "percent": 0.12499,
    "usage": 104,
    "rank": 186
  },
  "2023-12-DLC2": {
    "name": "Cubchoo",
    "percent": 0.13076,
    "usage": 46,
    "rank": 175
  },
  "2024-01": {
    "name": "Cubchoo",
    "percent": 0.2246,
    "usage": 207,
    "rank": 152
  },
  "2024-02": {
    "name": "Cubchoo",
    "percent": 0.14876,
    "usage": 98,
    "rank": 170
  },
  "2024-03": {
    "name": "Cubchoo",
    "percent": 0.32696,
    "usage": 181,
    "rank": 129
  },
  "2024-04": {
    "name": "Cubchoo",
    "percent": 0.172,
    "usage": 221,
    "rank": 155
  },
  "2024-05": {
    "name": "Cubchoo",
    "percent": 0.10798,
    "usage": 51,
    "rank": 179
  },
  "2024-06": {
    "name": "Cubchoo",
    "percent": 0.30904,
    "usage": 127,
    "rank": 131
  }
}