{
  "2023-05": {
    "name": "Meloetta",
    "percent": 0.02261,
    "usage": 150,
    "rank": 369
  },
  "2023-06": {
    "name": "Meloetta",
    "percent": 0.45831,
    "usage": 2691,
    "rank": 196
  },
  "2023-07": {
    "name": "Meloetta",
    "percent": 0.31683,
    "usage": 2387,
    "rank": 237
  },
  "2023-08": {
    "name": "Meloetta",
    "percent": 0.32024,
    "usage": 2240,
    "rank": 231
  },
  "2023-09": {
    "name": "Meloetta",
    "percent": 0.32261,
    "usage": 2454,
    "rank": 263
  },
  "2023-09-DLC1": {
    "name": "Meloetta",
    "percent": 0.28442,
    "usage": 1421,
    "rank": 275
  },
  "2023-10": {
    "name": "Meloetta",
    "percent": 0.24251,
    "usage": 1722,
    "rank": 289
  },
  "2023-11": {
    "name": "Meloetta",
    "percent": 0.2448,
    "usage": 1458,
    "rank": 286
  },
  "2023-12": {
    "name": "Meloetta",
    "percent": 0.31132,
    "usage": 1782,
    "rank": 276
  },
  "2023-12-DLC2": {
    "name": "Meloetta",
    "percent": 0.31182,
    "usage": 890,
    "rank": 282
  },
  "2024-01": {
    "name": "Meloetta",
    "percent": 0.23618,
    "usage": 2003,
    "rank": 320
  },
  "2024-02": {
    "name": "Meloetta",
    "percent": 0.27148,
    "usage": 2036,
    "rank": 298
  },
  "2024-03": {
    "name": "Meloetta",
    "percent": 0.2668,
    "usage": 2154,
    "rank": 304
  },
  "2024-04": {
    "name": "Meloetta",
    "percent": 0.18426,
    "usage": 1455,
    "rank": 359
  },
  "2024-05": {
    "name": "Meloetta",
    "percent": 0.3941,
    "usage": 1030,
    "rank": 238
  },
  "2024-06": {
    "name": "Meloetta",
    "percent": 0.30664,
    "usage": 1506,
    "rank": 271
  }
}