{
  "2023-05": {
    "name": "Meloetta",
    "percent": 0.00089,
    "usage": 150,
    "rank": 378
  },
  "2023-06": {
    "name": "Meloetta",
    "percent": 0.2854,
    "usage": 2691,
    "rank": 116
  },
  "2023-07": {
    "name": "Meloetta",
    "percent": 0.02686,
    "usage": 2387,
    "rank": 233
  },
  "2023-08": {
    "name": "Meloetta",
    "percent": 0.05053,
    "usage": 2240,
    "rank": 204
  },
  "2023-09": {
    "name": "Meloetta",
    "percent": 0.06741,
    "usage": 2454,
    "rank": 218
  },
  "2023-09-DLC1": {
    "name": "Meloetta",
    "percent": 0.01064,
    "usage": 1421,
    "rank": 334
  },
  "2023-10": {
    "name": "Meloetta",
    "percent": 0.0512,
    "usage": 1722,
    "rank": 222
  },
  "2023-11": {
    "name": "Meloetta",
    "percent": 0.04206,
    "usage": 1458,
    "rank": 229
  },
  "2023-12": {
    "name": "Meloetta",
    "percent": 0.01061,
    "usage": 1782,
    "rank": 364
  },
  "2023-12-DLC2": {
    "name": "Meloetta",
    "percent": 0.01409,
    "usage": 890,
    "rank": 341
  },
  "2024-01": {
    "name": "Meloetta",
    "percent": 0.02909,
    "usage": 2003,
    "rank": 276
  },
  "2024-02": {
    "name": "Meloetta",
    "percent": 0.01354,
    "usage": 2036,
    "rank": 333
  },
  "2024-03": {
    "name": "Meloetta",
    "percent": 0.02316,
    "usage": 2154,
    "rank": 295
  },
  "2024-04": {
    "name": "Meloetta",
    "percent": 0.00387,
    "usage": 1455,
    "rank": 421
  },
  "2024-05": {
    "name": "Meloetta",
    "percent": 0.00515,
    "usage": 1030,
    "rank": 376
  },
  "2024-06": {
    "name": "Meloetta",
    "percent": 0.00817,
    "usage": 1506,
    "rank": 343
  }
}