{
  "2023-12": {
    "name": "Solgaleo",
    "percent": 0.34196,
    "usage": 2009,
    "rank": 123
  },
  "2023-12-DLC2": {
    "name": "Solgaleo",
    "percent": 0.5274,
    "usage": 1775,
    "rank": 99
  },
  "2024-01": {
    "name": "Solgaleo",
    "percent": 0.50149,
    "usage": 3430,
    "rank": 106
  },
  "2024-02": {
    "name": "Solgaleo",
    "percent": 0.27562,
    "usage": 2316,
    "rank": 124
  },
  "2024-03": {
    "name": "Solgaleo",
    "percent": 0.1174,
    "usage": 2204,
    "rank": 164
  },
  "2024-04": {
    "name": "Solgaleo",
    "percent": 0.24174,
    "usage": 2312,
    "rank": 124
  },
  "2024-05": {
    "name": "Solgaleo",
    "percent": 0.57729,
    "usage": 1146,
    "rank": 87
  },
  "2024-06": {
    "name": "Solgaleo",
    "percent": 0.37289,
    "usage": 2102,
    "rank": 102
  }
}