{
  "2022-11": {
    "name": "Primarina",
    "percent": 0.65393,
    "usage": 3904,
    "rank": 221
  },
  "2022-12": {
    "name": "Primarina",
    "percent": 0.90529,
    "usage": 11277,
    "rank": 169
  },
  "2023-01": {
    "name": "Primarina",
    "percent": 0.72492,
    "usage": 10153,
    "rank": 181
  },
  "2023-02": {
    "name": "Primarina",
    "percent": 0.82344,
    "usage": 13629,
    "rank": 168
  },
  "2023-03": {
    "name": "Primarina",
    "percent": 0.80199,
    "usage": 15178,
    "rank": 151
  },
  "2023-04": {
    "name": "Primarina",
    "percent": 0.6842,
    "usage": 14690,
    "rank": 151
  },
  "2023-05": {
    "name": "Primarina",
    "percent": 0.72018,
    "usage": 16847,
    "rank": 146
  },
  "2023-06": {
    "name": "Primarina",
    "percent": 0.57148,
    "usage": 12282,
    "rank": 167
  },
  "2023-07": {
    "name": "Primarina",
    "percent": 0.57328,
    "usage": 13020,
    "rank": 170
  },
  "2023-08": {
    "name": "Primarina",
    "percent": 0.55964,
    "usage": 14538,
    "rank": 174
  },
  "2023-09": {
    "name": "Primarina",
    "percent": 0.7339,
    "usage": 14054,
    "rank": 153
  },
  "2023-09-DLC1": {
    "name": "Primarina",
    "percent": 0.75735,
    "usage": 7140,
    "rank": 141
  },
  "2023-10": {
    "name": "Primarina",
    "percent": 0.57253,
    "usage": 12117,
    "rank": 178
  },
  "2023-11": {
    "name": "Primarina",
    "percent": 0.53143,
    "usage": 10576,
    "rank": 184
  },
  "2023-12": {
    "name": "Primarina",
    "percent": 0.59851,
    "usage": 10464,
    "rank": 171
  },
  "2023-12-DLC2": {
    "name": "Primarina",
    "percent": 0.75194,
    "usage": 5175,
    "rank": 141
  },
  "2024-01": {
    "name": "Primarina",
    "percent": 0.7757,
    "usage": 13342,
    "rank": 142
  },
  "2024-02": {
    "name": "Primarina",
    "percent": 0.63444,
    "usage": 12306,
    "rank": 153
  },
  "2024-03": {
    "name": "Primarina",
    "percent": 0.74157,
    "usage": 13934,
    "rank": 147
  },
  "2024-04": {
    "name": "Primarina",
    "percent": 0.83663,
    "usage": 13872,
    "rank": 135
  },
  "2024-05": {
    "name": "Primarina",
    "percent": 0.82675,
    "usage": 6297,
    "rank": 131
  },
  "2024-06": {
    "name": "Primarina",
    "percent": 0.91399,
    "usage": 14928,
    "rank": 122
  }
}