{
  "2022-11": {
    "name": "Slowking",
    "percent": 3.35263,
    "usage": 171627,
    "rank": 46
  },
  "2022-12": {
    "name": "Slowking",
    "percent": 1.63701,
    "usage": 113543,
    "rank": 58
  },
  "2023-01": {
    "name": "Slowking",
    "percent": 2.60304,
    "usage": 114490,
    "rank": 46
  },
  "2023-02": {
    "name": "Slowking",
    "percent": 2.51586,
    "usage": 73656,
    "rank": 47
  },
  "2023-03": {
    "name": "Slowking",
    "percent": 4.95916,
    "usage": 142153,
    "rank": 36
  },
  "2023-04": {
    "name": "Slowking",
    "percent": 7.26546,
    "usage": 166123,
    "rank": 30
  },
  "2023-05": {
    "name": "Slowking",
    "percent": 7.35649,
    "usage": 186455,
    "rank": 27
  },
  "2023-06": {
    "name": "Slowking",
    "percent": 2.84922,
    "usage": 114801,
    "rank": 60
  },
  "2023-07": {
    "name": "Slowking",
    "percent": 1.51636,
    "usage": 43391,
    "rank": 62
  },
  "2023-08": {
    "name": "Slowking",
    "percent": 1.18189,
    "usage": 32666,
    "rank": 67
  },
  "2023-09": {
    "name": "Slowking",
    "percent": 1.17377,
    "usage": 44108,
    "rank": 90
  },
  "2023-09-DLC1": {
    "name": "Slowking",
    "percent": 0.99526,
    "usage": 23967,
    "rank": 94
  },
  "2023-10": {
    "name": "Slowking",
    "percent": 0.74443,
    "usage": 28112,
    "rank": 94
  },
  "2023-11": {
    "name": "Slowking",
    "percent": 0.86331,
    "usage": 24248,
    "rank": 91
  },
  "2023-12": {
    "name": "Slowking",
    "percent": 0.54904,
    "usage": 21813,
    "rank": 122
  },
  "2023-12-DLC2": {
    "name": "Slowking",
    "percent": 0.41236,
    "usage": 9741,
    "rank": 132
  },
  "2024-01": {
    "name": "Slowking",
    "percent": 0.58286,
    "usage": 21928,
    "rank": 112
  },
  "2024-02": {
    "name": "Slowking",
    "percent": 0.46186,
    "usage": 13042,
    "rank": 121
  },
  "2024-03": {
    "name": "Slowking",
    "percent": 0.5441,
    "usage": 15930,
    "rank": 114
  },
  "2024-04": {
    "name": "Slowking",
    "percent": 0.42324,
    "usage": 12927,
    "rank": 133
  },
  "2024-05": {
    "name": "Slowking",
    "percent": 0.46127,
    "usage": 6731,
    "rank": 139
  },
  "2024-06": {
    "name": "Slowking",
    "percent": 0.47048,
    "usage": 12179,
    "rank": 125
  }
}