{
  "2022-11": {
    "name": "Brute Bonnet",
    "percent": 0.26551,
    "usage": 6482,
    "rank": 204
  },
  "2022-12": {
    "name": "Brute Bonnet",
    "percent": 0.09891,
    "usage": 6747,
    "rank": 212
  },
  "2023-01": {
    "name": "Brute Bonnet",
    "percent": 0.18662,
    "usage": 5273,
    "rank": 177
  },
  "2023-02": {
    "name": "Brute Bonnet",
    "percent": 0.38926,
    "usage": 5556,
    "rank": 161
  },
  "2023-03": {
    "name": "Brute Bonnet",
    "percent": 0.24867,
    "usage": 5430,
    "rank": 185
  },
  "2023-04": {
    "name": "Brute Bonnet",
    "percent": 0.10211,
    "usage": 5120,
    "rank": 230
  },
  "2023-05": {
    "name": "Brute Bonnet",
    "percent": 0.05759,
    "usage": 3695,
    "rank": 282
  },
  "2023-06": {
    "name": "Brute Bonnet",
    "percent": 0.01735,
    "usage": 2534,
    "rank": 329
  },
  "2023-07": {
    "name": "Brute Bonnet",
    "percent": 0.0535,
    "usage": 2705,
    "rank": 254
  },
  "2023-08": {
    "name": "Brute Bonnet",
    "percent": 0.13433,
    "usage": 2391,
    "rank": 207
  },
  "2023-09": {
    "name": "Brute Bonnet",
    "percent": 0.02633,
    "usage": 2946,
    "rank": 317
  },
  "2023-09-DLC1": {
    "name": "Brute Bonnet",
    "percent": 0.01113,
    "usage": 1207,
    "rank": 378
  },
  "2023-10": {
    "name": "Brute Bonnet",
    "percent": 0.2273,
    "usage": 3414,
    "rank": 179
  },
  "2023-11": {
    "name": "Brute Bonnet",
    "percent": 0.01727,
    "usage": 2448,
    "rank": 372
  },
  "2023-12": {
    "name": "Brute Bonnet",
    "percent": 0.02132,
    "usage": 1845,
    "rank": 336
  },
  "2023-12-DLC2": {
    "name": "Brute Bonnet",
    "percent": 0.00293,
    "usage": 677,
    "rank": 453
  },
  "2024-01": {
    "name": "Brute Bonnet",
    "percent": 0.01716,
    "usage": 1603,
    "rank": 342
  },
  "2024-02": {
    "name": "Brute Bonnet",
    "percent": 0.01146,
    "usage": 1341,
    "rank": 387
  },
  "2024-03": {
    "name": "Brute Bonnet",
    "percent": 0.06609,
    "usage": 1362,
    "rank": 257
  },
  "2024-04": {
    "name": "Brute Bonnet",
    "percent": 0.01953,
    "usage": 1296,
    "rank": 319
  },
  "2024-05": {
    "name": "Brute Bonnet",
    "percent": 0.02931,
    "usage": 1034,
    "rank": 295
  },
  "2024-06": {
    "name": "Brute Bonnet",
    "percent": 0.17657,
    "usage": 4843,
    "rank": 180
  }
}