{
  "2023-05": {
    "name": "Meloetta",
    "percent": 0.01137,
    "usage": 2807,
    "rank": 218
  },
  "2023-06": {
    "name": "Meloetta",
    "percent": 0.18488,
    "usage": 25934,
    "rank": 112
  },
  "2023-07": {
    "name": "Meloetta",
    "percent": 0.1836,
    "usage": 10848,
    "rank": 102
  },
  "2023-08": {
    "name": "Meloetta",
    "percent": 0.052,
    "usage": 8775,
    "rank": 137
  },
  "2023-09": {
    "name": "Meloetta",
    "percent": 0.05454,
    "usage": 5808,
    "rank": 175
  },
  "2023-09-DLC1": {
    "name": "Meloetta",
    "percent": 0.04519,
    "usage": 3144,
    "rank": 168
  },
  "2023-10": {
    "name": "Meloetta",
    "percent": 0.0145,
    "usage": 5148,
    "rank": 204
  },
  "2023-11": {
    "name": "Meloetta",
    "percent": 0.01313,
    "usage": 5420,
    "rank": 209
  },
  "2023-12": {
    "name": "Meloetta",
    "percent": 0.02208,
    "usage": 6669,
    "rank": 222
  },
  "2023-12-DLC2": {
    "name": "Meloetta",
    "percent": 0.02395,
    "usage": 2976,
    "rank": 197
  },
  "2024-01": {
    "name": "Meloetta",
    "percent": 0.14014,
    "usage": 7657,
    "rank": 136
  },
  "2024-02": {
    "name": "Meloetta",
    "percent": 0.08529,
    "usage": 8170,
    "rank": 142
  },
  "2024-03": {
    "name": "Meloetta",
    "percent": 0.05552,
    "usage": 8033,
    "rank": 162
  },
  "2024-04": {
    "name": "Meloetta",
    "percent": 0.01364,
    "usage": 4857,
    "rank": 216
  },
  "2024-05": {
    "name": "Meloetta",
    "percent": 0.278,
    "usage": 2792,
    "rank": 99
  },
  "2024-06": {
    "name": "Meloetta",
    "percent": 0.0406,
    "usage": 4221,
    "rank": 167
  }
}