{
  "2022-11": {
    "name": "Iron Jugulis",
    "percent": 1.11277,
    "usage": 6461,
    "rank": 146
  },
  "2022-12": {
    "name": "Iron Jugulis",
    "percent": 0.6953,
    "usage": 8366,
    "rank": 197
  },
  "2023-01": {
    "name": "Iron Jugulis",
    "percent": 0.61092,
    "usage": 8113,
    "rank": 203
  },
  "2023-02": {
    "name": "Iron Jugulis",
    "percent": 0.4711,
    "usage": 7002,
    "rank": 235
  },
  "2023-03": {
    "name": "Iron Jugulis",
    "percent": 0.43831,
    "usage": 7754,
    "rank": 227
  },
  "2023-04": {
    "name": "Iron Jugulis",
    "percent": 0.37515,
    "usage": 6175,
    "rank": 220
  },
  "2023-05": {
    "name": "Iron Jugulis",
    "percent": 0.35668,
    "usage": 6287,
    "rank": 221
  },
  "2023-06": {
    "name": "Iron Jugulis",
    "percent": 0.31856,
    "usage": 5212,
    "rank": 231
  },
  "2023-07": {
    "name": "Iron Jugulis",
    "percent": 0.35887,
    "usage": 5452,
    "rank": 219
  },
  "2023-08": {
    "name": "Iron Jugulis",
    "percent": 0.34027,
    "usage": 6056,
    "rank": 216
  },
  "2023-09": {
    "name": "Iron Jugulis",
    "percent": 0.38205,
    "usage": 6562,
    "rank": 216
  },
  "2023-09-DLC1": {
    "name": "Iron Jugulis",
    "percent": 0.38658,
    "usage": 3142,
    "rank": 208
  },
  "2023-10": {
    "name": "Iron Jugulis",
    "percent": 0.34825,
    "usage": 5242,
    "rank": 231
  },
  "2023-11": {
    "name": "Iron Jugulis",
    "percent": 0.48111,
    "usage": 6821,
    "rank": 194
  },
  "2023-12": {
    "name": "Iron Jugulis",
    "percent": 0.4169,
    "usage": 4752,
    "rank": 207
  },
  "2023-12-DLC2": {
    "name": "Iron Jugulis",
    "percent": 0.46511,
    "usage": 2047,
    "rank": 190
  },
  "2024-01": {
    "name": "Iron Jugulis",
    "percent": 0.56155,
    "usage": 5618,
    "rank": 168
  },
  "2024-02": {
    "name": "Iron Jugulis",
    "percent": 0.44844,
    "usage": 5130,
    "rank": 183
  },
  "2024-03": {
    "name": "Iron Jugulis",
    "percent": 0.33437,
    "usage": 4682,
    "rank": 223
  },
  "2024-04": {
    "name": "Iron Jugulis",
    "percent": 0.34369,
    "usage": 3531,
    "rank": 211
  },
  "2024-05": {
    "name": "Iron Jugulis",
    "percent": 0.33358,
    "usage": 1901,
    "rank": 209
  },
  "2024-06": {
    "name": "Iron Jugulis",
    "percent": 0.24139,
    "usage": 3329,
    "rank": 236
  }
}