{
  "2022-11": {
    "name": "Qwilfish",
    "percent": 1e-05,
    "usage": 583,
    "rank": 259
  },
  "2022-12": {
    "name": "Qwilfish",
    "percent": 0.04773,
    "usage": 1813,
    "rank": 151
  },
  "2023-01": {
    "name": "Qwilfish",
    "percent": 0.00011,
    "usage": 1627,
    "rank": 280
  },
  "2023-02": {
    "name": "Qwilfish",
    "percent": 0.02723,
    "usage": 1973,
    "rank": 179
  },
  "2023-03": {
    "name": "Qwilfish",
    "percent": 0.00998,
    "usage": 1054,
    "rank": 222
  },
  "2023-04": {
    "name": "Qwilfish",
    "percent": 0.00371,
    "usage": 576,
    "rank": 252
  },
  "2023-05": {
    "name": "Qwilfish",
    "percent": 0.01593,
    "usage": 815,
    "rank": 266
  },
  "2023-06": {
    "name": "Qwilfish",
    "percent": 0.00124,
    "usage": 416,
    "rank": 368
  },
  "2023-07": {
    "name": "Qwilfish",
    "percent": 0.00038,
    "usage": 293,
    "rank": 408
  },
  "2023-08": {
    "name": "Qwilfish",
    "percent": 0.00294,
    "usage": 243,
    "rank": 346
  },
  "2023-09": {
    "name": "Qwilfish",
    "percent": 0.00277,
    "usage": 298,
    "rank": 414
  },
  "2023-09-DLC1": {
    "name": "Qwilfish",
    "percent": 0.00422,
    "usage": 188,
    "rank": 384
  },
  "2023-10": {
    "name": "Qwilfish",
    "percent": 5e-05,
    "usage": 215,
    "rank": 536
  },
  "2023-11": {
    "name": "Qwilfish",
    "percent": 0.0039,
    "usage": 245,
    "rank": 377
  },
  "2023-12": {
    "name": "Qwilfish",
    "percent": 0.01814,
    "usage": 294,
    "rank": 322
  },
  "2023-12-DLC2": {
    "name": "Qwilfish",
    "percent": 0.00117,
    "usage": 153,
    "rank": 477
  },
  "2024-01": {
    "name": "Qwilfish",
    "percent": 0.00384,
    "usage": 314,
    "rank": 437
  },
  "2024-02": {
    "name": "Qwilfish",
    "percent": 0.01673,
    "usage": 262,
    "rank": 317
  },
  "2024-03": {
    "name": "Qwilfish",
    "percent": 0.00011,
    "usage": 317,
    "rank": 610
  },
  "2024-04": {
    "name": "Qwilfish",
    "percent": 0.00044,
    "usage": 261,
    "rank": 533
  },
  "2024-05": {
    "name": "Qwilfish",
    "percent": 0.00045,
    "usage": 70,
    "rank": 519
  },
  "2024-06": {
    "name": "Qwilfish",
    "percent": 0.00012,
    "usage": 154,
    "rank": 580
  }
}