{
  "2022-11": {
    "name": "Happiny",
    "percent": 0.16539,
    "usage": 142,
    "rank": 123
  },
  "2022-12": {
    "name": "Happiny",
    "percent": 0.25122,
    "usage": 325,
    "rank": 123
  },
  "2023-01": {
    "name": "Happiny",
    "percent": 0.25718,
    "usage": 305,
    "rank": 120
  },
  "2023-02": {
    "name": "Happiny",
    "percent": 0.20658,
    "usage": 171,
    "rank": 125
  },
  "2023-03": {
    "name": "Happiny",
    "percent": 0.24479,
    "usage": 188,
    "rank": 124
  },
  "2023-04": {
    "name": "Happiny",
    "percent": 0.30215,
    "usage": 259,
    "rank": 109
  },
  "2023-05": {
    "name": "Happiny",
    "percent": 0.21464,
    "usage": 211,
    "rank": 125
  },
  "2023-06": {
    "name": "Happiny",
    "percent": 0.27101,
    "usage": 172,
    "rank": 118
  },
  "2023-07": {
    "name": "Happiny",
    "percent": 0.25706,
    "usage": 196,
    "rank": 114
  },
  "2023-08": {
    "name": "Happiny",
    "percent": 0.15046,
    "usage": 203,
    "rank": 126
  },
  "2023-09": {
    "name": "Happiny",
    "percent": 0.17028,
    "usage": 188,
    "rank": 144
  },
  "2023-09-DLC1": {
    "name": "Happiny",
    "percent": 0.04401,
    "usage": 45,
    "rank": 174
  },
  "2023-10": {
    "name": "Happiny",
    "percent": 0.15533,
    "usage": 208,
    "rank": 148
  },
  "2023-11": {
    "name": "Happiny",
    "percent": 0.18583,
    "usage": 168,
    "rank": 149
  },
  "2023-12": {
    "name": "Happiny",
    "percent": 0.06314,
    "usage": 101,
    "rank": 201
  },
  "2023-12-DLC2": {
    "name": "Happiny",
    "percent": 0.08332,
    "usage": 70,
    "rank": 192
  },
  "2024-01": {
    "name": "Happiny",
    "percent": 0.09057,
    "usage": 121,
    "rank": 191
  },
  "2024-02": {
    "name": "Happiny",
    "percent": 0.08658,
    "usage": 82,
    "rank": 188
  },
  "2024-03": {
    "name": "Happiny",
    "percent": 0.15695,
    "usage": 126,
    "rank": 172
  },
  "2024-04": {
    "name": "Happiny",
    "percent": 0.11198,
    "usage": 104,
    "rank": 173
  },
  "2024-05": {
    "name": "Happiny",
    "percent": 0.2715,
    "usage": 65,
    "rank": 140
  },
  "2024-06": {
    "name": "Happiny",
    "percent": 0.09192,
    "usage": 59,
    "rank": 184
  }
}