{
  "elos": [
    "0",
    "1500",
    "1630",
    "1760"
  ],
  "firstMonth": "2022-11",
  "0": {
    "2022-11": {
      "name": "Chewtle",
      "percent": 0.00152,
      "usage": 9,
      "rank": 938
    },
    "2022-12": {
      "name": "Chewtle",
      "percent": 0.00065,
      "usage": 8,
      "rank": 1068
    },
    "2023-01": {
      "name": "Chewtle",
      "percent": 0.00125,
      "usage": 17,
      "rank": 1035
    },
    "2023-02": {
      "name": "Chewtle",
      "percent": 0.00141,
      "usage": 22,
      "rank": 1028
    },
    "2023-03": {
      "name": "Chewtle",
      "percent": 0.00176,
      "usage": 31,
      "rank": 986
    },
    "2023-04": {
      "name": "Chewtle",
      "percent": 0.0008,
      "usage": 14,
      "rank": 1039
    },
    "2023-05": {
      "name": "Chewtle",
      "percent": 0.00113,
      "usage": 21,
      "rank": 1033
    },
    "2023-06": {
      "name": "Chewtle",
      "percent": 0.00071,
      "usage": 12,
      "rank": 1057
    },
    "2023-07": {
      "name": "Chewtle",
      "percent": 0.00068,
      "usage": 11,
      "rank": 1063
    },
    "2023-08": {
      "name": "Chewtle",
      "percent": 0.00076,
      "usage": 14,
      "rank": 1060
    },
    "2023-09": {
      "name": "Chewtle",
      "percent": 0.00146,
      "usage": 25,
      "rank": 993
    },
    "2023-09-DLC1": {
      "name": "Chewtle",
      "percent": 0.00141,
      "usage": 12,
      "rank": 969
    },
    "2023-10": {
      "name": "Chewtle",
      "percent": 0.00051,
      "usage": 8,
      "rank": 1092
    },
    "2023-11": {
      "name": "Chewtle",
      "percent": 0.00015,
      "usage": 2,
      "rank": 1114
    },
    "2023-12": {
      "name": "Chewtle",
      "percent": 0.00094,
      "usage": 12,
      "rank": 1041
    },
    "2024-01": {
      "name": "Chewtle",
      "percent": 0.00016,
      "usage": 2,
      "rank": 1107
    },
    "2024-02": {
      "name": "Chewtle",
      "percent": 0.00193,
      "usage": 25,
      "rank": 920
    },
    "2024-03": {
      "name": "Chewtle",
      "percent": 0.00238,
      "usage": 32,
      "rank": 928
    },
    "2024-04": {
      "name": "Chewtle",
      "percent": 0.0014,
      "usage": 17,
      "rank": 981
    },
    "2024-05": {
      "name": "Chewtle",
      "percent": 0.0015,
      "usage": 9,
      "rank": 969
    },
    "2024-06": {
      "name": "Chewtle",
      "percent": 0.00123,
      "usage": 16,
      "rank": 965
    }
  },
  "1500": {
    "2022-11": {
      "name": "Chewtle",
      "percent": 0.00122,
      "usage": 9,
      "rank": 951
    },
    "2022-12": {
      "name": "Chewtle",
      "percent": 0.00061,
      "usage": 8,
      "rank": 1062
    },
    "2023-01": {
      "name": "Chewtle",
      "percent": 0.00099,
      "usage": 17,
      "rank": 1040
    },
    "2023-02": {
      "name": "Chewtle",
      "percent": 0.00089,
      "usage": 22,
      "rank": 1043
    },
    "2023-03": {
      "name": "Chewtle",
      "percent": 0.00118,
      "usage": 31,
      "rank": 977
    },
    "2023-04": {
      "name": "Chewtle",
      "percent": 0.00029,
      "usage": 14,
      "rank": 1010
    },
    "2023-05": {
      "name": "Chewtle",
      "percent": 0.00011,
      "usage": 21,
      "rank": 1076
    },
    "2023-06": {
      "name": "Chewtle",
      "percent": 0.00023,
      "usage": 12,
      "rank": 999
    },
    "2023-07": {
      "name": "Chewtle",
      "percent": 0.00055,
      "usage": 11,
      "rank": 922
    },
    "2023-08": {
      "name": "Chewtle",
      "percent": 0.00021,
      "usage": 14,
      "rank": 1029
    },
    "2023-09": {
      "name": "Chewtle",
      "percent": 0.00028,
      "usage": 25,
      "rank": 993
    },
    "2023-09-DLC1": {
      "name": "Chewtle",
      "percent": 0.0002,
      "usage": 12,
      "rank": 970
    },
    "2023-10": {
      "name": "Chewtle",
      "percent": 4e-05,
      "usage": 8,
      "rank": 1107
    },
    "2023-11": {
      "name": "Chewtle",
      "percent": 5e-05,
      "usage": 2,
      "rank": 1086
    },
    "2023-12": {
      "name": "Chewtle",
      "percent": 3e-05,
      "usage": 12,
      "rank": 1093
    },
    "2024-01": {
      "name": "Chewtle",
      "percent": 3e-05,
      "usage": 2,
      "rank": 1083
    },
    "2024-02": {
      "name": "Chewtle",
      "percent": 0.00013,
      "usage": 25,
      "rank": 1044
    },
    "2024-03": {
      "name": "Chewtle",
      "percent": 0.00019,
      "usage": 32,
      "rank": 1036
    },
    "2024-04": {
      "name": "Chewtle",
      "percent": 0.00041,
      "usage": 17,
      "rank": 941
    },
    "2024-05": {
      "name": "Chewtle",
      "percent": 0.00021,
      "usage": 9,
      "rank": 990
    },
    "2024-06": {
      "name": "Chewtle",
      "percent": 0.00037,
      "usage": 16,
      "rank": 902
    }
  },
  "1630": {
    "2022-11": {
      "name": "Chewtle",
      "percent": 0.0,
      "usage": 9,
      "rank": 837
    },
    "2022-12": {
      "name": "Chewtle",
      "percent": 0.0,
      "usage": 8,
      "rank": 916
    },
    "2023-01": {
      "name": "Chewtle",
      "percent": 0.0,
      "usage": 17,
      "rank": 943
    },
    "2023-02": {
      "name": "Chewtle",
      "percent": 0.0,
      "usage": 22,
      "rank": 980
    },
    "2023-03": {
      "name": "Chewtle",
      "percent": 0.0,
      "usage": 31,
      "rank": 1044
    },
    "2023-04": {
      "name": "Chewtle",
      "percent": 0.0,
      "usage": 14,
      "rank": 1012
    },
    "2023-05": {
      "name": "Chewtle",
      "percent": 0.0,
      "usage": 21,
      "rank": 1073
    },
    "2023-06": {
      "name": "Chewtle",
      "percent": 3e-05,
      "usage": 12,
      "rank": 890
    },
    "2023-07": {
      "name": "Chewtle",
      "percent": 0.00016,
      "usage": 11,
      "rank": 822
    },
    "2023-08": {
      "name": "Chewtle",
      "percent": 0.0,
      "usage": 14,
      "rank": 1030
    },
    "2023-09": {
      "name": "Chewtle",
      "percent": 2e-05,
      "usage": 25,
      "rank": 955
    },
    "2023-09-DLC1": {
      "name": "Chewtle",
      "percent": 3e-05,
      "usage": 12,
      "rank": 856
    },
    "2023-10": {
      "name": "Chewtle",
      "percent": 0.0,
      "usage": 8,
      "rank": 1086
    },
    "2023-11": {
      "name": "Chewtle",
      "percent": 0.0,
      "usage": 2,
      "rank": 972
    },
    "2023-12": {
      "name": "Chewtle",
      "percent": 0.0,
      "usage": 12,
      "rank": 995
    },
    "2024-01": {
      "name": "Chewtle",
      "percent": 0.0,
      "usage": 2,
      "rank": 1063
    },
    "2024-02": {
      "name": "Chewtle",
      "percent": 0.0,
      "usage": 25,
      "rank": 995
    },
    "2024-03": {
      "name": "Chewtle",
      "percent": 0.0,
      "usage": 32,
      "rank": 1066
    },
    "2024-04": {
      "name": "Chewtle",
      "percent": 0.00018,
      "usage": 17,
      "rank": 797
    },
    "2024-05": {
      "name": "Chewtle",
      "percent": 0.0,
      "usage": 9,
      "rank": 897
    },
    "2024-06": {
      "name": "Chewtle",
      "percent": 3e-05,
      "usage": 16,
      "rank": 870
    }
  },
  "1760": {
    "2022-11": {
      "name": "Chewtle",
      "percent": 0.0,
      "usage": 9,
      "rank": 837
    },
    "2022-12": {
      "name": "Chewtle",
      "percent": 0.0,
      "usage": 8,
      "rank": 905
    },
    "2023-01": {
      "name": "Chewtle",
      "percent": 0.0,
      "usage": 17,
      "rank": 929
    },
    "2023-02": {
      "name": "Chewtle",
      "percent": 0.0,
      "usage": 22,
      "rank": 1026
    },
    "2023-03": {
      "name": "Chewtle",
      "percent": 0.0,
      "usage": 31,
      "rank": 1069
    },
    "2023-04": {
      "name": "Chewtle",
      "percent": 0.0,
      "usage": 14,
      "rank": 1035
    },
    "2023-05": {
      "name": "Chewtle",
      "percent": 0.0,
      "usage": 21,
      "rank": 1061
    },
    "2023-06": {
      "name": "Chewtle",
      "percent": 0.0,
      "usage": 12,