{
  "elos": [
    "0",
    "1500",
    "1630",
    "1760"
  ],
  "firstMonth": "2022-11",
  "0": {
    "2022-11": {
      "name": "Claydol",
      "percent": 0.29169,
      "usage": 1724,
      "rank": 346
    },
    "2022-12": {
      "name": "Claydol",
      "percent": 0.3395,
      "usage": 4172,
      "rank": 323
    },
    "2023-01": {
      "name": "Claydol",
      "percent": 0.3166,
      "usage": 4299,
      "rank": 309
    },
    "2023-02": {
      "name": "Claydol",
      "percent": 0.26683,
      "usage": 4164,
      "rank": 346
    },
    "2023-03": {
      "name": "Claydol",
      "percent": 0.22408,
      "usage": 3952,
      "rank": 362
    },
    "2023-04": {
      "name": "Claydol",
      "percent": 0.25686,
      "usage": 4521,
      "rank": 331
    },
    "2023-05": {
      "name": "Claydol",
      "percent": 0.25938,
      "usage": 4841,
      "rank": 331
    },
    "2023-06": {
      "name": "Claydol",
      "percent": 0.31617,
      "usage": 5316,
      "rank": 288
    },
    "2023-07": {
      "name": "Claydol",
      "percent": 0.2621,
      "usage": 4242,
      "rank": 330
    },
    "2023-08": {
      "name": "Claydol",
      "percent": 0.23638,
      "usage": 4349,
      "rank": 335
    },
    "2023-09": {
      "name": "Claydol",
      "percent": 0.23503,
      "usage": 4030,
      "rank": 356
    },
    "2023-09-DLC1": {
      "name": "Claydol",
      "percent": 0.25301,
      "usage": 2159,
      "rank": 336
    },
    "2023-10": {
      "name": "Claydol",
      "percent": 0.28611,
      "usage": 4511,
      "rank": 325
    },
    "2023-11": {
      "name": "Claydol",
      "percent": 0.26517,
      "usage": 3586,
      "rank": 347
    },
    "2023-12": {
      "name": "Claydol",
      "percent": 0.25697,
      "usage": 3286,
      "rank": 342
    },
    "2023-12-DLC2": {
      "name": "Claydol",
      "percent": 0.26102,
      "usage": 1430,
      "rank": 328
    },
    "2024-01": {
      "name": "Claydol",
      "percent": 0.22255,
      "usage": 2747,
      "rank": 355
    },
    "2024-02": {
      "name": "Claydol",
      "percent": 0.22172,
      "usage": 2871,
      "rank": 351
    },
    "2024-03": {
      "name": "Claydol",
      "percent": 0.30034,
      "usage": 4042,
      "rank": 307
    },
    "2024-04": {
      "name": "Claydol",
      "percent": 0.26224,
      "usage": 3189,
      "rank": 332
    },
    "2024-05": {
      "name": "Claydol",
      "percent": 0.33203,
      "usage": 1986,
      "rank": 287
    },
    "2024-06": {
      "name": "Claydol",
      "percent": 0.26011,
      "usage": 3394,
      "rank": 306
    }
  },
  "1500": {
    "2022-11": {
      "name": "Claydol",
      "percent": 0.28186,
      "usage": 1724,
      "rank": 345
    },
    "2022-12": {
      "name": "Claydol",
      "percent": 0.32664,
      "usage": 4172,
      "rank": 326
    },
    "2023-01": {
      "name": "Claydol",
      "percent": 0.29842,
      "usage": 4299,
      "rank": 312
    },
    "2023-02": {
      "name": "Claydol",
      "percent": 0.25387,
      "usage": 4164,
      "rank": 339
    },
    "2023-03": {
      "name": "Claydol",
      "percent": 0.18911,
      "usage": 3952,
      "rank": 357
    },
    "2023-04": {
      "name": "Claydol",
      "percent": 0.12315,
      "usage": 4521,
      "rank": 370
    },
    "2023-05": {
      "name": "Claydol",
      "percent": 0.12608,
      "usage": 4841,
      "rank": 354
    },
    "2023-06": {
      "name": "Claydol",
      "percent": 0.11221,
      "usage": 5316,
      "rank": 367
    },
    "2023-07": {
      "name": "Claydol",
      "percent": 0.12373,
      "usage": 4242,
      "rank": 351
    },
    "2023-08": {
      "name": "Claydol",
      "percent": 0.11238,
      "usage": 4349,
      "rank": 359
    },
    "2023-09": {
      "name": "Claydol",
      "percent": 0.13316,
      "usage": 4030,
      "rank": 348
    },
    "2023-09-DLC1": {
      "name": "Claydol",
      "percent": 0.14144,
      "usage": 2159,
      "rank": 330
    },
    "2023-10": {
      "name": "Claydol",
      "percent": 0.15917,
      "usage": 4511,
      "rank": 327
    },
    "2023-11": {
      "name": "Claydol",
      "percent": 0.17026,
      "usage": 3586,
      "rank": 319
    },
    "2023-12": {
      "name": "Claydol",
      "percent": 0.12738,
      "usage": 3286,
      "rank": 357
    },
    "2023-12-DLC2": {
      "name": "Claydol",
      "percent": 0.13027,
      "usage": 1430,
      "rank": 328
    },
    "2024-01": {
      "name": "Claydol",
      "percent": 0.10102,
      "usage": 2747,
      "rank": 365
    },
    "2024-02": {
      "name": "Claydol",
      "percent": 0.11577,
      "usage": 2871,
      "rank": 347
    },
    "2024-03": {
      "name": "Claydol",
      "percent": 0.13733,
      "usage": 4042,
      "rank": 333
    },
    "2024-04": {
      "name": "Claydol",
      "percent": 0.09181,
      "usage": 3189,
      "rank": 388
    },
    "2024-05": {
      "name": "Claydol",
      "percent": 0.11461,
      "usage": 1986,
      "rank": 341
    },
    "2024-06": {
      "name": "Claydol",
      "percent": 0.10805,
      "usage": 3394,
      "rank": 330
    }
  },
  "1630": {
    "2022-11": {
      "name": "Claydol",
      "percent": 0.03525,
      "usage": 1724,
      "rank": 398
    },
    "2022-12": {
      "name": "Claydol",
      "percent": 0.12075,
      "usage": 4172,
      "rank": 282
    },
    "2023-01": {
      "name": "Claydol",
      "percent": 0.0248,
      "usage": 4299,
      "rank": 409
    },
    "2023-02": {
      "name": "Claydol",
      "percent": 0.01867,
      "usage": 4164,
      "rank": 482
    },
    "2023-03": {
      "name": "Claydol",
      "percent": 0.02809,
      "usage": 3952,
      "rank": 403
    },
    "2023-04": {
      "name": "Claydol",
      "percent": 0.02879,
      "usage": 4521,
      "rank": 416
    },
    "2023-05": {
      "name": "Claydol",
      "percent": 0.04873,
      "usage": 4841,
      "rank": 360
    },
    "2023-06": {
      "name": "Claydol",
      "percent": 0.04406,
      "usage": 5316,
      "rank": 348
    },
    "2023-07": {
      "name": "Claydol",
      "percent": 0.07255,
      "usage": 4242,
      "rank": 314
    },
    "2023-08": {
      "name": "Claydol",
      "percent": 0.04407,
      "usage": 4349,
      "rank": 353
    },
    "2023-09": {
      "name": "Claydol",
      "percent": 0.05754,
      "usage": 4030,
      "rank": 331
    },
    "2023-09-DLC1": {
      "name": "Claydol",
      "percent": 0.06774,
      "usage": 2159,
      "rank": 298
    },
    "2023-10": {
      "name": "Claydol",
      "percent": 0.04108,
      "usage": 4511,
      "rank": 380
    },
    "2023-11": {
      "name": "Claydol",
      "percent": 0.04283,
      "usage": 3586,
      "rank": 375
    },
    "2023-12": {
      "name": "Claydol",
      "percent": 0.04157,
      "usage": 3286,
      "rank": 367
    },
    "2023-12-DLC2": {
      "name": "Claydol",
      "percent": 0.04999,
      "usage": 1430,
      "rank": 325
    },
    "2024-01": {
      "name": "Claydol",
      "percent": 0.04707,
      "usage": 2747,
      "rank": 341
    },
    "2024-02": {
      "name": "Claydol",
      "percent": 0.03472,
      "usage": 2871,
      "rank": 378
    },
    "2024-03": {
      "name": "Claydol",
      "percent": 0.0583,
      "usage": 4042,
      "rank": 342
    },
    "2024-04": {
      "name": "Claydol",
      "percent": 0.03116,
      "usage": 3189,
      "rank": 387
    },
    "2024-05": {
      "name": "Claydol",
      "percent": 0.05047,
      "usage": 1986,
      "rank": 317
    },
    "2024-06": {
      "name": "Claydol",
      "percent": 0.0391,
      "usage": 3394,
      "rank": 346
    }
  },
  "1760": {
    "2022-11": {
      "name": "Claydol",
      "percent": 0.02658,
      "usage": 1724,
      "rank": 344
    },
    "2022-12": {
      "name": "Claydol",
      "percent": 0.08143,
      "usage": 4172,
      "rank": 227
    },
    "2023-01": {
      "name": "Claydol",
      "percent": 0.00077,