{
  "elos": [
    "0",
    "1500",
    "1630",
    "1760"
  ],
  "firstMonth": "2022-11",
  "0": {
    "2022-11": {
      "name": "Combusken",
      "percent": 0.01472,
      "usage": 87,
      "rank": 683
    },
    "2022-12": {
      "name": "Combusken",
      "percent": 0.00741,
      "usage": 91,
      "rank": 757
    },
    "2023-01": {
      "name": "Combusken",
      "percent": 0.00898,
      "usage": 122,
      "rank": 734
    },
    "2023-02": {
      "name": "Combusken",
      "percent": 0.01339,
      "usage": 209,
      "rank": 702
    },
    "2023-03": {
      "name": "Combusken",
      "percent": 0.01412,
      "usage": 249,
      "rank": 695
    },
    "2023-04": {
      "name": "Combusken",
      "percent": 0.01085,
      "usage": 191,
      "rank": 708
    },
    "2023-05": {
      "name": "Combusken",
      "percent": 0.00622,
      "usage": 116,
      "rank": 796
    },
    "2023-06": {
      "name": "Combusken",
      "percent": 0.00987,
      "usage": 166,
      "rank": 715
    },
    "2023-07": {
      "name": "Combusken",
      "percent": 0.02163,
      "usage": 350,
      "rank": 656
    },
    "2023-08": {
      "name": "Combusken",
      "percent": 0.01929,
      "usage": 355,
      "rank": 662
    },
    "2023-09": {
      "name": "Combusken",
      "percent": 0.00612,
      "usage": 105,
      "rank": 785
    },
    "2023-09-DLC1": {
      "name": "Combusken",
      "percent": 0.00422,
      "usage": 36,
      "rank": 837
    },
    "2023-10": {
      "name": "Combusken",
      "percent": 0.01395,
      "usage": 220,
      "rank": 707
    },
    "2023-11": {
      "name": "Combusken",
      "percent": 0.01191,
      "usage": 161,
      "rank": 717
    },
    "2023-12": {
      "name": "Combusken",
      "percent": 0.01306,
      "usage": 167,
      "rank": 710
    },
    "2023-12-DLC2": {
      "name": "Combusken",
      "percent": 0.01844,
      "usage": 101,
      "rank": 682
    },
    "2024-01": {
      "name": "Combusken",
      "percent": 0.02601,
      "usage": 321,
      "rank": 660
    },
    "2024-02": {
      "name": "Combusken",
      "percent": 0.01336,
      "usage": 173,
      "rank": 697
    },
    "2024-03": {
      "name": "Combusken",
      "percent": 0.01189,
      "usage": 160,
      "rank": 718
    },
    "2024-04": {
      "name": "Combusken",
      "percent": 0.02039,
      "usage": 248,
      "rank": 675
    },
    "2024-05": {
      "name": "Combusken",
      "percent": 0.0122,
      "usage": 73,
      "rank": 715
    },
    "2024-06": {
      "name": "Combusken",
      "percent": 0.0082,
      "usage": 107,
      "rank": 733
    }
  },
  "1500": {
    "2022-11": {
      "name": "Combusken",
      "percent": 0.01335,
      "usage": 87,
      "rank": 683
    },
    "2022-12": {
      "name": "Combusken",
      "percent": 0.00654,
      "usage": 91,
      "rank": 756
    },
    "2023-01": {
      "name": "Combusken",
      "percent": 0.00736,
      "usage": 122,
      "rank": 742
    },
    "2023-02": {
      "name": "Combusken",
      "percent": 0.01076,
      "usage": 209,
      "rank": 702
    },
    "2023-03": {
      "name": "Combusken",
      "percent": 0.00939,
      "usage": 249,
      "rank": 701
    },
    "2023-04": {
      "name": "Combusken",
      "percent": 0.00421,
      "usage": 191,
      "rank": 693
    },
    "2023-05": {
      "name": "Combusken",
      "percent": 0.00218,
      "usage": 116,
      "rank": 774
    },
    "2023-06": {
      "name": "Combusken",
      "percent": 0.00527,
      "usage": 166,
      "rank": 681
    },
    "2023-07": {
      "name": "Combusken",
      "percent": 0.0088,
      "usage": 350,
      "rank": 642
    },
    "2023-08": {
      "name": "Combusken",
      "percent": 0.00667,
      "usage": 355,
      "rank": 663
    },
    "2023-09": {
      "name": "Combusken",
      "percent": 0.00182,
      "usage": 105,
      "rank": 760
    },
    "2023-09-DLC1": {
      "name": "Combusken",
      "percent": 0.00067,
      "usage": 36,
      "rank": 855
    },
    "2023-10": {
      "name": "Combusken",
      "percent": 0.00654,
      "usage": 220,
      "rank": 687
    },
    "2023-11": {
      "name": "Combusken",
      "percent": 0.00903,
      "usage": 161,
      "rank": 657
    },
    "2023-12": {
      "name": "Combusken",
      "percent": 0.00879,
      "usage": 167,
      "rank": 658
    },
    "2023-12-DLC2": {
      "name": "Combusken",
      "percent": 0.01779,
      "usage": 101,
      "rank": 588
    },
    "2024-01": {
      "name": "Combusken",
      "percent": 0.00419,
      "usage": 321,
      "rank": 715
    },
    "2024-02": {
      "name": "Combusken",
      "percent": 0.00379,
      "usage": 173,
      "rank": 718
    },
    "2024-03": {
      "name": "Combusken",
      "percent": 0.0037,
      "usage": 160,
      "rank": 717
    },
    "2024-04": {
      "name": "Combusken",
      "percent": 0.01525,
      "usage": 248,
      "rank": 604
    },
    "2024-05": {
      "name": "Combusken",
      "percent": 0.00774,
      "usage": 73,
      "rank": 644
    },
    "2024-06": {
      "name": "Combusken",
      "percent": 0.00654,
      "usage": 107,
      "rank": 645
    }
  },
  "1630": {
    "2022-11": {
      "name": "Combusken",
      "percent": 0.0,
      "usage": 87,
      "rank": 1025
    },
    "2022-12": {
      "name": "Combusken",
      "percent": 0.00023,
      "usage": 91,
      "rank": 650
    },
    "2023-01": {
      "name": "Combusken",
      "percent": 0.0002,
      "usage": 122,
      "rank": 682
    },
    "2023-02": {
      "name": "Combusken",
      "percent": 0.00029,
      "usage": 209,
      "rank": 745
    },
    "2023-03": {
      "name": "Combusken",
      "percent": 0.00088,
      "usage": 249,
      "rank": 698
    },
    "2023-04": {
      "name": "Combusken",
      "percent": 0.00131,
      "usage": 191,
      "rank": 665
    },
    "2023-05": {
      "name": "Combusken",
      "percent": 0.00023,
      "usage": 116,
      "rank": 808
    },
    "2023-06": {
      "name": "Combusken",
      "percent": 0.00118,
      "usage": 166,
      "rank": 674
    },
    "2023-07": {
      "name": "Combusken",
      "percent": 0.00131,
      "usage": 350,
      "rank": 691
    },
    "2023-08": {
      "name": "Combusken",
      "percent": 0.00069,
      "usage": 355,
      "rank": 723
    },
    "2023-09": {
      "name": "Combusken",
      "percent": 0.00026,
      "usage": 105,
      "rank": 766
    },
    "2023-09-DLC1": {
      "name": "Combusken",
      "percent": 0.0,
      "usage": 36,
      "rank": 937
    },
    "2023-10": {
      "name": "Combusken",
      "percent": 0.00057,
      "usage": 220,
      "rank": 740
    },
    "2023-11": {
      "name": "Combusken",
      "percent": 0.00282,
      "usage": 161,
      "rank": 626
    },
    "2023-12": {
      "name": "Combusken",
      "percent": 0.00464,
      "usage": 167,
      "rank": 592
    },
    "2023-12-DLC2": {
      "name": "Combusken",
      "percent": 0.01052,
      "usage": 101,
      "rank": 485
    },
    "2024-01": {
      "name": "Combusken",
      "percent": 7e-05,
      "usage": 321,
      "rank": 849
    },
    "2024-02": {
      "name": "Combusken",
      "percent": 0.00039,
      "usage": 173,
      "rank": 748
    },
    "2024-03": {
      "name": "Combusken",
      "percent": 0.00117,
      "usage": 160,
      "rank": 704
    },
    "2024-04": {
      "name": "Combusken",
      "percent": 0.00659,
      "usage": 248,
      "rank": 549
    },
    "2024-05": {
      "name": "Combusken",
      "percent": 0.00125,
      "usage": 73,
      "rank": 667
    },
    "2024-06": {
      "name": "Combusken",
      "percent": 0.00437,
      "usage": 107,
      "rank": 558
    }
  },
  "1760": {
    "2022-11": {
      "name": "Combusken",
      "percent": 0.0,
      "usage": 87,
      "rank": 1025
    },
    "2022-12": {
      "name": "Combusken",
      "percent": 1e-05,
      "usage": 91,
      "rank": 625
    },