{
  "elos": [
    "0",
    "1500",
    "1630",
    "1760"
  ],
  "firstMonth": "2022-11",
  "0": {
    "2022-11": {
      "name": "Crobat",
      "percent": 1.01635,
      "usage": 6007,
      "rank": 157
    },
    "2022-12": {
      "name": "Crobat",
      "percent": 0.90538,
      "usage": 11126,
      "rank": 170
    },
    "2023-01": {
      "name": "Crobat",
      "percent": 0.83912,
      "usage": 11394,
      "rank": 172
    },
    "2023-02": {
      "name": "Crobat",
      "percent": 0.88231,
      "usage": 13769,
      "rank": 166
    },
    "2023-03": {
      "name": "Crobat",
      "percent": 0.85894,
      "usage": 15149,
      "rank": 156
    },
    "2023-04": {
      "name": "Crobat",
      "percent": 0.84637,
      "usage": 14897,
      "rank": 155
    },
    "2023-05": {
      "name": "Crobat",
      "percent": 0.81403,
      "usage": 15193,
      "rank": 155
    },
    "2023-06": {
      "name": "Crobat",
      "percent": 0.82225,
      "usage": 13825,
      "rank": 155
    },
    "2023-07": {
      "name": "Crobat",
      "percent": 0.77022,
      "usage": 12466,
      "rank": 166
    },
    "2023-08": {
      "name": "Crobat",
      "percent": 0.77414,
      "usage": 14243,
      "rank": 159
    },
    "2023-09": {
      "name": "Crobat",
      "percent": 0.76994,
      "usage": 13202,
      "rank": 167
    },
    "2023-09-DLC1": {
      "name": "Crobat",
      "percent": 0.7513,
      "usage": 6411,
      "rank": 167
    },
    "2023-10": {
      "name": "Crobat",
      "percent": 0.81799,
      "usage": 12897,
      "rank": 161
    },
    "2023-11": {
      "name": "Crobat",
      "percent": 0.8015,
      "usage": 10839,
      "rank": 164
    },
    "2023-12": {
      "name": "Crobat",
      "percent": 0.90103,
      "usage": 11522,
      "rank": 154
    },
    "2023-12-DLC2": {
      "name": "Crobat",
      "percent": 0.94715,
      "usage": 5189,
      "rank": 147
    },
    "2024-01": {
      "name": "Crobat",
      "percent": 0.95203,
      "usage": 11751,
      "rank": 145
    },
    "2024-02": {
      "name": "Crobat",
      "percent": 0.78139,
      "usage": 10118,
      "rank": 164
    },
    "2024-03": {
      "name": "Crobat",
      "percent": 0.83882,
      "usage": 11289,
      "rank": 162
    },
    "2024-04": {
      "name": "Crobat",
      "percent": 0.74848,
      "usage": 9102,
      "rank": 173
    },
    "2024-05": {
      "name": "Crobat",
      "percent": 0.73244,
      "usage": 4381,
      "rank": 169
    },
    "2024-06": {
      "name": "Crobat",
      "percent": 0.68432,
      "usage": 8929,
      "rank": 170
    }
  },
  "1500": {
    "2022-11": {
      "name": "Crobat",
      "percent": 0.99397,
      "usage": 6007,
      "rank": 158
    },
    "2022-12": {
      "name": "Crobat",
      "percent": 0.87077,
      "usage": 11126,
      "rank": 171
    },
    "2023-01": {
      "name": "Crobat",
      "percent": 0.79777,
      "usage": 11394,
      "rank": 172
    },
    "2023-02": {
      "name": "Crobat",
      "percent": 0.80297,
      "usage": 13769,
      "rank": 170
    },
    "2023-03": {
      "name": "Crobat",
      "percent": 0.67314,
      "usage": 15149,
      "rank": 171
    },
    "2023-04": {
      "name": "Crobat",
      "percent": 0.40041,
      "usage": 14897,
      "rank": 205
    },
    "2023-05": {
      "name": "Crobat",
      "percent": 0.45569,
      "usage": 15193,
      "rank": 195
    },
    "2023-06": {
      "name": "Crobat",
      "percent": 0.42995,
      "usage": 13825,
      "rank": 202
    },
    "2023-07": {
      "name": "Crobat",
      "percent": 0.36026,
      "usage": 12466,
      "rank": 217
    },
    "2023-08": {
      "name": "Crobat",
      "percent": 0.37502,
      "usage": 14243,
      "rank": 208
    },
    "2023-09": {
      "name": "Crobat",
      "percent": 0.38497,
      "usage": 13202,
      "rank": 214
    },
    "2023-09-DLC1": {
      "name": "Crobat",
      "percent": 0.34319,
      "usage": 6411,
      "rank": 219
    },
    "2023-10": {
      "name": "Crobat",
      "percent": 0.38769,
      "usage": 12897,
      "rank": 218
    },
    "2023-11": {
      "name": "Crobat",
      "percent": 0.36301,
      "usage": 10839,
      "rank": 229
    },
    "2023-12": {
      "name": "Crobat",
      "percent": 0.34763,
      "usage": 11522,
      "rank": 231
    },
    "2023-12-DLC2": {
      "name": "Crobat",
      "percent": 0.34771,
      "usage": 5189,
      "rank": 222
    },
    "2024-01": {
      "name": "Crobat",
      "percent": 0.40022,
      "usage": 11751,
      "rank": 203
    },
    "2024-02": {
      "name": "Crobat",
      "percent": 0.28205,
      "usage": 10118,
      "rank": 233
    },
    "2024-03": {
      "name": "Crobat",
      "percent": 0.34437,
      "usage": 11289,
      "rank": 218
    },
    "2024-04": {
      "name": "Crobat",
      "percent": 0.29419,
      "usage": 9102,
      "rank": 229
    },
    "2024-05": {
      "name": "Crobat",
      "percent": 0.30462,
      "usage": 4381,
      "rank": 224
    },
    "2024-06": {
      "name": "Crobat",
      "percent": 0.28441,
      "usage": 8929,
      "rank": 222
    }
  },
  "1630": {
    "2022-11": {
      "name": "Crobat",
      "percent": 0.53413,
      "usage": 6007,
      "rank": 176
    },
    "2022-12": {
      "name": "Crobat",
      "percent": 0.17963,
      "usage": 11126,
      "rank": 244
    },
    "2023-01": {
      "name": "Crobat",
      "percent": 0.08568,
      "usage": 11394,
      "rank": 301
    },
    "2023-02": {
      "name": "Crobat",
      "percent": 0.24753,
      "usage": 13769,
      "rank": 223
    },
    "2023-03": {
      "name": "Crobat",
      "percent": 0.13351,
      "usage": 15149,
      "rank": 254
    },
    "2023-04": {
      "name": "Crobat",
      "percent": 0.1166,
      "usage": 14897,
      "rank": 265
    },
    "2023-05": {
      "name": "Crobat",
      "percent": 0.13991,
      "usage": 15193,
      "rank": 256
    },
    "2023-06": {
      "name": "Crobat",
      "percent": 0.15981,
      "usage": 13825,
      "rank": 235
    },
    "2023-07": {
      "name": "Crobat",
      "percent": 0.10541,
      "usage": 12466,
      "rank": 276
    },
    "2023-08": {
      "name": "Crobat",
      "percent": 0.08223,
      "usage": 14243,
      "rank": 298
    },
    "2023-09": {
      "name": "Crobat",
      "percent": 0.07481,
      "usage": 13202,
      "rank": 307
    },
    "2023-09-DLC1": {
      "name": "Crobat",
      "percent": 0.07283,
      "usage": 6411,
      "rank": 293
    },
    "2023-10": {
      "name": "Crobat",
      "percent": 0.10355,
      "usage": 12897,
      "rank": 289
    },
    "2023-11": {
      "name": "Crobat",
      "percent": 0.16731,
      "usage": 10839,
      "rank": 244
    },
    "2023-12": {
      "name": "Crobat",
      "percent": 0.0789,
      "usage": 11522,
      "rank": 305
    },
    "2023-12-DLC2": {
      "name": "Crobat",
      "percent": 0.07272,
      "usage": 5189,
      "rank": 295
    },
    "2024-01": {
      "name": "Crobat",
      "percent": 0.10655,
      "usage": 11751,
      "rank": 255
    },
    "2024-02": {
      "name": "Crobat",
      "percent": 0.07782,
      "usage": 10118,
      "rank": 292
    },
    "2024-03": {
      "name": "Crobat",
      "percent": 0.10988,
      "usage": 11289,
      "rank": 270
    },
    "2024-04": {
      "name": "Crobat",
      "percent": 0.11205,
      "usage": 9102,
      "rank": 260
    },
    "2024-05": {
      "name": "Crobat",
      "percent": 0.13002,
      "usage": 4381,
      "rank": 247
    },
    "2024-06": {
      "name": "Crobat",
      "percent": 0.05171,
      "usage": 8929,
      "rank": 318
    }
  },
  "1760": {
    "2022-11": {
      "name": "Crobat",
      "percent": 0.32181,
      "usage": 6007,
      "rank": 193
    },
    "2022-12": {
      "name": "Crobat",
      "percent": 0.07283,
      "usage": 11126,
      "rank": 236
    },
    "2023-01": {
      "name": "Crobat",
      "percent": 0.02332,
      "usage": 11394,