{
  "elos": [
    "0",
    "1500",
    "1630",
    "1760"
  ],
  "firstMonth": "2022-11",
  "0": {
    "2022-11": {
      "name": "Dratini",
      "percent": 0.00118,
      "usage": 7,
      "rank": 973
    },
    "2022-12": {
      "name": "Dratini",
      "percent": 0.00228,
      "usage": 28,
      "rank": 938
    },
    "2023-01": {
      "name": "Dratini",
      "percent": 0.00324,
      "usage": 44,
      "rank": 898
    },
    "2023-02": {
      "name": "Dratini",
      "percent": 0.00513,
      "usage": 80,
      "rank": 832
    },
    "2023-03": {
      "name": "Dratini",
      "percent": 0.00136,
      "usage": 24,
      "rank": 1014
    },
    "2023-04": {
      "name": "Dratini",
      "percent": 0.00347,
      "usage": 61,
      "rank": 845
    },
    "2023-05": {
      "name": "Dratini",
      "percent": 0.0053,
      "usage": 99,
      "rank": 816
    },
    "2023-06": {
      "name": "Dratini",
      "percent": 0.00071,
      "usage": 12,
      "rank": 1058
    },
    "2023-07": {
      "name": "Dratini",
      "percent": 0.00142,
      "usage": 23,
      "rank": 1008
    },
    "2023-08": {
      "name": "Dratini",
      "percent": 0.00337,
      "usage": 62,
      "rank": 870
    },
    "2023-09": {
      "name": "Dratini",
      "percent": 0.00216,
      "usage": 37,
      "rank": 930
    },
    "2023-09-DLC1": {
      "name": "Dratini",
      "percent": 0.00398,
      "usage": 34,
      "rank": 844
    },
    "2023-10": {
      "name": "Dratini",
      "percent": 0.00146,
      "usage": 23,
      "rank": 1000
    },
    "2023-11": {
      "name": "Dratini",
      "percent": 0.0017,
      "usage": 23,
      "rank": 984
    },
    "2023-12": {
      "name": "Dratini",
      "percent": 0.00141,
      "usage": 18,
      "rank": 999
    },
    "2023-12-DLC2": {
      "name": "Dratini",
      "percent": 0.00201,
      "usage": 11,
      "rank": 912
    },
    "2024-01": {
      "name": "Dratini",
      "percent": 0.00194,
      "usage": 24,
      "rank": 943
    },
    "2024-02": {
      "name": "Dratini",
      "percent": 0.00108,
      "usage": 14,
      "rank": 989
    },
    "2024-03": {
      "name": "Dratini",
      "percent": 0.00097,
      "usage": 13,
      "rank": 1044
    },
    "2024-04": {
      "name": "Dratini",
      "percent": 0.00255,
      "usage": 31,
      "rank": 900
    },
    "2024-05": {
      "name": "Dratini",
      "percent": 0.00201,
      "usage": 12,
      "rank": 939
    },
    "2024-06": {
      "name": "Dratini",
      "percent": 0.00153,
      "usage": 20,
      "rank": 939
    }
  },
  "1500": {
    "2022-11": {
      "name": "Dratini",
      "percent": 0.00088,
      "usage": 7,
      "rank": 988
    },
    "2022-12": {
      "name": "Dratini",
      "percent": 0.0021,
      "usage": 28,
      "rank": 922
    },
    "2023-01": {
      "name": "Dratini",
      "percent": 0.00287,
      "usage": 44,
      "rank": 886
    },
    "2023-02": {
      "name": "Dratini",
      "percent": 0.00417,
      "usage": 80,
      "rank": 831
    },
    "2023-03": {
      "name": "Dratini",
      "percent": 0.00103,
      "usage": 24,
      "rank": 997
    },
    "2023-04": {
      "name": "Dratini",
      "percent": 0.00065,
      "usage": 61,
      "rank": 912
    },
    "2023-05": {
      "name": "Dratini",
      "percent": 0.00124,
      "usage": 99,
      "rank": 840
    },
    "2023-06": {
      "name": "Dratini",
      "percent": 0.00011,
      "usage": 12,
      "rank": 1052
    },
    "2023-07": {
      "name": "Dratini",
      "percent": 0.00029,
      "usage": 23,
      "rank": 1007
    },
    "2023-08": {
      "name": "Dratini",
      "percent": 0.00083,
      "usage": 62,
      "rank": 870
    },
    "2023-09": {
      "name": "Dratini",
      "percent": 0.00042,
      "usage": 37,
      "rank": 949
    },
    "2023-09-DLC1": {
      "name": "Dratini",
      "percent": 0.00065,
      "usage": 34,
      "rank": 858
    },
    "2023-10": {
      "name": "Dratini",
      "percent": 0.00205,
      "usage": 23,
      "rank": 777
    },
    "2023-11": {
      "name": "Dratini",
      "percent": 0.00094,
      "usage": 23,
      "rank": 847
    },
    "2023-12": {
      "name": "Dratini",
      "percent": 0.00042,
      "usage": 18,
      "rank": 939
    },
    "2023-12-DLC2": {
      "name": "Dratini",
      "percent": 0.00053,
      "usage": 11,
      "rank": 881
    },
    "2024-01": {
      "name": "Dratini",
      "percent": 0.00018,
      "usage": 24,
      "rank": 1012
    },
    "2024-02": {
      "name": "Dratini",
      "percent": 5e-05,
      "usage": 14,
      "rank": 1083
    },
    "2024-03": {
      "name": "Dratini",
      "percent": 0.00016,
      "usage": 13,
      "rank": 1045
    },
    "2024-04": {
      "name": "Dratini",
      "percent": 0.00018,
      "usage": 31,
      "rank": 1011
    },
    "2024-05": {
      "name": "Dratini",
      "percent": 0.00033,
      "usage": 12,
      "rank": 946
    },
    "2024-06": {
      "name": "Dratini",
      "percent": 0.00035,
      "usage": 20,
      "rank": 912
    }
  },
  "1630": {
    "2022-11": {
      "name": "Dratini",
      "percent": 0.0,
      "usage": 7,
      "rank": 838
    },
    "2022-12": {
      "name": "Dratini",
      "percent": 0.0,
      "usage": 28,
      "rank": 917
    },
    "2023-01": {
      "name": "Dratini",
      "percent": 0.0,
      "usage": 44,
      "rank": 945
    },
    "2023-02": {
      "name": "Dratini",
      "percent": 0.0,
      "usage": 80,
      "rank": 972
    },
    "2023-03": {
      "name": "Dratini",
      "percent": 0.0,
      "usage": 24,
      "rank": 978
    },
    "2023-04": {
      "name": "Dratini",
      "percent": 0.00027,
      "usage": 61,
      "rank": 791
    },
    "2023-05": {
      "name": "Dratini",
      "percent": 0.0002,
      "usage": 99,
      "rank": 822
    },
    "2023-06": {
      "name": "Dratini",
      "percent": 0.0,
      "usage": 12,
      "rank": 1009
    },
    "2023-07": {
      "name": "Dratini",
      "percent": 0.0001,
      "usage": 23,
      "rank": 862
    },
    "2023-08": {
      "name": "Dratini",
      "percent": 0.0001,
      "usage": 62,
      "rank": 858
    },
    "2023-09": {
      "name": "Dratini",
      "percent": 2e-05,
      "usage": 37,
      "rank": 946
    },
    "2023-09-DLC1": {
      "name": "Dratini",
      "percent": 4e-05,
      "usage": 34,
      "rank": 838
    },
    "2023-10": {
      "name": "Dratini",
      "percent": 0.00607,
      "usage": 23,
      "rank": 577
    },
    "2023-11": {
      "name": "Dratini",
      "percent": 9e-05,
      "usage": 23,
      "rank": 846
    },
    "2023-12": {
      "name": "Dratini",
      "percent": 1e-05,
      "usage": 18,
      "rank": 946
    },
    "2023-12-DLC2": {
      "name": "Dratini",
      "percent": 1e-05,
      "usage": 11,
      "rank": 849
    },
    "2024-01": {
      "name": "Dratini",
      "percent": 0.0,
      "usage": 24,
      "rank": 1018
    },
    "2024-02": {
      "name": "Dratini",
      "percent": 0.0,
      "usage": 14,
      "rank": 1023
    },
    "2024-03": {
      "name": "Dratini",
      "percent": 0.0,
      "usage": 13,
      "rank": 1007
    },
    "2024-04": {
      "name": "Dratini",
      "percent": 0.0,
      "usage": 31,
      "rank": 952
    },
    "2024-05": {
      "name": "Dratini",
      "percent": 0.0,
      "usage": 12,
      "rank": 990
    },
    "2024-06": {
      "name": "Dratini",
      "percent": 0.0,
      "usage": 20,
      "rank": 961
    }
  },
  "1760": {
    "2022-11": {
      "name": "Dratini",
      "percent": 0.0,
      "usage": 7,
      "rank": 838
    },
    "2022-12": {
      "name": "Dratini",
      "percent": 0.0,
      "usage": 28,
      "rank": 906
    },
    "2023-01": {
      "name": "Dratini",
      "percent": 0.0,
      "usage": 44,
      "rank": 931
    },
    "2023-02": {
      "name": "Dratini",
      "percent": 0.0,
      "usage": 80,
      "rank": 960
    },
    "2023-03": {
      "name": "Dratini",