{
  "elos": [
    "0",
    "1500",
    "1630",
    "1760"
  ],
  "firstMonth": "2022-11",
  "0": {
    "2022-11": {
      "name": "Glastrier",
      "percent": 0.12909,
      "usage": 763,
      "rank": 472
    },
    "2022-12": {
      "name": "Glastrier",
      "percent": 0.17268,
      "usage": 2122,
      "rank": 444
    },
    "2023-01": {
      "name": "Glastrier",
      "percent": 0.19229,
      "usage": 2611,
      "rank": 411
    },
    "2023-02": {
      "name": "Glastrier",
      "percent": 0.16776,
      "usage": 2618,
      "rank": 436
    },
    "2023-03": {
      "name": "Glastrier",
      "percent": 0.16636,
      "usage": 2934,
      "rank": 425
    },
    "2023-04": {
      "name": "Glastrier",
      "percent": 0.17817,
      "usage": 3136,
      "rank": 410
    },
    "2023-05": {
      "name": "Glastrier",
      "percent": 0.16519,
      "usage": 3083,
      "rank": 427
    },
    "2023-06": {
      "name": "Glastrier",
      "percent": 0.20347,
      "usage": 3421,
      "rank": 363
    },
    "2023-07": {
      "name": "Glastrier",
      "percent": 0.14427,
      "usage": 2335,
      "rank": 440
    },
    "2023-08": {
      "name": "Glastrier",
      "percent": 0.21969,
      "usage": 4042,
      "rank": 351
    },
    "2023-09": {
      "name": "Glastrier",
      "percent": 0.16475,
      "usage": 2825,
      "rank": 419
    },
    "2023-09-DLC1": {
      "name": "Glastrier",
      "percent": 0.13828,
      "usage": 1180,
      "rank": 443
    },
    "2023-10": {
      "name": "Glastrier",
      "percent": 0.13808,
      "usage": 2177,
      "rank": 467
    },
    "2023-11": {
      "name": "Glastrier",
      "percent": 0.23626,
      "usage": 3195,
      "rank": 363
    },
    "2023-12": {
      "name": "Glastrier",
      "percent": 0.18197,
      "usage": 2327,
      "rank": 410
    },
    "2023-12-DLC2": {
      "name": "Glastrier",
      "percent": 0.15387,
      "usage": 843,
      "rank": 429
    },
    "2024-01": {
      "name": "Glastrier",
      "percent": 0.20862,
      "usage": 2575,
      "rank": 369
    },
    "2024-02": {
      "name": "Glastrier",
      "percent": 0.18712,
      "usage": 2423,
      "rank": 380
    },
    "2024-03": {
      "name": "Glastrier",
      "percent": 0.20686,
      "usage": 2784,
      "rank": 368
    },
    "2024-04": {
      "name": "Glastrier",
      "percent": 0.15756,
      "usage": 1916,
      "rank": 435
    },
    "2024-05": {
      "name": "Glastrier",
      "percent": 0.18541,
      "usage": 1109,
      "rank": 389
    },
    "2024-06": {
      "name": "Glastrier",
      "percent": 0.14462,
      "usage": 1887,
      "rank": 406
    }
  },
  "1500": {
    "2022-11": {
      "name": "Glastrier",
      "percent": 0.12971,
      "usage": 763,
      "rank": 467
    },
    "2022-12": {
      "name": "Glastrier",
      "percent": 0.17301,
      "usage": 2122,
      "rank": 437
    },
    "2023-01": {
      "name": "Glastrier",
      "percent": 0.19606,
      "usage": 2611,
      "rank": 394
    },
    "2023-02": {
      "name": "Glastrier",
      "percent": 0.16857,
      "usage": 2618,
      "rank": 417
    },
    "2023-03": {
      "name": "Glastrier",
      "percent": 0.15775,
      "usage": 2934,
      "rank": 396
    },
    "2023-04": {
      "name": "Glastrier",
      "percent": 0.15759,
      "usage": 3136,
      "rank": 335
    },
    "2023-05": {
      "name": "Glastrier",
      "percent": 0.15031,
      "usage": 3083,
      "rank": 330
    },
    "2023-06": {
      "name": "Glastrier",
      "percent": 0.17466,
      "usage": 3421,
      "rank": 299
    },
    "2023-07": {
      "name": "Glastrier",
      "percent": 0.13155,
      "usage": 2335,
      "rank": 346
    },
    "2023-08": {
      "name": "Glastrier",
      "percent": 0.22816,
      "usage": 4042,
      "rank": 274
    },
    "2023-09": {
      "name": "Glastrier",
      "percent": 0.1631,
      "usage": 2825,
      "rank": 319
    },
    "2023-09-DLC1": {
      "name": "Glastrier",
      "percent": 0.13524,
      "usage": 1180,
      "rank": 337
    },
    "2023-10": {
      "name": "Glastrier",
      "percent": 0.1018,
      "usage": 2177,
      "rank": 386
    },
    "2023-11": {
      "name": "Glastrier",
      "percent": 0.23,
      "usage": 3195,
      "rank": 284
    },
    "2023-12": {
      "name": "Glastrier",
      "percent": 0.17715,
      "usage": 2327,
      "rank": 302
    },
    "2023-12-DLC2": {
      "name": "Glastrier",
      "percent": 0.1283,
      "usage": 843,
      "rank": 331
    },
    "2024-01": {
      "name": "Glastrier",
      "percent": 0.15641,
      "usage": 2575,
      "rank": 305
    },
    "2024-02": {
      "name": "Glastrier",
      "percent": 0.20242,
      "usage": 2423,
      "rank": 270
    },
    "2024-03": {
      "name": "Glastrier",
      "percent": 0.1976,
      "usage": 2784,
      "rank": 284
    },
    "2024-04": {
      "name": "Glastrier",
      "percent": 0.15768,
      "usage": 1916,
      "rank": 311
    },
    "2024-05": {
      "name": "Glastrier",
      "percent": 0.17094,
      "usage": 1109,
      "rank": 284
    },
    "2024-06": {
      "name": "Glastrier",
      "percent": 0.12894,
      "usage": 1887,
      "rank": 304
    }
  },
  "1630": {
    "2022-11": {
      "name": "Glastrier",
      "percent": 0.04963,
      "usage": 763,
      "rank": 368
    },
    "2022-12": {
      "name": "Glastrier",
      "percent": 0.05012,
      "usage": 2122,
      "rank": 361
    },
    "2023-01": {
      "name": "Glastrier",
      "percent": 0.11004,
      "usage": 2611,
      "rank": 273
    },
    "2023-02": {
      "name": "Glastrier",
      "percent": 0.1333,
      "usage": 2618,
      "rank": 275
    },
    "2023-03": {
      "name": "Glastrier",
      "percent": 0.09707,
      "usage": 2934,
      "rank": 275
    },
    "2023-04": {
      "name": "Glastrier",
      "percent": 0.13992,
      "usage": 3136,
      "rank": 252
    },
    "2023-05": {
      "name": "Glastrier",
      "percent": 0.08352,
      "usage": 3083,
      "rank": 306
    },
    "2023-06": {
      "name": "Glastrier",
      "percent": 0.11662,
      "usage": 3421,
      "rank": 262
    },
    "2023-07": {
      "name": "Glastrier",
      "percent": 0.04721,
      "usage": 2335,
      "rank": 359
    },
    "2023-08": {
      "name": "Glastrier",
      "percent": 0.15823,
      "usage": 4042,
      "rank": 239
    },
    "2023-09": {
      "name": "Glastrier",
      "percent": 0.13744,
      "usage": 2825,
      "rank": 256
    },
    "2023-09-DLC1": {
      "name": "Glastrier",
      "percent": 0.12018,
      "usage": 1180,
      "rank": 254
    },
    "2023-10": {
      "name": "Glastrier",
      "percent": 0.06806,
      "usage": 2177,
      "rank": 323
    },
    "2023-11": {
      "name": "Glastrier",
      "percent": 0.20079,
      "usage": 3195,
      "rank": 230
    },
    "2023-12": {
      "name": "Glastrier",
      "percent": 0.16414,
      "usage": 2327,
      "rank": 241
    },
    "2023-12-DLC2": {
      "name": "Glastrier",
      "percent": 0.09495,
      "usage": 843,
      "rank": 268
    },
    "2024-01": {
      "name": "Glastrier",
      "percent": 0.07699,
      "usage": 2575,
      "rank": 286
    },
    "2024-02": {
      "name": "Glastrier",
      "percent": 0.12788,
      "usage": 2423,
      "rank": 239
    },
    "2024-03": {
      "name": "Glastrier",
      "percent": 0.17034,
      "usage": 2784,
      "rank": 234
    },
    "2024-04": {
      "name": "Glastrier",
      "percent": 0.10655,
      "usage": 1916,
      "rank": 265
    },
    "2024-05": {
      "name": "Glastrier",
      "percent": 0.24365,
      "usage": 1109,
      "rank": 198
    },
    "2024-06": {
      "name": "Glastrier",
      "percent": 0.07252,
      "usage": 1887,
      "rank": 280
    }
  },
  "1760": {
    "2022-11": {
      "name": "Glastrier",
      "percent": 0.0343,
      "usage": 763,
      "rank": 326
    },
    "2022-12": {
      "name": "Glastrier",