{
  "elos": [
    "0",
    "1500",
    "1630",
    "1760"
  ],
  "firstMonth": "2022-11",
  "0": {
    "2023-05": {
      "name": "Goodra-Hisui",
      "percent": 0.49181,
      "usage": 9179,
      "rank": 226
    },
    "2023-06": {
      "name": "Goodra-Hisui",
      "percent": 5.18346,
      "usage": 87153,
      "rank": 34
    },
    "2023-07": {
      "name": "Goodra-Hisui",
      "percent": 2.8377,
      "usage": 45928,
      "rank": 44
    },
    "2023-08": {
      "name": "Goodra-Hisui",
      "percent": 2.59999,
      "usage": 47836,
      "rank": 53
    },
    "2023-09": {
      "name": "Goodra-Hisui",
      "percent": 1.96591,
      "usage": 33709,
      "rank": 73
    },
    "2023-09-DLC1": {
      "name": "Goodra-Hisui",
      "percent": 1.93244,
      "usage": 16490,
      "rank": 75
    },
    "2023-10": {
      "name": "Goodra-Hisui",
      "percent": 1.92241,
      "usage": 30310,
      "rank": 76
    },
    "2023-11": {
      "name": "Goodra-Hisui",
      "percent": 1.87771,
      "usage": 25393,
      "rank": 85
    },
    "2023-12": {
      "name": "Goodra-Hisui",
      "percent": 2.23327,
      "usage": 28558,
      "rank": 70
    },
    "2023-12-DLC2": {
      "name": "Goodra-Hisui",
      "percent": 1.99835,
      "usage": 10948,
      "rank": 79
    },
    "2024-01": {
      "name": "Goodra-Hisui",
      "percent": 1.80029,
      "usage": 22221,
      "rank": 88
    },
    "2024-02": {
      "name": "Goodra-Hisui",
      "percent": 1.75771,
      "usage": 22760,
      "rank": 86
    },
    "2024-03": {
      "name": "Goodra-Hisui",
      "percent": 1.58156,
      "usage": 21285,
      "rank": 97
    },
    "2024-04": {
      "name": "Goodra-Hisui",
      "percent": 1.56875,
      "usage": 19077,
      "rank": 94
    },
    "2024-05": {
      "name": "Goodra-Hisui",
      "percent": 1.19304,
      "usage": 7136,
      "rank": 114
    },
    "2024-06": {
      "name": "Goodra-Hisui",
      "percent": 1.12476,
      "usage": 14676,
      "rank": 114
    }
  },
  "1500": {
    "2023-05": {
      "name": "Goodra-Hisui",
      "percent": 0.55328,
      "usage": 9179,
      "rank": 173
    },
    "2023-06": {
      "name": "Goodra-Hisui",
      "percent": 5.28663,
      "usage": 87153,
      "rank": 35
    },
    "2023-07": {
      "name": "Goodra-Hisui",
      "percent": 2.69534,
      "usage": 45928,
      "rank": 51
    },
    "2023-08": {
      "name": "Goodra-Hisui",
      "percent": 2.51019,
      "usage": 47836,
      "rank": 58
    },
    "2023-09": {
      "name": "Goodra-Hisui",
      "percent": 1.86291,
      "usage": 33709,
      "rank": 75
    },
    "2023-09-DLC1": {
      "name": "Goodra-Hisui",
      "percent": 1.80618,
      "usage": 16490,
      "rank": 81
    },
    "2023-10": {
      "name": "Goodra-Hisui",
      "percent": 1.73285,
      "usage": 30310,
      "rank": 87
    },
    "2023-11": {
      "name": "Goodra-Hisui",
      "percent": 1.77838,
      "usage": 25393,
      "rank": 85
    },
    "2023-12": {
      "name": "Goodra-Hisui",
      "percent": 2.10317,
      "usage": 28558,
      "rank": 76
    },
    "2023-12-DLC2": {
      "name": "Goodra-Hisui",
      "percent": 1.87508,
      "usage": 10948,
      "rank": 82
    },
    "2024-01": {
      "name": "Goodra-Hisui",
      "percent": 1.6521,
      "usage": 22221,
      "rank": 86
    },
    "2024-02": {
      "name": "Goodra-Hisui",
      "percent": 1.48154,
      "usage": 22760,
      "rank": 89
    },
    "2024-03": {
      "name": "Goodra-Hisui",
      "percent": 1.45943,
      "usage": 21285,
      "rank": 93
    },
    "2024-04": {
      "name": "Goodra-Hisui",
      "percent": 1.42718,
      "usage": 19077,
      "rank": 92
    },
    "2024-05": {
      "name": "Goodra-Hisui",
      "percent": 0.99905,
      "usage": 7136,
      "rank": 118
    },
    "2024-06": {
      "name": "Goodra-Hisui",
      "percent": 0.95961,
      "usage": 14676,
      "rank": 115
    }
  },
  "1630": {
    "2023-05": {
      "name": "Goodra-Hisui",
      "percent": 0.47419,
      "usage": 9179,
      "rank": 151
    },
    "2023-06": {
      "name": "Goodra-Hisui",
      "percent": 4.00434,
      "usage": 87153,
      "rank": 41
    },
    "2023-07": {
      "name": "Goodra-Hisui",
      "percent": 1.84297,
      "usage": 45928,
      "rank": 70
    },
    "2023-08": {
      "name": "Goodra-Hisui",
      "percent": 1.72686,
      "usage": 47836,
      "rank": 78
    },
    "2023-09": {
      "name": "Goodra-Hisui",
      "percent": 1.19577,
      "usage": 33709,
      "rank": 98
    },
    "2023-09-DLC1": {
      "name": "Goodra-Hisui",
      "percent": 1.13398,
      "usage": 16490,
      "rank": 101
    },
    "2023-10": {
      "name": "Goodra-Hisui",
      "percent": 1.10939,
      "usage": 30310,
      "rank": 98
    },
    "2023-11": {
      "name": "Goodra-Hisui",
      "percent": 1.2933,
      "usage": 25393,
      "rank": 97
    },
    "2023-12": {
      "name": "Goodra-Hisui",
      "percent": 1.56762,
      "usage": 28558,
      "rank": 90
    },
    "2023-12-DLC2": {
      "name": "Goodra-Hisui",
      "percent": 1.39934,
      "usage": 10948,
      "rank": 91
    },
    "2024-01": {
      "name": "Goodra-Hisui",
      "percent": 1.06913,
      "usage": 22221,
      "rank": 102
    },
    "2024-02": {
      "name": "Goodra-Hisui",
      "percent": 0.77179,
      "usage": 22760,
      "rank": 119
    },
    "2024-03": {
      "name": "Goodra-Hisui",
      "percent": 1.44159,
      "usage": 21285,
      "rank": 92
    },
    "2024-04": {
      "name": "Goodra-Hisui",
      "percent": 1.18808,
      "usage": 19077,
      "rank": 93
    },
    "2024-05": {
      "name": "Goodra-Hisui",
      "percent": 0.68801,
      "usage": 7136,
      "rank": 124
    },
    "2024-06": {
      "name": "Goodra-Hisui",
      "percent": 0.4934,
      "usage": 14676,
      "rank": 150
    }
  },
  "1760": {
    "2023-05": {
      "name": "Goodra-Hisui",
      "percent": 0.42569,
      "usage": 9179,
      "rank": 143
    },
    "2023-06": {
      "name": "Goodra-Hisui",
      "percent": 2.15832,
      "usage": 87153,
      "rank": 63
    },
    "2023-07": {
      "name": "Goodra-Hisui",
      "percent": 0.7719,
      "usage": 45928,
      "rank": 109
    },
    "2023-08": {
      "name": "Goodra-Hisui",
      "percent": 0.71256,
      "usage": 47836,
      "rank": 108
    },
    "2023-09": {
      "name": "Goodra-Hisui",
      "percent": 0.52783,
      "usage": 33709,
      "rank": 131
    },
    "2023-09-DLC1": {
      "name": "Goodra-Hisui",
      "percent": 0.54177,
      "usage": 16490,
      "rank": 131
    },
    "2023-10": {
      "name": "Goodra-Hisui",
      "percent": 0.92486,
      "usage": 30310,
      "rank": 105
    },
    "2023-11": {
      "name": "Goodra-Hisui",
      "percent": 0.75178,
      "usage": 25393,
      "rank": 117
    },
    "2023-12": {
      "name": "Goodra-Hisui",
      "percent": 0.82428,
      "usage": 28558,
      "rank": 122
    },
    "2023-12-DLC2": {
      "name": "Goodra-Hisui",
      "percent": 0.7808,
      "usage": 10948,
      "rank": 117
    },
    "2024-01": {
      "name": "Goodra-Hisui",
      "percent": 0.6051,
      "usage": 22221,
      "rank": 129
    },
    "2024-02": {
      "name": "Goodra-Hisui",
      "percent": 0.58187,
      "usage": 22760,
      "rank": 131
    },
    "2024-03": {
      "name": "Goodra-Hisui",
      "percent": 0.75575,
      "usage": 21285,
      "rank": 120
    },
    "2024-04": {
      "name": "Goodra-Hisui",
      "percent": 0.45791,
      "usage": 19077,
      "rank": 132
    },
    "2024-05": {
      "name": "Goodra-Hisui",
      "percent": 0.50726,
      "usage": 7136,
      "rank": 124
    },
    "2024-06": {
      "name": "Goodra-Hisui",
      "percent": 0.15979,
      "usage": 14676,
      "rank": 186
    }
  }
}