{
  "elos": [
    "0",
    "1500",
    "1630",
    "1760"
  ],
  "firstMonth": "2022-11",
  "0": {
    "2022-11": {
      "name": "Great Tusk",
      "percent": 7.36704,
      "usage": 43542,
      "rank": 4
    },
    "2022-12": {
      "name": "Great Tusk",
      "percent": 8.27503,
      "usage": 101690,
      "rank": 6
    },
    "2023-01": {
      "name": "Great Tusk",
      "percent": 9.68733,
      "usage": 131540,
      "rank": 5
    },
    "2023-02": {
      "name": "Great Tusk",
      "percent": 9.22337,
      "usage": 143936,
      "rank": 5
    },
    "2023-03": {
      "name": "Great Tusk",
      "percent": 11.10987,
      "usage": 195943,
      "rank": 4
    },
    "2023-04": {
      "name": "Great Tusk",
      "percent": 11.25944,
      "usage": 198177,
      "rank": 4
    },
    "2023-05": {
      "name": "Great Tusk",
      "percent": 10.99109,
      "usage": 205136,
      "rank": 6
    },
    "2023-06": {
      "name": "Great Tusk",
      "percent": 10.78213,
      "usage": 181287,
      "rank": 6
    },
    "2023-07": {
      "name": "Great Tusk",
      "percent": 11.96311,
      "usage": 193622,
      "rank": 3
    },
    "2023-08": {
      "name": "Great Tusk",
      "percent": 12.73469,
      "usage": 234300,
      "rank": 2
    },
    "2023-09": {
      "name": "Great Tusk",
      "percent": 12.25232,
      "usage": 210088,
      "rank": 2
    },
    "2023-09-DLC1": {
      "name": "Great Tusk",
      "percent": 12.85537,
      "usage": 109698,
      "rank": 3
    },
    "2023-10": {
      "name": "Great Tusk",
      "percent": 9.01137,
      "usage": 142079,
      "rank": 5
    },
    "2023-11": {
      "name": "Great Tusk",
      "percent": 8.44656,
      "usage": 114226,
      "rank": 6
    },
    "2023-12": {
      "name": "Great Tusk",
      "percent": 9.59568,
      "usage": 122705,
      "rank": 4
    },
    "2023-12-DLC2": {
      "name": "Great Tusk",
      "percent": 10.24236,
      "usage": 56113,
      "rank": 2
    },
    "2024-01": {
      "name": "Great Tusk",
      "percent": 9.12547,
      "usage": 112636,
      "rank": 3
    },
    "2024-02": {
      "name": "Great Tusk",
      "percent": 8.92418,
      "usage": 115556,
      "rank": 5
    },
    "2024-03": {
      "name": "Great Tusk",
      "percent": 8.11453,
      "usage": 109207,
      "rank": 7
    },
    "2024-04": {
      "name": "Great Tusk",
      "percent": 7.81047,
      "usage": 94980,
      "rank": 8
    },
    "2024-05": {
      "name": "Great Tusk",
      "percent": 8.56026,
      "usage": 51202,
      "rank": 6
    },
    "2024-06": {
      "name": "Great Tusk",
      "percent": 10.51212,
      "usage": 137163,
      "rank": 4
    }
  },
  "1500": {
    "2022-11": {
      "name": "Great Tusk",
      "percent": 7.61978,
      "usage": 43542,
      "rank": 3
    },
    "2022-12": {
      "name": "Great Tusk",
      "percent": 8.63829,
      "usage": 101690,
      "rank": 6
    },
    "2023-01": {
      "name": "Great Tusk",
      "percent": 10.13614,
      "usage": 131540,
      "rank": 5
    },
    "2023-02": {
      "name": "Great Tusk",
      "percent": 10.12234,
      "usage": 143936,
      "rank": 5
    },
    "2023-03": {
      "name": "Great Tusk",
      "percent": 12.92395,
      "usage": 195943,
      "rank": 3
    },
    "2023-04": {
      "name": "Great Tusk",
      "percent": 14.8285,
      "usage": 198177,
      "rank": 3
    },
    "2023-05": {
      "name": "Great Tusk",
      "percent": 14.37677,
      "usage": 205136,
      "rank": 5
    },
    "2023-06": {
      "name": "Great Tusk",
      "percent": 14.13143,
      "usage": 181287,
      "rank": 6
    },
    "2023-07": {
      "name": "Great Tusk",
      "percent": 15.93293,
      "usage": 193622,
      "rank": 2
    },
    "2023-08": {
      "name": "Great Tusk",
      "percent": 16.75927,
      "usage": 234300,
      "rank": 2
    },
    "2023-09": {
      "name": "Great Tusk",
      "percent": 16.39827,
      "usage": 210088,
      "rank": 2
    },
    "2023-09-DLC1": {
      "name": "Great Tusk",
      "percent": 17.44079,
      "usage": 109698,
      "rank": 3
    },
    "2023-10": {
      "name": "Great Tusk",
      "percent": 11.71385,
      "usage": 142079,
      "rank": 4
    },
    "2023-11": {
      "name": "Great Tusk",
      "percent": 10.82367,
      "usage": 114226,
      "rank": 7
    },
    "2023-12": {
      "name": "Great Tusk",
      "percent": 12.30778,
      "usage": 122705,
      "rank": 3
    },
    "2023-12-DLC2": {
      "name": "Great Tusk",
      "percent": 13.34533,
      "usage": 56113,
      "rank": 2
    },
    "2024-01": {
      "name": "Great Tusk",
      "percent": 11.6199,
      "usage": 112636,
      "rank": 4
    },
    "2024-02": {
      "name": "Great Tusk",
      "percent": 11.17234,
      "usage": 115556,
      "rank": 5
    },
    "2024-03": {
      "name": "Great Tusk",
      "percent": 10.44459,
      "usage": 109207,
      "rank": 7
    },
    "2024-04": {
      "name": "Great Tusk",
      "percent": 10.16728,
      "usage": 94980,
      "rank": 9
    },
    "2024-05": {
      "name": "Great Tusk",
      "percent": 10.98297,
      "usage": 51202,
      "rank": 7
    },
    "2024-06": {
      "name": "Great Tusk",
      "percent": 13.07936,
      "usage": 137163,
      "rank": 3
    }
  },
  "1630": {
    "2022-11": {
      "name": "Great Tusk",
      "percent": 9.33919,
      "usage": 43542,
      "rank": 12
    },
    "2022-12": {
      "name": "Great Tusk",
      "percent": 16.1762,
      "usage": 101690,
      "rank": 5
    },
    "2023-01": {
      "name": "Great Tusk",
      "percent": 15.83206,
      "usage": 131540,
      "rank": 6
    },
    "2023-02": {
      "name": "Great Tusk",
      "percent": 17.01393,
      "usage": 143936,
      "rank": 4
    },
    "2023-03": {
      "name": "Great Tusk",
      "percent": 19.36121,
      "usage": 195943,
      "rank": 3
    },
    "2023-04": {
      "name": "Great Tusk",
      "percent": 18.20639,
      "usage": 198177,
      "rank": 3
    },
    "2023-05": {
      "name": "Great Tusk",
      "percent": 18.05188,
      "usage": 205136,
      "rank": 4
    },
    "2023-06": {
      "name": "Great Tusk",
      "percent": 17.83177,
      "usage": 181287,
      "rank": 5
    },
    "2023-07": {
      "name": "Great Tusk",
      "percent": 19.56202,
      "usage": 193622,
      "rank": 3
    },
    "2023-08": {
      "name": "Great Tusk",
      "percent": 19.31752,
      "usage": 234300,
      "rank": 3
    },
    "2023-09": {
      "name": "Great Tusk",
      "percent": 19.12343,
      "usage": 210088,
      "rank": 2
    },
    "2023-09-DLC1": {
      "name": "Great Tusk",
      "percent": 20.28967,
      "usage": 109698,
      "rank": 3
    },
    "2023-10": {
      "name": "Great Tusk",
      "percent": 12.72116,
      "usage": 142079,
      "rank": 6
    },
    "2023-11": {
      "name": "Great Tusk",
      "percent": 11.44107,
      "usage": 114226,
      "rank": 11
    },
    "2023-12": {
      "name": "Great Tusk",
      "percent": 13.23617,
      "usage": 122705,
      "rank": 3
    },
    "2023-12-DLC2": {
      "name": "Great Tusk",
      "percent": 14.33227,
      "usage": 56113,
      "rank": 4
    },
    "2024-01": {
      "name": "Great Tusk",
      "percent": 12.8854,
      "usage": 112636,
      "rank": 7
    },
    "2024-02": {
      "name": "Great Tusk",
      "percent": 10.82017,
      "usage": 115556,
      "rank": 10
    },
    "2024-03": {
      "name": "Great Tusk",
      "percent": 10.8931,
      "usage": 109207,
      "rank": 9
    },
    "2024-04": {
      "name": "Great Tusk",
      "percent": 10.18992,
      "usage": 94980,
      "rank": 13
    },
    "2024-05": {
      "name": "Great Tusk",
      "percent": 11.07897,
      "usage": 51202,
      "rank": 9
    },
    "2024-06": {
      "name": "Great Tusk",
      "percent": 13.65063,
      "usage": 137163,
      "rank": 5
    }
  },
  "1760": {
    "2022-11": {
      "name": "Great Tusk",