{
  "elos": [
    "0",
    "1500",
    "1630",
    "1760"
  ],
  "firstMonth": "2022-11",
  "0": {
    "2022-11": {
      "name": "Nacli",
      "percent": 0.00558,
      "usage": 33,
      "rank": 784
    },
    "2022-12": {
      "name": "Nacli",
      "percent": 0.00236,
      "usage": 29,
      "rank": 933
    },
    "2023-01": {
      "name": "Nacli",
      "percent": 0.00405,
      "usage": 55,
      "rank": 862
    },
    "2023-02": {
      "name": "Nacli",
      "percent": 0.0009,
      "usage": 14,
      "rank": 1061
    },
    "2023-03": {
      "name": "Nacli",
      "percent": 0.00113,
      "usage": 20,
      "rank": 1034
    },
    "2023-04": {
      "name": "Nacli",
      "percent": 0.00261,
      "usage": 46,
      "rank": 894
    },
    "2023-05": {
      "name": "Nacli",
      "percent": 0.0015,
      "usage": 28,
      "rank": 1005
    },
    "2023-06": {
      "name": "Nacli",
      "percent": 0.00161,
      "usage": 27,
      "rank": 974
    },
    "2023-08": {
      "name": "Nacli",
      "percent": 0.00196,
      "usage": 36,
      "rank": 959
    },
    "2023-09": {
      "name": "Nacli",
      "percent": 0.00128,
      "usage": 22,
      "rank": 1010
    },
    "2023-09-DLC1": {
      "name": "Nacli",
      "percent": 0.00082,
      "usage": 7,
      "rank": 1020
    },
    "2023-10": {
      "name": "Nacli",
      "percent": 0.00114,
      "usage": 18,
      "rank": 1028
    },
    "2023-11": {
      "name": "Nacli",
      "percent": 0.00251,
      "usage": 34,
      "rank": 923
    },
    "2023-12": {
      "name": "Nacli",
      "percent": 0.00133,
      "usage": 17,
      "rank": 1011
    },
    "2023-12-DLC2": {
      "name": "Nacli",
      "percent": 0.00183,
      "usage": 10,
      "rank": 925
    },
    "2024-01": {
      "name": "Nacli",
      "percent": 0.00122,
      "usage": 15,
      "rank": 1002
    },
    "2024-02": {
      "name": "Nacli",
      "percent": 0.00054,
      "usage": 7,
      "rank": 1058
    },
    "2024-04": {
      "name": "Nacli",
      "percent": 0.00074,
      "usage": 9,
      "rank": 1030
    },
    "2024-05": {
      "name": "Nacli",
      "percent": 0.0005,
      "usage": 3,
      "rank": 1051
    },
    "2024-06": {
      "name": "Nacli",
      "percent": 0.00046,
      "usage": 6,
      "rank": 1068
    }
  },
  "1500": {
    "2022-11": {
      "name": "Nacli",
      "percent": 0.00471,
      "usage": 33,
      "rank": 784
    },
    "2022-12": {
      "name": "Nacli",
      "percent": 0.00195,
      "usage": 29,
      "rank": 937
    },
    "2023-01": {
      "name": "Nacli",
      "percent": 0.00354,
      "usage": 55,
      "rank": 856
    },
    "2023-02": {
      "name": "Nacli",
      "percent": 0.0006,
      "usage": 14,
      "rank": 1064
    },
    "2023-03": {
      "name": "Nacli",
      "percent": 0.00116,
      "usage": 20,
      "rank": 979
    },
    "2023-04": {
      "name": "Nacli",
      "percent": 0.00044,
      "usage": 46,
      "rank": 963
    },
    "2023-05": {
      "name": "Nacli",
      "percent": 0.00099,
      "usage": 28,
      "rank": 857
    },
    "2023-06": {
      "name": "Nacli",
      "percent": 0.00019,
      "usage": 27,
      "rank": 1015
    },
    "2023-08": {
      "name": "Nacli",
      "percent": 0.00068,
      "usage": 36,
      "rank": 895
    },
    "2023-09": {
      "name": "Nacli",
      "percent": 0.00027,
      "usage": 22,
      "rank": 997
    },
    "2023-09-DLC1": {
      "name": "Nacli",
      "percent": 0.00017,
      "usage": 7,
      "rank": 990
    },
    "2023-10": {
      "name": "Nacli",
      "percent": 0.00037,
      "usage": 18,
      "rank": 986
    },
    "2023-11": {
      "name": "Nacli",
      "percent": 0.00059,
      "usage": 34,
      "rank": 894
    },
    "2023-12": {
      "name": "Nacli",
      "percent": 0.00045,
      "usage": 17,
      "rank": 924
    },
    "2023-12-DLC2": {
      "name": "Nacli",
      "percent": 0.00096,
      "usage": 10,
      "rank": 825
    },
    "2024-01": {
      "name": "Nacli",
      "percent": 2e-05,
      "usage": 15,
      "rank": 1088
    },
    "2024-02": {
      "name": "Nacli",
      "percent": 0.00018,
      "usage": 7,
      "rank": 1015
    },
    "2024-04": {
      "name": "Nacli",
      "percent": 0.00022,
      "usage": 9,
      "rank": 997
    },
    "2024-05": {
      "name": "Nacli",
      "percent": 3e-05,
      "usage": 3,
      "rank": 1050
    },
    "2024-06": {
      "name": "Nacli",
      "percent": 0.00022,
      "usage": 6,
      "rank": 959
    }
  },
  "1630": {
    "2022-11": {
      "name": "Nacli",
      "percent": 0.0,
      "usage": 33,
      "rank": 659
    },
    "2022-12": {
      "name": "Nacli",
      "percent": 0.0,
      "usage": 29,
      "rank": 1030
    },
    "2023-01": {
      "name": "Nacli",
      "percent": 0.0,
      "usage": 55,
      "rank": 1037
    },
    "2023-02": {
      "name": "Nacli",
      "percent": 0.0,
      "usage": 14,
      "rank": 1008
    },
    "2023-03": {
      "name": "Nacli",
      "percent": 0.00038,
      "usage": 20,
      "rank": 751
    },
    "2023-04": {
      "name": "Nacli",
      "percent": 1e-05,
      "usage": 46,
      "rank": 978
    },
    "2023-05": {
      "name": "Nacli",
      "percent": 0.00036,
      "usage": 28,
      "rank": 775
    },
    "2023-06": {
      "name": "Nacli",
      "percent": 0.0,
      "usage": 27,
      "rank": 1013
    },
    "2023-08": {
      "name": "Nacli",
      "percent": 0.00066,
      "usage": 36,
      "rank": 731
    },
    "2023-09": {
      "name": "Nacli",
      "percent": 1e-05,
      "usage": 22,
      "rank": 977
    },
    "2023-09-DLC1": {
      "name": "Nacli",
      "percent": 0.0,
      "usage": 7,
      "rank": 1057
    },
    "2023-10": {
      "name": "Nacli",
      "percent": 0.00013,
      "usage": 18,
      "rank": 842
    },
    "2023-11": {
      "name": "Nacli",
      "percent": 0.00015,
      "usage": 34,
      "rank": 808
    },
    "2023-12": {
      "name": "Nacli",
      "percent": 3e-05,
      "usage": 17,
      "rank": 880
    },
    "2023-12-DLC2": {
      "name": "Nacli",
      "percent": 7e-05,
      "usage": 10,
      "rank": 800
    },
    "2024-01": {
      "name": "Nacli",
      "percent": 0.0,
      "usage": 15,
      "rank": 1017
    },
    "2024-02": {
      "name": "Nacli",
      "percent": 0.0,
      "usage": 7,
      "rank": 1047
    },
    "2024-04": {
      "name": "Nacli",
      "percent": 3e-05,
      "usage": 9,
      "rank": 891
    },
    "2024-05": {
      "name": "Nacli",
      "percent": 0.0,
      "usage": 3,
      "rank": 1045
    },
    "2024-06": {
      "name": "Nacli",
      "percent": 1e-05,
      "usage": 6,
      "rank": 934
    }
  },
  "1760": {
    "2022-11": {
      "name": "Nacli",
      "percent": 0.0,
      "usage": 33,
      "rank": 658
    },
    "2022-12": {
      "name": "Nacli",
      "percent": 0.0,
      "usage": 29,
      "rank": 1024
    },
    "2023-01": {
      "name": "Nacli",
      "percent": 0.0,
      "usage": 55,
      "rank": 1035
    },
    "2023-02": {
      "name": "Nacli",
      "percent": 0.0,
      "usage": 14,
      "rank": 986
    },
    "2023-03": {
      "name": "Nacli",
      "percent": 0.0,
      "usage": 20,
      "rank": 882
    },
    "2023-04": {
      "name": "Nacli",
      "percent": 0.0,
      "usage": 46,
      "rank": 991
    },
    "2023-05": {
      "name": "Nacli",
      "percent": 0.00041,
      "usage": 28,
      "rank": 688
    },
    "2023-06": {
      "name": "Nacli",
      "percent": 0.0,
      "usage": 27,
      "rank": 976
    },
    "2023-08": {
      "name": "Nacli",
      "percent": 0.00016,
      "usage": 36,
      "rank": 729
    },
    "2023-09": {
      "name": "Nacli",
      "percent": 0.0,
      "usage": 22,
      "rank": 928
    },
    "2023-09-DLC1": {
      "name": "Nacli",
      "percent": 0.0,
      "usage": 7,
      "rank": 1049
    },
    "2023-10": {
      "name": "Nacli",
      "percent": 4e-05,
      "usage": 18,