{
  "elos": [
    "0",
    "1500",
    "1630",
    "1760"
  ],
  "firstMonth": "2022-11",
  "0": {
    "2022-11": {
      "name": "Nidoking",
      "percent": 0.94123,
      "usage": 5563,
      "rank": 167
    },
    "2022-12": {
      "name": "Nidoking",
      "percent": 1.08465,
      "usage": 13329,
      "rank": 141
    },
    "2023-01": {
      "name": "Nidoking",
      "percent": 1.13061,
      "usage": 15352,
      "rank": 139
    },
    "2023-02": {
      "name": "Nidoking",
      "percent": 1.33042,
      "usage": 20762,
      "rank": 111
    },
    "2023-03": {
      "name": "Nidoking",
      "percent": 1.21456,
      "usage": 21421,
      "rank": 115
    },
    "2023-04": {
      "name": "Nidoking",
      "percent": 1.37572,
      "usage": 24214,
      "rank": 105
    },
    "2023-05": {
      "name": "Nidoking",
      "percent": 1.76089,
      "usage": 32865,
      "rank": 78
    },
    "2023-06": {
      "name": "Nidoking",
      "percent": 1.43372,
      "usage": 24106,
      "rank": 99
    },
    "2023-07": {
      "name": "Nidoking",
      "percent": 1.85358,
      "usage": 30000,
      "rank": 78
    },
    "2023-08": {
      "name": "Nidoking",
      "percent": 1.46104,
      "usage": 26881,
      "rank": 98
    },
    "2023-09": {
      "name": "Nidoking",
      "percent": 1.28496,
      "usage": 22033,
      "rank": 115
    },
    "2023-09-DLC1": {
      "name": "Nidoking",
      "percent": 1.20587,
      "usage": 10290,
      "rank": 121
    },
    "2023-10": {
      "name": "Nidoking",
      "percent": 1.36529,
      "usage": 21526,
      "rank": 116
    },
    "2023-11": {
      "name": "Nidoking",
      "percent": 1.31838,
      "usage": 17829,
      "rank": 117
    },
    "2023-12": {
      "name": "Nidoking",
      "percent": 1.41865,
      "usage": 18141,
      "rank": 104
    },
    "2023-12-DLC2": {
      "name": "Nidoking",
      "percent": 1.35256,
      "usage": 7410,
      "rank": 106
    },
    "2024-01": {
      "name": "Nidoking",
      "percent": 1.24767,
      "usage": 15400,
      "rank": 119
    },
    "2024-02": {
      "name": "Nidoking",
      "percent": 1.305,
      "usage": 16898,
      "rank": 107
    },
    "2024-03": {
      "name": "Nidoking",
      "percent": 1.54241,
      "usage": 20758,
      "rank": 98
    },
    "2024-04": {
      "name": "Nidoking",
      "percent": 1.46753,
      "usage": 17846,
      "rank": 102
    },
    "2024-05": {
      "name": "Nidoking",
      "percent": 1.33816,
      "usage": 8004,
      "rank": 103
    },
    "2024-06": {
      "name": "Nidoking",
      "percent": 1.14936,
      "usage": 14997,
      "rank": 111
    }
  },
  "1500": {
    "2022-11": {
      "name": "Nidoking",
      "percent": 0.93254,
      "usage": 5563,
      "rank": 164
    },
    "2022-12": {
      "name": "Nidoking",
      "percent": 1.07108,
      "usage": 13329,
      "rank": 139
    },
    "2023-01": {
      "name": "Nidoking",
      "percent": 1.10248,
      "usage": 15352,
      "rank": 140
    },
    "2023-02": {
      "name": "Nidoking",
      "percent": 1.24363,
      "usage": 20762,
      "rank": 119
    },
    "2023-03": {
      "name": "Nidoking",
      "percent": 1.14683,
      "usage": 21421,
      "rank": 114
    },
    "2023-04": {
      "name": "Nidoking",
      "percent": 1.29226,
      "usage": 24214,
      "rank": 101
    },
    "2023-05": {
      "name": "Nidoking",
      "percent": 1.74032,
      "usage": 32865,
      "rank": 75
    },
    "2023-06": {
      "name": "Nidoking",
      "percent": 1.33481,
      "usage": 24106,
      "rank": 95
    },
    "2023-07": {
      "name": "Nidoking",
      "percent": 1.88114,
      "usage": 30000,
      "rank": 74
    },
    "2023-08": {
      "name": "Nidoking",
      "percent": 1.36655,
      "usage": 26881,
      "rank": 96
    },
    "2023-09": {
      "name": "Nidoking",
      "percent": 1.1093,
      "usage": 22033,
      "rank": 117
    },
    "2023-09-DLC1": {
      "name": "Nidoking",
      "percent": 0.97163,
      "usage": 10290,
      "rank": 126
    },
    "2023-10": {
      "name": "Nidoking",
      "percent": 1.16872,
      "usage": 21526,
      "rank": 112
    },
    "2023-11": {
      "name": "Nidoking",
      "percent": 1.32555,
      "usage": 17829,
      "rank": 106
    },
    "2023-12": {
      "name": "Nidoking",
      "percent": 1.26139,
      "usage": 18141,
      "rank": 105
    },
    "2023-12-DLC2": {
      "name": "Nidoking",
      "percent": 1.22513,
      "usage": 7410,
      "rank": 105
    },
    "2024-01": {
      "name": "Nidoking",
      "percent": 1.1839,
      "usage": 15400,
      "rank": 111
    },
    "2024-02": {
      "name": "Nidoking",
      "percent": 1.13906,
      "usage": 16898,
      "rank": 111
    },
    "2024-03": {
      "name": "Nidoking",
      "percent": 1.24694,
      "usage": 20758,
      "rank": 104
    },
    "2024-04": {
      "name": "Nidoking",
      "percent": 1.20284,
      "usage": 17846,
      "rank": 103
    },
    "2024-05": {
      "name": "Nidoking",
      "percent": 0.96992,
      "usage": 8004,
      "rank": 119
    },
    "2024-06": {
      "name": "Nidoking",
      "percent": 0.95921,
      "usage": 14997,
      "rank": 116
    }
  },
  "1630": {
    "2022-11": {
      "name": "Nidoking",
      "percent": 0.07832,
      "usage": 5563,
      "rank": 338
    },
    "2022-12": {
      "name": "Nidoking",
      "percent": 0.43856,
      "usage": 13329,
      "rank": 178
    },
    "2023-01": {
      "name": "Nidoking",
      "percent": 0.63274,
      "usage": 15352,
      "rank": 138
    },
    "2023-02": {
      "name": "Nidoking",
      "percent": 0.66225,
      "usage": 20762,
      "rank": 137
    },
    "2023-03": {
      "name": "Nidoking",
      "percent": 0.76076,
      "usage": 21421,
      "rank": 115
    },
    "2023-04": {
      "name": "Nidoking",
      "percent": 0.92726,
      "usage": 24214,
      "rank": 109
    },
    "2023-05": {
      "name": "Nidoking",
      "percent": 1.54787,
      "usage": 32865,
      "rank": 79
    },
    "2023-06": {
      "name": "Nidoking",
      "percent": 1.05897,
      "usage": 24106,
      "rank": 101
    },
    "2023-07": {
      "name": "Nidoking",
      "percent": 1.58353,
      "usage": 30000,
      "rank": 78
    },
    "2023-08": {
      "name": "Nidoking",
      "percent": 1.2012,
      "usage": 26881,
      "rank": 94
    },
    "2023-09": {
      "name": "Nidoking",
      "percent": 0.75729,
      "usage": 22033,
      "rank": 127
    },
    "2023-09-DLC1": {
      "name": "Nidoking",
      "percent": 0.39109,
      "usage": 10290,
      "rank": 170
    },
    "2023-10": {
      "name": "Nidoking",
      "percent": 0.97432,
      "usage": 21526,
      "rank": 111
    },
    "2023-11": {
      "name": "Nidoking",
      "percent": 1.4373,
      "usage": 17829,
      "rank": 95
    },
    "2023-12": {
      "name": "Nidoking",
      "percent": 0.94674,
      "usage": 18141,
      "rank": 113
    },
    "2023-12-DLC2": {
      "name": "Nidoking",
      "percent": 0.76979,
      "usage": 7410,
      "rank": 120
    },
    "2024-01": {
      "name": "Nidoking",
      "percent": 0.83892,
      "usage": 15400,
      "rank": 114
    },
    "2024-02": {
      "name": "Nidoking",
      "percent": 0.87144,
      "usage": 16898,
      "rank": 116
    },
    "2024-03": {
      "name": "Nidoking",
      "percent": 0.93829,
      "usage": 20758,
      "rank": 112
    },
    "2024-04": {
      "name": "Nidoking",
      "percent": 0.88281,
      "usage": 17846,
      "rank": 114
    },
    "2024-05": {
      "name": "Nidoking",
      "percent": 0.57746,
      "usage": 8004,
      "rank": 139
    },
    "2024-06": {
      "name": "Nidoking",
      "percent": 0.89446,
      "usage": 14997,
      "rank": 110
    }
  },
  "1760": {
    "2022-11": {
      "name": "Nidoking",
      "percent": 0.00337,
      "usage": 5563,
      "rank": 438
    },
    "2022-12": {
      "name": "Nidoking",
      "percent": 0.10925,