{
  "elos": [
    "0",
    "1500",
    "1630",
    "1760"
  ],
  "firstMonth": "2022-11",
  "0": {
    "2022-11": {
      "name": "Pawmot",
      "percent": 1.46911,
      "usage": 8683,
      "rank": 116
    },
    "2022-12": {
      "name": "Pawmot",
      "percent": 2.21487,
      "usage": 27218,
      "rank": 67
    },
    "2023-01": {
      "name": "Pawmot",
      "percent": 1.75976,
      "usage": 23895,
      "rank": 88
    },
    "2023-02": {
      "name": "Pawmot",
      "percent": 1.33978,
      "usage": 20908,
      "rank": 107
    },
    "2023-03": {
      "name": "Pawmot",
      "percent": 0.96707,
      "usage": 17056,
      "rank": 146
    },
    "2023-04": {
      "name": "Pawmot",
      "percent": 0.87154,
      "usage": 15340,
      "rank": 151
    },
    "2023-05": {
      "name": "Pawmot",
      "percent": 0.7177,
      "usage": 13395,
      "rank": 170
    },
    "2023-06": {
      "name": "Pawmot",
      "percent": 0.65714,
      "usage": 11049,
      "rank": 188
    },
    "2023-07": {
      "name": "Pawmot",
      "percent": 0.64653,
      "usage": 10464,
      "rank": 192
    },
    "2023-08": {
      "name": "Pawmot",
      "percent": 0.9972,
      "usage": 18347,
      "rank": 138
    },
    "2023-09": {
      "name": "Pawmot",
      "percent": 0.90705,
      "usage": 15553,
      "rank": 151
    },
    "2023-09-DLC1": {
      "name": "Pawmot",
      "percent": 0.91056,
      "usage": 7770,
      "rank": 147
    },
    "2023-10": {
      "name": "Pawmot",
      "percent": 0.93793,
      "usage": 14788,
      "rank": 148
    },
    "2023-11": {
      "name": "Pawmot",
      "percent": 0.94858,
      "usage": 12828,
      "rank": 146
    },
    "2023-12": {
      "name": "Pawmot",
      "percent": 0.75949,
      "usage": 9712,
      "rank": 174
    },
    "2023-12-DLC2": {
      "name": "Pawmot",
      "percent": 0.81208,
      "usage": 4449,
      "rank": 163
    },
    "2024-01": {
      "name": "Pawmot",
      "percent": 0.78887,
      "usage": 9737,
      "rank": 167
    },
    "2024-02": {
      "name": "Pawmot",
      "percent": 0.63034,
      "usage": 8162,
      "rank": 193
    },
    "2024-03": {
      "name": "Pawmot",
      "percent": 0.63634,
      "usage": 8564,
      "rank": 197
    },
    "2024-04": {
      "name": "Pawmot",
      "percent": 0.67357,
      "usage": 8191,
      "rank": 191
    },
    "2024-05": {
      "name": "Pawmot",
      "percent": 0.62778,
      "usage": 3755,
      "rank": 191
    },
    "2024-06": {
      "name": "Pawmot",
      "percent": 0.54935,
      "usage": 7168,
      "rank": 201
    }
  },
  "1500": {
    "2022-11": {
      "name": "Pawmot",
      "percent": 1.44318,
      "usage": 8683,
      "rank": 119
    },
    "2022-12": {
      "name": "Pawmot",
      "percent": 2.21421,
      "usage": 27218,
      "rank": 69
    },
    "2023-01": {
      "name": "Pawmot",
      "percent": 1.75563,
      "usage": 23895,
      "rank": 86
    },
    "2023-02": {
      "name": "Pawmot",
      "percent": 1.3331,
      "usage": 20908,
      "rank": 108
    },
    "2023-03": {
      "name": "Pawmot",
      "percent": 0.88043,
      "usage": 17056,
      "rank": 144
    },
    "2023-04": {
      "name": "Pawmot",
      "percent": 0.67452,
      "usage": 15340,
      "rank": 153
    },
    "2023-05": {
      "name": "Pawmot",
      "percent": 0.52818,
      "usage": 13395,
      "rank": 177
    },
    "2023-06": {
      "name": "Pawmot",
      "percent": 0.4513,
      "usage": 11049,
      "rank": 197
    },
    "2023-07": {
      "name": "Pawmot",
      "percent": 0.46995,
      "usage": 10464,
      "rank": 190
    },
    "2023-08": {
      "name": "Pawmot",
      "percent": 0.84717,
      "usage": 18347,
      "rank": 133
    },
    "2023-09": {
      "name": "Pawmot",
      "percent": 0.68632,
      "usage": 15553,
      "rank": 160
    },
    "2023-09-DLC1": {
      "name": "Pawmot",
      "percent": 0.73667,
      "usage": 7770,
      "rank": 148
    },
    "2023-10": {
      "name": "Pawmot",
      "percent": 0.81639,
      "usage": 14788,
      "rank": 137
    },
    "2023-11": {
      "name": "Pawmot",
      "percent": 0.86327,
      "usage": 12828,
      "rank": 134
    },
    "2023-12": {
      "name": "Pawmot",
      "percent": 0.6387,
      "usage": 9712,
      "rank": 166
    },
    "2023-12-DLC2": {
      "name": "Pawmot",
      "percent": 0.7203,
      "usage": 4449,
      "rank": 145
    },
    "2024-01": {
      "name": "Pawmot",
      "percent": 0.63265,
      "usage": 9737,
      "rank": 159
    },
    "2024-02": {
      "name": "Pawmot",
      "percent": 0.48477,
      "usage": 8162,
      "rank": 176
    },
    "2024-03": {
      "name": "Pawmot",
      "percent": 0.47609,
      "usage": 8564,
      "rank": 186
    },
    "2024-04": {
      "name": "Pawmot",
      "percent": 0.55218,
      "usage": 8191,
      "rank": 170
    },
    "2024-05": {
      "name": "Pawmot",
      "percent": 0.49776,
      "usage": 3755,
      "rank": 175
    },
    "2024-06": {
      "name": "Pawmot",
      "percent": 0.42152,
      "usage": 7168,
      "rank": 184
    }
  },
  "1630": {
    "2022-11": {
      "name": "Pawmot",
      "percent": 0.95218,
      "usage": 8683,
      "rank": 124
    },
    "2022-12": {
      "name": "Pawmot",
      "percent": 1.79612,
      "usage": 27218,
      "rank": 82
    },
    "2023-01": {
      "name": "Pawmot",
      "percent": 1.95781,
      "usage": 23895,
      "rank": 76
    },
    "2023-02": {
      "name": "Pawmot",
      "percent": 1.26873,
      "usage": 20908,
      "rank": 96
    },
    "2023-03": {
      "name": "Pawmot",
      "percent": 0.56538,
      "usage": 17056,
      "rank": 135
    },
    "2023-04": {
      "name": "Pawmot",
      "percent": 0.64327,
      "usage": 15340,
      "rank": 130
    },
    "2023-05": {
      "name": "Pawmot",
      "percent": 0.46331,
      "usage": 13395,
      "rank": 155
    },
    "2023-06": {
      "name": "Pawmot",
      "percent": 0.38006,
      "usage": 11049,
      "rank": 168
    },
    "2023-07": {
      "name": "Pawmot",
      "percent": 0.37662,
      "usage": 10464,
      "rank": 177
    },
    "2023-08": {
      "name": "Pawmot",
      "percent": 0.64939,
      "usage": 18347,
      "rank": 131
    },
    "2023-09": {
      "name": "Pawmot",
      "percent": 0.5327,
      "usage": 15553,
      "rank": 157
    },
    "2023-09-DLC1": {
      "name": "Pawmot",
      "percent": 0.66735,
      "usage": 7770,
      "rank": 130
    },
    "2023-10": {
      "name": "Pawmot",
      "percent": 1.0037,
      "usage": 14788,
      "rank": 107
    },
    "2023-11": {
      "name": "Pawmot",
      "percent": 0.73401,
      "usage": 12828,
      "rank": 134
    },
    "2023-12": {
      "name": "Pawmot",
      "percent": 0.62877,
      "usage": 9712,
      "rank": 143
    },
    "2023-12-DLC2": {
      "name": "Pawmot",
      "percent": 0.83935,
      "usage": 4449,
      "rank": 111
    },
    "2024-01": {
      "name": "Pawmot",
      "percent": 0.55432,
      "usage": 9737,
      "rank": 145
    },
    "2024-02": {
      "name": "Pawmot",
      "percent": 0.40863,
      "usage": 8162,
      "rank": 168
    },
    "2024-03": {
      "name": "Pawmot",
      "percent": 0.26751,
      "usage": 8564,
      "rank": 202
    },
    "2024-04": {
      "name": "Pawmot",
      "percent": 0.52532,
      "usage": 8191,
      "rank": 147
    },
    "2024-05": {
      "name": "Pawmot",
      "percent": 0.27161,
      "usage": 3755,
      "rank": 191
    },
    "2024-06": {
      "name": "Pawmot",
      "percent": 0.26519,
      "usage": 7168,
      "rank": 192
    }
  },
  "1760": {
    "2022-11": {
      "name": "Pawmot",
      "percent": 0.35536,
      "usage": 8683,
      "rank": 185
    },
    "2022-12": {
      "name": "Pawmot",
      "percent": 4.19995,
      "usage": 27218,
      "rank": 45
    },
    "2023-01": {
      "name": "Pawmot",
      "percent": 0.86593,
      "usage": 23895,
      "rank": 109
    },