{
  "elos": [
    "0",
    "1500",
    "1630",
    "1760"
  ],
  "firstMonth": "2022-11",
  "0": {
    "2022-11": {
      "name": "Poipole",
      "percent": 0.00863,
      "usage": 51,
      "rank": 736
    },
    "2022-12": {
      "name": "Poipole",
      "percent": 0.00903,
      "usage": 111,
      "rank": 728
    },
    "2023-01": {
      "name": "Poipole",
      "percent": 0.00862,
      "usage": 117,
      "rank": 740
    },
    "2023-02": {
      "name": "Poipole",
      "percent": 0.01416,
      "usage": 221,
      "rank": 693
    },
    "2023-03": {
      "name": "Poipole",
      "percent": 0.01593,
      "usage": 281,
      "rank": 679
    },
    "2023-04": {
      "name": "Poipole",
      "percent": 0.01097,
      "usage": 193,
      "rank": 707
    },
    "2023-05": {
      "name": "Poipole",
      "percent": 0.015,
      "usage": 280,
      "rank": 689
    },
    "2023-06": {
      "name": "Poipole",
      "percent": 0.00642,
      "usage": 108,
      "rank": 775
    },
    "2023-07": {
      "name": "Poipole",
      "percent": 0.01211,
      "usage": 196,
      "rank": 710
    },
    "2023-08": {
      "name": "Poipole",
      "percent": 0.01397,
      "usage": 257,
      "rank": 689
    },
    "2023-09": {
      "name": "Poipole",
      "percent": 0.00875,
      "usage": 150,
      "rank": 739
    },
    "2023-09-DLC1": {
      "name": "Poipole",
      "percent": 0.00586,
      "usage": 50,
      "rank": 783
    },
    "2023-10": {
      "name": "Poipole",
      "percent": 0.01281,
      "usage": 202,
      "rank": 714
    },
    "2023-11": {
      "name": "Poipole",
      "percent": 0.0088,
      "usage": 119,
      "rank": 745
    },
    "2023-12": {
      "name": "Poipole",
      "percent": 0.0086,
      "usage": 110,
      "rank": 753
    },
    "2023-12-DLC2": {
      "name": "Poipole",
      "percent": 0.0084,
      "usage": 46,
      "rank": 761
    },
    "2024-01": {
      "name": "Poipole",
      "percent": 0.01231,
      "usage": 152,
      "rank": 722
    },
    "2024-02": {
      "name": "Poipole",
      "percent": 0.00795,
      "usage": 103,
      "rank": 743
    },
    "2024-03": {
      "name": "Poipole",
      "percent": 0.01494,
      "usage": 201,
      "rank": 697
    },
    "2024-04": {
      "name": "Poipole",
      "percent": 0.0065,
      "usage": 79,
      "rank": 782
    },
    "2024-05": {
      "name": "Poipole",
      "percent": 0.00418,
      "usage": 25,
      "rank": 833
    },
    "2024-06": {
      "name": "Poipole",
      "percent": 0.0128,
      "usage": 167,
      "rank": 689
    }
  },
  "1500": {
    "2022-11": {
      "name": "Poipole",
      "percent": 0.00813,
      "usage": 51,
      "rank": 734
    },
    "2022-12": {
      "name": "Poipole",
      "percent": 0.00843,
      "usage": 111,
      "rank": 711
    },
    "2023-01": {
      "name": "Poipole",
      "percent": 0.00812,
      "usage": 117,
      "rank": 730
    },
    "2023-02": {
      "name": "Poipole",
      "percent": 0.01269,
      "usage": 221,
      "rank": 684
    },
    "2023-03": {
      "name": "Poipole",
      "percent": 0.01378,
      "usage": 281,
      "rank": 657
    },
    "2023-04": {
      "name": "Poipole",
      "percent": 0.00345,
      "usage": 193,
      "rank": 710
    },
    "2023-05": {
      "name": "Poipole",
      "percent": 0.00549,
      "usage": 280,
      "rank": 686
    },
    "2023-06": {
      "name": "Poipole",
      "percent": 0.00301,
      "usage": 108,
      "rank": 722
    },
    "2023-07": {
      "name": "Poipole",
      "percent": 0.00371,
      "usage": 196,
      "rank": 721
    },
    "2023-08": {
      "name": "Poipole",
      "percent": 0.00162,
      "usage": 257,
      "rank": 786
    },
    "2023-09": {
      "name": "Poipole",
      "percent": 0.00228,
      "usage": 150,
      "rank": 740
    },
    "2023-09-DLC1": {
      "name": "Poipole",
      "percent": 0.00054,
      "usage": 50,
      "rank": 876
    },
    "2023-10": {
      "name": "Poipole",
      "percent": 0.00674,
      "usage": 202,
      "rank": 682
    },
    "2023-11": {
      "name": "Poipole",
      "percent": 0.0027,
      "usage": 119,
      "rank": 745
    },
    "2023-12": {
      "name": "Poipole",
      "percent": 0.0024,
      "usage": 110,
      "rank": 753
    },
    "2023-12-DLC2": {
      "name": "Poipole",
      "percent": 0.00191,
      "usage": 46,
      "rank": 765
    },
    "2024-01": {
      "name": "Poipole",
      "percent": 0.00182,
      "usage": 152,
      "rank": 785
    },
    "2024-02": {
      "name": "Poipole",
      "percent": 0.00176,
      "usage": 103,
      "rank": 785
    },
    "2024-03": {
      "name": "Poipole",
      "percent": 0.0055,
      "usage": 201,
      "rank": 686
    },
    "2024-04": {
      "name": "Poipole",
      "percent": 0.00324,
      "usage": 79,
      "rank": 731
    },
    "2024-05": {
      "name": "Poipole",
      "percent": 0.00164,
      "usage": 25,
      "rank": 773
    },
    "2024-06": {
      "name": "Poipole",
      "percent": 0.00351,
      "usage": 167,
      "rank": 699
    }
  },
  "1630": {
    "2022-11": {
      "name": "Poipole",
      "percent": 0.0,
      "usage": 51,
      "rank": 708
    },
    "2022-12": {
      "name": "Poipole",
      "percent": 0.0,
      "usage": 111,
      "rank": 840
    },
    "2023-01": {
      "name": "Poipole",
      "percent": 0.00069,
      "usage": 117,
      "rank": 640
    },
    "2023-02": {
      "name": "Poipole",
      "percent": 0.00077,
      "usage": 221,
      "rank": 693
    },
    "2023-03": {
      "name": "Poipole",
      "percent": 0.00381,
      "usage": 281,
      "rank": 608
    },
    "2023-04": {
      "name": "Poipole",
      "percent": 0.0004,
      "usage": 193,
      "rank": 760
    },
    "2023-05": {
      "name": "Poipole",
      "percent": 0.00098,
      "usage": 280,
      "rank": 704
    },
    "2023-06": {
      "name": "Poipole",
      "percent": 8e-05,
      "usage": 108,
      "rank": 847
    },
    "2023-07": {
      "name": "Poipole",
      "percent": 0.00023,
      "usage": 196,
      "rank": 802
    },
    "2023-08": {
      "name": "Poipole",
      "percent": 0.00023,
      "usage": 257,
      "rank": 792
    },
    "2023-09": {
      "name": "Poipole",
      "percent": 1e-05,
      "usage": 150,
      "rank": 969
    },
    "2023-09-DLC1": {
      "name": "Poipole",
      "percent": 1e-05,
      "usage": 50,
      "rank": 905
    },
    "2023-10": {
      "name": "Poipole",
      "percent": 0.00019,
      "usage": 202,
      "rank": 804
    },
    "2023-11": {
      "name": "Poipole",
      "percent": 0.00055,
      "usage": 119,
      "rank": 731
    },
    "2023-12": {
      "name": "Poipole",
      "percent": 0.00031,
      "usage": 110,
      "rank": 761
    },
    "2023-12-DLC2": {
      "name": "Poipole",
      "percent": 0.0,
      "usage": 46,
      "rank": 913
    },
    "2024-01": {
      "name": "Poipole",
      "percent": 1e-05,
      "usage": 152,
      "rank": 913
    },
    "2024-02": {
      "name": "Poipole",
      "percent": 0.00022,
      "usage": 103,
      "rank": 780
    },
    "2024-03": {
      "name": "Poipole",
      "percent": 0.00096,
      "usage": 201,
      "rank": 717
    },
    "2024-04": {
      "name": "Poipole",
      "percent": 0.0006,
      "usage": 79,
      "rank": 736
    },
    "2024-05": {
      "name": "Poipole",
      "percent": 0.00019,
      "usage": 25,
      "rank": 762
    },
    "2024-06": {
      "name": "Poipole",
      "percent": 0.00144,
      "usage": 167,
      "rank": 641
    }
  },
  "1760": {
    "2022-11": {
      "name": "Poipole",
      "percent": 0.0,
      "usage": 51,
      "rank": 707
    },
    "2022-12": {
      "name": "Poipole",
      "percent": 0.0,
      "usage": 111,
      "rank": 816
    },
    "2023-01": {
      "name": "Poipole",
      "percent": 0.0,
      "usage": 117,
      "rank": 751
    },
    "2023-02": {
      "name": "Poipole",
      "percent": 0.0,
      "usage": 221,