{
  "elos": [
    "0",
    "1500",
    "1630",
    "1760"
  ],
  "firstMonth": "2022-11",
  "0": {
    "2022-11": {
      "name": "Rapidash",
      "percent": 0.0604,
      "usage": 357,
      "rank": 564
    },
    "2022-12": {
      "name": "Rapidash",
      "percent": 0.09692,
      "usage": 1191,
      "rank": 517
    },
    "2023-01": {
      "name": "Rapidash",
      "percent": 0.10222,
      "usage": 1388,
      "rank": 503
    },
    "2023-02": {
      "name": "Rapidash",
      "percent": 0.08933,
      "usage": 1394,
      "rank": 535
    },
    "2023-03": {
      "name": "Rapidash",
      "percent": 0.08596,
      "usage": 1516,
      "rank": 520
    },
    "2023-04": {
      "name": "Rapidash",
      "percent": 0.09102,
      "usage": 1602,
      "rank": 506
    },
    "2023-05": {
      "name": "Rapidash",
      "percent": 0.08835,
      "usage": 1649,
      "rank": 517
    },
    "2023-06": {
      "name": "Rapidash",
      "percent": 0.09005,
      "usage": 1514,
      "rank": 517
    },
    "2023-07": {
      "name": "Rapidash",
      "percent": 0.09639,
      "usage": 1560,
      "rank": 511
    },
    "2023-08": {
      "name": "Rapidash",
      "percent": 0.1399,
      "usage": 2574,
      "rank": 445
    },
    "2023-09": {
      "name": "Rapidash",
      "percent": 0.09465,
      "usage": 1623,
      "rank": 509
    },
    "2023-09-DLC1": {
      "name": "Rapidash",
      "percent": 0.08977,
      "usage": 766,
      "rank": 519
    },
    "2023-10": {
      "name": "Rapidash",
      "percent": 0.11968,
      "usage": 1887,
      "rank": 492
    },
    "2023-11": {
      "name": "Rapidash",
      "percent": 0.09746,
      "usage": 1318,
      "rank": 519
    },
    "2023-12": {
      "name": "Rapidash",
      "percent": 0.09634,
      "usage": 1232,
      "rank": 519
    },
    "2023-12-DLC2": {
      "name": "Rapidash",
      "percent": 0.08159,
      "usage": 447,
      "rank": 539
    },
    "2024-01": {
      "name": "Rapidash",
      "percent": 0.10516,
      "usage": 1298,
      "rank": 496
    },
    "2024-02": {
      "name": "Rapidash",
      "percent": 0.08982,
      "usage": 1163,
      "rank": 515
    },
    "2024-03": {
      "name": "Rapidash",
      "percent": 0.12543,
      "usage": 1688,
      "rank": 474
    },
    "2024-04": {
      "name": "Rapidash",
      "percent": 0.09514,
      "usage": 1157,
      "rank": 520
    },
    "2024-05": {
      "name": "Rapidash",
      "percent": 0.0764,
      "usage": 457,
      "rank": 546
    },
    "2024-06": {
      "name": "Rapidash",
      "percent": 0.09634,
      "usage": 1257,
      "rank": 493
    }
  },
  "1500": {
    "2022-11": {
      "name": "Rapidash",
      "percent": 0.05533,
      "usage": 357,
      "rank": 565
    },
    "2022-12": {
      "name": "Rapidash",
      "percent": 0.09105,
      "usage": 1191,
      "rank": 516
    },
    "2023-01": {
      "name": "Rapidash",
      "percent": 0.09305,
      "usage": 1388,
      "rank": 507
    },
    "2023-02": {
      "name": "Rapidash",
      "percent": 0.07893,
      "usage": 1394,
      "rank": 533
    },
    "2023-03": {
      "name": "Rapidash",
      "percent": 0.06013,
      "usage": 1516,
      "rank": 522
    },
    "2023-04": {
      "name": "Rapidash",
      "percent": 0.02949,
      "usage": 1602,
      "rank": 550
    },
    "2023-05": {
      "name": "Rapidash",
      "percent": 0.03272,
      "usage": 1649,
      "rank": 542
    },
    "2023-06": {
      "name": "Rapidash",
      "percent": 0.02072,
      "usage": 1514,
      "rank": 571
    },
    "2023-07": {
      "name": "Rapidash",
      "percent": 0.02718,
      "usage": 1560,
      "rank": 553
    },
    "2023-08": {
      "name": "Rapidash",
      "percent": 0.03582,
      "usage": 2574,
      "rank": 519
    },
    "2023-09": {
      "name": "Rapidash",
      "percent": 0.02192,
      "usage": 1623,
      "rank": 567
    },
    "2023-09-DLC1": {
      "name": "Rapidash",
      "percent": 0.01514,
      "usage": 766,
      "rank": 596
    },
    "2023-10": {
      "name": "Rapidash",
      "percent": 0.02632,
      "usage": 1887,
      "rank": 558
    },
    "2023-11": {
      "name": "Rapidash",
      "percent": 0.02408,
      "usage": 1318,
      "rank": 570
    },
    "2023-12": {
      "name": "Rapidash",
      "percent": 0.02297,
      "usage": 1232,
      "rank": 586
    },
    "2023-12-DLC2": {
      "name": "Rapidash",
      "percent": 0.02454,
      "usage": 447,
      "rank": 555
    },
    "2024-01": {
      "name": "Rapidash",
      "percent": 0.02562,
      "usage": 1298,
      "rank": 554
    },
    "2024-02": {
      "name": "Rapidash",
      "percent": 0.02588,
      "usage": 1163,
      "rank": 545
    },
    "2024-03": {
      "name": "Rapidash",
      "percent": 0.02281,
      "usage": 1688,
      "rank": 573
    },
    "2024-04": {
      "name": "Rapidash",
      "percent": 0.04111,
      "usage": 1157,
      "rank": 504
    },
    "2024-05": {
      "name": "Rapidash",
      "percent": 0.02414,
      "usage": 457,
      "rank": 548
    },
    "2024-06": {
      "name": "Rapidash",
      "percent": 0.01522,
      "usage": 1257,
      "rank": 574
    }
  },
  "1630": {
    "2022-11": {
      "name": "Rapidash",
      "percent": 0.0,
      "usage": 357,
      "rank": 1038
    },
    "2022-12": {
      "name": "Rapidash",
      "percent": 0.09644,
      "usage": 1191,
      "rank": 303
    },
    "2023-01": {
      "name": "Rapidash",
      "percent": 0.00101,
      "usage": 1388,
      "rank": 614
    },
    "2023-02": {
      "name": "Rapidash",
      "percent": 0.02168,
      "usage": 1394,
      "rank": 466
    },
    "2023-03": {
      "name": "Rapidash",
      "percent": 0.00182,
      "usage": 1516,
      "rank": 653
    },
    "2023-04": {
      "name": "Rapidash",
      "percent": 0.00898,
      "usage": 1602,
      "rank": 525
    },
    "2023-05": {
      "name": "Rapidash",
      "percent": 0.00974,
      "usage": 1649,
      "rank": 538
    },
    "2023-06": {
      "name": "Rapidash",
      "percent": 0.00451,
      "usage": 1514,
      "rank": 579
    },
    "2023-07": {
      "name": "Rapidash",
      "percent": 0.00614,
      "usage": 1560,
      "rank": 565
    },
    "2023-08": {
      "name": "Rapidash",
      "percent": 0.00987,
      "usage": 2574,
      "rank": 520
    },
    "2023-09": {
      "name": "Rapidash",
      "percent": 0.00776,
      "usage": 1623,
      "rank": 535
    },
    "2023-09-DLC1": {
      "name": "Rapidash",
      "percent": 0.00155,
      "usage": 766,
      "rank": 637
    },
    "2023-10": {
      "name": "Rapidash",
      "percent": 0.00741,
      "usage": 1887,
      "rank": 564
    },
    "2023-11": {
      "name": "Rapidash",
      "percent": 0.00393,
      "usage": 1318,
      "rank": 605
    },
    "2023-12": {
      "name": "Rapidash",
      "percent": 0.00573,
      "usage": 1232,
      "rank": 579
    },
    "2023-12-DLC2": {
      "name": "Rapidash",
      "percent": 0.00807,
      "usage": 447,
      "rank": 511
    },
    "2024-01": {
      "name": "Rapidash",
      "percent": 0.00487,
      "usage": 1298,
      "rank": 588
    },
    "2024-02": {
      "name": "Rapidash",
      "percent": 0.00939,
      "usage": 1163,
      "rank": 521
    },
    "2024-03": {
      "name": "Rapidash",
      "percent": 0.00206,
      "usage": 1688,
      "rank": 654
    },
    "2024-04": {
      "name": "Rapidash",
      "percent": 0.01386,
      "usage": 1157,
      "rank": 476
    },
    "2024-05": {
      "name": "Rapidash",
      "percent": 0.00173,
      "usage": 457,
      "rank": 647
    },
    "2024-06": {
      "name": "Rapidash",
      "percent": 0.00414,
      "usage": 1257,
      "rank": 566
    }
  },
  "1760": {
    "2022-11": {
      "name": "Rapidash",
      "percent": 0.0,
      "usage": 357,
      "rank": 1038
    },
    "2022-12": {
      "name": "Rapidash",
      "percent": 0.00833,
      "usage": 1191,
      "rank": 377
    },