{
  "elos": [
    "0",
    "1500",
    "1630",
    "1760"
  ],
  "firstMonth": "2022-11",
  "0": {
    "2022-11": {
      "name": "Regirock",
      "percent": 0.12487,
      "usage": 738,
      "rank": 480
    },
    "2022-12": {
      "name": "Regirock",
      "percent": 0.20962,
      "usage": 2576,
      "rank": 414
    },
    "2023-01": {
      "name": "Regirock",
      "percent": 0.15768,
      "usage": 2141,
      "rank": 452
    },
    "2023-02": {
      "name": "Regirock",
      "percent": 0.15924,
      "usage": 2485,
      "rank": 448
    },
    "2023-03": {
      "name": "Regirock",
      "percent": 0.13591,
      "usage": 2397,
      "rank": 460
    },
    "2023-04": {
      "name": "Regirock",
      "percent": 0.15204,
      "usage": 2676,
      "rank": 434
    },
    "2023-05": {
      "name": "Regirock",
      "percent": 0.14563,
      "usage": 2718,
      "rank": 445
    },
    "2023-06": {
      "name": "Regirock",
      "percent": 0.11277,
      "usage": 1896,
      "rank": 477
    },
    "2023-07": {
      "name": "Regirock",
      "percent": 0.16268,
      "usage": 2633,
      "rank": 422
    },
    "2023-08": {
      "name": "Regirock",
      "percent": 0.11778,
      "usage": 2167,
      "rank": 469
    },
    "2023-09": {
      "name": "Regirock",
      "percent": 0.12457,
      "usage": 2136,
      "rank": 469
    },
    "2023-09-DLC1": {
      "name": "Regirock",
      "percent": 0.12,
      "usage": 1024,
      "rank": 472
    },
    "2023-10": {
      "name": "Regirock",
      "percent": 0.12133,
      "usage": 1913,
      "rank": 489
    },
    "2023-11": {
      "name": "Regirock",
      "percent": 0.12305,
      "usage": 1664,
      "rank": 488
    },
    "2023-12": {
      "name": "Regirock",
      "percent": 0.1582,
      "usage": 2023,
      "rank": 437
    },
    "2023-12-DLC2": {
      "name": "Regirock",
      "percent": 0.15625,
      "usage": 856,
      "rank": 423
    },
    "2024-01": {
      "name": "Regirock",
      "percent": 0.12323,
      "usage": 1521,
      "rank": 471
    },
    "2024-02": {
      "name": "Regirock",
      "percent": 0.12789,
      "usage": 1656,
      "rank": 462
    },
    "2024-03": {
      "name": "Regirock",
      "percent": 0.1232,
      "usage": 1658,
      "rank": 477
    },
    "2024-04": {
      "name": "Regirock",
      "percent": 0.16151,
      "usage": 1964,
      "rank": 431
    },
    "2024-05": {
      "name": "Regirock",
      "percent": 0.14779,
      "usage": 884,
      "rank": 438
    },
    "2024-06": {
      "name": "Regirock",
      "percent": 0.11327,
      "usage": 1478,
      "rank": 464
    }
  },
  "1500": {
    "2022-11": {
      "name": "Regirock",
      "percent": 0.11826,
      "usage": 738,
      "rank": 479
    },
    "2022-12": {
      "name": "Regirock",
      "percent": 0.20156,
      "usage": 2576,
      "rank": 413
    },
    "2023-01": {
      "name": "Regirock",
      "percent": 0.14796,
      "usage": 2141,
      "rank": 451
    },
    "2023-02": {
      "name": "Regirock",
      "percent": 0.14503,
      "usage": 2485,
      "rank": 442
    },
    "2023-03": {
      "name": "Regirock",
      "percent": 0.0974,
      "usage": 2397,
      "rank": 470
    },
    "2023-04": {
      "name": "Regirock",
      "percent": 0.08936,
      "usage": 2676,
      "rank": 415
    },
    "2023-05": {
      "name": "Regirock",
      "percent": 0.09302,
      "usage": 2718,
      "rank": 414
    },
    "2023-06": {
      "name": "Regirock",
      "percent": 0.06534,
      "usage": 1896,
      "rank": 439
    },
    "2023-07": {
      "name": "Regirock",
      "percent": 0.0915,
      "usage": 2633,
      "rank": 393
    },
    "2023-08": {
      "name": "Regirock",
      "percent": 0.05437,
      "usage": 2167,
      "rank": 470
    },
    "2023-09": {
      "name": "Regirock",
      "percent": 0.0604,
      "usage": 2136,
      "rank": 454
    },
    "2023-09-DLC1": {
      "name": "Regirock",
      "percent": 0.04964,
      "usage": 1024,
      "rank": 469
    },
    "2023-10": {
      "name": "Regirock",
      "percent": 0.04463,
      "usage": 1913,
      "rank": 504
    },
    "2023-11": {
      "name": "Regirock",
      "percent": 0.0712,
      "usage": 1664,
      "rank": 448
    },
    "2023-12": {
      "name": "Regirock",
      "percent": 0.05335,
      "usage": 2023,
      "rank": 483
    },
    "2023-12-DLC2": {
      "name": "Regirock",
      "percent": 0.05002,
      "usage": 856,
      "rank": 472
    },
    "2024-01": {
      "name": "Regirock",
      "percent": 0.0535,
      "usage": 1521,
      "rank": 460
    },
    "2024-02": {
      "name": "Regirock",
      "percent": 0.07641,
      "usage": 1656,
      "rank": 401
    },
    "2024-03": {
      "name": "Regirock",
      "percent": 0.07447,
      "usage": 1658,
      "rank": 412
    },
    "2024-04": {
      "name": "Regirock",
      "percent": 0.08241,
      "usage": 1964,
      "rank": 403
    },
    "2024-05": {
      "name": "Regirock",
      "percent": 0.0505,
      "usage": 884,
      "rank": 460
    },
    "2024-06": {
      "name": "Regirock",
      "percent": 0.02999,
      "usage": 1478,
      "rank": 502
    }
  },
  "1630": {
    "2022-11": {
      "name": "Regirock",
      "percent": 0.05207,
      "usage": 738,
      "rank": 363
    },
    "2022-12": {
      "name": "Regirock",
      "percent": 0.13607,
      "usage": 2576,
      "rank": 271
    },
    "2023-01": {
      "name": "Regirock",
      "percent": 0.04909,
      "usage": 2141,
      "rank": 356
    },
    "2023-02": {
      "name": "Regirock",
      "percent": 0.04022,
      "usage": 2485,
      "rank": 383
    },
    "2023-03": {
      "name": "Regirock",
      "percent": 0.01607,
      "usage": 2397,
      "rank": 473
    },
    "2023-04": {
      "name": "Regirock",
      "percent": 0.0238,
      "usage": 2676,
      "rank": 442
    },
    "2023-05": {
      "name": "Regirock",
      "percent": 0.02922,
      "usage": 2718,
      "rank": 415
    },
    "2023-06": {
      "name": "Regirock",
      "percent": 0.01561,
      "usage": 1896,
      "rank": 459
    },
    "2023-07": {
      "name": "Regirock",
      "percent": 0.02177,
      "usage": 2633,
      "rank": 430
    },
    "2023-08": {
      "name": "Regirock",
      "percent": 0.01615,
      "usage": 2167,
      "rank": 477
    },
    "2023-09": {
      "name": "Regirock",
      "percent": 0.01747,
      "usage": 2136,
      "rank": 459
    },
    "2023-09-DLC1": {
      "name": "Regirock",
      "percent": 0.01383,
      "usage": 1024,
      "rank": 465
    },
    "2023-10": {
      "name": "Regirock",
      "percent": 0.01754,
      "usage": 1913,
      "rank": 468
    },
    "2023-11": {
      "name": "Regirock",
      "percent": 0.02142,
      "usage": 1664,
      "rank": 445
    },
    "2023-12": {
      "name": "Regirock",
      "percent": 0.0119,
      "usage": 2023,
      "rank": 509
    },
    "2023-12-DLC2": {
      "name": "Regirock",
      "percent": 0.01313,
      "usage": 856,
      "rank": 462
    },
    "2024-01": {
      "name": "Regirock",
      "percent": 0.01818,
      "usage": 1521,
      "rank": 444
    },
    "2024-02": {
      "name": "Regirock",
      "percent": 0.06325,
      "usage": 1656,
      "rank": 312
    },
    "2024-03": {
      "name": "Regirock",
      "percent": 0.04141,
      "usage": 1658,
      "rank": 373
    },
    "2024-04": {
      "name": "Regirock",
      "percent": 0.03226,
      "usage": 1964,
      "rank": 383
    },
    "2024-05": {
      "name": "Regirock",
      "percent": 0.00658,
      "usage": 884,
      "rank": 538
    },
    "2024-06": {
      "name": "Regirock",
      "percent": 0.00788,
      "usage": 1478,
      "rank": 499
    }
  },
  "1760": {
    "2022-11": {
      "name": "Regirock",
      "percent": 0.02791,
      "usage": 738,
      "rank": 341
    },
    "2022-12": {
      "name": "Regirock",
      "percent": 0.01295,
      "usage": 2576,
      "rank": 349
    },