{
  "elos": [
    "0",
    "1500",
    "1630",
    "1760"
  ],
  "firstMonth": "2022-11",
  "0": {
    "2022-11": {
      "name": "Rillaboom",
      "percent": 3.0262,
      "usage": 17886,
      "rank": 53
    },
    "2022-12": {
      "name": "Rillaboom",
      "percent": 2.59595,
      "usage": 31901,
      "rank": 57
    },
    "2023-01": {
      "name": "Rillaboom",
      "percent": 3.39366,
      "usage": 46081,
      "rank": 42
    },
    "2023-02": {
      "name": "Rillaboom",
      "percent": 5.59358,
      "usage": 87291,
      "rank": 29
    },
    "2023-03": {
      "name": "Rillaboom",
      "percent": 5.69087,
      "usage": 100369,
      "rank": 27
    },
    "2023-04": {
      "name": "Rillaboom",
      "percent": 5.94183,
      "usage": 104582,
      "rank": 23
    },
    "2023-05": {
      "name": "Rillaboom",
      "percent": 6.10903,
      "usage": 114018,
      "rank": 25
    },
    "2023-06": {
      "name": "Rillaboom",
      "percent": 8.29534,
      "usage": 139475,
      "rank": 10
    },
    "2023-07": {
      "name": "Rillaboom",
      "percent": 7.95951,
      "usage": 128824,
      "rank": 12
    },
    "2023-08": {
      "name": "Rillaboom",
      "percent": 7.96421,
      "usage": 146530,
      "rank": 9
    },
    "2023-09": {
      "name": "Rillaboom",
      "percent": 7.73019,
      "usage": 132548,
      "rank": 13
    },
    "2023-09-DLC1": {
      "name": "Rillaboom",
      "percent": 7.74208,
      "usage": 66065,
      "rank": 12
    },
    "2023-10": {
      "name": "Rillaboom",
      "percent": 6.04009,
      "usage": 95232,
      "rank": 24
    },
    "2023-11": {
      "name": "Rillaboom",
      "percent": 6.94412,
      "usage": 93908,
      "rank": 18
    },
    "2023-12": {
      "name": "Rillaboom",
      "percent": 6.88484,
      "usage": 88040,
      "rank": 17
    },
    "2023-12-DLC2": {
      "name": "Rillaboom",
      "percent": 6.35099,
      "usage": 34794,
      "rank": 23
    },
    "2024-01": {
      "name": "Rillaboom",
      "percent": 6.14913,
      "usage": 75899,
      "rank": 24
    },
    "2024-02": {
      "name": "Rillaboom",
      "percent": 5.75165,
      "usage": 74476,
      "rank": 25
    },
    "2024-03": {
      "name": "Rillaboom",
      "percent": 5.52028,
      "usage": 74293,
      "rank": 26
    },
    "2024-04": {
      "name": "Rillaboom",
      "percent": 6.00053,
      "usage": 72970,
      "rank": 20
    },
    "2024-05": {
      "name": "Rillaboom",
      "percent": 5.79283,
      "usage": 34649,
      "rank": 24
    },
    "2024-06": {
      "name": "Rillaboom",
      "percent": 6.19892,
      "usage": 80884,
      "rank": 22
    }
  },
  "1500": {
    "2022-11": {
      "name": "Rillaboom",
      "percent": 3.10641,
      "usage": 17886,
      "rank": 52
    },
    "2022-12": {
      "name": "Rillaboom",
      "percent": 2.6454,
      "usage": 31901,
      "rank": 56
    },
    "2023-01": {
      "name": "Rillaboom",
      "percent": 3.533,
      "usage": 46081,
      "rank": 40
    },
    "2023-02": {
      "name": "Rillaboom",
      "percent": 6.05907,
      "usage": 87291,
      "rank": 28
    },
    "2023-03": {
      "name": "Rillaboom",
      "percent": 6.44467,
      "usage": 100369,
      "rank": 24
    },
    "2023-04": {
      "name": "Rillaboom",
      "percent": 7.36408,
      "usage": 104582,
      "rank": 21
    },
    "2023-05": {
      "name": "Rillaboom",
      "percent": 7.61057,
      "usage": 114018,
      "rank": 22
    },
    "2023-06": {
      "name": "Rillaboom",
      "percent": 10.63494,
      "usage": 139475,
      "rank": 10
    },
    "2023-07": {
      "name": "Rillaboom",
      "percent": 10.27555,
      "usage": 128824,
      "rank": 10
    },
    "2023-08": {
      "name": "Rillaboom",
      "percent": 10.24357,
      "usage": 146530,
      "rank": 10
    },
    "2023-09": {
      "name": "Rillaboom",
      "percent": 10.08936,
      "usage": 132548,
      "rank": 9
    },
    "2023-09-DLC1": {
      "name": "Rillaboom",
      "percent": 10.21391,
      "usage": 66065,
      "rank": 8
    },
    "2023-10": {
      "name": "Rillaboom",
      "percent": 7.56235,
      "usage": 95232,
      "rank": 21
    },
    "2023-11": {
      "name": "Rillaboom",
      "percent": 8.86646,
      "usage": 93908,
      "rank": 16
    },
    "2023-12": {
      "name": "Rillaboom",
      "percent": 8.61253,
      "usage": 88040,
      "rank": 15
    },
    "2023-12-DLC2": {
      "name": "Rillaboom",
      "percent": 7.84559,
      "usage": 34794,
      "rank": 20
    },
    "2024-01": {
      "name": "Rillaboom",
      "percent": 7.57317,
      "usage": 75899,
      "rank": 23
    },
    "2024-02": {
      "name": "Rillaboom",
      "percent": 6.81623,
      "usage": 74476,
      "rank": 26
    },
    "2024-03": {
      "name": "Rillaboom",
      "percent": 6.65459,
      "usage": 74293,
      "rank": 25
    },
    "2024-04": {
      "name": "Rillaboom",
      "percent": 7.51947,
      "usage": 72970,
      "rank": 20
    },
    "2024-05": {
      "name": "Rillaboom",
      "percent": 6.7898,
      "usage": 34649,
      "rank": 25
    },
    "2024-06": {
      "name": "Rillaboom",
      "percent": 7.03047,
      "usage": 80884,
      "rank": 25
    }
  },
  "1630": {
    "2022-11": {
      "name": "Rillaboom",
      "percent": 3.19385,
      "usage": 17886,
      "rank": 61
    },
    "2022-12": {
      "name": "Rillaboom",
      "percent": 4.4447,
      "usage": 31901,
      "rank": 41
    },
    "2023-01": {
      "name": "Rillaboom",
      "percent": 8.2933,
      "usage": 46081,
      "rank": 24
    },
    "2023-02": {
      "name": "Rillaboom",
      "percent": 10.6822,
      "usage": 87291,
      "rank": 11
    },
    "2023-03": {
      "name": "Rillaboom",
      "percent": 9.97053,
      "usage": 100369,
      "rank": 15
    },
    "2023-04": {
      "name": "Rillaboom",
      "percent": 9.36555,
      "usage": 104582,
      "rank": 18
    },
    "2023-05": {
      "name": "Rillaboom",
      "percent": 9.97267,
      "usage": 114018,
      "rank": 15
    },
    "2023-06": {
      "name": "Rillaboom",
      "percent": 12.93108,
      "usage": 139475,
      "rank": 8
    },
    "2023-07": {
      "name": "Rillaboom",
      "percent": 12.91411,
      "usage": 128824,
      "rank": 9
    },
    "2023-08": {
      "name": "Rillaboom",
      "percent": 12.77665,
      "usage": 146530,
      "rank": 8
    },
    "2023-09": {
      "name": "Rillaboom",
      "percent": 11.51523,
      "usage": 132548,
      "rank": 9
    },
    "2023-09-DLC1": {
      "name": "Rillaboom",
      "percent": 11.34752,
      "usage": 66065,
      "rank": 8
    },
    "2023-10": {
      "name": "Rillaboom",
      "percent": 8.64904,
      "usage": 95232,
      "rank": 18
    },
    "2023-11": {
      "name": "Rillaboom",
      "percent": 10.90691,
      "usage": 93908,
      "rank": 14
    },
    "2023-12": {
      "name": "Rillaboom",
      "percent": 10.2151,
      "usage": 88040,
      "rank": 15
    },
    "2023-12-DLC2": {
      "name": "Rillaboom",
      "percent": 8.59949,
      "usage": 34794,
      "rank": 20
    },
    "2024-01": {
      "name": "Rillaboom",
      "percent": 7.69375,
      "usage": 75899,
      "rank": 23
    },
    "2024-02": {
      "name": "Rillaboom",
      "percent": 6.88117,
      "usage": 74476,
      "rank": 31
    },
    "2024-03": {
      "name": "Rillaboom",
      "percent": 6.94597,
      "usage": 74293,
      "rank": 27
    },
    "2024-04": {
      "name": "Rillaboom",
      "percent": 7.99908,
      "usage": 72970,
      "rank": 22
    },
    "2024-05": {
      "name": "Rillaboom",
      "percent": 6.20338,
      "usage": 34649,
      "rank": 32
    },
    "2024-06": {
      "name": "Rillaboom",
      "percent": 6.78821,
      "usage": 80884,
      "rank": 27
    }
  },
  "1760": {
    "2022-11": {
      "name": "Rillaboom",
      "percent": 3.55403,
      "usage": 17886,
      "rank": 54
    },