{
  "elos": [
    "0",
    "1500",
    "1630",
    "1760"
  ],
  "firstMonth": "2022-11",
  "0": {
    "2022-11": {
      "name": "Solrock",
      "percent": 0.03672,
      "usage": 217,
      "rank": 608
    },
    "2022-12": {
      "name": "Solrock",
      "percent": 0.04622,
      "usage": 568,
      "rank": 589
    },
    "2023-01": {
      "name": "Solrock",
      "percent": 0.02828,
      "usage": 384,
      "rank": 624
    },
    "2023-02": {
      "name": "Solrock",
      "percent": 0.0364,
      "usage": 568,
      "rank": 614
    },
    "2023-03": {
      "name": "Solrock",
      "percent": 0.05466,
      "usage": 964,
      "rank": 570
    },
    "2023-04": {
      "name": "Solrock",
      "percent": 0.02966,
      "usage": 522,
      "rank": 624
    },
    "2023-05": {
      "name": "Solrock",
      "percent": 0.03124,
      "usage": 583,
      "rank": 633
    },
    "2023-06": {
      "name": "Solrock",
      "percent": 0.04116,
      "usage": 692,
      "rank": 598
    },
    "2023-07": {
      "name": "Solrock",
      "percent": 0.03682,
      "usage": 596,
      "rank": 618
    },
    "2023-08": {
      "name": "Solrock",
      "percent": 0.03669,
      "usage": 675,
      "rank": 618
    },
    "2023-09": {
      "name": "Solrock",
      "percent": 0.034,
      "usage": 583,
      "rank": 624
    },
    "2023-09-DLC1": {
      "name": "Solrock",
      "percent": 0.03645,
      "usage": 311,
      "rank": 616
    },
    "2023-10": {
      "name": "Solrock",
      "percent": 0.03793,
      "usage": 598,
      "rank": 627
    },
    "2023-11": {
      "name": "Solrock",
      "percent": 0.05346,
      "usage": 723,
      "rank": 600
    },
    "2023-12": {
      "name": "Solrock",
      "percent": 0.04802,
      "usage": 614,
      "rank": 609
    },
    "2023-12-DLC2": {
      "name": "Solrock",
      "percent": 0.04855,
      "usage": 266,
      "rank": 601
    },
    "2024-01": {
      "name": "Solrock",
      "percent": 0.04902,
      "usage": 605,
      "rank": 606
    },
    "2024-02": {
      "name": "Solrock",
      "percent": 0.03259,
      "usage": 422,
      "rank": 633
    },
    "2024-03": {
      "name": "Solrock",
      "percent": 0.05714,
      "usage": 769,
      "rank": 586
    },
    "2024-04": {
      "name": "Solrock",
      "percent": 0.04753,
      "usage": 578,
      "rank": 609
    },
    "2024-05": {
      "name": "Solrock",
      "percent": 0.0759,
      "usage": 454,
      "rank": 550
    },
    "2024-06": {
      "name": "Solrock",
      "percent": 0.04208,
      "usage": 549,
      "rank": 601
    }
  },
  "1500": {
    "2022-11": {
      "name": "Solrock",
      "percent": 0.03552,
      "usage": 217,
      "rank": 604
    },
    "2022-12": {
      "name": "Solrock",
      "percent": 0.04078,
      "usage": 568,
      "rank": 594
    },
    "2023-01": {
      "name": "Solrock",
      "percent": 0.02532,
      "usage": 384,
      "rank": 627
    },
    "2023-02": {
      "name": "Solrock",
      "percent": 0.03128,
      "usage": 568,
      "rank": 610
    },
    "2023-03": {
      "name": "Solrock",
      "percent": 0.04158,
      "usage": 964,
      "rank": 569
    },
    "2023-04": {
      "name": "Solrock",
      "percent": 0.01211,
      "usage": 522,
      "rank": 619
    },
    "2023-05": {
      "name": "Solrock",
      "percent": 0.01253,
      "usage": 583,
      "rank": 626
    },
    "2023-06": {
      "name": "Solrock",
      "percent": 0.01664,
      "usage": 692,
      "rank": 586
    },
    "2023-07": {
      "name": "Solrock",
      "percent": 0.01115,
      "usage": 596,
      "rank": 618
    },
    "2023-08": {
      "name": "Solrock",
      "percent": 0.00636,
      "usage": 675,
      "rank": 666
    },
    "2023-09": {
      "name": "Solrock",
      "percent": 0.01511,
      "usage": 583,
      "rank": 604
    },
    "2023-09-DLC1": {
      "name": "Solrock",
      "percent": 0.01861,
      "usage": 311,
      "rank": 582
    },
    "2023-10": {
      "name": "Solrock",
      "percent": 0.00876,
      "usage": 598,
      "rank": 651
    },
    "2023-11": {
      "name": "Solrock",
      "percent": 0.03603,
      "usage": 723,
      "rank": 528
    },
    "2023-12": {
      "name": "Solrock",
      "percent": 0.01351,
      "usage": 614,
      "rank": 629
    },
    "2023-12-DLC2": {
      "name": "Solrock",
      "percent": 0.01604,
      "usage": 266,
      "rank": 601
    },
    "2024-01": {
      "name": "Solrock",
      "percent": 0.01763,
      "usage": 605,
      "rank": 593
    },
    "2024-02": {
      "name": "Solrock",
      "percent": 0.00834,
      "usage": 422,
      "rank": 655
    },
    "2024-03": {
      "name": "Solrock",
      "percent": 0.02905,
      "usage": 769,
      "rank": 546
    },
    "2024-04": {
      "name": "Solrock",
      "percent": 0.0162,
      "usage": 578,
      "rank": 598
    },
    "2024-05": {
      "name": "Solrock",
      "percent": 0.0118,
      "usage": 454,
      "rank": 627
    },
    "2024-06": {
      "name": "Solrock",
      "percent": 0.00772,
      "usage": 549,
      "rank": 635
    }
  },
  "1630": {
    "2022-11": {
      "name": "Solrock",
      "percent": 0.0,
      "usage": 217,
      "rank": 603
    },
    "2022-12": {
      "name": "Solrock",
      "percent": 2e-05,
      "usage": 568,
      "rank": 693
    },
    "2023-01": {
      "name": "Solrock",
      "percent": 0.0003,
      "usage": 384,
      "rank": 663
    },
    "2023-02": {
      "name": "Solrock",
      "percent": 0.00067,
      "usage": 568,
      "rank": 700
    },
    "2023-03": {
      "name": "Solrock",
      "percent": 0.00479,
      "usage": 964,
      "rank": 593
    },
    "2023-04": {
      "name": "Solrock",
      "percent": 0.00326,
      "usage": 522,
      "rank": 614
    },
    "2023-05": {
      "name": "Solrock",
      "percent": 0.00213,
      "usage": 583,
      "rank": 651
    },
    "2023-06": {
      "name": "Solrock",
      "percent": 0.00798,
      "usage": 692,
      "rank": 529
    },
    "2023-07": {
      "name": "Solrock",
      "percent": 0.00326,
      "usage": 596,
      "rank": 618
    },
    "2023-08": {
      "name": "Solrock",
      "percent": 0.0019,
      "usage": 675,
      "rank": 650
    },
    "2023-09": {
      "name": "Solrock",
      "percent": 0.0043,
      "usage": 583,
      "rank": 587
    },
    "2023-09-DLC1": {
      "name": "Solrock",
      "percent": 0.00469,
      "usage": 311,
      "rank": 560
    },
    "2023-10": {
      "name": "Solrock",
      "percent": 0.0019,
      "usage": 598,
      "rank": 665
    },
    "2023-11": {
      "name": "Solrock",
      "percent": 0.03913,
      "usage": 723,
      "rank": 385
    },
    "2023-12": {
      "name": "Solrock",
      "percent": 0.00499,
      "usage": 614,
      "rank": 586
    },
    "2023-12-DLC2": {
      "name": "Solrock",
      "percent": 0.00297,
      "usage": 266,
      "rank": 598
    },
    "2024-01": {
      "name": "Solrock",
      "percent": 0.00434,
      "usage": 605,
      "rank": 598
    },
    "2024-02": {
      "name": "Solrock",
      "percent": 0.00179,
      "usage": 422,
      "rank": 658
    },
    "2024-03": {
      "name": "Solrock",
      "percent": 0.03861,
      "usage": 769,
      "rank": 382
    },
    "2024-04": {
      "name": "Solrock",
      "percent": 0.00336,
      "usage": 578,
      "rank": 619
    },
    "2024-05": {
      "name": "Solrock",
      "percent": 0.00563,
      "usage": 454,
      "rank": 555
    },
    "2024-06": {
      "name": "Solrock",
      "percent": 0.0034,
      "usage": 549,
      "rank": 578
    }
  },
  "1760": {
    "2022-11": {
      "name": "Solrock",
      "percent": 0.0,
      "usage": 217,
      "rank": 592
    },
    "2022-12": {
      "name": "Solrock",
      "percent": 0.0,
      "usage": 568,
      "rank": 661
    },
    "2023-01": {
      "name": "Solrock",
      "percent": 0.0,
      "usage": 384,
      "rank": 683
    },
    "2023-02": {
      "name": "Solrock",