{
  "elos": [
    "0",
    "1500",
    "1630",
    "1760"
  ],
  "firstMonth": "2022-11",
  "0": {
    "2022-11": {
      "name": "Swirlix",
      "percent": 0.00744,
      "usage": 44,
      "rank": 755
    },
    "2022-12": {
      "name": "Swirlix",
      "percent": 0.02409,
      "usage": 296,
      "rank": 637
    },
    "2023-01": {
      "name": "Swirlix",
      "percent": 0.02217,
      "usage": 301,
      "rank": 648
    },
    "2023-02": {
      "name": "Swirlix",
      "percent": 0.01781,
      "usage": 278,
      "rank": 668
    },
    "2023-03": {
      "name": "Swirlix",
      "percent": 0.01701,
      "usage": 300,
      "rank": 668
    },
    "2023-04": {
      "name": "Swirlix",
      "percent": 0.02608,
      "usage": 459,
      "rank": 635
    },
    "2023-05": {
      "name": "Swirlix",
      "percent": 0.01859,
      "usage": 347,
      "rank": 674
    },
    "2023-06": {
      "name": "Swirlix",
      "percent": 0.02385,
      "usage": 401,
      "rank": 647
    },
    "2023-07": {
      "name": "Swirlix",
      "percent": 0.01909,
      "usage": 309,
      "rank": 666
    },
    "2023-08": {
      "name": "Swirlix",
      "percent": 0.01332,
      "usage": 245,
      "rank": 698
    },
    "2023-09": {
      "name": "Swirlix",
      "percent": 0.01359,
      "usage": 233,
      "rank": 699
    },
    "2023-09-DLC1": {
      "name": "Swirlix",
      "percent": 0.0143,
      "usage": 122,
      "rank": 695
    },
    "2023-10": {
      "name": "Swirlix",
      "percent": 0.03292,
      "usage": 519,
      "rank": 639
    },
    "2023-11": {
      "name": "Swirlix",
      "percent": 0.01915,
      "usage": 259,
      "rank": 679
    },
    "2023-12": {
      "name": "Swirlix",
      "percent": 0.0208,
      "usage": 266,
      "rank": 674
    },
    "2023-12-DLC2": {
      "name": "Swirlix",
      "percent": 0.00767,
      "usage": 42,
      "rank": 772
    },
    "2024-01": {
      "name": "Swirlix",
      "percent": 0.01069,
      "usage": 132,
      "rank": 735
    },
    "2024-02": {
      "name": "Swirlix",
      "percent": 0.01545,
      "usage": 200,
      "rank": 683
    },
    "2024-03": {
      "name": "Swirlix",
      "percent": 0.02029,
      "usage": 273,
      "rank": 668
    },
    "2024-04": {
      "name": "Swirlix",
      "percent": 0.0208,
      "usage": 253,
      "rank": 673
    },
    "2024-05": {
      "name": "Swirlix",
      "percent": 0.0122,
      "usage": 73,
      "rank": 714
    },
    "2024-06": {
      "name": "Swirlix",
      "percent": 0.00935,
      "usage": 122,
      "rank": 722
    }
  },
  "1500": {
    "2022-11": {
      "name": "Swirlix",
      "percent": 0.00665,
      "usage": 44,
      "rank": 753
    },
    "2022-12": {
      "name": "Swirlix",
      "percent": 0.0232,
      "usage": 296,
      "rank": 631
    },
    "2023-01": {
      "name": "Swirlix",
      "percent": 0.02023,
      "usage": 301,
      "rank": 645
    },
    "2023-02": {
      "name": "Swirlix",
      "percent": 0.01546,
      "usage": 278,
      "rank": 667
    },
    "2023-03": {
      "name": "Swirlix",
      "percent": 0.01275,
      "usage": 300,
      "rank": 662
    },
    "2023-04": {
      "name": "Swirlix",
      "percent": 0.00965,
      "usage": 459,
      "rank": 639
    },
    "2023-05": {
      "name": "Swirlix",
      "percent": 0.00868,
      "usage": 347,
      "rank": 657
    },
    "2023-06": {
      "name": "Swirlix",
      "percent": 0.00466,
      "usage": 401,
      "rank": 691
    },
    "2023-07": {
      "name": "Swirlix",
      "percent": 0.00414,
      "usage": 309,
      "rank": 707
    },
    "2023-08": {
      "name": "Swirlix",
      "percent": 0.00989,
      "usage": 245,
      "rank": 630
    },
    "2023-09": {
      "name": "Swirlix",
      "percent": 0.00437,
      "usage": 233,
      "rank": 694
    },
    "2023-09-DLC1": {
      "name": "Swirlix",
      "percent": 0.00153,
      "usage": 122,
      "rank": 776
    },
    "2023-10": {
      "name": "Swirlix",
      "percent": 0.01152,
      "usage": 519,
      "rank": 631
    },
    "2023-11": {
      "name": "Swirlix",
      "percent": 0.00416,
      "usage": 259,
      "rank": 712
    },
    "2023-12": {
      "name": "Swirlix",
      "percent": 0.00126,
      "usage": 266,
      "rank": 810
    },
    "2023-12-DLC2": {
      "name": "Swirlix",
      "percent": 0.00027,
      "usage": 42,
      "rank": 932
    },
    "2024-01": {
      "name": "Swirlix",
      "percent": 0.00252,
      "usage": 132,
      "rank": 759
    },
    "2024-02": {
      "name": "Swirlix",
      "percent": 0.00891,
      "usage": 200,
      "rank": 649
    },
    "2024-03": {
      "name": "Swirlix",
      "percent": 0.00295,
      "usage": 273,
      "rank": 745
    },
    "2024-04": {
      "name": "Swirlix",
      "percent": 0.00207,
      "usage": 253,
      "rank": 771
    },
    "2024-05": {
      "name": "Swirlix",
      "percent": 0.0024,
      "usage": 73,
      "rank": 743
    },
    "2024-06": {
      "name": "Swirlix",
      "percent": 0.00262,
      "usage": 122,
      "rank": 720
    }
  },
  "1630": {
    "2022-11": {
      "name": "Swirlix",
      "percent": 0.0,
      "usage": 44,
      "rank": 639
    },
    "2022-12": {
      "name": "Swirlix",
      "percent": 0.0,
      "usage": 296,
      "rank": 733
    },
    "2023-01": {
      "name": "Swirlix",
      "percent": 0.0,
      "usage": 301,
      "rank": 837
    },
    "2023-02": {
      "name": "Swirlix",
      "percent": 0.00014,
      "usage": 278,
      "rank": 777
    },
    "2023-03": {
      "name": "Swirlix",
      "percent": 0.00309,
      "usage": 300,
      "rank": 619
    },
    "2023-04": {
      "name": "Swirlix",
      "percent": 0.00123,
      "usage": 459,
      "rank": 671
    },
    "2023-05": {
      "name": "Swirlix",
      "percent": 0.00329,
      "usage": 347,
      "rank": 618
    },
    "2023-06": {
      "name": "Swirlix",
      "percent": 0.0031,
      "usage": 401,
      "rank": 611
    },
    "2023-07": {
      "name": "Swirlix",
      "percent": 0.00208,
      "usage": 309,
      "rank": 651
    },
    "2023-08": {
      "name": "Swirlix",
      "percent": 0.01172,
      "usage": 245,
      "rank": 507
    },
    "2023-09": {
      "name": "Swirlix",
      "percent": 0.00188,
      "usage": 233,
      "rank": 642
    },
    "2023-09-DLC1": {
      "name": "Swirlix",
      "percent": 2e-05,
      "usage": 122,
      "rank": 859
    },
    "2023-10": {
      "name": "Swirlix",
      "percent": 0.00107,
      "usage": 519,
      "rank": 700
    },
    "2023-11": {
      "name": "Swirlix",
      "percent": 0.00196,
      "usage": 259,
      "rank": 651
    },
    "2023-12": {
      "name": "Swirlix",
      "percent": 5e-05,
      "usage": 266,
      "rank": 863
    },
    "2023-12-DLC2": {
      "name": "Swirlix",
      "percent": 0.0,
      "usage": 42,
      "rank": 974
    },
    "2024-01": {
      "name": "Swirlix",
      "percent": 0.00084,
      "usage": 132,
      "rank": 718
    },
    "2024-02": {
      "name": "Swirlix",
      "percent": 0.0015,
      "usage": 200,
      "rank": 673
    },
    "2024-03": {
      "name": "Swirlix",
      "percent": 0.00033,
      "usage": 273,
      "rank": 790
    },
    "2024-04": {
      "name": "Swirlix",
      "percent": 0.00073,
      "usage": 253,
      "rank": 718
    },
    "2024-05": {
      "name": "Swirlix",
      "percent": 0.00071,
      "usage": 73,
      "rank": 698
    },
    "2024-06": {
      "name": "Swirlix",
      "percent": 0.00077,
      "usage": 122,
      "rank": 694
    }
  },
  "1760": {
    "2022-11": {
      "name": "Swirlix",
      "percent": 0.0,
      "usage": 44,
      "rank": 637
    },
    "2022-12": {
      "name": "Swirlix",
      "percent": 0.0,
      "usage": 296,
      "rank": 767
    },
    "2023-01": {
      "name": "Swirlix",
      "percent": 0.0,
      "usage": 301,
      "rank": 834
    },
    "2023-02": {
      "name": "Swirlix",
      "percent": 4e-05,