{
  "elos": [
    "0",
    "1500",
    "1630",
    "1760"
  ],
  "firstMonth": "2022-11",
  "0": {
    "2022-11": {
      "name": "Tentacruel",
      "percent": 0.32993,
      "usage": 1950,
      "rank": 326
    },
    "2022-12": {
      "name": "Tentacruel",
      "percent": 0.44235,
      "usage": 5436,
      "rank": 277
    },
    "2023-01": {
      "name": "Tentacruel",
      "percent": 0.38833,
      "usage": 5273,
      "rank": 275
    },
    "2023-02": {
      "name": "Tentacruel",
      "percent": 0.42446,
      "usage": 6624,
      "rank": 264
    },
    "2023-03": {
      "name": "Tentacruel",
      "percent": 0.41725,
      "usage": 7359,
      "rank": 256
    },
    "2023-04": {
      "name": "Tentacruel",
      "percent": 0.33061,
      "usage": 5819,
      "rank": 286
    },
    "2023-05": {
      "name": "Tentacruel",
      "percent": 0.35009,
      "usage": 6534,
      "rank": 277
    },
    "2023-06": {
      "name": "Tentacruel",
      "percent": 0.38338,
      "usage": 6446,
      "rank": 261
    },
    "2023-07": {
      "name": "Tentacruel",
      "percent": 0.44424,
      "usage": 7190,
      "rank": 244
    },
    "2023-08": {
      "name": "Tentacruel",
      "percent": 0.40519,
      "usage": 7455,
      "rank": 249
    },
    "2023-09": {
      "name": "Tentacruel",
      "percent": 0.43157,
      "usage": 7400,
      "rank": 248
    },
    "2023-09-DLC1": {
      "name": "Tentacruel",
      "percent": 0.38754,
      "usage": 3307,
      "rank": 259
    },
    "2023-10": {
      "name": "Tentacruel",
      "percent": 0.48121,
      "usage": 7587,
      "rank": 241
    },
    "2023-11": {
      "name": "Tentacruel",
      "percent": 0.48494,
      "usage": 6558,
      "rank": 241
    },
    "2023-12": {
      "name": "Tentacruel",
      "percent": 0.43754,
      "usage": 5595,
      "rank": 251
    },
    "2023-12-DLC2": {
      "name": "Tentacruel",
      "percent": 0.4295,
      "usage": 2353,
      "rank": 248
    },
    "2024-01": {
      "name": "Tentacruel",
      "percent": 0.49121,
      "usage": 6063,
      "rank": 232
    },
    "2024-02": {
      "name": "Tentacruel",
      "percent": 0.44592,
      "usage": 5774,
      "rank": 234
    },
    "2024-03": {
      "name": "Tentacruel",
      "percent": 0.491,
      "usage": 6608,
      "rank": 228
    },
    "2024-04": {
      "name": "Tentacruel",
      "percent": 0.54808,
      "usage": 6665,
      "rank": 218
    },
    "2024-05": {
      "name": "Tentacruel",
      "percent": 0.52262,
      "usage": 3126,
      "rank": 219
    },
    "2024-06": {
      "name": "Tentacruel",
      "percent": 0.43662,
      "usage": 5697,
      "rank": 235
    }
  },
  "1500": {
    "2022-11": {
      "name": "Tentacruel",
      "percent": 0.32969,
      "usage": 1950,
      "rank": 321
    },
    "2022-12": {
      "name": "Tentacruel",
      "percent": 0.43171,
      "usage": 5436,
      "rank": 276
    },
    "2023-01": {
      "name": "Tentacruel",
      "percent": 0.37348,
      "usage": 5273,
      "rank": 275
    },
    "2023-02": {
      "name": "Tentacruel",
      "percent": 0.40654,
      "usage": 6624,
      "rank": 261
    },
    "2023-03": {
      "name": "Tentacruel",
      "percent": 0.35475,
      "usage": 7359,
      "rank": 261
    },
    "2023-04": {
      "name": "Tentacruel",
      "percent": 0.23986,
      "usage": 5819,
      "rank": 271
    },
    "2023-05": {
      "name": "Tentacruel",
      "percent": 0.23513,
      "usage": 6534,
      "rank": 276
    },
    "2023-06": {
      "name": "Tentacruel",
      "percent": 0.26032,
      "usage": 6446,
      "rank": 247
    },
    "2023-07": {
      "name": "Tentacruel",
      "percent": 0.32572,
      "usage": 7190,
      "rank": 232
    },
    "2023-08": {
      "name": "Tentacruel",
      "percent": 0.25947,
      "usage": 7455,
      "rank": 252
    },
    "2023-09": {
      "name": "Tentacruel",
      "percent": 0.32135,
      "usage": 7400,
      "rank": 233
    },
    "2023-09-DLC1": {
      "name": "Tentacruel",
      "percent": 0.31776,
      "usage": 3307,
      "rank": 226
    },
    "2023-10": {
      "name": "Tentacruel",
      "percent": 0.37588,
      "usage": 7587,
      "rank": 221
    },
    "2023-11": {
      "name": "Tentacruel",
      "percent": 0.36817,
      "usage": 6558,
      "rank": 227
    },
    "2023-12": {
      "name": "Tentacruel",
      "percent": 0.32158,
      "usage": 5595,
      "rank": 239
    },
    "2023-12-DLC2": {
      "name": "Tentacruel",
      "percent": 0.31604,
      "usage": 2353,
      "rank": 229
    },
    "2024-01": {
      "name": "Tentacruel",
      "percent": 0.30417,
      "usage": 6063,
      "rank": 230
    },
    "2024-02": {
      "name": "Tentacruel",
      "percent": 0.27538,
      "usage": 5774,
      "rank": 237
    },
    "2024-03": {
      "name": "Tentacruel",
      "percent": 0.36717,
      "usage": 6608,
      "rank": 208
    },
    "2024-04": {
      "name": "Tentacruel",
      "percent": 0.39547,
      "usage": 6665,
      "rank": 201
    },
    "2024-05": {
      "name": "Tentacruel",
      "percent": 0.28394,
      "usage": 3126,
      "rank": 236
    },
    "2024-06": {
      "name": "Tentacruel",
      "percent": 0.23406,
      "usage": 5697,
      "rank": 243
    }
  },
  "1630": {
    "2022-11": {
      "name": "Tentacruel",
      "percent": 0.03544,
      "usage": 1950,
      "rank": 397
    },
    "2022-12": {
      "name": "Tentacruel",
      "percent": 0.07132,
      "usage": 5436,
      "rank": 330
    },
    "2023-01": {
      "name": "Tentacruel",
      "percent": 0.07499,
      "usage": 5273,
      "rank": 314
    },
    "2023-02": {
      "name": "Tentacruel",
      "percent": 0.18337,
      "usage": 6624,
      "rank": 244
    },
    "2023-03": {
      "name": "Tentacruel",
      "percent": 0.11001,
      "usage": 7359,
      "rank": 269
    },
    "2023-04": {
      "name": "Tentacruel",
      "percent": 0.07766,
      "usage": 5819,
      "rank": 302
    },
    "2023-05": {
      "name": "Tentacruel",
      "percent": 0.08599,
      "usage": 6534,
      "rank": 303
    },
    "2023-06": {
      "name": "Tentacruel",
      "percent": 0.05951,
      "usage": 6446,
      "rank": 320
    },
    "2023-07": {
      "name": "Tentacruel",
      "percent": 0.15304,
      "usage": 7190,
      "rank": 252
    },
    "2023-08": {
      "name": "Tentacruel",
      "percent": 0.0609,
      "usage": 7455,
      "rank": 322
    },
    "2023-09": {
      "name": "Tentacruel",
      "percent": 0.09652,
      "usage": 7400,
      "rank": 283
    },
    "2023-09-DLC1": {
      "name": "Tentacruel",
      "percent": 0.08945,
      "usage": 3307,
      "rank": 280
    },
    "2023-10": {
      "name": "Tentacruel",
      "percent": 0.12222,
      "usage": 7587,
      "rank": 269
    },
    "2023-11": {
      "name": "Tentacruel",
      "percent": 0.06772,
      "usage": 6558,
      "rank": 323
    },
    "2023-12": {
      "name": "Tentacruel",
      "percent": 0.06074,
      "usage": 5595,
      "rank": 330
    },
    "2023-12-DLC2": {
      "name": "Tentacruel",
      "percent": 0.06965,
      "usage": 2353,
      "rank": 299
    },
    "2024-01": {
      "name": "Tentacruel",
      "percent": 0.0896,
      "usage": 6063,
      "rank": 268
    },
    "2024-02": {
      "name": "Tentacruel",
      "percent": 0.12877,
      "usage": 5774,
      "rank": 238
    },
    "2024-03": {
      "name": "Tentacruel",
      "percent": 0.23138,
      "usage": 6608,
      "rank": 212
    },
    "2024-04": {
      "name": "Tentacruel",
      "percent": 0.14139,
      "usage": 6665,
      "rank": 239
    },
    "2024-05": {
      "name": "Tentacruel",
      "percent": 0.17007,
      "usage": 3126,
      "rank": 229
    },
    "2024-06": {
      "name": "Tentacruel",
      "percent": 0.073,
      "usage": 5697,
      "rank": 279
    }
  },
  "1760": {
    "2022-11": {
      "name": "Tentacruel",
      "percent": 0.01084,
      "usage": 1950,