{
  "elos": [
    "0",
    "1500",
    "1630",
    "1760"
  ],
  "firstMonth": "2022-11",
  "0": {
    "2022-11": {
      "name": "Thievul",
      "percent": 0.0247,
      "usage": 146,
      "rank": 638
    },
    "2022-12": {
      "name": "Thievul",
      "percent": 0.03304,
      "usage": 406,
      "rank": 613
    },
    "2023-01": {
      "name": "Thievul",
      "percent": 0.04227,
      "usage": 574,
      "rank": 594
    },
    "2023-02": {
      "name": "Thievul",
      "percent": 0.07895,
      "usage": 1232,
      "rank": 546
    },
    "2023-03": {
      "name": "Thievul",
      "percent": 0.05477,
      "usage": 966,
      "rank": 568
    },
    "2023-04": {
      "name": "Thievul",
      "percent": 0.03858,
      "usage": 679,
      "rank": 599
    },
    "2023-05": {
      "name": "Thievul",
      "percent": 0.04683,
      "usage": 874,
      "rank": 591
    },
    "2023-06": {
      "name": "Thievul",
      "percent": 0.04639,
      "usage": 780,
      "rank": 586
    },
    "2023-07": {
      "name": "Thievul",
      "percent": 0.05357,
      "usage": 867,
      "rank": 582
    },
    "2023-08": {
      "name": "Thievul",
      "percent": 0.05011,
      "usage": 922,
      "rank": 586
    },
    "2023-09": {
      "name": "Thievul",
      "percent": 0.06345,
      "usage": 1088,
      "rank": 571
    },
    "2023-09-DLC1": {
      "name": "Thievul",
      "percent": 0.05613,
      "usage": 479,
      "rank": 574
    },
    "2023-10": {
      "name": "Thievul",
      "percent": 0.05366,
      "usage": 846,
      "rank": 596
    },
    "2023-11": {
      "name": "Thievul",
      "percent": 0.05916,
      "usage": 800,
      "rank": 585
    },
    "2023-12": {
      "name": "Thievul",
      "percent": 0.04966,
      "usage": 635,
      "rank": 603
    },
    "2023-12-DLC2": {
      "name": "Thievul",
      "percent": 0.04235,
      "usage": 232,
      "rank": 612
    },
    "2024-01": {
      "name": "Thievul",
      "percent": 0.05825,
      "usage": 719,
      "rank": 583
    },
    "2024-02": {
      "name": "Thievul",
      "percent": 0.05074,
      "usage": 657,
      "rank": 597
    },
    "2024-03": {
      "name": "Thievul",
      "percent": 0.06717,
      "usage": 904,
      "rank": 570
    },
    "2024-04": {
      "name": "Thievul",
      "percent": 0.07064,
      "usage": 859,
      "rank": 567
    },
    "2024-05": {
      "name": "Thievul",
      "percent": 0.05918,
      "usage": 354,
      "rank": 582
    },
    "2024-06": {
      "name": "Thievul",
      "percent": 0.03755,
      "usage": 490,
      "rank": 609
    }
  },
  "1500": {
    "2022-11": {
      "name": "Thievul",
      "percent": 0.02389,
      "usage": 146,
      "rank": 633
    },
    "2022-12": {
      "name": "Thievul",
      "percent": 0.0306,
      "usage": 406,
      "rank": 614
    },
    "2023-01": {
      "name": "Thievul",
      "percent": 0.03884,
      "usage": 574,
      "rank": 591
    },
    "2023-02": {
      "name": "Thievul",
      "percent": 0.07083,
      "usage": 1232,
      "rank": 540
    },
    "2023-03": {
      "name": "Thievul",
      "percent": 0.04057,
      "usage": 966,
      "rank": 573
    },
    "2023-04": {
      "name": "Thievul",
      "percent": 0.01765,
      "usage": 679,
      "rank": 589
    },
    "2023-05": {
      "name": "Thievul",
      "percent": 0.01795,
      "usage": 874,
      "rank": 602
    },
    "2023-06": {
      "name": "Thievul",
      "percent": 0.01521,
      "usage": 780,
      "rank": 599
    },
    "2023-07": {
      "name": "Thievul",
      "percent": 0.01544,
      "usage": 867,
      "rank": 597
    },
    "2023-08": {
      "name": "Thievul",
      "percent": 0.01326,
      "usage": 922,
      "rank": 611
    },
    "2023-09": {
      "name": "Thievul",
      "percent": 0.01667,
      "usage": 1088,
      "rank": 599
    },
    "2023-09-DLC1": {
      "name": "Thievul",
      "percent": 0.01262,
      "usage": 479,
      "rank": 609
    },
    "2023-10": {
      "name": "Thievul",
      "percent": 0.01346,
      "usage": 846,
      "rank": 618
    },
    "2023-11": {
      "name": "Thievul",
      "percent": 0.02849,
      "usage": 800,
      "rank": 558
    },
    "2023-12": {
      "name": "Thievul",
      "percent": 0.01482,
      "usage": 635,
      "rank": 622
    },
    "2023-12-DLC2": {
      "name": "Thievul",
      "percent": 0.01243,
      "usage": 232,
      "rank": 618
    },
    "2024-01": {
      "name": "Thievul",
      "percent": 0.01954,
      "usage": 719,
      "rank": 586
    },
    "2024-02": {
      "name": "Thievul",
      "percent": 0.02504,
      "usage": 657,
      "rank": 550
    },
    "2024-03": {
      "name": "Thievul",
      "percent": 0.02441,
      "usage": 904,
      "rank": 564
    },
    "2024-04": {
      "name": "Thievul",
      "percent": 0.02143,
      "usage": 859,
      "rank": 573
    },
    "2024-05": {
      "name": "Thievul",
      "percent": 0.01868,
      "usage": 354,
      "rank": 581
    },
    "2024-06": {
      "name": "Thievul",
      "percent": 0.00748,
      "usage": 490,
      "rank": 638
    }
  },
  "1630": {
    "2022-11": {
      "name": "Thievul",
      "percent": 0.0068,
      "usage": 146,
      "rank": 493
    },
    "2022-12": {
      "name": "Thievul",
      "percent": 0.0,
      "usage": 406,
      "rank": 712
    },
    "2023-01": {
      "name": "Thievul",
      "percent": 0.00117,
      "usage": 574,
      "rank": 609
    },
    "2023-02": {
      "name": "Thievul",
      "percent": 0.00395,
      "usage": 1232,
      "rank": 601
    },
    "2023-03": {
      "name": "Thievul",
      "percent": 0.00101,
      "usage": 966,
      "rank": 688
    },
    "2023-04": {
      "name": "Thievul",
      "percent": 0.0013,
      "usage": 679,
      "rank": 666
    },
    "2023-05": {
      "name": "Thievul",
      "percent": 0.00549,
      "usage": 874,
      "rank": 578
    },
    "2023-06": {
      "name": "Thievul",
      "percent": 0.00523,
      "usage": 780,
      "rank": 566
    },
    "2023-07": {
      "name": "Thievul",
      "percent": 0.00198,
      "usage": 867,
      "rank": 654
    },
    "2023-08": {
      "name": "Thievul",
      "percent": 0.00231,
      "usage": 922,
      "rank": 637
    },
    "2023-09": {
      "name": "Thievul",
      "percent": 0.00483,
      "usage": 1088,
      "rank": 579
    },
    "2023-09-DLC1": {
      "name": "Thievul",
      "percent": 0.00336,
      "usage": 479,
      "rank": 594
    },
    "2023-10": {
      "name": "Thievul",
      "percent": 0.00385,
      "usage": 846,
      "rank": 609
    },
    "2023-11": {
      "name": "Thievul",
      "percent": 0.01091,
      "usage": 800,
      "rank": 509
    },
    "2023-12": {
      "name": "Thievul",
      "percent": 0.00408,
      "usage": 635,
      "rank": 605
    },
    "2023-12-DLC2": {
      "name": "Thievul",
      "percent": 0.00313,
      "usage": 232,
      "rank": 592
    },
    "2024-01": {
      "name": "Thievul",
      "percent": 0.00627,
      "usage": 719,
      "rank": 564
    },
    "2024-02": {
      "name": "Thievul",
      "percent": 0.00628,
      "usage": 657,
      "rank": 568
    },
    "2024-03": {
      "name": "Thievul",
      "percent": 0.01012,
      "usage": 904,
      "rank": 534
    },
    "2024-04": {
      "name": "Thievul",
      "percent": 0.01125,
      "usage": 859,
      "rank": 503
    },
    "2024-05": {
      "name": "Thievul",
      "percent": 0.00167,
      "usage": 354,
      "rank": 650
    },
    "2024-06": {
      "name": "Thievul",
      "percent": 0.00289,
      "usage": 490,
      "rank": 597
    }
  },
  "1760": {
    "2022-11": {
      "name": "Thievul",
      "percent": 0.00096,
      "usage": 146,
      "rank": 471
    },
    "2022-12": {
      "name": "Thievul",
      "percent": 0.0,
      "usage": 406,
      "rank": 691
    },
    "2023-01": {
      "name": "Thievul",
      "percent": 0.00042,
      "usage": 574,
      "rank": 558
    },