{
  "elos": [
    "0",
    "1500",
    "1630",
    "1760"
  ],
  "firstMonth": "2022-11",
  "0": {
    "2022-11": {
      "name": "Togekiss",
      "percent": 1.56149,
      "usage": 9229,
      "rank": 113
    },
    "2022-12": {
      "name": "Togekiss",
      "percent": 2.00109,
      "usage": 24591,
      "rank": 77
    },
    "2023-01": {
      "name": "Togekiss",
      "percent": 1.92789,
      "usage": 26178,
      "rank": 82
    },
    "2023-02": {
      "name": "Togekiss",
      "percent": 1.95853,
      "usage": 30564,
      "rank": 74
    },
    "2023-03": {
      "name": "Togekiss",
      "percent": 1.94298,
      "usage": 34268,
      "rank": 75
    },
    "2023-04": {
      "name": "Togekiss",
      "percent": 1.96575,
      "usage": 34599,
      "rank": 75
    },
    "2023-05": {
      "name": "Togekiss",
      "percent": 1.95898,
      "usage": 36562,
      "rank": 69
    },
    "2023-06": {
      "name": "Togekiss",
      "percent": 1.77945,
      "usage": 29919,
      "rank": 78
    },
    "2023-07": {
      "name": "Togekiss",
      "percent": 1.94026,
      "usage": 31403,
      "rank": 75
    },
    "2023-08": {
      "name": "Togekiss",
      "percent": 1.86939,
      "usage": 34394,
      "rank": 75
    },
    "2023-09": {
      "name": "Togekiss",
      "percent": 1.76284,
      "usage": 30227,
      "rank": 81
    },
    "2023-09-DLC1": {
      "name": "Togekiss",
      "percent": 1.7017,
      "usage": 14521,
      "rank": 87
    },
    "2023-10": {
      "name": "Togekiss",
      "percent": 1.92406,
      "usage": 30336,
      "rank": 75
    },
    "2023-11": {
      "name": "Togekiss",
      "percent": 2.02287,
      "usage": 27356,
      "rank": 77
    },
    "2023-12": {
      "name": "Togekiss",
      "percent": 1.83194,
      "usage": 23426,
      "rank": 85
    },
    "2023-12-DLC2": {
      "name": "Togekiss",
      "percent": 1.75759,
      "usage": 9629,
      "rank": 85
    },
    "2024-01": {
      "name": "Togekiss",
      "percent": 1.86445,
      "usage": 23013,
      "rank": 84
    },
    "2024-02": {
      "name": "Togekiss",
      "percent": 1.82035,
      "usage": 23571,
      "rank": 84
    },
    "2024-03": {
      "name": "Togekiss",
      "percent": 1.96928,
      "usage": 26503,
      "rank": 79
    },
    "2024-04": {
      "name": "Togekiss",
      "percent": 1.91438,
      "usage": 23280,
      "rank": 81
    },
    "2024-05": {
      "name": "Togekiss",
      "percent": 1.74843,
      "usage": 10458,
      "rank": 88
    },
    "2024-06": {
      "name": "Togekiss",
      "percent": 1.64446,
      "usage": 21457,
      "rank": 89
    }
  },
  "1500": {
    "2022-11": {
      "name": "Togekiss",
      "percent": 1.52699,
      "usage": 9229,
      "rank": 116
    },
    "2022-12": {
      "name": "Togekiss",
      "percent": 1.96204,
      "usage": 24591,
      "rank": 83
    },
    "2023-01": {
      "name": "Togekiss",
      "percent": 1.86232,
      "usage": 26178,
      "rank": 84
    },
    "2023-02": {
      "name": "Togekiss",
      "percent": 1.85256,
      "usage": 30564,
      "rank": 82
    },
    "2023-03": {
      "name": "Togekiss",
      "percent": 1.70877,
      "usage": 34268,
      "rank": 81
    },
    "2023-04": {
      "name": "Togekiss",
      "percent": 1.31251,
      "usage": 34599,
      "rank": 100
    },
    "2023-05": {
      "name": "Togekiss",
      "percent": 1.21545,
      "usage": 36562,
      "rank": 99
    },
    "2023-06": {
      "name": "Togekiss",
      "percent": 1.11071,
      "usage": 29919,
      "rank": 111
    },
    "2023-07": {
      "name": "Togekiss",
      "percent": 1.1614,
      "usage": 31403,
      "rank": 106
    },
    "2023-08": {
      "name": "Togekiss",
      "percent": 1.07371,
      "usage": 34394,
      "rank": 114
    },
    "2023-09": {
      "name": "Togekiss",
      "percent": 1.0562,
      "usage": 30227,
      "rank": 120
    },
    "2023-09-DLC1": {
      "name": "Togekiss",
      "percent": 1.01898,
      "usage": 14521,
      "rank": 119
    },
    "2023-10": {
      "name": "Togekiss",
      "percent": 1.26284,
      "usage": 30336,
      "rank": 104
    },
    "2023-11": {
      "name": "Togekiss",
      "percent": 1.35704,
      "usage": 27356,
      "rank": 103
    },
    "2023-12": {
      "name": "Togekiss",
      "percent": 1.11846,
      "usage": 23426,
      "rank": 116
    },
    "2023-12-DLC2": {
      "name": "Togekiss",
      "percent": 0.9873,
      "usage": 9629,
      "rank": 119
    },
    "2024-01": {
      "name": "Togekiss",
      "percent": 0.99907,
      "usage": 23013,
      "rank": 117
    },
    "2024-02": {
      "name": "Togekiss",
      "percent": 1.05419,
      "usage": 23571,
      "rank": 116
    },
    "2024-03": {
      "name": "Togekiss",
      "percent": 1.18848,
      "usage": 26503,
      "rank": 109
    },
    "2024-04": {
      "name": "Togekiss",
      "percent": 1.14285,
      "usage": 23280,
      "rank": 109
    },
    "2024-05": {
      "name": "Togekiss",
      "percent": 1.02195,
      "usage": 10458,
      "rank": 116
    },
    "2024-06": {
      "name": "Togekiss",
      "percent": 1.04245,
      "usage": 21457,
      "rank": 108
    }
  },
  "1630": {
    "2022-11": {
      "name": "Togekiss",
      "percent": 0.26076,
      "usage": 9229,
      "rank": 242
    },
    "2022-12": {
      "name": "Togekiss",
      "percent": 0.5479,
      "usage": 24591,
      "rank": 151
    },
    "2023-01": {
      "name": "Togekiss",
      "percent": 0.4669,
      "usage": 26178,
      "rank": 156
    },
    "2023-02": {
      "name": "Togekiss",
      "percent": 0.75625,
      "usage": 30564,
      "rank": 125
    },
    "2023-03": {
      "name": "Togekiss",
      "percent": 0.46992,
      "usage": 34268,
      "rank": 155
    },
    "2023-04": {
      "name": "Togekiss",
      "percent": 0.52599,
      "usage": 34599,
      "rank": 144
    },
    "2023-05": {
      "name": "Togekiss",
      "percent": 0.46256,
      "usage": 36562,
      "rank": 156
    },
    "2023-06": {
      "name": "Togekiss",
      "percent": 0.49099,
      "usage": 29919,
      "rank": 152
    },
    "2023-07": {
      "name": "Togekiss",
      "percent": 0.47725,
      "usage": 31403,
      "rank": 153
    },
    "2023-08": {
      "name": "Togekiss",
      "percent": 0.32688,
      "usage": 34394,
      "rank": 174
    },
    "2023-09": {
      "name": "Togekiss",
      "percent": 0.30419,
      "usage": 30227,
      "rank": 189
    },
    "2023-09-DLC1": {
      "name": "Togekiss",
      "percent": 0.3078,
      "usage": 14521,
      "rank": 187
    },
    "2023-10": {
      "name": "Togekiss",
      "percent": 0.61076,
      "usage": 30336,
      "rank": 141
    },
    "2023-11": {
      "name": "Togekiss",
      "percent": 0.88326,
      "usage": 27356,
      "rank": 118
    },
    "2023-12": {
      "name": "Togekiss",
      "percent": 0.5389,
      "usage": 23426,
      "rank": 150
    },
    "2023-12-DLC2": {
      "name": "Togekiss",
      "percent": 0.57422,
      "usage": 9629,
      "rank": 137
    },
    "2024-01": {
      "name": "Togekiss",
      "percent": 0.4856,
      "usage": 23013,
      "rank": 159
    },
    "2024-02": {
      "name": "Togekiss",
      "percent": 0.57348,
      "usage": 23571,
      "rank": 142
    },
    "2024-03": {
      "name": "Togekiss",
      "percent": 0.77021,
      "usage": 26503,
      "rank": 125
    },
    "2024-04": {
      "name": "Togekiss",
      "percent": 0.80931,
      "usage": 23280,
      "rank": 117
    },
    "2024-05": {
      "name": "Togekiss",
      "percent": 0.51014,
      "usage": 10458,
      "rank": 148
    },
    "2024-06": {
      "name": "Togekiss",
      "percent": 0.50332,
      "usage": 21457,
      "rank": 146
    }
  },
  "1760": {
    "2022-11": {
      "name": "Togekiss",
      "percent": 0.10328,
      "usage": 9229,
      "rank": 252
    },
    "2022-12": {
      "name": "Togekiss",
      "percent": 0.14735,
      "usage": 24591,