{
  "2023-09": {
    "name": "Chandelure",
    "percent": 0.03169,
    "usage": 2136,
    "rank": 175
  },
  "2023-09-DLC1": {
    "name": "Chandelure",
    "percent": 0.05522,
    "usage": 1972,
    "rank": 154
  },
  "2023-10": {
    "name": "Chandelure",
    "percent": 0.008,
    "usage": 1969,
    "rank": 224
  },
  "2023-11": {
    "name": "Chandelure",
    "percent": 0.00619,
    "usage": 1208,
    "rank": 249
  },
  "2023-12": {
    "name": "Chandelure",
    "percent": 0.01621,
    "usage": 1480,
    "rank": 228
  },
  "2023-12-DLC2": {
    "name": "Chandelure",
    "percent": 0.0089,
    "usage": 570,
    "rank": 243
  },
  "2024-01": {
    "name": "Chandelure",
    "percent": 0.00304,
    "usage": 1805,
    "rank": 323
  },
  "2024-02": {
    "name": "Chandelure",
    "percent": 0.00249,
    "usage": 1643,
    "rank": 318
  },
  "2024-03": {
    "name": "Chandelure",
    "percent": 0.00881,
    "usage": 1488,
    "rank": 232
  },
  "2024-04": {
    "name": "Chandelure",
    "percent": 0.00171,
    "usage": 1398,
    "rank": 326
  },
  "2024-05": {
    "name": "Chandelure",
    "percent": 0.00621,
    "usage": 729,
    "rank": 243
  },
  "2024-06": {
    "name": "Chandelure",
    "percent": 0.01174,
    "usage": 1397,
    "rank": 233
  }
}