{
  "2023-09": {
    "name": "Clefable",
    "percent": 10.26942,
    "usage": 212446,
    "rank": 17
  },
  "2023-09-DLC1": {
    "name": "Clefable",
    "percent": 13.50647,
    "usage": 174007,
    "rank": 15
  },
  "2023-10": {
    "name": "Clefable",
    "percent": 19.30183,
    "usage": 256641,
    "rank": 10
  },
  "2023-11": {
    "name": "Clefable",
    "percent": 17.29572,
    "usage": 161967,
    "rank": 8
  },
  "2023-12": {
    "name": "Clefable",
    "percent": 10.95249,
    "usage": 188478,
    "rank": 16
  },
  "2023-12-DLC2": {
    "name": "Clefable",
    "percent": 11.71728,
    "usage": 111289,
    "rank": 17
  },
  "2024-01": {
    "name": "Clefable",
    "percent": 9.70703,
    "usage": 252356,
    "rank": 24
  },
  "2024-02": {
    "name": "Clefable",
    "percent": 8.89092,
    "usage": 185439,
    "rank": 22
  },
  "2024-03": {
    "name": "Clefable",
    "percent": 10.15214,
    "usage": 174086,
    "rank": 19
  },
  "2024-04": {
    "name": "Clefable",
    "percent": 13.31812,
    "usage": 130998,
    "rank": 18
  },
  "2024-05": {
    "name": "Clefable",
    "percent": 6.89259,
    "usage": 53141,
    "rank": 30
  },
  "2024-06": {
    "name": "Clefable",
    "percent": 7.18687,
    "usage": 104430,
    "rank": 29
  }
}