{
  "2023-05": {
    "name": "Goodra-Hisui",
    "percent": 0.42569,
    "usage": 9179,
    "rank": 143
  },
  "2023-06": {
    "name": "Goodra-Hisui",
    "percent": 2.15832,
    "usage": 87153,
    "rank": 63
  },
  "2023-07": {
    "name": "Goodra-Hisui",
    "percent": 0.7719,
    "usage": 45928,
    "rank": 109
  },
  "2023-08": {
    "name": "Goodra-Hisui",
    "percent": 0.71256,
    "usage": 47836,
    "rank": 108
  },
  "2023-09": {
    "name": "Goodra-Hisui",
    "percent": 0.52783,
    "usage": 33709,
    "rank": 131
  },
  "2023-09-DLC1": {
    "name": "Goodra-Hisui",
    "percent": 0.54177,
    "usage": 16490,
    "rank": 131
  },
  "2023-10": {
    "name": "Goodra-Hisui",
    "percent": 0.92486,
    "usage": 30310,
    "rank": 105
  },
  "2023-11": {
    "name": "Goodra-Hisui",
    "percent": 0.75178,
    "usage": 25393,
    "rank": 117
  },
  "2023-12": {
    "name": "Goodra-Hisui",
    "percent": 0.82428,
    "usage": 28558,
    "rank": 122
  },
  "2023-12-DLC2": {
    "name": "Goodra-Hisui",
    "percent": 0.7808,
    "usage": 10948,
    "rank": 117
  },
  "2024-01": {
    "name": "Goodra-Hisui",
    "percent": 0.6051,
    "usage": 22221,
    "rank": 129
  },
  "2024-02": {
    "name": "Goodra-Hisui",
    "percent": 0.58187,
    "usage": 22760,
    "rank": 131
  },
  "2024-03": {
    "name": "Goodra-Hisui",
    "percent": 0.75575,
    "usage": 21285,
    "rank": 120
  },
  "2024-04": {
    "name": "Goodra-Hisui",
    "percent": 0.45791,
    "usage": 19077,
    "rank": 132
  },
  "2024-05": {
    "name": "Goodra-Hisui",
    "percent": 0.50726,
    "usage": 7136,
    "rank": 124
  },
  "2024-06": {
    "name": "Goodra-Hisui",
    "percent": 0.15979,
    "usage": 14676,
    "rank": 186
  }
}