{
  "2022-11": {
    "name": "Tapu Koko",
    "percent": 6.25749,
    "usage": 35122,
    "rank": 22
  },
  "2022-12": {
    "name": "Tapu Koko",
    "percent": 7.15204,
    "usage": 72147,
    "rank": 25
  },
  "2023-01": {
    "name": "Tapu Koko",
    "percent": 9.78895,
    "usage": 91314,
    "rank": 13
  },
  "2023-02": {
    "name": "Tapu Koko",
    "percent": 10.60592,
    "usage": 101364,
    "rank": 13
  },
  "2023-03": {
    "name": "Tapu Koko",
    "percent": 11.7122,
    "usage": 134102,
    "rank": 12
  },
  "2023-04": {
    "name": "Tapu Koko",
    "percent": 11.4489,
    "usage": 130735,
    "rank": 11
  },
  "2023-05": {
    "name": "Tapu Koko",
    "percent": 12.23074,
    "usage": 161116,
    "rank": 11
  },
  "2023-06": {
    "name": "Tapu Koko",
    "percent": 11.14931,
    "usage": 130210,
    "rank": 11
  },
  "2023-07": {
    "name": "Tapu Koko",
    "percent": 10.68052,
    "usage": 123550,
    "rank": 13
  },
  "2023-08": {
    "name": "Tapu Koko",
    "percent": 10.60667,
    "usage": 144022,
    "rank": 13
  },
  "2023-09": {
    "name": "Tapu Koko",
    "percent": 10.40684,
    "usage": 127193,
    "rank": 13
  },
  "2023-09-DLC1": {
    "name": "Tapu Koko",
    "percent": 9.4996,
    "usage": 56978,
    "rank": 17
  },
  "2023-10": {
    "name": "Tapu Koko",
    "percent": 11.11903,
    "usage": 120879,
    "rank": 11
  },
  "2023-11": {
    "name": "Tapu Koko",
    "percent": 11.02098,
    "usage": 107613,
    "rank": 13
  },
  "2023-12": {
    "name": "Tapu Koko",
    "percent": 12.55962,
    "usage": 109572,
    "rank": 4
  },
  "2023-12-DLC2": {
    "name": "Tapu Koko",
    "percent": 13.79394,
    "usage": 48447,
    "rank": 6
  },
  "2024-01": {
    "name": "Tapu Koko",
    "percent": 13.5029,
    "usage": 111382,
    "rank": 4
  },
  "2024-02": {
    "name": "Tapu Koko",
    "percent": 12.71063,
    "usage": 123389,
    "rank": 4
  },
  "2024-03": {
    "name": "Tapu Koko",
    "percent": 12.93063,
    "usage": 121387,
    "rank": 3
  },
  "2024-04": {
    "name": "Tapu Koko",
    "percent": 13.16791,
    "usage": 101261,
    "rank": 4
  },
  "2024-05": {
    "name": "Tapu Koko",
    "percent": 13.93573,
    "usage": 56032,
    "rank": 4
  },
  "2024-06": {
    "name": "Tapu Koko",
    "percent": 12.07487,
    "usage": 120498,
    "rank": 10
  }
}