{
  "2022-11": {
    "name": "Shinx",
    "percent": 0.31066,
    "usage": 272,
    "rank": 110
  },
  "2022-12": {
    "name": "Shinx",
    "percent": 0.52509,
    "usage": 657,
    "rank": 107
  },
  "2023-01": {
    "name": "Shinx",
    "percent": 0.54077,
    "usage": 619,
    "rank": 101
  },
  "2023-02": {
    "name": "Shinx",
    "percent": 0.54421,
    "usage": 446,
    "rank": 102
  },
  "2023-03": {
    "name": "Shinx",
    "percent": 0.54947,
    "usage": 379,
    "rank": 106
  },
  "2023-04": {
    "name": "Shinx",
    "percent": 0.46904,
    "usage": 463,
    "rank": 97
  },
  "2023-05": {
    "name": "Shinx",
    "percent": 0.39845,
    "usage": 393,
    "rank": 105
  },
  "2023-06": {
    "name": "Shinx",
    "percent": 0.30962,
    "usage": 318,
    "rank": 112
  },
  "2023-07": {
    "name": "Shinx",
    "percent": 0.4103,
    "usage": 395,
    "rank": 103
  },
  "2023-08": {
    "name": "Shinx",
    "percent": 0.40453,
    "usage": 352,
    "rank": 102
  },
  "2023-09": {
    "name": "Shinx",
    "percent": 0.57652,
    "usage": 373,
    "rank": 101
  },
  "2023-09-DLC1": {
    "name": "Shinx",
    "percent": 0.94135,
    "usage": 235,
    "rank": 82
  },
  "2023-10": {
    "name": "Shinx",
    "percent": 0.28558,
    "usage": 435,
    "rank": 130
  },
  "2023-11": {
    "name": "Shinx",
    "percent": 0.28247,
    "usage": 285,
    "rank": 133
  },
  "2023-12": {
    "name": "Shinx",
    "percent": 0.12946,
    "usage": 135,
    "rank": 184
  },
  "2023-12-DLC2": {
    "name": "Shinx",
    "percent": 0.11102,
    "usage": 50,
    "rank": 180
  },
  "2024-01": {
    "name": "Shinx",
    "percent": 0.17398,
    "usage": 231,
    "rank": 174
  },
  "2024-02": {
    "name": "Shinx",
    "percent": 0.43672,
    "usage": 259,
    "rank": 118
  },
  "2024-03": {
    "name": "Shinx",
    "percent": 0.3332,
    "usage": 220,
    "rank": 126
  },
  "2024-04": {
    "name": "Shinx",
    "percent": 0.07592,
    "usage": 142,
    "rank": 187
  },
  "2024-05": {
    "name": "Shinx",
    "percent": 0.12027,
    "usage": 56,
    "rank": 176
  },
  "2024-06": {
    "name": "Shinx",
    "percent": 0.08576,
    "usage": 59,
    "rank": 188
  }
}