{
  "2023-05": {
    "name": "Palkia",
    "percent": 0.03345,
    "usage": 232,
    "rank": 230
  },
  "2023-06": {
    "name": "Palkia",
    "percent": 0.06302,
    "usage": 3191,
    "rank": 187
  },
  "2023-07": {
    "name": "Palkia",
    "percent": 0.07288,
    "usage": 2726,
    "rank": 177
  },
  "2023-08": {
    "name": "Palkia",
    "percent": 0.15827,
    "usage": 2296,
    "rank": 143
  },
  "2023-09": {
    "name": "Palkia",
    "percent": 0.10994,
    "usage": 3156,
    "rank": 186
  },
  "2023-09-DLC1": {
    "name": "Palkia",
    "percent": 0.08964,
    "usage": 1517,
    "rank": 198
  },
  "2023-10": {
    "name": "Palkia",
    "percent": 0.11789,
    "usage": 3117,
    "rank": 160
  },
  "2023-11": {
    "name": "Palkia",
    "percent": 0.05542,
    "usage": 2697,
    "rank": 208
  },
  "2023-12": {
    "name": "Palkia",
    "percent": 0.16512,
    "usage": 1873,
    "rank": 157
  },
  "2023-12-DLC2": {
    "name": "Palkia",
    "percent": 0.23546,
    "usage": 739,
    "rank": 139
  },
  "2024-01": {
    "name": "Palkia",
    "percent": 0.07664,
    "usage": 2146,
    "rank": 203
  },
  "2024-02": {
    "name": "Palkia",
    "percent": 0.05712,
    "usage": 1861,
    "rank": 208
  },
  "2024-03": {
    "name": "Palkia",
    "percent": 0.03114,
    "usage": 2058,
    "rank": 261
  },
  "2024-04": {
    "name": "Palkia",
    "percent": 0.03708,
    "usage": 2309,
    "rank": 235
  },
  "2024-05": {
    "name": "Palkia",
    "percent": 0.01848,
    "usage": 788,
    "rank": 284
  },
  "2024-06": {
    "name": "Palkia",
    "percent": 0.23818,
    "usage": 2323,
    "rank": 116
  }
}