{
  "2022-11": {
    "name": "Boltund",
    "percent": 6e-05,
    "usage": 1454,
    "rank": 535
  },
  "2022-12": {
    "name": "Boltund",
    "percent": 0.14959,
    "usage": 3381,
    "rank": 183
  },
  "2023-01": {
    "name": "Boltund",
    "percent": 0.03442,
    "usage": 2806,
    "rank": 309
  },
  "2023-02": {
    "name": "Boltund",
    "percent": 0.00482,
    "usage": 4206,
    "rank": 485
  },
  "2023-03": {
    "name": "Boltund",
    "percent": 0.00348,
    "usage": 3663,
    "rank": 514
  },
  "2023-04": {
    "name": "Boltund",
    "percent": 0.00316,
    "usage": 3434,
    "rank": 538
  },
  "2023-05": {
    "name": "Boltund",
    "percent": 0.01965,
    "usage": 3901,
    "rank": 363
  },
  "2023-06": {
    "name": "Boltund",
    "percent": 0.00638,
    "usage": 2711,
    "rank": 431
  },
  "2023-07": {
    "name": "Boltund",
    "percent": 0.0062,
    "usage": 2926,
    "rank": 470
  },
  "2023-08": {
    "name": "Boltund",
    "percent": 0.00901,
    "usage": 3302,
    "rank": 426
  },
  "2023-09": {
    "name": "Boltund",
    "percent": 0.0065,
    "usage": 2286,
    "rank": 454
  },
  "2023-09-DLC1": {
    "name": "Boltund",
    "percent": 0.00242,
    "usage": 1123,
    "rank": 500
  },
  "2023-10": {
    "name": "Boltund",
    "percent": 0.01236,
    "usage": 3559,
    "rank": 404
  },
  "2023-11": {
    "name": "Boltund",
    "percent": 0.00712,
    "usage": 2580,
    "rank": 455
  },
  "2023-12": {
    "name": "Boltund",
    "percent": 0.00394,
    "usage": 2197,
    "rank": 483
  },
  "2023-12-DLC2": {
    "name": "Boltund",
    "percent": 0.00329,
    "usage": 973,
    "rank": 442
  },
  "2024-01": {
    "name": "Boltund",
    "percent": 0.00318,
    "usage": 2302,
    "rank": 498
  },
  "2024-02": {
    "name": "Boltund",
    "percent": 0.00124,
    "usage": 2281,
    "rank": 580
  },
  "2024-03": {
    "name": "Boltund",
    "percent": 0.00318,
    "usage": 2168,
    "rank": 520
  },
  "2024-04": {
    "name": "Boltund",
    "percent": 0.0019,
    "usage": 1831,
    "rank": 534
  },
  "2024-05": {
    "name": "Boltund",
    "percent": 0.00345,
    "usage": 661,
    "rank": 474
  },
  "2024-06": {
    "name": "Boltund",
    "percent": 0.00221,
    "usage": 1858,
    "rank": 500
  }
}