{
  "2022-11": {
    "name": "Girafarig",
    "percent": 49.89638,
    "usage": 37600,
    "rank": 1
  },
  "2022-12": {
    "name": "Girafarig",
    "percent": 58.84345,
    "usage": 64206,
    "rank": 1
  },
  "2023-01": {
    "name": "Girafarig",
    "percent": 64.27699,
    "usage": 61744,
    "rank": 1
  },
  "2023-02": {
    "name": "Girafarig",
    "percent": 0.01538,
    "usage": 9,
    "rank": 141
  }
}