{
  "2023-12": {
    "name": "Iron Crown",
    "percent": 3.68329,
    "usage": 137184,
    "rank": 53
  },
  "2023-12-DLC2": {
    "name": "Iron Crown",
    "percent": 5.24279,
    "usage": 112187,
    "rank": 38
  },
  "2024-01": {
    "name": "Iron Crown",
    "percent": 3.17007,
    "usage": 119256,
    "rank": 53
  },
  "2024-02": {
    "name": "Iron Crown",
    "percent": 1.75763,
    "usage": 49591,
    "rank": 70
  },
  "2024-03": {
    "name": "Iron Crown",
    "percent": 1.68527,
    "usage": 44831,
    "rank": 71
  },
  "2024-04": {
    "name": "Iron Crown",
    "percent": 2.38686,
    "usage": 55558,
    "rank": 58
  },
  "2024-05": {
    "name": "Iron Crown",
    "percent": 3.87732,
    "usage": 41284,
    "rank": 46
  },
  "2024-06": {
    "name": "Iron Crown",
    "percent": 3.09161,
    "usage": 63892,
    "rank": 52
  }
}