{
  "2023-09": {
    "name": "Munchlax",
    "percent": 2.44128,
    "usage": 1696,
    "rank": 45
  },
  "2023-09-DLC1": {
    "name": "Munchlax",
    "percent": 4.03899,
    "usage": 1468,
    "rank": 36
  },
  "2023-10": {
    "name": "Munchlax",
    "percent": 3.54946,
    "usage": 3346,
    "rank": 36
  },
  "2023-11": {
    "name": "Munchlax",
    "percent": 3.39825,
    "usage": 2532,
    "rank": 38
  },
  "2023-12": {
    "name": "Munchlax",
    "percent": 1.98969,
    "usage": 1741,
    "rank": 55
  },
  "2023-12-DLC2": {
    "name": "Munchlax",
    "percent": 1.32677,
    "usage": 665,
    "rank": 74
  },
  "2024-01": {
    "name": "Munchlax",
    "percent": 2.32671,
    "usage": 2116,
    "rank": 55
  },
  "2024-02": {
    "name": "Munchlax",
    "percent": 5.29746,
    "usage": 2856,
    "rank": 29
  },
  "2024-03": {
    "name": "Munchlax",
    "percent": 6.53912,
    "usage": 3100,
    "rank": 22
  },
  "2024-04": {
    "name": "Munchlax",
    "percent": 2.43305,
    "usage": 2098,
    "rank": 44
  },
  "2024-05": {
    "name": "Munchlax",
    "percent": 3.98171,
    "usage": 818,
    "rank": 32
  },
  "2024-06": {
    "name": "Munchlax",
    "percent": 5.0385,
    "usage": 1765,
    "rank": 26
  }
}