{
  "2023-05": {
    "name": "Eternatus",
    "percent": 1.65574,
    "usage": 2875,
    "rank": 65
  },
  "2023-06": {
    "name": "Eternatus",
    "percent": 8.13128,
    "usage": 23207,
    "rank": 18
  },
  "2023-07": {
    "name": "Eternatus",
    "percent": 8.63875,
    "usage": 18772,
    "rank": 19
  },
  "2023-08": {
    "name": "Eternatus",
    "percent": 9.41403,
    "usage": 20050,
    "rank": 18
  },
  "2023-09": {
    "name": "Eternatus",
    "percent": 8.56324,
    "usage": 18983,
    "rank": 17
  },
  "2023-09-DLC1": {
    "name": "Eternatus",
    "percent": 7.54518,
    "usage": 9594,
    "rank": 18
  },
  "2023-10": {
    "name": "Eternatus",
    "percent": 7.89842,
    "usage": 20779,
    "rank": 17
  },
  "2023-11": {
    "name": "Eternatus",
    "percent": 7.1458,
    "usage": 19054,
    "rank": 19
  },
  "2023-12": {
    "name": "Eternatus",
    "percent": 5.81163,
    "usage": 19634,
    "rank": 24
  },
  "2023-12-DLC2": {
    "name": "Eternatus",
    "percent": 5.44487,
    "usage": 9396,
    "rank": 22
  },
  "2024-01": {
    "name": "Eternatus",
    "percent": 6.18952,
    "usage": 22961,
    "rank": 17
  },
  "2024-02": {
    "name": "Eternatus",
    "percent": 5.72425,
    "usage": 19534,
    "rank": 22
  },
  "2024-03": {
    "name": "Eternatus",
    "percent": 6.07159,
    "usage": 23193,
    "rank": 21
  },
  "2024-04": {
    "name": "Eternatus",
    "percent": 6.40275,
    "usage": 20429,
    "rank": 16
  },
  "2024-05": {
    "name": "Eternatus",
    "percent": 7.16371,
    "usage": 11434,
    "rank": 14
  },
  "2024-06": {
    "name": "Eternatus",
    "percent": 7.37853,
    "usage": 22014,
    "rank": 13
  }
}