{
  "2022-11": {
    "name": "Pincurchin",
    "percent": 0.45801,
    "usage": 2725,
    "rank": 272
  },
  "2022-12": {
    "name": "Pincurchin",
    "percent": 0.30867,
    "usage": 3883,
    "rank": 336
  },
  "2023-01": {
    "name": "Pincurchin",
    "percent": 0.26308,
    "usage": 3742,
    "rank": 335
  },
  "2023-02": {
    "name": "Pincurchin",
    "percent": 0.22567,
    "usage": 3921,
    "rank": 361
  },
  "2023-03": {
    "name": "Pincurchin",
    "percent": 0.33706,
    "usage": 6681,
    "rank": 268
  },
  "2023-04": {
    "name": "Pincurchin",
    "percent": 0.18584,
    "usage": 4155,
    "rank": 306
  },
  "2023-05": {
    "name": "Pincurchin",
    "percent": 0.12429,
    "usage": 3579,
    "rank": 360
  },
  "2023-06": {
    "name": "Pincurchin",
    "percent": 0.11372,
    "usage": 3153,
    "rank": 362
  },
  "2023-07": {
    "name": "Pincurchin",
    "percent": 0.11276,
    "usage": 3392,
    "rank": 366
  },
  "2023-08": {
    "name": "Pincurchin",
    "percent": 0.12449,
    "usage": 3754,
    "rank": 342
  },
  "2023-09": {
    "name": "Pincurchin",
    "percent": 0.12384,
    "usage": 3980,
    "rank": 358
  },
  "2023-09-DLC1": {
    "name": "Pincurchin",
    "percent": 0.10178,
    "usage": 1659,
    "rank": 372
  },
  "2023-10": {
    "name": "Pincurchin",
    "percent": 0.11643,
    "usage": 3069,
    "rank": 365
  },
  "2023-11": {
    "name": "Pincurchin",
    "percent": 0.12987,
    "usage": 2845,
    "rank": 363
  },
  "2023-12": {
    "name": "Pincurchin",
    "percent": 0.14052,
    "usage": 2963,
    "rank": 344
  },
  "2023-12-DLC2": {
    "name": "Pincurchin",
    "percent": 0.16114,
    "usage": 1466,
    "rank": 304
  },
  "2024-01": {
    "name": "Pincurchin",
    "percent": 0.11445,
    "usage": 2409,
    "rank": 350
  },
  "2024-02": {
    "name": "Pincurchin",
    "percent": 0.10081,
    "usage": 2655,
    "rank": 361
  },
  "2024-03": {
    "name": "Pincurchin",
    "percent": 0.17551,
    "usage": 3614,
    "rank": 300
  },
  "2024-04": {
    "name": "Pincurchin",
    "percent": 0.11764,
    "usage": 3054,
    "rank": 353
  },
  "2024-05": {
    "name": "Pincurchin",
    "percent": 0.06085,
    "usage": 1022,
    "rank": 425
  },
  "2024-06": {
    "name": "Pincurchin",
    "percent": 0.06218,
    "usage": 1845,
    "rank": 405
  }
}