{
  "2022-11": {
    "name": "Blaziken",
    "percent": 1.5955,
    "usage": 9430,
    "rank": 109
  },
  "2022-12": {
    "name": "Blaziken",
    "percent": 2.42848,
    "usage": 29843,
    "rank": 62
  },
  "2023-01": {
    "name": "Blaziken",
    "percent": 2.16385,
    "usage": 29382,
    "rank": 69
  },
  "2023-02": {
    "name": "Blaziken",
    "percent": 2.66219,
    "usage": 41545,
    "rank": 52
  },
  "2023-03": {
    "name": "Blaziken",
    "percent": 2.58538,
    "usage": 45598,
    "rank": 56
  },
  "2023-04": {
    "name": "Blaziken",
    "percent": 3.70457,
    "usage": 65204,
    "rank": 40
  },
  "2023-05": {
    "name": "Blaziken",
    "percent": 3.55918,
    "usage": 66428,
    "rank": 41
  },
  "2023-06": {
    "name": "Blaziken",
    "percent": 2.55108,
    "usage": 42893,
    "rank": 55
  },
  "2023-07": {
    "name": "Blaziken",
    "percent": 2.59315,
    "usage": 41970,
    "rank": 48
  },
  "2023-08": {
    "name": "Blaziken",
    "percent": 2.85914,
    "usage": 52604,
    "rank": 43
  },
  "2023-09": {
    "name": "Blaziken",
    "percent": 3.39253,
    "usage": 58171,
    "rank": 43
  },
  "2023-09-DLC1": {
    "name": "Blaziken",
    "percent": 3.43703,
    "usage": 29329,
    "rank": 44
  },
  "2023-10": {
    "name": "Blaziken",
    "percent": 3.5487,
    "usage": 55951,
    "rank": 40
  },
  "2023-11": {
    "name": "Blaziken",
    "percent": 3.41431,
    "usage": 46173,
    "rank": 41
  },
  "2023-12": {
    "name": "Blaziken",
    "percent": 3.36711,
    "usage": 43057,
    "rank": 45
  },
  "2023-12-DLC2": {
    "name": "Blaziken",
    "percent": 3.2162,
    "usage": 17620,
    "rank": 48
  },
  "2024-01": {
    "name": "Blaziken",
    "percent": 2.81705,
    "usage": 34771,
    "rank": 57
  },
  "2024-02": {
    "name": "Blaziken",
    "percent": 2.49602,
    "usage": 32320,
    "rank": 62
  },
  "2024-03": {
    "name": "Blaziken",
    "percent": 2.76954,
    "usage": 37273,
    "rank": 58
  },
  "2024-04": {
    "name": "Blaziken",
    "percent": 2.51188,
    "usage": 30546,
    "rank": 62
  },
  "2024-05": {
    "name": "Blaziken",
    "percent": 2.3819,
    "usage": 14247,
    "rank": 69
  },
  "2024-06": {
    "name": "Blaziken",
    "percent": 2.09717,
    "usage": 27364,
    "rank": 74
  }
}