{
  "2023-12": {
    "name": "Reuniclus",
    "percent": 0.04221,
    "usage": 1535,
    "rank": 387
  },
  "2023-12-DLC2": {
    "name": "Reuniclus",
    "percent": 0.08171,
    "usage": 1387,
    "rank": 335
  },
  "2024-01": {
    "name": "Reuniclus",
    "percent": 0.08907,
    "usage": 2498,
    "rank": 317
  },
  "2024-02": {
    "name": "Reuniclus",
    "percent": 0.08892,
    "usage": 2709,
    "rank": 314
  },
  "2024-03": {
    "name": "Reuniclus",
    "percent": 0.11167,
    "usage": 2345,
    "rank": 301
  },
  "2024-04": {
    "name": "Reuniclus",
    "percent": 0.07056,
    "usage": 1793,
    "rank": 328
  },
  "2024-05": {
    "name": "Reuniclus",
    "percent": 0.04278,
    "usage": 669,
    "rank": 370
  },
  "2024-06": {
    "name": "Reuniclus",
    "percent": 0.08136,
    "usage": 1092,
    "rank": 303
  }
}