{
  "2022-11": {
    "name": "Pawmi",
    "percent": 0.96174,
    "usage": 740,
    "rank": 87
  },
  "2022-12": {
    "name": "Pawmi",
    "percent": 0.87746,
    "usage": 986,
    "rank": 93
  },
  "2023-01": {
    "name": "Pawmi",
    "percent": 0.6362,
    "usage": 632,
    "rank": 99
  },
  "2023-02": {
    "name": "Pawmi",
    "percent": 0.60596,
    "usage": 393,
    "rank": 103
  },
  "2023-03": {
    "name": "Pawmi",
    "percent": 0.9638,
    "usage": 524,
    "rank": 91
  },
  "2023-04": {
    "name": "Pawmi",
    "percent": 0.49836,
    "usage": 262,
    "rank": 112
  },
  "2023-05": {
    "name": "Pawmi",
    "percent": 0.42673,
    "usage": 230,
    "rank": 119
  },
  "2023-06": {
    "name": "Pawmi",
    "percent": 0.3569,
    "usage": 148,
    "rank": 130
  },
  "2023-07": {
    "name": "Pawmi",
    "percent": 0.44484,
    "usage": 187,
    "rank": 122
  },
  "2023-08": {
    "name": "Pawmi",
    "percent": 0.22777,
    "usage": 129,
    "rank": 133
  },
  "2023-09": {
    "name": "Pawmi",
    "percent": 0.17854,
    "usage": 102,
    "rank": 165
  },
  "2023-09-DLC1": {
    "name": "Pawmi",
    "percent": 0.21599,
    "usage": 65,
    "rank": 158
  },
  "2023-10": {
    "name": "Pawmi",
    "percent": 0.18168,
    "usage": 127,
    "rank": 161
  },
  "2023-11": {
    "name": "Pawmi",
    "percent": 0.1686,
    "usage": 75,
    "rank": 161
  },
  "2023-12": {
    "name": "Pawmi",
    "percent": 0.24787,
    "usage": 111,
    "rank": 181
  },
  "2023-12-DLC2": {
    "name": "Pawmi",
    "percent": 0.18998,
    "usage": 43,
    "rank": 188
  },
  "2024-01": {
    "name": "Pawmi",
    "percent": 0.10779,
    "usage": 59,
    "rank": 205
  },
  "2024-02": {
    "name": "Pawmi",
    "percent": 0.24665,
    "usage": 105,
    "rank": 174
  },
  "2024-03": {
    "name": "Pawmi",
    "percent": 0.14018,
    "usage": 63,
    "rank": 199
  },
  "2024-04": {
    "name": "Pawmi",
    "percent": 0.17399,
    "usage": 99,
    "rank": 183
  },
  "2024-05": {
    "name": "Pawmi",
    "percent": 0.19033,
    "usage": 33,
    "rank": 182
  },
  "2024-06": {
    "name": "Pawmi",
    "percent": 0.13916,
    "usage": 44,
    "rank": 194
  }
}