{
  "2022-11": {
    "name": "Pawmi",
    "percent": 0.06082,
    "usage": 740,
    "rank": 74
  },
  "2022-12": {
    "name": "Pawmi",
    "percent": 0.132,
    "usage": 986,
    "rank": 60
  },
  "2023-01": {
    "name": "Pawmi",
    "percent": 0.0187,
    "usage": 632,
    "rank": 83
  },
  "2023-02": {
    "name": "Pawmi",
    "percent": 0.0007,
    "usage": 393,
    "rank": 118
  },
  "2023-03": {
    "name": "Pawmi",
    "percent": 0.00621,
    "usage": 524,
    "rank": 115
  },
  "2023-04": {
    "name": "Pawmi",
    "percent": 0.00176,
    "usage": 262,
    "rank": 133
  },
  "2023-05": {
    "name": "Pawmi",
    "percent": 0.00339,
    "usage": 230,
    "rank": 136
  },
  "2023-06": {
    "name": "Pawmi",
    "percent": 0.00357,
    "usage": 148,
    "rank": 137
  },
  "2023-07": {
    "name": "Pawmi",
    "percent": 0.00065,
    "usage": 187,
    "rank": 137
  },
  "2023-08": {
    "name": "Pawmi",
    "percent": 0.0001,
    "usage": 129,
    "rank": 142
  },
  "2023-09": {
    "name": "Pawmi",
    "percent": 0.00531,
    "usage": 102,
    "rank": 147
  },
  "2023-09-DLC1": {
    "name": "Pawmi",
    "percent": 0.00994,
    "usage": 65,
    "rank": 130
  },
  "2023-10": {
    "name": "Pawmi",
    "percent": 0.00039,
    "usage": 127,
    "rank": 167
  },
  "2023-11": {
    "name": "Pawmi",
    "percent": 0.00277,
    "usage": 75,
    "rank": 157
  },
  "2023-12": {
    "name": "Pawmi",
    "percent": 0.00175,
    "usage": 111,
    "rank": 185
  },
  "2023-12-DLC2": {
    "name": "Pawmi",
    "percent": 0.00011,
    "usage": 43,
    "rank": 204
  },
  "2024-01": {
    "name": "Pawmi",
    "percent": 0.0,
    "usage": 59,
    "rank": 221
  },
  "2024-02": {
    "name": "Pawmi",
    "percent": 0.00017,
    "usage": 105,
    "rank": 206
  },
  "2024-03": {
    "name": "Pawmi",
    "percent": 0.00128,
    "usage": 63,
    "rank": 186
  },
  "2024-04": {
    "name": "Pawmi",
    "percent": 3e-05,
    "usage": 99,
    "rank": 213
  },
  "2024-05": {
    "name": "Pawmi",
    "percent": 0.00113,
    "usage": 33,
    "rank": 168
  },
  "2024-06": {
    "name": "Pawmi",
    "percent": 0.00174,
    "usage": 44,
    "rank": 173
  }
}