{
  "2023-12": {
    "name": "Minun",
    "percent": 0.05947,
    "usage": 256,
    "rank": 512
  },
  "2023-12-DLC2": {
    "name": "Minun",
    "percent": 0.12183,
    "usage": 243,
    "rank": 451
  },
  "2024-01": {
    "name": "Minun",
    "percent": 0.10068,
    "usage": 495,
    "rank": 467
  },
  "2024-02": {
    "name": "Minun",
    "percent": 0.04417,
    "usage": 202,
    "rank": 534
  },
  "2024-03": {
    "name": "Minun",
    "percent": 0.0423,
    "usage": 201,
    "rank": 545
  },
  "2024-04": {
    "name": "Minun",
    "percent": 0.03611,
    "usage": 162,
    "rank": 556
  },
  "2024-05": {
    "name": "Minun",
    "percent": 0.04147,
    "usage": 88,
    "rank": 537
  },
  "2024-06": {
    "name": "Minun",
    "percent": 0.04382,
    "usage": 160,
    "rank": 532
  }
}