{
  "2023-09": {
    "name": "Dusclops",
    "percent": 0.27008,
    "usage": 1530,
    "rank": 313
  },
  "2023-09-DLC1": {
    "name": "Dusclops",
    "percent": 0.40403,
    "usage": 1312,
    "rank": 262
  },
  "2023-10": {
    "name": "Dusclops",
    "percent": 0.33335,
    "usage": 2060,
    "rank": 287
  },
  "2023-11": {
    "name": "Dusclops",
    "percent": 0.29706,
    "usage": 1473,
    "rank": 310
  },
  "2023-12": {
    "name": "Dusclops",
    "percent": 0.28224,
    "usage": 1215,
    "rank": 354
  },
  "2023-12-DLC2": {
    "name": "Dusclops",
    "percent": 0.21809,
    "usage": 435,
    "rank": 387
  },
  "2024-01": {
    "name": "Dusclops",
    "percent": 0.23715,
    "usage": 1166,
    "rank": 367
  },
  "2024-02": {
    "name": "Dusclops",
    "percent": 0.39552,
    "usage": 1809,
    "rank": 289
  },
  "2024-03": {
    "name": "Dusclops",
    "percent": 0.27419,
    "usage": 1303,
    "rank": 353
  },
  "2024-04": {
    "name": "Dusclops",
    "percent": 0.21733,
    "usage": 975,
    "rank": 393
  },
  "2024-05": {
    "name": "Dusclops",
    "percent": 0.26816,
    "usage": 569,
    "rank": 348
  },
  "2024-06": {
    "name": "Dusclops",
    "percent": 0.4963,
    "usage": 1812,
    "rank": 240
  }
}