{
  "2023-09": {
    "name": "Dusclops",
    "percent": 0.0086,
    "usage": 1530,
    "rank": 356
  },
  "2023-09-DLC1": {
    "name": "Dusclops",
    "percent": 0.01325,
    "usage": 1312,
    "rank": 323
  },
  "2023-10": {
    "name": "Dusclops",
    "percent": 0.04295,
    "usage": 2060,
    "rank": 234
  },
  "2023-11": {
    "name": "Dusclops",
    "percent": 0.04242,
    "usage": 1473,
    "rank": 228
  },
  "2023-12": {
    "name": "Dusclops",
    "percent": 0.16437,
    "usage": 1215,
    "rank": 159
  },
  "2023-12-DLC2": {
    "name": "Dusclops",
    "percent": 0.24768,
    "usage": 435,
    "rank": 136
  },
  "2024-01": {
    "name": "Dusclops",
    "percent": 0.01552,
    "usage": 1166,
    "rank": 325
  },
  "2024-02": {
    "name": "Dusclops",
    "percent": 0.00759,
    "usage": 1809,
    "rank": 377
  },
  "2024-03": {
    "name": "Dusclops",
    "percent": 0.00568,
    "usage": 1303,
    "rank": 419
  },
  "2024-04": {
    "name": "Dusclops",
    "percent": 0.01289,
    "usage": 975,
    "rank": 320
  },
  "2024-05": {
    "name": "Dusclops",
    "percent": 0.00735,
    "usage": 569,
    "rank": 352
  },
  "2024-06": {
    "name": "Dusclops",
    "percent": 0.00554,
    "usage": 1812,
    "rank": 378
  }
}