{
  "2022-11": {
    "name": "Manaphy",
    "percent": 0.50927,
    "usage": 3010,
    "rank": 263
  },
  "2022-12": {
    "name": "Manaphy",
    "percent": 0.81066,
    "usage": 9962,
    "rank": 180
  },
  "2023-01": {
    "name": "Manaphy",
    "percent": 1.29741,
    "usage": 17617,
    "rank": 119
  },
  "2023-02": {
    "name": "Manaphy",
    "percent": 1.27102,
    "usage": 19835,
    "rank": 116
  },
  "2023-03": {
    "name": "Manaphy",
    "percent": 1.03828,
    "usage": 18312,
    "rank": 137
  },
  "2023-04": {
    "name": "Manaphy",
    "percent": 1.04409,
    "usage": 18377,
    "rank": 133
  },
  "2023-05": {
    "name": "Manaphy",
    "percent": 1.27648,
    "usage": 23824,
    "rank": 105
  },
  "2023-06": {
    "name": "Manaphy",
    "percent": 1.07508,
    "usage": 18076,
    "rank": 127
  },
  "2023-07": {
    "name": "Manaphy",
    "percent": 1.05759,
    "usage": 17117,
    "rank": 129
  },
  "2023-08": {
    "name": "Manaphy",
    "percent": 1.39071,
    "usage": 25587,
    "rank": 103
  },
  "2023-09": {
    "name": "Manaphy",
    "percent": 1.53994,
    "usage": 26405,
    "rank": 95
  },
  "2023-09-DLC1": {
    "name": "Manaphy",
    "percent": 1.68213,
    "usage": 14354,
    "rank": 88
  },
  "2023-10": {
    "name": "Manaphy",
    "percent": 1.47527,
    "usage": 23260,
    "rank": 106
  },
  "2023-11": {
    "name": "Manaphy",
    "percent": 1.20724,
    "usage": 16326,
    "rank": 129
  },
  "2023-12": {
    "name": "Manaphy",
    "percent": 1.09106,
    "usage": 13952,
    "rank": 141
  },
  "2023-12-DLC2": {
    "name": "Manaphy",
    "percent": 0.99114,
    "usage": 5430,
    "rank": 143
  },
  "2024-01": {
    "name": "Manaphy",
    "percent": 0.78222,
    "usage": 9655,
    "rank": 169
  },
  "2024-02": {
    "name": "Manaphy",
    "percent": 0.82835,
    "usage": 10726,
    "rank": 156
  },
  "2024-03": {
    "name": "Manaphy",
    "percent": 0.90086,
    "usage": 12124,
    "rank": 155
  },
  "2024-04": {
    "name": "Manaphy",
    "percent": 0.91961,
    "usage": 11183,
    "rank": 152
  },
  "2024-05": {
    "name": "Manaphy",
    "percent": 1.00696,
    "usage": 6023,
    "rank": 138
  },
  "2024-06": {
    "name": "Manaphy",
    "percent": 0.87407,
    "usage": 11405,
    "rank": 149
  }
}