{
  "2022-11": {
    "name": "Manaphy",
    "percent": 0.59769,
    "usage": 3010,
    "rank": 163
  },
  "2022-12": {
    "name": "Manaphy",
    "percent": 2.16073,
    "usage": 9962,
    "rank": 72
  },
  "2023-01": {
    "name": "Manaphy",
    "percent": 1.99356,
    "usage": 17617,
    "rank": 74
  },
  "2023-02": {
    "name": "Manaphy",
    "percent": 1.60953,
    "usage": 19835,
    "rank": 79
  },
  "2023-03": {
    "name": "Manaphy",
    "percent": 1.2235,
    "usage": 18312,
    "rank": 92
  },
  "2023-04": {
    "name": "Manaphy",
    "percent": 0.9863,
    "usage": 18377,
    "rank": 104
  },
  "2023-05": {
    "name": "Manaphy",
    "percent": 1.40599,
    "usage": 23824,
    "rank": 84
  },
  "2023-06": {
    "name": "Manaphy",
    "percent": 1.30952,
    "usage": 18076,
    "rank": 89
  },
  "2023-07": {
    "name": "Manaphy",
    "percent": 1.26178,
    "usage": 17117,
    "rank": 92
  },
  "2023-08": {
    "name": "Manaphy",
    "percent": 1.65873,
    "usage": 25587,
    "rank": 81
  },
  "2023-09": {
    "name": "Manaphy",
    "percent": 1.98041,
    "usage": 26405,
    "rank": 74
  },
  "2023-09-DLC1": {
    "name": "Manaphy",
    "percent": 2.05985,
    "usage": 14354,
    "rank": 70
  },
  "2023-10": {
    "name": "Manaphy",
    "percent": 1.74332,
    "usage": 23260,
    "rank": 84
  },
  "2023-11": {
    "name": "Manaphy",
    "percent": 1.27141,
    "usage": 16326,
    "rank": 98
  },
  "2023-12": {
    "name": "Manaphy",
    "percent": 0.85365,
    "usage": 13952,
    "rank": 122
  },
  "2023-12-DLC2": {
    "name": "Manaphy",
    "percent": 0.72987,
    "usage": 5430,
    "rank": 122
  },
  "2024-01": {
    "name": "Manaphy",
    "percent": 0.85433,
    "usage": 9655,
    "rank": 113
  },
  "2024-02": {
    "name": "Manaphy",
    "percent": 0.79348,
    "usage": 10726,
    "rank": 117
  },
  "2024-03": {
    "name": "Manaphy",
    "percent": 0.83744,
    "usage": 12124,
    "rank": 121
  },
  "2024-04": {
    "name": "Manaphy",
    "percent": 0.67433,
    "usage": 11183,
    "rank": 131
  },
  "2024-05": {
    "name": "Manaphy",
    "percent": 0.53683,
    "usage": 6023,
    "rank": 147
  },
  "2024-06": {
    "name": "Manaphy",
    "percent": 0.80667,
    "usage": 11405,
    "rank": 114
  }
}