{
  "2022-11": {
    "name": "Shellos",
    "percent": 0.98598,
    "usage": 1673,
    "rank": 57
  },
  "2022-12": {
    "name": "Shellos",
    "percent": 1.3916,
    "usage": 3088,
    "rank": 50
  },
  "2023-01": {
    "name": "Shellos",
    "percent": 5.4412,
    "usage": 2572,
    "rank": 26
  },
  "2023-02": {
    "name": "Shellos",
    "percent": 4.66793,
    "usage": 2255,
    "rank": 32
  },
  "2023-03": {
    "name": "Shellos",
    "percent": 4.6029,
    "usage": 1777,
    "rank": 28
  },
  "2023-04": {
    "name": "Shellos",
    "percent": 4.30072,
    "usage": 1366,
    "rank": 32
  },
  "2023-05": {
    "name": "Shellos",
    "percent": 3.18784,
    "usage": 1312,
    "rank": 39
  },
  "2023-06": {
    "name": "Shellos",
    "percent": 2.96222,
    "usage": 936,
    "rank": 38
  },
  "2023-07": {
    "name": "Shellos",
    "percent": 5.3601,
    "usage": 1217,
    "rank": 26
  },
  "2023-08": {
    "name": "Shellos",
    "percent": 9.98746,
    "usage": 2544,
    "rank": 19
  },
  "2023-09": {
    "name": "Shellos",
    "percent": 8.00287,
    "usage": 2723,
    "rank": 22
  },
  "2023-09-DLC1": {
    "name": "Shellos",
    "percent": 4.12728,
    "usage": 881,
    "rank": 33
  },
  "2023-10": {
    "name": "Shellos",
    "percent": 2.41617,
    "usage": 1679,
    "rank": 39
  },
  "2023-11": {
    "name": "Shellos",
    "percent": 5.62543,
    "usage": 1526,
    "rank": 30
  },
  "2023-12": {
    "name": "Shellos",
    "percent": 3.60458,
    "usage": 1152,
    "rank": 40
  },
  "2023-12-DLC2": {
    "name": "Shellos",
    "percent": 4.08325,
    "usage": 510,
    "rank": 37
  },
  "2024-01": {
    "name": "Shellos",
    "percent": 4.35679,
    "usage": 1383,
    "rank": 32
  },
  "2024-02": {
    "name": "Shellos",
    "percent": 4.35937,
    "usage": 1212,
    "rank": 36
  },
  "2024-03": {
    "name": "Shellos",
    "percent": 6.35716,
    "usage": 1229,
    "rank": 19
  },
  "2024-04": {
    "name": "Shellos",
    "percent": 2.53252,
    "usage": 1191,
    "rank": 37
  },
  "2024-05": {
    "name": "Shellos",
    "percent": 2.40743,
    "usage": 352,
    "rank": 43
  },
  "2024-06": {
    "name": "Shellos",
    "percent": 4.94269,
    "usage": 788,
    "rank": 31
  }
}