{
  "2022-11": {
    "name": "Gligar",
    "percent": 0.0,
    "usage": 109,
    "rank": 557
  },
  "2022-12": {
    "name": "Gligar",
    "percent": 0.0001,
    "usage": 411,
    "rank": 576
  },
  "2023-01": {
    "name": "Gligar",
    "percent": 0.00099,
    "usage": 725,
    "rank": 522
  },
  "2023-02": {
    "name": "Gligar",
    "percent": 0.05988,
    "usage": 678,
    "rank": 284
  },
  "2023-03": {
    "name": "Gligar",
    "percent": 0.00227,
    "usage": 772,
    "rank": 562
  },
  "2023-04": {
    "name": "Gligar",
    "percent": 0.00552,
    "usage": 1069,
    "rank": 484
  },
  "2023-05": {
    "name": "Gligar",
    "percent": 0.00181,
    "usage": 906,
    "rank": 582
  },
  "2023-06": {
    "name": "Gligar",
    "percent": 0.00454,
    "usage": 732,
    "rank": 469
  },
  "2023-07": {
    "name": "Gligar",
    "percent": 0.00346,
    "usage": 1053,
    "rank": 517
  },
  "2023-08": {
    "name": "Gligar",
    "percent": 0.00717,
    "usage": 1074,
    "rank": 461
  },
  "2023-09": {
    "name": "Gligar",
    "percent": 0.00113,
    "usage": 1183,
    "rank": 590
  },
  "2023-09-DLC1": {
    "name": "Gligar",
    "percent": 0.00061,
    "usage": 708,
    "rank": 602
  },
  "2023-10": {
    "name": "Gligar",
    "percent": 0.00731,
    "usage": 2124,
    "rank": 456
  },
  "2023-11": {
    "name": "Gligar",
    "percent": 0.00245,
    "usage": 1237,
    "rank": 535
  },
  "2023-12": {
    "name": "Gligar",
    "percent": 0.00538,
    "usage": 1043,
    "rank": 457
  },
  "2023-12-DLC2": {
    "name": "Gligar",
    "percent": 0.00689,
    "usage": 313,
    "rank": 380
  },
  "2024-01": {
    "name": "Gligar",
    "percent": 0.0063,
    "usage": 871,
    "rank": 433
  },
  "2024-02": {
    "name": "Gligar",
    "percent": 0.00365,
    "usage": 778,
    "rank": 489
  },
  "2024-03": {
    "name": "Gligar",
    "percent": 0.00701,
    "usage": 816,
    "rank": 445
  },
  "2024-04": {
    "name": "Gligar",
    "percent": 0.00444,
    "usage": 808,
    "rank": 459
  },
  "2024-05": {
    "name": "Gligar",
    "percent": 0.00181,
    "usage": 300,
    "rank": 518
  },
  "2024-06": {
    "name": "Gligar",
    "percent": 0.00128,
    "usage": 811,
    "rank": 524
  }
}