{
  "2022-11": {
    "name": "Scream Tail",
    "percent": 0.0405,
    "usage": 4598,
    "rank": 314
  },
  "2022-12": {
    "name": "Scream Tail",
    "percent": 0.43484,
    "usage": 7182,
    "rank": 136
  },
  "2023-01": {
    "name": "Scream Tail",
    "percent": 0.17616,
    "usage": 8599,
    "rank": 184
  },
  "2023-02": {
    "name": "Scream Tail",
    "percent": 0.89021,
    "usage": 6580,
    "rank": 107
  },
  "2023-03": {
    "name": "Scream Tail",
    "percent": 0.38961,
    "usage": 7456,
    "rank": 152
  },
  "2023-04": {
    "name": "Scream Tail",
    "percent": 0.18333,
    "usage": 6152,
    "rank": 191
  },
  "2023-05": {
    "name": "Scream Tail",
    "percent": 0.36458,
    "usage": 5392,
    "rank": 152
  },
  "2023-06": {
    "name": "Scream Tail",
    "percent": 1.08865,
    "usage": 6140,
    "rank": 99
  },
  "2023-07": {
    "name": "Scream Tail",
    "percent": 0.72959,
    "usage": 4796,
    "rank": 112
  },
  "2023-08": {
    "name": "Scream Tail",
    "percent": 0.42437,
    "usage": 5992,
    "rank": 139
  },
  "2023-09": {
    "name": "Scream Tail",
    "percent": 0.48321,
    "usage": 5619,
    "rank": 137
  },
  "2023-09-DLC1": {
    "name": "Scream Tail",
    "percent": 0.33443,
    "usage": 2778,
    "rank": 156
  },
  "2023-10": {
    "name": "Scream Tail",
    "percent": 0.11253,
    "usage": 4500,
    "rank": 224
  },
  "2023-11": {
    "name": "Scream Tail",
    "percent": 0.17809,
    "usage": 3755,
    "rank": 199
  },
  "2023-12": {
    "name": "Scream Tail",
    "percent": 0.20379,
    "usage": 2989,
    "rank": 182
  },
  "2023-12-DLC2": {
    "name": "Scream Tail",
    "percent": 0.35766,
    "usage": 1462,
    "rank": 142
  },
  "2024-01": {
    "name": "Scream Tail",
    "percent": 0.08038,
    "usage": 3649,
    "rank": 215
  },
  "2024-02": {
    "name": "Scream Tail",
    "percent": 0.40462,
    "usage": 4142,
    "rank": 148
  },
  "2024-03": {
    "name": "Scream Tail",
    "percent": 0.23051,
    "usage": 3240,
    "rank": 181
  },
  "2024-04": {
    "name": "Scream Tail",
    "percent": 0.03305,
    "usage": 2745,
    "rank": 279
  },
  "2024-05": {
    "name": "Scream Tail",
    "percent": 0.03094,
    "usage": 1596,
    "rank": 288
  },
  "2024-06": {
    "name": "Scream Tail",
    "percent": 0.03898,
    "usage": 2328,
    "rank": 260
  }
}