{
  "2023-12": {
    "name": "Flygon",
    "percent": 0.0824,
    "usage": 636,
    "rank": 314
  },
  "2023-12-DLC2": {
    "name": "Flygon",
    "percent": 0.1266,
    "usage": 564,
    "rank": 266
  },
  "2024-01": {
    "name": "Flygon",
    "percent": 0.11887,
    "usage": 863,
    "rank": 287
  },
  "2024-02": {
    "name": "Flygon",
    "percent": 0.08402,
    "usage": 673,
    "rank": 302
  },
  "2024-03": {
    "name": "Flygon",
    "percent": 0.11045,
    "usage": 923,
    "rank": 270
  },
  "2024-04": {
    "name": "Flygon",
    "percent": 0.12597,
    "usage": 802,
    "rank": 258
  },
  "2024-05": {
    "name": "Flygon",
    "percent": 0.07836,
    "usage": 340,
    "rank": 310
  },
  "2024-06": {
    "name": "Flygon",
    "percent": 0.21855,
    "usage": 1152,
    "rank": 214
  }
}