{
  "2022-11": {
    "name": "Dugtrio",
    "percent": 0.28548,
    "usage": 14453,
    "rank": 143
  },
  "2022-12": {
    "name": "Dugtrio",
    "percent": 0.0938,
    "usage": 6351,
    "rank": 186
  },
  "2023-01": {
    "name": "Dugtrio",
    "percent": 0.08888,
    "usage": 3890,
    "rank": 194
  },
  "2023-02": {
    "name": "Dugtrio",
    "percent": 0.07123,
    "usage": 2089,
    "rank": 201
  },
  "2023-03": {
    "name": "Dugtrio",
    "percent": 0.10409,
    "usage": 3147,
    "rank": 185
  },
  "2023-04": {
    "name": "Dugtrio",
    "percent": 0.11733,
    "usage": 2803,
    "rank": 189
  },
  "2023-05": {
    "name": "Dugtrio",
    "percent": 0.09375,
    "usage": 2405,
    "rank": 239
  },
  "2023-06": {
    "name": "Dugtrio",
    "percent": 0.03146,
    "usage": 1258,
    "rank": 268
  },
  "2023-07": {
    "name": "Dugtrio",
    "percent": 0.04413,
    "usage": 1180,
    "rank": 260
  },
  "2023-08": {
    "name": "Dugtrio",
    "percent": 0.04831,
    "usage": 1208,
    "rank": 257
  },
  "2023-09": {
    "name": "Dugtrio",
    "percent": 0.04668,
    "usage": 1785,
    "rank": 302
  },
  "2023-09-DLC1": {
    "name": "Dugtrio",
    "percent": 0.04606,
    "usage": 1110,
    "rank": 297
  },
  "2023-10": {
    "name": "Dugtrio",
    "percent": 0.04131,
    "usage": 1412,
    "rank": 310
  },
  "2023-11": {
    "name": "Dugtrio",
    "percent": 0.04091,
    "usage": 1096,
    "rank": 319
  },
  "2023-12": {
    "name": "Dugtrio",
    "percent": 0.0378,
    "usage": 1408,
    "rank": 379
  },
  "2023-12-DLC2": {
    "name": "Dugtrio",
    "percent": 0.03435,
    "usage": 735,
    "rank": 370
  },
  "2024-01": {
    "name": "Dugtrio",
    "percent": 0.04048,
    "usage": 1523,
    "rank": 367
  },
  "2024-02": {
    "name": "Dugtrio",
    "percent": 0.04189,
    "usage": 1182,
    "rank": 382
  },
  "2024-03": {
    "name": "Dugtrio",
    "percent": 0.04522,
    "usage": 1203,
    "rank": 380
  },
  "2024-04": {
    "name": "Dugtrio",
    "percent": 0.054,
    "usage": 1257,
    "rank": 368
  },
  "2024-05": {
    "name": "Dugtrio",
    "percent": 0.05832,
    "usage": 621,
    "rank": 360
  },
  "2024-06": {
    "name": "Dugtrio",
    "percent": 0.05681,
    "usage": 1174,
    "rank": 373
  }
}