{
  "2022-11": {
    "name": "Probopass",
    "percent": 0.01455,
    "usage": 1286,
    "rank": 376
  },
  "2022-12": {
    "name": "Probopass",
    "percent": 0.0,
    "usage": 898,
    "rank": 732
  },
  "2023-01": {
    "name": "Probopass",
    "percent": 0.0031,
    "usage": 1468,
    "rank": 452
  },
  "2023-02": {
    "name": "Probopass",
    "percent": 0.00165,
    "usage": 1621,
    "rank": 565
  },
  "2023-03": {
    "name": "Probopass",
    "percent": 0.00268,
    "usage": 2276,
    "rank": 542
  },
  "2023-04": {
    "name": "Probopass",
    "percent": 0.00461,
    "usage": 1886,
    "rank": 511
  },
  "2023-05": {
    "name": "Probopass",
    "percent": 0.00314,
    "usage": 2125,
    "rank": 546
  },
  "2023-06": {
    "name": "Probopass",
    "percent": 0.00272,
    "usage": 1927,
    "rank": 515
  },
  "2023-07": {
    "name": "Probopass",
    "percent": 0.01075,
    "usage": 1902,
    "rank": 405
  },
  "2023-08": {
    "name": "Probopass",
    "percent": 0.00095,
    "usage": 1530,
    "rank": 624
  },
  "2023-09": {
    "name": "Probopass",
    "percent": 0.00441,
    "usage": 2535,
    "rank": 491
  },
  "2023-09-DLC1": {
    "name": "Probopass",
    "percent": 0.00214,
    "usage": 1609,
    "rank": 511
  },
  "2023-10": {
    "name": "Probopass",
    "percent": 0.01735,
    "usage": 2432,
    "rank": 373
  },
  "2023-11": {
    "name": "Probopass",
    "percent": 0.06373,
    "usage": 1957,
    "rank": 261
  },
  "2023-12": {
    "name": "Probopass",
    "percent": 0.0019,
    "usage": 1175,
    "rank": 546
  },
  "2023-12-DLC2": {
    "name": "Probopass",
    "percent": 0.00236,
    "usage": 368,
    "rank": 471
  },
  "2024-01": {
    "name": "Probopass",
    "percent": 0.00106,
    "usage": 1002,
    "rank": 585
  },
  "2024-02": {
    "name": "Probopass",
    "percent": 0.00226,
    "usage": 1422,
    "rank": 531
  },
  "2024-03": {
    "name": "Probopass",
    "percent": 0.00177,
    "usage": 1393,
    "rank": 569
  },
  "2024-04": {
    "name": "Probopass",
    "percent": 0.00228,
    "usage": 1925,
    "rank": 515
  },
  "2024-05": {
    "name": "Probopass",
    "percent": 0.00362,
    "usage": 1140,
    "rank": 465
  },
  "2024-06": {
    "name": "Probopass",
    "percent": 0.01528,
    "usage": 1632,
    "rank": 344
  }
}