{
  "2022-11": {
    "name": "Butterfree",
    "percent": 0.00442,
    "usage": 1891,
    "rank": 426
  },
  "2022-12": {
    "name": "Butterfree",
    "percent": 4e-05,
    "usage": 3116,
    "rank": 599
  },
  "2023-01": {
    "name": "Butterfree",
    "percent": 0.00965,
    "usage": 3509,
    "rank": 383
  },
  "2023-02": {
    "name": "Butterfree",
    "percent": 0.06469,
    "usage": 4741,
    "rank": 280
  },
  "2023-03": {
    "name": "Butterfree",
    "percent": 0.01646,
    "usage": 4422,
    "rank": 373
  },
  "2023-04": {
    "name": "Butterfree",
    "percent": 0.01066,
    "usage": 4230,
    "rank": 418
  },
  "2023-05": {
    "name": "Butterfree",
    "percent": 0.02492,
    "usage": 4233,
    "rank": 350
  },
  "2023-06": {
    "name": "Butterfree",
    "percent": 0.01257,
    "usage": 3748,
    "rank": 357
  },
  "2023-07": {
    "name": "Butterfree",
    "percent": 0.01234,
    "usage": 4243,
    "rank": 388
  },
  "2023-08": {
    "name": "Butterfree",
    "percent": 0.00804,
    "usage": 4095,
    "rank": 442
  },
  "2023-09": {
    "name": "Butterfree",
    "percent": 0.00861,
    "usage": 3611,
    "rank": 419
  },
  "2023-09-DLC1": {
    "name": "Butterfree",
    "percent": 0.00258,
    "usage": 2067,
    "rank": 496
  },
  "2023-10": {
    "name": "Butterfree",
    "percent": 0.02161,
    "usage": 3615,
    "rank": 350
  },
  "2023-11": {
    "name": "Butterfree",
    "percent": 0.03518,
    "usage": 3057,
    "rank": 309
  },
  "2023-12": {
    "name": "Butterfree",
    "percent": 0.00177,
    "usage": 2243,
    "rank": 553
  },
  "2023-12-DLC2": {
    "name": "Butterfree",
    "percent": 0.00095,
    "usage": 773,
    "rank": 537
  },
  "2024-01": {
    "name": "Butterfree",
    "percent": 0.00104,
    "usage": 2464,
    "rank": 587
  },
  "2024-02": {
    "name": "Butterfree",
    "percent": 0.00257,
    "usage": 2222,
    "rank": 522
  },
  "2024-03": {
    "name": "Butterfree",
    "percent": 0.0008,
    "usage": 2641,
    "rank": 620
  },
  "2024-04": {
    "name": "Butterfree",
    "percent": 0.00855,
    "usage": 2822,
    "rank": 397
  },
  "2024-05": {
    "name": "Butterfree",
    "percent": 0.00594,
    "usage": 1317,
    "rank": 414
  },
  "2024-06": {
    "name": "Butterfree",
    "percent": 0.00443,
    "usage": 2577,
    "rank": 438
  }
}