{
  "2022-11": {
    "name": "Granbull",
    "percent": 0.07778,
    "usage": 475,
    "rank": 531
  },
  "2022-12": {
    "name": "Granbull",
    "percent": 0.06361,
    "usage": 862,
    "rank": 561
  },
  "2023-01": {
    "name": "Granbull",
    "percent": 0.08503,
    "usage": 1250,
    "rank": 518
  },
  "2023-02": {
    "name": "Granbull",
    "percent": 0.09528,
    "usage": 1678,
    "rank": 499
  },
  "2023-03": {
    "name": "Granbull",
    "percent": 0.08118,
    "usage": 1742,
    "rank": 494
  },
  "2023-04": {
    "name": "Granbull",
    "percent": 0.04095,
    "usage": 1620,
    "rank": 518
  },
  "2023-05": {
    "name": "Granbull",
    "percent": 0.07271,
    "usage": 2326,
    "rank": 450
  },
  "2023-06": {
    "name": "Granbull",
    "percent": 0.02692,
    "usage": 1654,
    "rank": 542
  },
  "2023-07": {
    "name": "Granbull",
    "percent": 0.04233,
    "usage": 2229,
    "rank": 502
  },
  "2023-08": {
    "name": "Granbull",
    "percent": 0.05479,
    "usage": 2279,
    "rank": 469
  },
  "2023-09": {
    "name": "Granbull",
    "percent": 0.0272,
    "usage": 1810,
    "rank": 545
  },
  "2023-09-DLC1": {
    "name": "Granbull",
    "percent": 0.02091,
    "usage": 726,
    "rank": 569
  },
  "2023-10": {
    "name": "Granbull",
    "percent": 0.01742,
    "usage": 1254,
    "rank": 591
  },
  "2023-11": {
    "name": "Granbull",
    "percent": 0.03421,
    "usage": 1445,
    "rank": 543
  },
  "2023-12": {
    "name": "Granbull",
    "percent": 0.03034,
    "usage": 1378,
    "rank": 550
  },
  "2023-12-DLC2": {
    "name": "Granbull",
    "percent": 0.02406,
    "usage": 468,
    "rank": 558
  },
  "2024-01": {
    "name": "Granbull",
    "percent": 0.03282,
    "usage": 1323,
    "rank": 524
  },
  "2024-02": {
    "name": "Granbull",
    "percent": 0.03637,
    "usage": 1379,
    "rank": 507
  },
  "2024-03": {
    "name": "Granbull",
    "percent": 0.02243,
    "usage": 1172,
    "rank": 576
  },
  "2024-04": {
    "name": "Granbull",
    "percent": 0.02949,
    "usage": 1455,
    "rank": 540
  },
  "2024-05": {
    "name": "Granbull",
    "percent": 0.02641,
    "usage": 757,
    "rank": 540
  },
  "2024-06": {
    "name": "Granbull",
    "percent": 0.01474,
    "usage": 1544,
    "rank": 580
  }
}