{
  "2023-09": {
    "name": "Piplup",
    "percent": 0.40259,
    "usage": 230,
    "rank": 140
  },
  "2023-09-DLC1": {
    "name": "Piplup",
    "percent": 0.67455,
    "usage": 203,
    "rank": 113
  },
  "2023-10": {
    "name": "Piplup",
    "percent": 0.61229,
    "usage": 428,
    "rank": 120
  },
  "2023-11": {
    "name": "Piplup",
    "percent": 0.45634,
    "usage": 203,
    "rank": 135
  },
  "2023-12": {
    "name": "Piplup",
    "percent": 0.32156,
    "usage": 144,
    "rank": 170
  },
  "2023-12-DLC2": {
    "name": "Piplup",
    "percent": 0.26951,
    "usage": 61,
    "rank": 172
  },
  "2024-01": {
    "name": "Piplup",
    "percent": 0.19,
    "usage": 104,
    "rank": 189
  },
  "2024-02": {
    "name": "Piplup",
    "percent": 0.41813,
    "usage": 178,
    "rank": 147
  },
  "2024-03": {
    "name": "Piplup",
    "percent": 0.31374,
    "usage": 141,
    "rank": 170
  },
  "2024-04": {
    "name": "Piplup",
    "percent": 0.20562,
    "usage": 117,
    "rank": 177
  },
  "2024-05": {
    "name": "Piplup",
    "percent": 0.32299,
    "usage": 56,
    "rank": 167
  },
  "2024-06": {
    "name": "Piplup",
    "percent": 0.24037,
    "usage": 76,
    "rank": 172
  }
}