{
  "2022-11": {
    "name": "Ting-Lu",
    "percent": 4.99869,
    "usage": 13872,
    "rank": 30
  },
  "2022-12": {
    "name": "Ting-Lu",
    "percent": 6.9876,
    "usage": 28602,
    "rank": 25
  },
  "2023-01": {
    "name": "Ting-Lu",
    "percent": 9.5245,
    "usage": 27107,
    "rank": 18
  },
  "2023-02": {
    "name": "Ting-Lu",
    "percent": 8.99813,
    "usage": 18591,
    "rank": 19
  },
  "2023-03": {
    "name": "Ting-Lu",
    "percent": 9.13023,
    "usage": 17198,
    "rank": 20
  },
  "2023-04": {
    "name": "Ting-Lu",
    "percent": 11.88941,
    "usage": 17946,
    "rank": 14
  },
  "2023-05": {
    "name": "Ting-Lu",
    "percent": 11.31867,
    "usage": 15727,
    "rank": 12
  },
  "2023-06": {
    "name": "Ting-Lu",
    "percent": 7.61903,
    "usage": 17389,
    "rank": 18
  },
  "2023-07": {
    "name": "Ting-Lu",
    "percent": 11.41077,
    "usage": 19047,
    "rank": 14
  },
  "2023-08": {
    "name": "Ting-Lu",
    "percent": 13.95751,
    "usage": 22657,
    "rank": 10
  },
  "2023-09": {
    "name": "Ting-Lu",
    "percent": 12.53419,
    "usage": 20334,
    "rank": 9
  },
  "2023-09-DLC1": {
    "name": "Ting-Lu",
    "percent": 10.94117,
    "usage": 10029,
    "rank": 11
  },
  "2023-10": {
    "name": "Ting-Lu",
    "percent": 8.86864,
    "usage": 17111,
    "rank": 17
  },
  "2023-11": {
    "name": "Ting-Lu",
    "percent": 7.76378,
    "usage": 15664,
    "rank": 21
  },
  "2023-12": {
    "name": "Ting-Lu",
    "percent": 6.14843,
    "usage": 15589,
    "rank": 25
  },
  "2023-12-DLC2": {
    "name": "Ting-Lu",
    "percent": 5.8322,
    "usage": 7634,
    "rank": 24
  },
  "2024-01": {
    "name": "Ting-Lu",
    "percent": 5.8631,
    "usage": 16273,
    "rank": 24
  },
  "2024-02": {
    "name": "Ting-Lu",
    "percent": 7.53152,
    "usage": 18669,
    "rank": 15
  },
  "2024-03": {
    "name": "Ting-Lu",
    "percent": 8.89371,
    "usage": 25055,
    "rank": 14
  },
  "2024-04": {
    "name": "Ting-Lu",
    "percent": 8.89603,
    "usage": 20074,
    "rank": 13
  },
  "2024-05": {
    "name": "Ting-Lu",
    "percent": 8.03525,
    "usage": 9070,
    "rank": 16
  },
  "2024-06": {
    "name": "Ting-Lu",
    "percent": 7.86084,
    "usage": 16352,
    "rank": 15
  }
}