{
  "2022-11": {
    "name": "Tyrunt",
    "percent": 0.00152,
    "usage": 9,
    "rank": 944
  },
  "2022-12": {
    "name": "Tyrunt",
    "percent": 0.00439,
    "usage": 54,
    "rank": 826
  },
  "2023-01": {
    "name": "Tyrunt",
    "percent": 0.00714,
    "usage": 97,
    "rank": 776
  },
  "2023-02": {
    "name": "Tyrunt",
    "percent": 0.00615,
    "usage": 96,
    "rank": 806
  },
  "2023-03": {
    "name": "Tyrunt",
    "percent": 0.00505,
    "usage": 89,
    "rank": 819
  },
  "2023-04": {
    "name": "Tyrunt",
    "percent": 0.00705,
    "usage": 124,
    "rank": 752
  },
  "2023-05": {
    "name": "Tyrunt",
    "percent": 0.00418,
    "usage": 78,
    "rank": 854
  },
  "2023-06": {
    "name": "Tyrunt",
    "percent": 0.01005,
    "usage": 169,
    "rank": 713
  },
  "2023-07": {
    "name": "Tyrunt",
    "percent": 0.00266,
    "usage": 43,
    "rank": 911
  },
  "2023-08": {
    "name": "Tyrunt",
    "percent": 0.00674,
    "usage": 124,
    "rank": 774
  },
  "2023-09": {
    "name": "Tyrunt",
    "percent": 0.00601,
    "usage": 103,
    "rank": 787
  },
  "2023-09-DLC1": {
    "name": "Tyrunt",
    "percent": 0.00832,
    "usage": 71,
    "rank": 746
  },
  "2023-10": {
    "name": "Tyrunt",
    "percent": 0.00577,
    "usage": 91,
    "rank": 800
  },
  "2023-11": {
    "name": "Tyrunt",
    "percent": 0.00303,
    "usage": 41,
    "rank": 892
  },
  "2023-12": {
    "name": "Tyrunt",
    "percent": 0.00297,
    "usage": 38,
    "rank": 895
  },
  "2023-12-DLC2": {
    "name": "Tyrunt",
    "percent": 0.0031,
    "usage": 17,
    "rank": 869
  },
  "2024-01": {
    "name": "Tyrunt",
    "percent": 0.00672,
    "usage": 83,
    "rank": 792
  },
  "2024-02": {
    "name": "Tyrunt",
    "percent": 0.00417,
    "usage": 54,
    "rank": 818
  },
  "2024-03": {
    "name": "Tyrunt",
    "percent": 0.00528,
    "usage": 71,
    "rank": 817
  },
  "2024-04": {
    "name": "Tyrunt",
    "percent": 0.01365,
    "usage": 166,
    "rank": 705
  },
  "2024-05": {
    "name": "Tyrunt",
    "percent": 0.001,
    "usage": 6,
    "rank": 1018
  },
  "2024-06": {
    "name": "Tyrunt",
    "percent": 0.00222,
    "usage": 29,
    "rank": 887
  }
}