{
  "2023-12": {
    "name": "Necrozma",
    "percent": 0.00037,
    "usage": 305,
    "rank": 450
  },
  "2023-12-DLC2": {
    "name": "Necrozma",
    "percent": 0.00055,
    "usage": 238,
    "rank": 411
  },
  "2024-01": {
    "name": "Necrozma",
    "percent": 0.00533,
    "usage": 465,
    "rank": 290
  },
  "2024-02": {
    "name": "Necrozma",
    "percent": 0.00047,
    "usage": 297,
    "rank": 415
  },
  "2024-03": {
    "name": "Necrozma",
    "percent": 0.02306,
    "usage": 259,
    "rank": 184
  },
  "2024-04": {
    "name": "Necrozma",
    "percent": 0.00417,
    "usage": 274,
    "rank": 263
  },
  "2024-05": {
    "name": "Necrozma",
    "percent": 0.00076,
    "usage": 165,
    "rank": 371
  },
  "2024-06": {
    "name": "Necrozma",
    "percent": 0.00509,
    "usage": 422,
    "rank": 285
  }
}