{
  "2022-11": {
    "name": "Drifloon",
    "percent": 0.1906,
    "usage": 5418,
    "rank": 66
  },
  "2022-12": {
    "name": "Drifloon",
    "percent": 21.11049,
    "usage": 14729,
    "rank": 10
  },
  "2023-01": {
    "name": "Drifloon",
    "percent": 29.72334,
    "usage": 16921,
    "rank": 7
  },
  "2023-02": {
    "name": "Drifloon",
    "percent": 9.50252,
    "usage": 9655,
    "rank": 18
  },
  "2023-03": {
    "name": "Drifloon",
    "percent": 42.92715,
    "usage": 11417,
    "rank": 3
  },
  "2023-04": {
    "name": "Drifloon",
    "percent": 35.4105,
    "usage": 12289,
    "rank": 6
  },
  "2023-05": {
    "name": "Drifloon",
    "percent": 31.65827,
    "usage": 14474,
    "rank": 5
  },
  "2023-06": {
    "name": "Drifloon",
    "percent": 48.23082,
    "usage": 13975,
    "rank": 1
  },
  "2023-07": {
    "name": "Drifloon",
    "percent": 53.41753,
    "usage": 18082,
    "rank": 2
  },
  "2023-08": {
    "name": "Drifloon",
    "percent": 54.63881,
    "usage": 25763,
    "rank": 2
  },
  "2023-09": {
    "name": "Drifloon",
    "percent": 20.70241,
    "usage": 15086,
    "rank": 10
  },
  "2023-09-DLC1": {
    "name": "Drifloon",
    "percent": 7.16694,
    "usage": 5223,
    "rank": 21
  },
  "2023-10": {
    "name": "Drifloon",
    "percent": 5.83484,
    "usage": 9460,
    "rank": 22
  },
  "2023-11": {
    "name": "Drifloon",
    "percent": 8.04795,
    "usage": 5667,
    "rank": 22
  },
  "2023-12": {
    "name": "Drifloon",
    "percent": 6.00043,
    "usage": 4304,
    "rank": 28
  },
  "2023-12-DLC2": {
    "name": "Drifloon",
    "percent": 5.04532,
    "usage": 1931,
    "rank": 32
  },
  "2024-01": {
    "name": "Drifloon",
    "percent": 2.12322,
    "usage": 4282,
    "rank": 41
  },
  "2024-02": {
    "name": "Drifloon",
    "percent": 2.64368,
    "usage": 2618,
    "rank": 38
  },
  "2024-03": {
    "name": "Drifloon",
    "percent": 3.81372,
    "usage": 2994,
    "rank": 22
  },
  "2024-04": {
    "name": "Drifloon",
    "percent": 3.17157,
    "usage": 4124,
    "rank": 28
  },
  "2024-05": {
    "name": "Drifloon",
    "percent": 5.76353,
    "usage": 1161,
    "rank": 19
  },
  "2024-06": {
    "name": "Drifloon",
    "percent": 4.16895,
    "usage": 2310,
    "rank": 28
  }
}