{
  "2022-11": {
    "name": "Riolu",
    "percent": 0.00431,
    "usage": 15,
    "rank": 316
  },
  "2022-12": {
    "name": "Riolu",
    "percent": 0.02471,
    "usage": 128,
    "rank": 240
  },
  "2023-01": {
    "name": "Riolu",
    "percent": 0.02462,
    "usage": 86,
    "rank": 263
  },
  "2023-02": {
    "name": "Riolu",
    "percent": 0.01369,
    "usage": 40,
    "rank": 277
  },
  "2023-03": {
    "name": "Riolu",
    "percent": 0.06832,
    "usage": 154,
    "rank": 202
  },
  "2023-04": {
    "name": "Riolu",
    "percent": 0.01204,
    "usage": 103,
    "rank": 253
  },
  "2023-05": {
    "name": "Riolu",
    "percent": 0.01026,
    "usage": 35,
    "rank": 344
  },
  "2023-06": {
    "name": "Riolu",
    "percent": 0.00363,
    "usage": 30,
    "rank": 385
  },
  "2023-07": {
    "name": "Riolu",
    "percent": 0.00697,
    "usage": 39,
    "rank": 364
  },
  "2023-08": {
    "name": "Riolu",
    "percent": 0.00938,
    "usage": 70,
    "rank": 346
  },
  "2023-09": {
    "name": "Riolu",
    "percent": 0.00531,
    "usage": 35,
    "rank": 431
  },
  "2023-09-DLC1": {
    "name": "Riolu",
    "percent": 0.00669,
    "usage": 24,
    "rank": 419
  },
  "2023-10": {
    "name": "Riolu",
    "percent": 0.00305,
    "usage": 31,
    "rank": 467
  },
  "2023-11": {
    "name": "Riolu",
    "percent": 0.03209,
    "usage": 253,
    "rank": 344
  },
  "2023-12": {
    "name": "Riolu",
    "percent": 0.01376,
    "usage": 132,
    "rank": 472
  },
  "2023-12-DLC2": {
    "name": "Riolu",
    "percent": 0.01124,
    "usage": 55,
    "rank": 477
  },
  "2024-01": {
    "name": "Riolu",
    "percent": 0.01071,
    "usage": 88,
    "rank": 496
  },
  "2024-02": {
    "name": "Riolu",
    "percent": 0.02413,
    "usage": 186,
    "rank": 427
  },
  "2024-03": {
    "name": "Riolu",
    "percent": 0.00814,
    "usage": 113,
    "rank": 484
  },
  "2024-04": {
    "name": "Riolu",
    "percent": 0.00864,
    "usage": 74,
    "rank": 481
  },
  "2024-05": {
    "name": "Riolu",
    "percent": 0.01247,
    "usage": 72,
    "rank": 471
  },
  "2024-06": {
    "name": "Riolu",
    "percent": 0.0102,
    "usage": 87,
    "rank": 488
  }
}