{
  "2022-11": {
    "name": "Sandaconda",
    "percent": 0.0,
    "usage": 1957,
    "rank": 385
  },
  "2022-12": {
    "name": "Sandaconda",
    "percent": 0.11584,
    "usage": 4165,
    "rank": 181
  },
  "2023-01": {
    "name": "Sandaconda",
    "percent": 0.15575,
    "usage": 4339,
    "rank": 164
  },
  "2023-02": {
    "name": "Sandaconda",
    "percent": 0.33241,
    "usage": 3277,
    "rank": 137
  },
  "2023-03": {
    "name": "Sandaconda",
    "percent": 0.50263,
    "usage": 3184,
    "rank": 119
  },
  "2023-04": {
    "name": "Sandaconda",
    "percent": 0.2533,
    "usage": 2744,
    "rank": 144
  },
  "2023-05": {
    "name": "Sandaconda",
    "percent": 0.24392,
    "usage": 2582,
    "rank": 172
  },
  "2023-06": {
    "name": "Sandaconda",
    "percent": 0.08468,
    "usage": 1676,
    "rank": 261
  },
  "2023-07": {
    "name": "Sandaconda",
    "percent": 0.08124,
    "usage": 1701,
    "rank": 263
  },
  "2023-08": {
    "name": "Sandaconda",
    "percent": 0.14216,
    "usage": 2352,
    "rank": 229
  },
  "2023-09": {
    "name": "Sandaconda",
    "percent": 0.12349,
    "usage": 2490,
    "rank": 280
  },
  "2023-09-DLC1": {
    "name": "Sandaconda",
    "percent": 0.09392,
    "usage": 1332,
    "rank": 296
  },
  "2023-10": {
    "name": "Sandaconda",
    "percent": 0.14082,
    "usage": 2617,
    "rank": 266
  },
  "2023-11": {
    "name": "Sandaconda",
    "percent": 0.09276,
    "usage": 1733,
    "rank": 280
  },
  "2023-12": {
    "name": "Sandaconda",
    "percent": 0.0866,
    "usage": 1221,
    "rank": 320
  },
  "2023-12-DLC2": {
    "name": "Sandaconda",
    "percent": 0.13907,
    "usage": 627,
    "rank": 281
  },
  "2024-01": {
    "name": "Sandaconda",
    "percent": 0.08915,
    "usage": 1486,
    "rank": 316
  },
  "2024-02": {
    "name": "Sandaconda",
    "percent": 0.07114,
    "usage": 1644,
    "rank": 333
  },
  "2024-03": {
    "name": "Sandaconda",
    "percent": 0.06314,
    "usage": 1564,
    "rank": 356
  },
  "2024-04": {
    "name": "Sandaconda",
    "percent": 0.06405,
    "usage": 1419,
    "rank": 335
  },
  "2024-05": {
    "name": "Sandaconda",
    "percent": 0.10896,
    "usage": 687,
    "rank": 272
  },
  "2024-06": {
    "name": "Sandaconda",
    "percent": 0.07756,
    "usage": 1239,
    "rank": 306
  }
}