{
  "2023-09": {
    "name": "Sinistcha",
    "percent": 1.6393,
    "usage": 10141,
    "rank": 93
  },
  "2023-09-DLC1": {
    "name": "Sinistcha",
    "percent": 2.38293,
    "usage": 8506,
    "rank": 73
  },
  "2023-10": {
    "name": "Sinistcha",
    "percent": 1.41087,
    "usage": 8628,
    "rank": 105
  },
  "2023-11": {
    "name": "Sinistcha",
    "percent": 0.98813,
    "usage": 5063,
    "rank": 129
  },
  "2023-12": {
    "name": "Sinistcha",
    "percent": 0.83952,
    "usage": 3763,
    "rank": 146
  },
  "2023-12-DLC2": {
    "name": "Sinistcha",
    "percent": 0.86582,
    "usage": 1797,
    "rank": 149
  },
  "2024-01": {
    "name": "Sinistcha",
    "percent": 0.6603,
    "usage": 3533,
    "rank": 183
  },
  "2024-02": {
    "name": "Sinistcha",
    "percent": 0.58694,
    "usage": 3115,
    "rank": 195
  },
  "2024-03": {
    "name": "Sinistcha",
    "percent": 0.54856,
    "usage": 3181,
    "rank": 207
  },
  "2024-04": {
    "name": "Sinistcha",
    "percent": 0.78594,
    "usage": 3481,
    "rank": 158
  },
  "2024-05": {
    "name": "Sinistcha",
    "percent": 0.47808,
    "usage": 979,
    "rank": 215
  },
  "2024-06": {
    "name": "Sinistcha",
    "percent": 0.6229,
    "usage": 2638,
    "rank": 184
  }
}