{
  "2023-12": {
    "name": "Metagross",
    "percent": 1.65858,
    "usage": 7140,
    "rank": 96
  },
  "2023-12-DLC2": {
    "name": "Metagross",
    "percent": 3.18165,
    "usage": 6346,
    "rank": 42
  },
  "2024-01": {
    "name": "Metagross",
    "percent": 2.38777,
    "usage": 11740,
    "rank": 68
  },
  "2024-02": {
    "name": "Metagross",
    "percent": 2.41357,
    "usage": 11039,
    "rank": 65
  },
  "2024-03": {
    "name": "Metagross",
    "percent": 2.6636,
    "usage": 12658,
    "rank": 60
  },
  "2024-04": {
    "name": "Metagross",
    "percent": 2.05601,
    "usage": 9224,
    "rank": 77
  },
  "2024-05": {
    "name": "Metagross",
    "percent": 2.22442,
    "usage": 4720,
    "rank": 72
  },
  "2024-06": {
    "name": "Metagross",
    "percent": 1.78524,
    "usage": 6518,
    "rank": 88
  }
}