{
  "2023-05": {
    "name": "Uxie",
    "percent": 0.00812,
    "usage": 34,
    "rank": 355
  },
  "2023-06": {
    "name": "Uxie",
    "percent": 0.15682,
    "usage": 834,
    "rank": 179
  },
  "2023-07": {
    "name": "Uxie",
    "percent": 0.38941,
    "usage": 860,
    "rank": 124
  },
  "2023-08": {
    "name": "Uxie",
    "percent": 0.1424,
    "usage": 446,
    "rank": 186
  },
  "2023-09": {
    "name": "Uxie",
    "percent": 0.10529,
    "usage": 339,
    "rank": 256
  },
  "2023-09-DLC1": {
    "name": "Uxie",
    "percent": 0.0726,
    "usage": 176,
    "rank": 291
  },
  "2023-10": {
    "name": "Uxie",
    "percent": 0.09177,
    "usage": 422,
    "rank": 256
  },
  "2023-11": {
    "name": "Uxie",
    "percent": 0.1214,
    "usage": 557,
    "rank": 245
  },
  "2023-12": {
    "name": "Uxie",
    "percent": 0.08849,
    "usage": 574,
    "rank": 307
  },
  "2023-12-DLC2": {
    "name": "Uxie",
    "percent": 0.08534,
    "usage": 215,
    "rank": 310
  },
  "2024-01": {
    "name": "Uxie",
    "percent": 0.07175,
    "usage": 552,
    "rank": 332
  },
  "2024-02": {
    "name": "Uxie",
    "percent": 0.08776,
    "usage": 511,
    "rank": 298
  },
  "2024-03": {
    "name": "Uxie",
    "percent": 0.07332,
    "usage": 445,
    "rank": 317
  },
  "2024-04": {
    "name": "Uxie",
    "percent": 0.13978,
    "usage": 710,
    "rank": 241
  },
  "2024-05": {
    "name": "Uxie",
    "percent": 0.02759,
    "usage": 111,
    "rank": 409
  },
  "2024-06": {
    "name": "Uxie",
    "percent": 0.0914,
    "usage": 477,
    "rank": 316
  }
}