{
  "2022-11": {
    "name": "Flutter Mane",
    "percent": 19.16129,
    "usage": 110840,
    "rank": 5
  },
  "2022-12": {
    "name": "Flutter Mane",
    "percent": 15.47615,
    "usage": 169020,
    "rank": 4
  },
  "2023-01": {
    "name": "Flutter Mane",
    "percent": 12.4926,
    "usage": 100854,
    "rank": 7
  },
  "2023-02": {
    "name": "Flutter Mane",
    "percent": 11.65222,
    "usage": 67664,
    "rank": 8
  },
  "2023-03": {
    "name": "Flutter Mane",
    "percent": 11.93677,
    "usage": 66320,
    "rank": 5
  },
  "2023-04": {
    "name": "Flutter Mane",
    "percent": 13.16117,
    "usage": 62166,
    "rank": 4
  },
  "2023-05": {
    "name": "Flutter Mane",
    "percent": 12.36462,
    "usage": 57564,
    "rank": 4
  },
  "2023-06": {
    "name": "Flutter Mane",
    "percent": 6.82571,
    "usage": 32305,
    "rank": 15
  },
  "2023-07": {
    "name": "Flutter Mane",
    "percent": 6.71975,
    "usage": 30904,
    "rank": 16
  },
  "2023-08": {
    "name": "Flutter Mane",
    "percent": 6.76146,
    "usage": 32440,
    "rank": 17
  },
  "2023-09": {
    "name": "Flutter Mane",
    "percent": 5.7776,
    "usage": 32730,
    "rank": 18
  },
  "2023-09-DLC1": {
    "name": "Flutter Mane",
    "percent": 5.35867,
    "usage": 17401,
    "rank": 21
  },
  "2023-10": {
    "name": "Flutter Mane",
    "percent": 5.86974,
    "usage": 36273,
    "rank": 18
  },
  "2023-11": {
    "name": "Flutter Mane",
    "percent": 5.25755,
    "usage": 26070,
    "rank": 20
  },
  "2023-12": {
    "name": "Flutter Mane",
    "percent": 5.04077,
    "usage": 21700,
    "rank": 20
  },
  "2023-12-DLC2": {
    "name": "Flutter Mane",
    "percent": 4.64864,
    "usage": 9272,
    "rank": 21
  },
  "2024-01": {
    "name": "Flutter Mane",
    "percent": 4.93235,
    "usage": 24251,
    "rank": 17
  },
  "2024-02": {
    "name": "Flutter Mane",
    "percent": 4.74559,
    "usage": 21705,
    "rank": 19
  },
  "2024-03": {
    "name": "Flutter Mane",
    "percent": 4.46255,
    "usage": 21207,
    "rank": 21
  },
  "2024-04": {
    "name": "Flutter Mane",
    "percent": 4.89885,
    "usage": 21978,
    "rank": 19
  },
  "2024-05": {
    "name": "Flutter Mane",
    "percent": 5.26368,
    "usage": 11169,
    "rank": 17
  },
  "2024-06": {
    "name": "Flutter Mane",
    "percent": 4.68469,
    "usage": 17104,
    "rank": 18
  }
}