{
  "2022-11": {
    "name": "Baxcalibur",
    "percent": 8.8742,
    "usage": 66812,
    "rank": 18
  },
  "2022-12": {
    "name": "Baxcalibur",
    "percent": 7.22589,
    "usage": 113065,
    "rank": 26
  },
  "2023-01": {
    "name": "Baxcalibur",
    "percent": 4.53323,
    "usage": 52651,
    "rank": 40
  },
  "2023-02": {
    "name": "Baxcalibur",
    "percent": 3.7541,
    "usage": 34267,
    "rank": 44
  },
  "2023-03": {
    "name": "Baxcalibur",
    "percent": 4.40884,
    "usage": 33425,
    "rank": 40
  },
  "2023-04": {
    "name": "Baxcalibur",
    "percent": 4.17089,
    "usage": 28301,
    "rank": 38
  },
  "2023-05": {
    "name": "Baxcalibur",
    "percent": 4.29607,
    "usage": 24866,
    "rank": 35
  },
  "2023-06": {
    "name": "Baxcalibur",
    "percent": 1.4139,
    "usage": 14786,
    "rank": 80
  },
  "2023-07": {
    "name": "Baxcalibur",
    "percent": 1.66851,
    "usage": 16243,
    "rank": 75
  },
  "2023-08": {
    "name": "Baxcalibur",
    "percent": 1.65566,
    "usage": 18266,
    "rank": 75
  },
  "2023-09": {
    "name": "Baxcalibur",
    "percent": 3.16696,
    "usage": 26583,
    "rank": 43
  },
  "2023-09-DLC1": {
    "name": "Baxcalibur",
    "percent": 3.66549,
    "usage": 17352,
    "rank": 34
  },
  "2023-10": {
    "name": "Baxcalibur",
    "percent": 3.50179,
    "usage": 28250,
    "rank": 38
  },
  "2023-11": {
    "name": "Baxcalibur",
    "percent": 3.12685,
    "usage": 19861,
    "rank": 38
  },
  "2023-12": {
    "name": "Baxcalibur",
    "percent": 1.87717,
    "usage": 13669,
    "rank": 67
  },
  "2023-12-DLC2": {
    "name": "Baxcalibur",
    "percent": 1.75807,
    "usage": 5310,
    "rank": 75
  },
  "2024-01": {
    "name": "Baxcalibur",
    "percent": 1.70684,
    "usage": 12948,
    "rank": 73
  },
  "2024-02": {
    "name": "Baxcalibur",
    "percent": 1.11266,
    "usage": 10850,
    "rank": 95
  },
  "2024-03": {
    "name": "Baxcalibur",
    "percent": 1.5278,
    "usage": 9650,
    "rank": 76
  },
  "2024-04": {
    "name": "Baxcalibur",
    "percent": 1.05272,
    "usage": 9342,
    "rank": 89
  },
  "2024-05": {
    "name": "Baxcalibur",
    "percent": 1.00298,
    "usage": 3549,
    "rank": 89
  },
  "2024-06": {
    "name": "Baxcalibur",
    "percent": 0.64852,
    "usage": 6237,
    "rank": 113
  }
}