{
  "2023-12": {
    "name": "Deoxys",
    "percent": 0.03182,
    "usage": 402,
    "rank": 280
  },
  "2023-12-DLC2": {
    "name": "Deoxys",
    "percent": 0.04919,
    "usage": 350,
    "rank": 230
  },
  "2024-01": {
    "name": "Deoxys",
    "percent": 0.37888,
    "usage": 1049,
    "rank": 114
  },
  "2024-02": {
    "name": "Deoxys",
    "percent": 0.2623,
    "usage": 1224,
    "rank": 129
  },
  "2024-03": {
    "name": "Deoxys",
    "percent": 0.04501,
    "usage": 749,
    "rank": 212
  },
  "2024-04": {
    "name": "Deoxys",
    "percent": 0.06335,
    "usage": 725,
    "rank": 195
  },
  "2024-05": {
    "name": "Deoxys",
    "percent": 0.06471,
    "usage": 364,
    "rank": 198
  },
  "2024-06": {
    "name": "Deoxys",
    "percent": 0.05142,
    "usage": 684,
    "rank": 225
  }
}