{
  "elos": [
    "0",
    "1500",
    "1630",
    "1760"
  ],
  "firstMonth": "2022-11",
  "0": {
    "2022-11": {
      "name": "Ampharos",
      "percent": 0.28173,
      "usage": 827,
      "rank": 134
    },
    "2022-12": {
      "name": "Ampharos",
      "percent": 0.18816,
      "usage": 818,
      "rank": 154
    },
    "2023-01": {
      "name": "Ampharos",
      "percent": 0.17527,
      "usage": 535,
      "rank": 172
    },
    "2023-02": {
      "name": "Ampharos",
      "percent": 0.15229,
      "usage": 348,
      "rank": 182
    },
    "2023-03": {
      "name": "Ampharos",
      "percent": 0.13155,
      "usage": 286,
      "rank": 183
    },
    "2023-04": {
      "name": "Ampharos",
      "percent": 0.10311,
      "usage": 197,
      "rank": 199
    },
    "2023-05": {
      "name": "Ampharos",
      "percent": 0.24764,
      "usage": 430,
      "rank": 180
    },
    "2023-06": {
      "name": "Ampharos",
      "percent": 0.34022,
      "usage": 971,
      "rank": 163
    },
    "2023-07": {
      "name": "Ampharos",
      "percent": 0.41463,
      "usage": 901,
      "rank": 151
    },
    "2023-08": {
      "name": "Ampharos",
      "percent": 0.22772,
      "usage": 485,
      "rank": 205
    },
    "2023-09": {
      "name": "Ampharos",
      "percent": 0.15112,
      "usage": 335,
      "rank": 283
    },
    "2023-09-DLC1": {
      "name": "Ampharos",
      "percent": 0.09752,
      "usage": 124,
      "rank": 324
    },
    "2023-10": {
      "name": "Ampharos",
      "percent": 0.09351,
      "usage": 246,
      "rank": 311
    },
    "2023-11": {
      "name": "Ampharos",
      "percent": 0.09038,
      "usage": 241,
      "rank": 330
    },
    "2023-12": {
      "name": "Ampharos",
      "percent": 0.10893,
      "usage": 368,
      "rank": 372
    },
    "2023-12-DLC2": {
      "name": "Ampharos",
      "percent": 0.07591,
      "usage": 131,
      "rank": 393
    },
    "2024-01": {
      "name": "Ampharos",
      "percent": 0.10837,
      "usage": 402,
      "rank": 365
    },
    "2024-02": {
      "name": "Ampharos",
      "percent": 0.13949,
      "usage": 476,
      "rank": 340
    },
    "2024-03": {
      "name": "Ampharos",
      "percent": 0.18718,
      "usage": 715,
      "rank": 292
    },
    "2024-04": {
      "name": "Ampharos",
      "percent": 0.19275,
      "usage": 615,
      "rank": 285
    },
    "2024-05": {
      "name": "Ampharos",
      "percent": 0.17229,
      "usage": 275,
      "rank": 303
    },
    "2024-06": {
      "name": "Ampharos",
      "percent": 0.21652,
      "usage": 646,
      "rank": 290
    }
  },
  "1500": {
    "2022-11": {
      "name": "Ampharos",
      "percent": 0.24319,
      "usage": 827,
      "rank": 137
    },
    "2022-12": {
      "name": "Ampharos",
      "percent": 0.1654,
      "usage": 818,
      "rank": 155
    },
    "2023-01": {
      "name": "Ampharos",
      "percent": 0.15457,
      "usage": 535,
      "rank": 174
    },
    "2023-02": {
      "name": "Ampharos",
      "percent": 0.12056,
      "usage": 348,
      "rank": 186
    },
    "2023-03": {
      "name": "Ampharos",
      "percent": 0.08968,
      "usage": 286,
      "rank": 193
    },
    "2023-04": {
      "name": "Ampharos",
      "percent": 0.02352,
      "usage": 197,
      "rank": 220
    },
    "2023-05": {
      "name": "Ampharos",
      "percent": 0.09143,
      "usage": 430,
      "rank": 220
    },
    "2023-06": {
      "name": "Ampharos",
      "percent": 0.20121,
      "usage": 971,
      "rank": 161
    },
    "2023-07": {
      "name": "Ampharos",
      "percent": 0.22486,
      "usage": 901,
      "rank": 161
    },
    "2023-08": {
      "name": "Ampharos",
      "percent": 0.08719,
      "usage": 485,
      "rank": 214
    },
    "2023-09": {
      "name": "Ampharos",
      "percent": 0.05171,
      "usage": 335,
      "rank": 311
    },
    "2023-09-DLC1": {
      "name": "Ampharos",
      "percent": 0.04105,
      "usage": 124,
      "rank": 324
    },
    "2023-10": {
      "name": "Ampharos",
      "percent": 0.03688,
      "usage": 246,
      "rank": 321
    },
    "2023-11": {
      "name": "Ampharos",
      "percent": 0.02974,
      "usage": 241,
      "rank": 349
    },
    "2023-12": {
      "name": "Ampharos",
      "percent": 0.04586,
      "usage": 368,
      "rank": 388
    },
    "2023-12-DLC2": {
      "name": "Ampharos",
      "percent": 0.04104,
      "usage": 131,
      "rank": 384
    },
    "2024-01": {
      "name": "Ampharos",
      "percent": 0.03471,
      "usage": 402,
      "rank": 404
    },
    "2024-02": {
      "name": "Ampharos",
      "percent": 0.05671,
      "usage": 476,
      "rank": 346
    },
    "2024-03": {
      "name": "Ampharos",
      "percent": 0.08324,
      "usage": 715,
      "rank": 304
    },
    "2024-04": {
      "name": "Ampharos",
      "percent": 0.10397,
      "usage": 615,
      "rank": 277
    },
    "2024-05": {
      "name": "Ampharos",
      "percent": 0.02556,
      "usage": 275,
      "rank": 418
    },
    "2024-06": {
      "name": "Ampharos",
      "percent": 0.08365,
      "usage": 646,
      "rank": 326
    }
  },
  "1630": {
    "2022-11": {
      "name": "Ampharos",
      "percent": 0.06481,
      "usage": 827,
      "rank": 122
    },
    "2022-12": {
      "name": "Ampharos",
      "percent": 0.00397,
      "usage": 818,
      "rank": 196
    },
    "2023-01": {
      "name": "Ampharos",
      "percent": 0.00076,
      "usage": 535,
      "rank": 221
    },
    "2023-02": {
      "name": "Ampharos",
      "percent": 0.00408,
      "usage": 348,
      "rank": 216
    },
    "2023-03": {
      "name": "Ampharos",
      "percent": 0.00323,
      "usage": 286,
      "rank": 240
    },
    "2023-04": {
      "name": "Ampharos",
      "percent": 0.00144,
      "usage": 197,
      "rank": 248
    },
    "2023-05": {
      "name": "Ampharos",
      "percent": 0.00741,
      "usage": 430,
      "rank": 289
    },
    "2023-06": {
      "name": "Ampharos",
      "percent": 0.0336,
      "usage": 971,
      "rank": 203
    },
    "2023-07": {
      "name": "Ampharos",
      "percent": 0.01583,
      "usage": 901,
      "rank": 225
    },
    "2023-08": {
      "name": "Ampharos",
      "percent": 0.0106,
      "usage": 485,
      "rank": 247
    },
    "2023-09": {
      "name": "Ampharos",
      "percent": 0.01135,
      "usage": 335,
      "rank": 296
    },
    "2023-09-DLC1": {
      "name": "Ampharos",
      "percent": 0.01256,
      "usage": 124,
      "rank": 300
    },
    "2023-10": {
      "name": "Ampharos",
      "percent": 0.00784,
      "usage": 246,
      "rank": 307
    },
    "2023-11": {
      "name": "Ampharos",
      "percent": 0.00197,
      "usage": 241,
      "rank": 386
    },
    "2023-12": {
      "name": "Ampharos",
      "percent": 0.00571,
      "usage": 368,
      "rank": 411
    },
    "2023-12-DLC2": {
      "name": "Ampharos",
      "percent": 0.00407,
      "usage": 131,
      "rank": 424
    },
    "2024-01": {
      "name": "Ampharos",
      "percent": 0.00535,
      "usage": 402,
      "rank": 414
    },
    "2024-02": {
      "name": "Ampharos",
      "percent": 0.00632,
      "usage": 476,
      "rank": 385
    },
    "2024-03": {
      "name": "Ampharos",
      "percent": 0.0117,
      "usage": 715,
      "rank": 329
    },
    "2024-04": {
      "name": "Ampharos",
      "percent": 0.01048,
      "usage": 615,
      "rank": 338
    },
    "2024-05": {
      "name": "Ampharos",
      "percent": 0.00022,
      "usage": 275,
      "rank": 528
    },
    "2024-06": {
      "name": "Ampharos",
      "percent": 0.0131,
      "usage": 646,
      "rank": 336
    }
  },
  "1760": {
    "2022-11": {
      "name": "Ampharos",
      "percent": 0.01188,
      "usage": 827,
      "rank": 120
    },
    "2022-12": {
      "name": "Ampharos",
      "percent": 0.00044,
      "usage": 818,
      "rank": 188
    },
    "2023-01": {
      "name": "Ampharos",
      "percent": 0.0,