{
  "elos": [
    "0",
    "1500",
    "1630",
    "1760"
  ],
  "firstMonth": "2022-11",
  "0": {
    "2022-11": {
      "name": "Appletun",
      "percent": 0.3744,
      "usage": 1099,
      "rank": 122
    },
    "2022-12": {
      "name": "Appletun",
      "percent": 0.22404,
      "usage": 974,
      "rank": 146
    },
    "2023-01": {
      "name": "Appletun",
      "percent": 0.25946,
      "usage": 792,
      "rank": 147
    },
    "2023-02": {
      "name": "Appletun",
      "percent": 0.20305,
      "usage": 464,
      "rank": 165
    },
    "2023-03": {
      "name": "Appletun",
      "percent": 0.20698,
      "usage": 450,
      "rank": 158
    },
    "2023-04": {
      "name": "Appletun",
      "percent": 0.12038,
      "usage": 230,
      "rank": 188
    },
    "2023-05": {
      "name": "Appletun",
      "percent": 0.14283,
      "usage": 248,
      "rank": 227
    },
    "2023-06": {
      "name": "Appletun",
      "percent": 0.07919,
      "usage": 226,
      "rank": 273
    },
    "2023-07": {
      "name": "Appletun",
      "percent": 0.17948,
      "usage": 390,
      "rank": 220
    },
    "2023-08": {
      "name": "Appletun",
      "percent": 0.14461,
      "usage": 308,
      "rank": 235
    },
    "2023-09": {
      "name": "Appletun",
      "percent": 0.34103,
      "usage": 756,
      "rank": 198
    },
    "2023-09-DLC1": {
      "name": "Appletun",
      "percent": 0.40187,
      "usage": 511,
      "rank": 186
    },
    "2023-10": {
      "name": "Appletun",
      "percent": 0.13684,
      "usage": 360,
      "rank": 288
    },
    "2023-11": {
      "name": "Appletun",
      "percent": 0.12151,
      "usage": 324,
      "rank": 310
    },
    "2023-12": {
      "name": "Appletun",
      "percent": 0.10863,
      "usage": 367,
      "rank": 373
    },
    "2023-12-DLC2": {
      "name": "Appletun",
      "percent": 0.09156,
      "usage": 158,
      "rank": 380
    },
    "2024-01": {
      "name": "Appletun",
      "percent": 0.07197,
      "usage": 267,
      "rank": 413
    },
    "2024-02": {
      "name": "Appletun",
      "percent": 0.09495,
      "usage": 324,
      "rank": 378
    },
    "2024-03": {
      "name": "Appletun",
      "percent": 0.04319,
      "usage": 165,
      "rank": 439
    },
    "2024-04": {
      "name": "Appletun",
      "percent": 0.05955,
      "usage": 190,
      "rank": 420
    },
    "2024-05": {
      "name": "Appletun",
      "percent": 0.06265,
      "usage": 100,
      "rank": 413
    },
    "2024-06": {
      "name": "Appletun",
      "percent": 0.06167,
      "usage": 184,
      "rank": 426
    }
  },
  "1500": {
    "2022-11": {
      "name": "Appletun",
      "percent": 0.34483,
      "usage": 1099,
      "rank": 124
    },
    "2022-12": {
      "name": "Appletun",
      "percent": 0.19825,
      "usage": 974,
      "rank": 149
    },
    "2023-01": {
      "name": "Appletun",
      "percent": 0.2279,
      "usage": 792,
      "rank": 149
    },
    "2023-02": {
      "name": "Appletun",
      "percent": 0.15355,
      "usage": 464,
      "rank": 170
    },
    "2023-03": {
      "name": "Appletun",
      "percent": 0.13777,
      "usage": 450,
      "rank": 167
    },
    "2023-04": {
      "name": "Appletun",
      "percent": 0.05094,
      "usage": 230,
      "rank": 192
    },
    "2023-05": {
      "name": "Appletun",
      "percent": 0.04738,
      "usage": 248,
      "rank": 261
    },
    "2023-06": {
      "name": "Appletun",
      "percent": 0.03798,
      "usage": 226,
      "rank": 262
    },
    "2023-07": {
      "name": "Appletun",
      "percent": 0.06796,
      "usage": 390,
      "rank": 230
    },
    "2023-08": {
      "name": "Appletun",
      "percent": 0.02966,
      "usage": 308,
      "rank": 286
    },
    "2023-09": {
      "name": "Appletun",
      "percent": 0.13002,
      "usage": 756,
      "rank": 235
    },
    "2023-09-DLC1": {
      "name": "Appletun",
      "percent": 0.14576,
      "usage": 511,
      "rank": 231
    },
    "2023-10": {
      "name": "Appletun",
      "percent": 0.04585,
      "usage": 360,
      "rank": 310
    },
    "2023-11": {
      "name": "Appletun",
      "percent": 0.03999,
      "usage": 324,
      "rank": 334
    },
    "2023-12": {
      "name": "Appletun",
      "percent": 0.04702,
      "usage": 367,
      "rank": 384
    },
    "2023-12-DLC2": {
      "name": "Appletun",
      "percent": 0.03998,
      "usage": 158,
      "rank": 385
    },
    "2024-01": {
      "name": "Appletun",
      "percent": 0.0217,
      "usage": 267,
      "rank": 448
    },
    "2024-02": {
      "name": "Appletun",
      "percent": 0.02679,
      "usage": 324,
      "rank": 416
    },
    "2024-03": {
      "name": "Appletun",
      "percent": 0.01765,
      "usage": 165,
      "rank": 435
    },
    "2024-04": {
      "name": "Appletun",
      "percent": 0.01154,
      "usage": 190,
      "rank": 462
    },
    "2024-05": {
      "name": "Appletun",
      "percent": 0.02302,
      "usage": 100,
      "rank": 422
    },
    "2024-06": {
      "name": "Appletun",
      "percent": 0.01816,
      "usage": 184,
      "rank": 452
    }
  },
  "1630": {
    "2022-11": {
      "name": "Appletun",
      "percent": 0.03447,
      "usage": 1099,
      "rank": 128
    },
    "2022-12": {
      "name": "Appletun",
      "percent": 0.00849,
      "usage": 974,
      "rank": 189
    },
    "2023-01": {
      "name": "Appletun",
      "percent": 0.01092,
      "usage": 792,
      "rank": 168
    },
    "2023-02": {
      "name": "Appletun",
      "percent": 0.01123,
      "usage": 464,
      "rank": 184
    },
    "2023-03": {
      "name": "Appletun",
      "percent": 0.00465,
      "usage": 450,
      "rank": 225
    },
    "2023-04": {
      "name": "Appletun",
      "percent": 0.01609,
      "usage": 230,
      "rank": 185
    },
    "2023-05": {
      "name": "Appletun",
      "percent": 0.00661,
      "usage": 248,
      "rank": 294
    },
    "2023-06": {
      "name": "Appletun",
      "percent": 0.01898,
      "usage": 226,
      "rank": 227
    },
    "2023-07": {
      "name": "Appletun",
      "percent": 0.03722,
      "usage": 390,
      "rank": 189
    },
    "2023-08": {
      "name": "Appletun",
      "percent": 0.0019,
      "usage": 308,
      "rank": 326
    },
    "2023-09": {
      "name": "Appletun",
      "percent": 0.04163,
      "usage": 756,
      "rank": 228
    },
    "2023-09-DLC1": {
      "name": "Appletun",
      "percent": 0.05624,
      "usage": 511,
      "rank": 216
    },
    "2023-10": {
      "name": "Appletun",
      "percent": 0.00835,
      "usage": 360,
      "rank": 304
    },
    "2023-11": {
      "name": "Appletun",
      "percent": 0.00846,
      "usage": 324,
      "rank": 320
    },
    "2023-12": {
      "name": "Appletun",
      "percent": 0.00977,
      "usage": 367,
      "rank": 374
    },
    "2023-12-DLC2": {
      "name": "Appletun",
      "percent": 0.00554,
      "usage": 158,
      "rank": 403
    },
    "2024-01": {
      "name": "Appletun",
      "percent": 0.00129,
      "usage": 267,
      "rank": 489
    },
    "2024-02": {
      "name": "Appletun",
      "percent": 0.0053,
      "usage": 324,
      "rank": 396
    },
    "2024-03": {
      "name": "Appletun",
      "percent": 0.00379,
      "usage": 165,
      "rank": 407
    },
    "2024-04": {
      "name": "Appletun",
      "percent": 0.00028,
      "usage": 190,
      "rank": 539
    },
    "2024-05": {
      "name": "Appletun",
      "percent": 0.00089,
      "usage": 100,
      "rank": 481
    },
    "2024-06": {
      "name": "Appletun",
      "percent": 0.00118,
      "usage": 184,
      "rank": 478
    }
  },
  "1760": {
    "2022-11": {
      "name": "Appletun",
      "percent": 0.01557,
      "usage": 1099,
      "rank": 118
    },
    "2022-12": {
      "name": "Appletun",
      "percent": 0.00017,
      "usage": 974,
      "rank": 192
    },
    "2023-01": {
      "name": "Appletun",
      "percent": 0.00036,