{
  "elos": [
    "0",
    "1500",
    "1630",
    "1760"
  ],
  "firstMonth": "2022-11",
  "0": {
    "2023-12": {
      "name": "Dodrio",
      "percent": 0.05831,
      "usage": 197,
      "rank": 431
    },
    "2023-12-DLC2": {
      "name": "Dodrio",
      "percent": 0.09446,
      "usage": 163,
      "rank": 377
    },
    "2024-01": {
      "name": "Dodrio",
      "percent": 0.07898,
      "usage": 293,
      "rank": 403
    },
    "2024-02": {
      "name": "Dodrio",
      "percent": 0.04044,
      "usage": 138,
      "rank": 455
    },
    "2024-03": {
      "name": "Dodrio",
      "percent": 0.03586,
      "usage": 137,
      "rank": 453
    },
    "2024-04": {
      "name": "Dodrio",
      "percent": 0.02225,
      "usage": 71,
      "rank": 495
    },
    "2024-05": {
      "name": "Dodrio",
      "percent": 0.03822,
      "usage": 61,
      "rank": 460
    },
    "2024-06": {
      "name": "Dodrio",
      "percent": 0.04759,
      "usage": 142,
      "rank": 442
    }
  },
  "1500": {
    "2023-12": {
      "name": "Dodrio",
      "percent": 0.02551,
      "usage": 197,
      "rank": 439
    },
    "2023-12-DLC2": {
      "name": "Dodrio",
      "percent": 0.03365,
      "usage": 163,
      "rank": 403
    },
    "2024-01": {
      "name": "Dodrio",
      "percent": 0.02287,
      "usage": 293,
      "rank": 440
    },
    "2024-02": {
      "name": "Dodrio",
      "percent": 0.01094,
      "usage": 138,
      "rank": 476
    },
    "2024-03": {
      "name": "Dodrio",
      "percent": 0.0099,
      "usage": 137,
      "rank": 475
    },
    "2024-04": {
      "name": "Dodrio",
      "percent": 0.01008,
      "usage": 71,
      "rank": 472
    },
    "2024-05": {
      "name": "Dodrio",
      "percent": 0.01253,
      "usage": 61,
      "rank": 470
    },
    "2024-06": {
      "name": "Dodrio",
      "percent": 0.01549,
      "usage": 142,
      "rank": 465
    }
  },
  "1630": {
    "2023-12": {
      "name": "Dodrio",
      "percent": 0.00351,
      "usage": 197,
      "rank": 451
    },
    "2023-12-DLC2": {
      "name": "Dodrio",
      "percent": 0.00252,
      "usage": 163,
      "rank": 443
    },
    "2024-01": {
      "name": "Dodrio",
      "percent": 0.00118,
      "usage": 293,
      "rank": 491
    },
    "2024-02": {
      "name": "Dodrio",
      "percent": 0.00067,
      "usage": 138,
      "rank": 508
    },
    "2024-03": {
      "name": "Dodrio",
      "percent": 0.00322,
      "usage": 137,
      "rank": 417
    },
    "2024-04": {
      "name": "Dodrio",
      "percent": 0.00098,
      "usage": 71,
      "rank": 481
    },
    "2024-05": {
      "name": "Dodrio",
      "percent": 0.00405,
      "usage": 61,
      "rank": 409
    },
    "2024-06": {
      "name": "Dodrio",
      "percent": 0.00032,
      "usage": 142,
      "rank": 532
    }
  },
  "1760": {
    "2023-12": {
      "name": "Dodrio",
      "percent": 0.00027,
      "usage": 197,
      "rank": 462
    },
    "2023-12-DLC2": {
      "name": "Dodrio",
      "percent": 0.00013,
      "usage": 163,
      "rank": 460
    },
    "2024-01": {
      "name": "Dodrio",
      "percent": 0.0001,
      "usage": 293,
      "rank": 499
    },
    "2024-02": {
      "name": "Dodrio",
      "percent": 3e-05,
      "usage": 138,
      "rank": 528
    },
    "2024-03": {
      "name": "Dodrio",
      "percent": 0.00051,
      "usage": 137,
      "rank": 408
    },
    "2024-04": {
      "name": "Dodrio",
      "percent": 0.0001,
      "usage": 71,
      "rank": 464
    },
    "2024-05": {
      "name": "Dodrio",
      "percent": 0.00146,
      "usage": 61,
      "rank": 332
    },
    "2024-06": {
      "name": "Dodrio",
      "percent": 1e-05,
      "usage": 142,
      "rank": 538
    }
  }
}