{
  "elos": [
    "0",
    "1500",
    "1630",
    "1760"
  ],
  "firstMonth": "2022-11",
  "0": {
    "2022-11": {
      "name": "Haunter",
      "percent": 0.01942,
      "usage": 57,
      "rank": 252
    },
    "2022-12": {
      "name": "Haunter",
      "percent": 0.02553,
      "usage": 111,
      "rank": 248
    },
    "2023-01": {
      "name": "Haunter",
      "percent": 0.08682,
      "usage": 265,
      "rank": 205
    },
    "2023-02": {
      "name": "Haunter",
      "percent": 0.02626,
      "usage": 60,
      "rank": 260
    },
    "2023-03": {
      "name": "Haunter",
      "percent": 0.01334,
      "usage": 29,
      "rank": 287
    },
    "2023-04": {
      "name": "Haunter",
      "percent": 0.03036,
      "usage": 58,
      "rank": 256
    },
    "2023-05": {
      "name": "Haunter",
      "percent": 0.04262,
      "usage": 74,
      "rank": 308
    },
    "2023-06": {
      "name": "Haunter",
      "percent": 0.03153,
      "usage": 90,
      "rank": 325
    },
    "2023-07": {
      "name": "Haunter",
      "percent": 0.03405,
      "usage": 74,
      "rank": 333
    },
    "2023-08": {
      "name": "Haunter",
      "percent": 0.04273,
      "usage": 91,
      "rank": 319
    },
    "2023-09": {
      "name": "Haunter",
      "percent": 0.04285,
      "usage": 95,
      "rank": 373
    },
    "2023-09-DLC1": {
      "name": "Haunter",
      "percent": 0.04797,
      "usage": 61,
      "rank": 366
    },
    "2023-10": {
      "name": "Haunter",
      "percent": 0.02889,
      "usage": 76,
      "rank": 391
    },
    "2023-11": {
      "name": "Haunter",
      "percent": 0.02138,
      "usage": 57,
      "rank": 428
    },
    "2023-12": {
      "name": "Haunter",
      "percent": 0.02516,
      "usage": 85,
      "rank": 494
    },
    "2023-12-DLC2": {
      "name": "Haunter",
      "percent": 0.02028,
      "usage": 35,
      "rank": 503
    },
    "2024-01": {
      "name": "Haunter",
      "percent": 0.05095,
      "usage": 189,
      "rank": 440
    },
    "2024-02": {
      "name": "Haunter",
      "percent": 0.02608,
      "usage": 89,
      "rank": 492
    },
    "2024-03": {
      "name": "Haunter",
      "percent": 0.02984,
      "usage": 114,
      "rank": 469
    },
    "2024-04": {
      "name": "Haunter",
      "percent": 0.03761,
      "usage": 120,
      "rank": 456
    },
    "2024-05": {
      "name": "Haunter",
      "percent": 0.04135,
      "usage": 66,
      "rank": 451
    },
    "2024-06": {
      "name": "Haunter",
      "percent": 0.07441,
      "usage": 222,
      "rank": 406
    }
  },
  "1500": {
    "2022-11": {
      "name": "Haunter",
      "percent": 0.01946,
      "usage": 57,
      "rank": 244
    },
    "2022-12": {
      "name": "Haunter",
      "percent": 0.02361,
      "usage": 111,
      "rank": 244
    },
    "2023-01": {
      "name": "Haunter",
      "percent": 0.07435,
      "usage": 265,
      "rank": 208
    },
    "2023-02": {
      "name": "Haunter",
      "percent": 0.02086,
      "usage": 60,
      "rank": 259
    },
    "2023-03": {
      "name": "Haunter",
      "percent": 0.0071,
      "usage": 29,
      "rank": 304
    },
    "2023-04": {
      "name": "Haunter",
      "percent": 0.01215,
      "usage": 58,
      "rank": 252
    },
    "2023-05": {
      "name": "Haunter",
      "percent": 0.01545,
      "usage": 74,
      "rank": 332
    },
    "2023-06": {
      "name": "Haunter",
      "percent": 0.01153,
      "usage": 90,
      "rank": 324
    },
    "2023-07": {
      "name": "Haunter",
      "percent": 0.00769,
      "usage": 74,
      "rank": 358
    },
    "2023-08": {
      "name": "Haunter",
      "percent": 0.0191,
      "usage": 91,
      "rank": 309
    },
    "2023-09": {
      "name": "Haunter",
      "percent": 0.01733,
      "usage": 95,
      "rank": 373
    },
    "2023-09-DLC1": {
      "name": "Haunter",
      "percent": 0.01807,
      "usage": 61,
      "rank": 372
    },
    "2023-10": {
      "name": "Haunter",
      "percent": 0.01215,
      "usage": 76,
      "rank": 386
    },
    "2023-11": {
      "name": "Haunter",
      "percent": 0.01064,
      "usage": 57,
      "rank": 405
    },
    "2023-12": {
      "name": "Haunter",
      "percent": 0.00593,
      "usage": 85,
      "rank": 520
    },
    "2023-12-DLC2": {
      "name": "Haunter",
      "percent": 0.00538,
      "usage": 35,
      "rank": 516
    },
    "2024-01": {
      "name": "Haunter",
      "percent": 0.0251,
      "usage": 189,
      "rank": 435
    },
    "2024-02": {
      "name": "Haunter",
      "percent": 0.00921,
      "usage": 89,
      "rank": 490
    },
    "2024-03": {
      "name": "Haunter",
      "percent": 0.01675,
      "usage": 114,
      "rank": 439
    },
    "2024-04": {
      "name": "Haunter",
      "percent": 0.01332,
      "usage": 120,
      "rank": 453
    },
    "2024-05": {
      "name": "Haunter",
      "percent": 0.02684,
      "usage": 66,
      "rank": 411
    },
    "2024-06": {
      "name": "Haunter",
      "percent": 0.02666,
      "usage": 222,
      "rank": 422
    }
  },
  "1630": {
    "2022-11": {
      "name": "Haunter",
      "percent": 0.0,
      "usage": 57,
      "rank": 262
    },
    "2022-12": {
      "name": "Haunter",
      "percent": 0.00027,
      "usage": 111,
      "rank": 214
    },
    "2023-01": {
      "name": "Haunter",
      "percent": 0.04301,
      "usage": 265,
      "rank": 136
    },
    "2023-02": {
      "name": "Haunter",
      "percent": 0.0,
      "usage": 60,
      "rank": 314
    },
    "2023-03": {
      "name": "Haunter",
      "percent": 0.0,
      "usage": 29,
      "rank": 350
    },
    "2023-04": {
      "name": "Haunter",
      "percent": 0.00063,
      "usage": 58,
      "rank": 271
    },
    "2023-05": {
      "name": "Haunter",
      "percent": 0.00107,
      "usage": 74,
      "rank": 361
    },
    "2023-06": {
      "name": "Haunter",
      "percent": 0.00076,
      "usage": 90,
      "rank": 351
    },
    "2023-07": {
      "name": "Haunter",
      "percent": 0.00082,
      "usage": 74,
      "rank": 351
    },
    "2023-08": {
      "name": "Haunter",
      "percent": 0.001,
      "usage": 91,
      "rank": 344
    },
    "2023-09": {
      "name": "Haunter",
      "percent": 0.00366,
      "usage": 95,
      "rank": 358
    },
    "2023-09-DLC1": {
      "name": "Haunter",
      "percent": 0.00399,
      "usage": 61,
      "rank": 356
    },
    "2023-10": {
      "name": "Haunter",
      "percent": 0.00045,
      "usage": 76,
      "rank": 437
    },
    "2023-11": {
      "name": "Haunter",
      "percent": 0.0007,
      "usage": 57,
      "rank": 428
    },
    "2023-12": {
      "name": "Haunter",
      "percent": 0.00071,
      "usage": 85,
      "rank": 518
    },
    "2023-12-DLC2": {
      "name": "Haunter",
      "percent": 3e-05,
      "usage": 35,
      "rank": 586
    },
    "2024-01": {
      "name": "Haunter",
      "percent": 0.0065,
      "usage": 189,
      "rank": 407
    },
    "2024-02": {
      "name": "Haunter",
      "percent": 0.00059,
      "usage": 89,
      "rank": 515
    },
    "2024-03": {
      "name": "Haunter",
      "percent": 0.00372,
      "usage": 114,
      "rank": 409
    },
    "2024-04": {
      "name": "Haunter",
      "percent": 0.00156,
      "usage": 120,
      "rank": 457
    },
    "2024-05": {
      "name": "Haunter",
      "percent": 0.00854,
      "usage": 66,
      "rank": 350
    },
    "2024-06": {
      "name": "Haunter",
      "percent": 0.00176,
      "usage": 222,
      "rank": 461
    }
  },
  "1760": {
    "2022-11": {
      "name": "Haunter",
      "percent": 0.0,
      "usage": 57,
      "rank": 262
    },
    "2022-12": {
      "name": "Haunter",
      "percent": 1e-05,
      "usage": 111,
      "rank": 211
    },
    "2023-01": {
      "name": "Haunter",
      "percent": 0.15292,
      "usage": 265,
      "rank": 84
    },
    "2023-02": {
      "name": "Haunter",
      "percent": 0.0,
      "usage": 60,