{
  "elos": [
    "0",
    "1500",
    "1630",
    "1760"
  ],
  "firstMonth": "2022-11",
  "0": {
    "2023-09": {
      "name": "Kommo-o",
      "percent": 0.87559,
      "usage": 1941,
      "rank": 115
    },
    "2023-09-DLC1": {
      "name": "Kommo-o",
      "percent": 1.47616,
      "usage": 1877,
      "rank": 86
    },
    "2023-10": {
      "name": "Kommo-o",
      "percent": 1.16163,
      "usage": 3056,
      "rank": 91
    },
    "2023-11": {
      "name": "Kommo-o",
      "percent": 1.25522,
      "usage": 3347,
      "rank": 91
    },
    "2023-12": {
      "name": "Kommo-o",
      "percent": 1.04635,
      "usage": 3535,
      "rank": 111
    },
    "2023-12-DLC2": {
      "name": "Kommo-o",
      "percent": 0.77246,
      "usage": 1333,
      "rank": 133
    },
    "2024-01": {
      "name": "Kommo-o",
      "percent": 0.76018,
      "usage": 2820,
      "rank": 140
    },
    "2024-02": {
      "name": "Kommo-o",
      "percent": 0.50403,
      "usage": 1720,
      "rank": 172
    },
    "2024-03": {
      "name": "Kommo-o",
      "percent": 0.50053,
      "usage": 1912,
      "rank": 159
    },
    "2024-04": {
      "name": "Kommo-o",
      "percent": 0.65723,
      "usage": 2097,
      "rank": 142
    },
    "2024-05": {
      "name": "Kommo-o",
      "percent": 0.60209,
      "usage": 961,
      "rank": 148
    },
    "2024-06": {
      "name": "Kommo-o",
      "percent": 0.60633,
      "usage": 1809,
      "rank": 153
    }
  },
  "1500": {
    "2023-09": {
      "name": "Kommo-o",
      "percent": 0.44716,
      "usage": 1941,
      "rank": 140
    },
    "2023-09-DLC1": {
      "name": "Kommo-o",
      "percent": 0.77331,
      "usage": 1877,
      "rank": 110
    },
    "2023-10": {
      "name": "Kommo-o",
      "percent": 0.66743,
      "usage": 3056,
      "rank": 103
    },
    "2023-11": {
      "name": "Kommo-o",
      "percent": 0.68076,
      "usage": 3347,
      "rank": 102
    },
    "2023-12": {
      "name": "Kommo-o",
      "percent": 0.46951,
      "usage": 3535,
      "rank": 142
    },
    "2023-12-DLC2": {
      "name": "Kommo-o",
      "percent": 0.30453,
      "usage": 1333,
      "rank": 171
    },
    "2024-01": {
      "name": "Kommo-o",
      "percent": 0.31188,
      "usage": 2820,
      "rank": 174
    },
    "2024-02": {
      "name": "Kommo-o",
      "percent": 0.22925,
      "usage": 1720,
      "rank": 201
    },
    "2024-03": {
      "name": "Kommo-o",
      "percent": 0.23205,
      "usage": 1912,
      "rank": 180
    },
    "2024-04": {
      "name": "Kommo-o",
      "percent": 0.30656,
      "usage": 2097,
      "rank": 170
    },
    "2024-05": {
      "name": "Kommo-o",
      "percent": 0.36099,
      "usage": 961,
      "rank": 154
    },
    "2024-06": {
      "name": "Kommo-o",
      "percent": 0.29121,
      "usage": 1809,
      "rank": 180
    }
  },
  "1630": {
    "2023-09": {
      "name": "Kommo-o",
      "percent": 0.10987,
      "usage": 1941,
      "rank": 171
    },
    "2023-09-DLC1": {
      "name": "Kommo-o",
      "percent": 0.19074,
      "usage": 1877,
      "rank": 149
    },
    "2023-10": {
      "name": "Kommo-o",
      "percent": 0.18222,
      "usage": 3056,
      "rank": 136
    },
    "2023-11": {
      "name": "Kommo-o",
      "percent": 0.12997,
      "usage": 3347,
      "rank": 156
    },
    "2023-12": {
      "name": "Kommo-o",
      "percent": 0.08846,
      "usage": 3535,
      "rank": 193
    },
    "2023-12-DLC2": {
      "name": "Kommo-o",
      "percent": 0.03998,
      "usage": 1333,
      "rank": 247
    },
    "2024-01": {
      "name": "Kommo-o",
      "percent": 0.05027,
      "usage": 2820,
      "rank": 235
    },
    "2024-02": {
      "name": "Kommo-o",
      "percent": 0.04088,
      "usage": 1720,
      "rank": 237
    },
    "2024-03": {
      "name": "Kommo-o",
      "percent": 0.05882,
      "usage": 1912,
      "rank": 193
    },
    "2024-04": {
      "name": "Kommo-o",
      "percent": 0.04811,
      "usage": 2097,
      "rank": 211
    },
    "2024-05": {
      "name": "Kommo-o",
      "percent": 0.07066,
      "usage": 961,
      "rank": 192
    },
    "2024-06": {
      "name": "Kommo-o",
      "percent": 0.03773,
      "usage": 1809,
      "rank": 250
    }
  },
  "1760": {
    "2023-09": {
      "name": "Kommo-o",
      "percent": 0.02403,
      "usage": 1941,
      "rank": 185
    },
    "2023-09-DLC1": {
      "name": "Kommo-o",
      "percent": 0.03945,
      "usage": 1877,
      "rank": 169
    },
    "2023-10": {
      "name": "Kommo-o",
      "percent": 0.03597,
      "usage": 3056,
      "rank": 164
    },
    "2023-11": {
      "name": "Kommo-o",
      "percent": 0.02612,
      "usage": 3347,
      "rank": 177
    },
    "2023-12": {
      "name": "Kommo-o",
      "percent": 0.02341,
      "usage": 3535,
      "rank": 209
    },
    "2023-12-DLC2": {
      "name": "Kommo-o",
      "percent": 0.00639,
      "usage": 1333,
      "rank": 267
    },
    "2024-01": {
      "name": "Kommo-o",
      "percent": 0.00682,
      "usage": 2820,
      "rank": 278
    },
    "2024-02": {
      "name": "Kommo-o",
      "percent": 0.00556,
      "usage": 1720,
      "rank": 268
    },
    "2024-03": {
      "name": "Kommo-o",
      "percent": 0.01541,
      "usage": 1912,
      "rank": 206
    },
    "2024-04": {
      "name": "Kommo-o",
      "percent": 0.00803,
      "usage": 2097,
      "rank": 220
    },
    "2024-05": {
      "name": "Kommo-o",
      "percent": 0.00908,
      "usage": 961,
      "rank": 221
    },
    "2024-06": {
      "name": "Kommo-o",
      "percent": 0.00505,
      "usage": 1809,
      "rank": 288
    }
  }
}