{
  "elos": [
    "0",
    "1500",
    "1630",
    "1760"
  ],
  "firstMonth": "2022-11",
  "0": {
    "2022-11": {
      "name": "Riolu",
      "percent": 0.00511,
      "usage": 15,
      "rank": 321
    },
    "2022-12": {
      "name": "Riolu",
      "percent": 0.02944,
      "usage": 128,
      "rank": 237
    },
    "2023-01": {
      "name": "Riolu",
      "percent": 0.02817,
      "usage": 86,
      "rank": 263
    },
    "2023-02": {
      "name": "Riolu",
      "percent": 0.0175,
      "usage": 40,
      "rank": 279
    },
    "2023-03": {
      "name": "Riolu",
      "percent": 0.07083,
      "usage": 154,
      "rank": 212
    },
    "2023-04": {
      "name": "Riolu",
      "percent": 0.05391,
      "usage": 103,
      "rank": 224
    },
    "2023-05": {
      "name": "Riolu",
      "percent": 0.02016,
      "usage": 35,
      "rank": 352
    },
    "2023-06": {
      "name": "Riolu",
      "percent": 0.01051,
      "usage": 30,
      "rank": 382
    },
    "2023-07": {
      "name": "Riolu",
      "percent": 0.01795,
      "usage": 39,
      "rank": 356
    },
    "2023-08": {
      "name": "Riolu",
      "percent": 0.03287,
      "usage": 70,
      "rank": 330
    },
    "2023-09": {
      "name": "Riolu",
      "percent": 0.01579,
      "usage": 35,
      "rank": 431
    },
    "2023-09-DLC1": {
      "name": "Riolu",
      "percent": 0.01887,
      "usage": 24,
      "rank": 411
    },
    "2023-10": {
      "name": "Riolu",
      "percent": 0.01178,
      "usage": 31,
      "rank": 447
    },
    "2023-11": {
      "name": "Riolu",
      "percent": 0.09488,
      "usage": 253,
      "rank": 326
    },
    "2023-12": {
      "name": "Riolu",
      "percent": 0.03907,
      "usage": 132,
      "rank": 460
    },
    "2023-12-DLC2": {
      "name": "Riolu",
      "percent": 0.03187,
      "usage": 55,
      "rank": 466
    },
    "2024-01": {
      "name": "Riolu",
      "percent": 0.02372,
      "usage": 88,
      "rank": 496
    },
    "2024-02": {
      "name": "Riolu",
      "percent": 0.05451,
      "usage": 186,
      "rank": 435
    },
    "2024-03": {
      "name": "Riolu",
      "percent": 0.02958,
      "usage": 113,
      "rank": 471
    },
    "2024-04": {
      "name": "Riolu",
      "percent": 0.02319,
      "usage": 74,
      "rank": 494
    },
    "2024-05": {
      "name": "Riolu",
      "percent": 0.04511,
      "usage": 72,
      "rank": 445
    },
    "2024-06": {
      "name": "Riolu",
      "percent": 0.02916,
      "usage": 87,
      "rank": 492
    }
  },
  "1500": {
    "2022-11": {
      "name": "Riolu",
      "percent": 0.00431,
      "usage": 15,
      "rank": 316
    },
    "2022-12": {
      "name": "Riolu",
      "percent": 0.02471,
      "usage": 128,
      "rank": 240
    },
    "2023-01": {
      "name": "Riolu",
      "percent": 0.02462,
      "usage": 86,
      "rank": 263
    },
    "2023-02": {
      "name": "Riolu",
      "percent": 0.01369,
      "usage": 40,
      "rank": 277
    },
    "2023-03": {
      "name": "Riolu",
      "percent": 0.06832,
      "usage": 154,
      "rank": 202
    },
    "2023-04": {
      "name": "Riolu",
      "percent": 0.01204,
      "usage": 103,
      "rank": 253
    },
    "2023-05": {
      "name": "Riolu",
      "percent": 0.01026,
      "usage": 35,
      "rank": 344
    },
    "2023-06": {
      "name": "Riolu",
      "percent": 0.00363,
      "usage": 30,
      "rank": 385
    },
    "2023-07": {
      "name": "Riolu",
      "percent": 0.00697,
      "usage": 39,
      "rank": 364
    },
    "2023-08": {
      "name": "Riolu",
      "percent": 0.00938,
      "usage": 70,
      "rank": 346
    },
    "2023-09": {
      "name": "Riolu",
      "percent": 0.00531,
      "usage": 35,
      "rank": 431
    },
    "2023-09-DLC1": {
      "name": "Riolu",
      "percent": 0.00669,
      "usage": 24,
      "rank": 419
    },
    "2023-10": {
      "name": "Riolu",
      "percent": 0.00305,
      "usage": 31,
      "rank": 467
    },
    "2023-11": {
      "name": "Riolu",
      "percent": 0.03209,
      "usage": 253,
      "rank": 344
    },
    "2023-12": {
      "name": "Riolu",
      "percent": 0.01376,
      "usage": 132,
      "rank": 472
    },
    "2023-12-DLC2": {
      "name": "Riolu",
      "percent": 0.01124,
      "usage": 55,
      "rank": 477
    },
    "2024-01": {
      "name": "Riolu",
      "percent": 0.01071,
      "usage": 88,
      "rank": 496
    },
    "2024-02": {
      "name": "Riolu",
      "percent": 0.02413,
      "usage": 186,
      "rank": 427
    },
    "2024-03": {
      "name": "Riolu",
      "percent": 0.00814,
      "usage": 113,
      "rank": 484
    },
    "2024-04": {
      "name": "Riolu",
      "percent": 0.00864,
      "usage": 74,
      "rank": 481
    },
    "2024-05": {
      "name": "Riolu",
      "percent": 0.01247,
      "usage": 72,
      "rank": 471
    },
    "2024-06": {
      "name": "Riolu",
      "percent": 0.0102,
      "usage": 87,
      "rank": 488
    }
  },
  "1630": {
    "2022-11": {
      "name": "Riolu",
      "percent": 0.0,
      "usage": 15,
      "rank": 299
    },
    "2022-12": {
      "name": "Riolu",
      "percent": 0.0,
      "usage": 128,
      "rank": 246
    },
    "2023-01": {
      "name": "Riolu",
      "percent": 0.00657,
      "usage": 86,
      "rank": 183
    },
    "2023-02": {
      "name": "Riolu",
      "percent": 0.0,
      "usage": 40,
      "rank": 366
    },
    "2023-03": {
      "name": "Riolu",
      "percent": 0.03157,
      "usage": 154,
      "rank": 163
    },
    "2023-04": {
      "name": "Riolu",
      "percent": 0.0024,
      "usage": 103,
      "rank": 236
    },
    "2023-05": {
      "name": "Riolu",
      "percent": 0.00199,
      "usage": 35,
      "rank": 341
    },
    "2023-06": {
      "name": "Riolu",
      "percent": 0.00014,
      "usage": 30,
      "rank": 413
    },
    "2023-07": {
      "name": "Riolu",
      "percent": 0.00101,
      "usage": 39,
      "rank": 344
    },
    "2023-08": {
      "name": "Riolu",
      "percent": 0.00018,
      "usage": 70,
      "rank": 385
    },
    "2023-09": {
      "name": "Riolu",
      "percent": 0.00032,
      "usage": 35,
      "rank": 447
    },
    "2023-09-DLC1": {
      "name": "Riolu",
      "percent": 0.00059,
      "usage": 24,
      "rank": 421
    },
    "2023-10": {
      "name": "Riolu",
      "percent": 0.00027,
      "usage": 31,
      "rank": 455
    },
    "2023-11": {
      "name": "Riolu",
      "percent": 0.00786,
      "usage": 253,
      "rank": 322
    },
    "2023-12": {
      "name": "Riolu",
      "percent": 0.00186,
      "usage": 132,
      "rank": 476
    },
    "2023-12-DLC2": {
      "name": "Riolu",
      "percent": 0.00226,
      "usage": 55,
      "rank": 451
    },
    "2024-01": {
      "name": "Riolu",
      "percent": 0.00109,
      "usage": 88,
      "rank": 494
    },
    "2024-02": {
      "name": "Riolu",
      "percent": 0.00788,
      "usage": 186,
      "rank": 362
    },
    "2024-03": {
      "name": "Riolu",
      "percent": 0.00038,
      "usage": 113,
      "rank": 522
    },
    "2024-04": {
      "name": "Riolu",
      "percent": 0.00105,
      "usage": 74,
      "rank": 476
    },
    "2024-05": {
      "name": "Riolu",
      "percent": 0.00122,
      "usage": 72,
      "rank": 464
    },
    "2024-06": {
      "name": "Riolu",
      "percent": 0.0018,
      "usage": 87,
      "rank": 458
    }
  },
  "1760": {
    "2022-11": {
      "name": "Riolu",
      "percent": 0.0,
      "usage": 15,
      "rank": 299
    },
    "2022-12": {
      "name": "Riolu",
      "percent": 0.0,
      "usage": 128,
      "rank": 244
    },
    "2023-01": {
      "name": "Riolu",
      "percent": 4e-05,
      "usage": 86,
      "rank": 205
    },
    "2023-02": {
      "name": "Riolu",
      "percent": 0.0,
      "usage": 40,
      "rank": 362
    },
    "2023-03": {
      "name": "Riolu",
      "percent": 0.00594,
      "usage": 154,
      "rank": 164
    },