{
  "elos": [
    "0",
    "1500",
    "1630",
    "1760"
  ],
  "firstMonth": "2022-11",
  "0": {
    "2023-12": {
      "name": "Smeargle",
      "percent": 0.54908,
      "usage": 1855,
      "rank": 156
    },
    "2023-12-DLC2": {
      "name": "Smeargle",
      "percent": 0.89067,
      "usage": 1537,
      "rank": 123
    },
    "2024-01": {
      "name": "Smeargle",
      "percent": 1.06479,
      "usage": 3950,
      "rank": 114
    },
    "2024-02": {
      "name": "Smeargle",
      "percent": 1.12264,
      "usage": 3831,
      "rank": 109
    },
    "2024-03": {
      "name": "Smeargle",
      "percent": 1.13248,
      "usage": 4326,
      "rank": 104
    },
    "2024-04": {
      "name": "Smeargle",
      "percent": 1.0678,
      "usage": 3407,
      "rank": 107
    },
    "2024-05": {
      "name": "Smeargle",
      "percent": 1.05695,
      "usage": 1687,
      "rank": 108
    },
    "2024-06": {
      "name": "Smeargle",
      "percent": 0.96966,
      "usage": 2893,
      "rank": 120
    }
  },
  "1500": {
    "2023-12": {
      "name": "Smeargle",
      "percent": 0.57809,
      "usage": 1855,
      "rank": 129
    },
    "2023-12-DLC2": {
      "name": "Smeargle",
      "percent": 0.9176,
      "usage": 1537,
      "rank": 104
    },
    "2024-01": {
      "name": "Smeargle",
      "percent": 0.96828,
      "usage": 3950,
      "rank": 103
    },
    "2024-02": {
      "name": "Smeargle",
      "percent": 0.75141,
      "usage": 3831,
      "rank": 110
    },
    "2024-03": {
      "name": "Smeargle",
      "percent": 0.89724,
      "usage": 4326,
      "rank": 91
    },
    "2024-04": {
      "name": "Smeargle",
      "percent": 0.81643,
      "usage": 3407,
      "rank": 98
    },
    "2024-05": {
      "name": "Smeargle",
      "percent": 0.90115,
      "usage": 1687,
      "rank": 95
    },
    "2024-06": {
      "name": "Smeargle",
      "percent": 0.82591,
      "usage": 2893,
      "rank": 105
    }
  },
  "1630": {
    "2023-12": {
      "name": "Smeargle",
      "percent": 0.69638,
      "usage": 1855,
      "rank": 87
    },
    "2023-12-DLC2": {
      "name": "Smeargle",
      "percent": 1.0807,
      "usage": 1537,
      "rank": 69
    },
    "2024-01": {
      "name": "Smeargle",
      "percent": 0.84548,
      "usage": 3950,
      "rank": 78
    },
    "2024-02": {
      "name": "Smeargle",
      "percent": 0.71777,
      "usage": 3831,
      "rank": 78
    },
    "2024-03": {
      "name": "Smeargle",
      "percent": 0.9773,
      "usage": 4326,
      "rank": 61
    },
    "2024-04": {
      "name": "Smeargle",
      "percent": 0.59229,
      "usage": 3407,
      "rank": 82
    },
    "2024-05": {
      "name": "Smeargle",
      "percent": 0.69166,
      "usage": 1687,
      "rank": 78
    },
    "2024-06": {
      "name": "Smeargle",
      "percent": 0.73591,
      "usage": 2893,
      "rank": 80
    }
  },
  "1760": {
    "2023-12": {
      "name": "Smeargle",
      "percent": 0.51027,
      "usage": 1855,
      "rank": 84
    },
    "2023-12-DLC2": {
      "name": "Smeargle",
      "percent": 0.74457,
      "usage": 1537,
      "rank": 71
    },
    "2024-01": {
      "name": "Smeargle",
      "percent": 0.72188,
      "usage": 3950,
      "rank": 76
    },
    "2024-02": {
      "name": "Smeargle",
      "percent": 0.91325,
      "usage": 3831,
      "rank": 60
    },
    "2024-03": {
      "name": "Smeargle",
      "percent": 0.85346,
      "usage": 4326,
      "rank": 54
    },
    "2024-04": {
      "name": "Smeargle",
      "percent": 0.61727,
      "usage": 3407,
      "rank": 60
    },
    "2024-05": {
      "name": "Smeargle",
      "percent": 0.5613,
      "usage": 1687,
      "rank": 66
    },
    "2024-06": {
      "name": "Smeargle",
      "percent": 0.23361,
      "usage": 2893,
      "rank": 99
    }
  }
}