{
  "elos": [
    "0",
    "1500",
    "1630",
    "1760"
  ],
  "firstMonth": "2022-11",
  "0": {
    "2022-11": {
      "name": "Ting-Lu",
      "percent": 4.72576,
      "usage": 13872,
      "rank": 31
    },
    "2022-12": {
      "name": "Ting-Lu",
      "percent": 6.57904,
      "usage": 28602,
      "rank": 26
    },
    "2023-01": {
      "name": "Ting-Lu",
      "percent": 8.88038,
      "usage": 27107,
      "rank": 18
    },
    "2023-02": {
      "name": "Ting-Lu",
      "percent": 8.13575,
      "usage": 18591,
      "rank": 21
    },
    "2023-03": {
      "name": "Ting-Lu",
      "percent": 7.91025,
      "usage": 17198,
      "rank": 21
    },
    "2023-04": {
      "name": "Ting-Lu",
      "percent": 9.39316,
      "usage": 17946,
      "rank": 20
    },
    "2023-05": {
      "name": "Ting-Lu",
      "percent": 9.05735,
      "usage": 15727,
      "rank": 16
    },
    "2023-06": {
      "name": "Ting-Lu",
      "percent": 6.09277,
      "usage": 17389,
      "rank": 22
    },
    "2023-07": {
      "name": "Ting-Lu",
      "percent": 8.7653,
      "usage": 19047,
      "rank": 18
    },
    "2023-08": {
      "name": "Ting-Lu",
      "percent": 10.63809,
      "usage": 22657,
      "rank": 13
    },
    "2023-09": {
      "name": "Ting-Lu",
      "percent": 9.17268,
      "usage": 20334,
      "rank": 12
    },
    "2023-09-DLC1": {
      "name": "Ting-Lu",
      "percent": 7.88729,
      "usage": 10029,
      "rank": 16
    },
    "2023-10": {
      "name": "Ting-Lu",
      "percent": 6.50415,
      "usage": 17111,
      "rank": 26
    },
    "2023-11": {
      "name": "Ting-Lu",
      "percent": 5.87446,
      "usage": 15664,
      "rank": 27
    },
    "2023-12": {
      "name": "Ting-Lu",
      "percent": 4.61431,
      "usage": 15589,
      "rank": 33
    },
    "2023-12-DLC2": {
      "name": "Ting-Lu",
      "percent": 4.42381,
      "usage": 7634,
      "rank": 31
    },
    "2024-01": {
      "name": "Ting-Lu",
      "percent": 4.38666,
      "usage": 16273,
      "rank": 34
    },
    "2024-02": {
      "name": "Ting-Lu",
      "percent": 5.47077,
      "usage": 18669,
      "rank": 25
    },
    "2024-03": {
      "name": "Ting-Lu",
      "percent": 6.55904,
      "usage": 25055,
      "rank": 18
    },
    "2024-04": {
      "name": "Ting-Lu",
      "percent": 6.29149,
      "usage": 20074,
      "rank": 18
    },
    "2024-05": {
      "name": "Ting-Lu",
      "percent": 5.6826,
      "usage": 9070,
      "rank": 23
    },
    "2024-06": {
      "name": "Ting-Lu",
      "percent": 5.48077,
      "usage": 16352,
      "rank": 20
    }
  },
  "1500": {
    "2022-11": {
      "name": "Ting-Lu",
      "percent": 4.99869,
      "usage": 13872,
      "rank": 30
    },
    "2022-12": {
      "name": "Ting-Lu",
      "percent": 6.9876,
      "usage": 28602,
      "rank": 25
    },
    "2023-01": {
      "name": "Ting-Lu",
      "percent": 9.5245,
      "usage": 27107,
      "rank": 18
    },
    "2023-02": {
      "name": "Ting-Lu",
      "percent": 8.99813,
      "usage": 18591,
      "rank": 19
    },
    "2023-03": {
      "name": "Ting-Lu",
      "percent": 9.13023,
      "usage": 17198,
      "rank": 20
    },
    "2023-04": {
      "name": "Ting-Lu",
      "percent": 11.88941,
      "usage": 17946,
      "rank": 14
    },
    "2023-05": {
      "name": "Ting-Lu",
      "percent": 11.31867,
      "usage": 15727,
      "rank": 12
    },
    "2023-06": {
      "name": "Ting-Lu",
      "percent": 7.61903,
      "usage": 17389,
      "rank": 18
    },
    "2023-07": {
      "name": "Ting-Lu",
      "percent": 11.41077,
      "usage": 19047,
      "rank": 14
    },
    "2023-08": {
      "name": "Ting-Lu",
      "percent": 13.95751,
      "usage": 22657,
      "rank": 10
    },
    "2023-09": {
      "name": "Ting-Lu",
      "percent": 12.53419,
      "usage": 20334,
      "rank": 9
    },
    "2023-09-DLC1": {
      "name": "Ting-Lu",
      "percent": 10.94117,
      "usage": 10029,
      "rank": 11
    },
    "2023-10": {
      "name": "Ting-Lu",
      "percent": 8.86864,
      "usage": 17111,
      "rank": 17
    },
    "2023-11": {
      "name": "Ting-Lu",
      "percent": 7.76378,
      "usage": 15664,
      "rank": 21
    },
    "2023-12": {
      "name": "Ting-Lu",
      "percent": 6.14843,
      "usage": 15589,
      "rank": 25
    },
    "2023-12-DLC2": {
      "name": "Ting-Lu",
      "percent": 5.8322,
      "usage": 7634,
      "rank": 24
    },
    "2024-01": {
      "name": "Ting-Lu",
      "percent": 5.8631,
      "usage": 16273,
      "rank": 24
    },
    "2024-02": {
      "name": "Ting-Lu",
      "percent": 7.53152,
      "usage": 18669,
      "rank": 15
    },
    "2024-03": {
      "name": "Ting-Lu",
      "percent": 8.89371,
      "usage": 25055,
      "rank": 14
    },
    "2024-04": {
      "name": "Ting-Lu",
      "percent": 8.89603,
      "usage": 20074,
      "rank": 13
    },
    "2024-05": {
      "name": "Ting-Lu",
      "percent": 8.03525,
      "usage": 9070,
      "rank": 16
    },
    "2024-06": {
      "name": "Ting-Lu",
      "percent": 7.86084,
      "usage": 16352,
      "rank": 15
    }
  },
  "1630": {
    "2022-11": {
      "name": "Ting-Lu",
      "percent": 13.64285,
      "usage": 13872,
      "rank": 11
    },
    "2022-12": {
      "name": "Ting-Lu",
      "percent": 16.24748,
      "usage": 28602,
      "rank": 10
    },
    "2023-01": {
      "name": "Ting-Lu",
      "percent": 21.05334,
      "usage": 27107,
      "rank": 7
    },
    "2023-02": {
      "name": "Ting-Lu",
      "percent": 19.7335,
      "usage": 18591,
      "rank": 8
    },
    "2023-03": {
      "name": "Ting-Lu",
      "percent": 16.70798,
      "usage": 17198,
      "rank": 10
    },
    "2023-04": {
      "name": "Ting-Lu",
      "percent": 16.67354,
      "usage": 17946,
      "rank": 9
    },
    "2023-05": {
      "name": "Ting-Lu",
      "percent": 15.67856,
      "usage": 15727,
      "rank": 9
    },
    "2023-06": {
      "name": "Ting-Lu",
      "percent": 12.04467,
      "usage": 17389,
      "rank": 11
    },
    "2023-07": {
      "name": "Ting-Lu",
      "percent": 17.21847,
      "usage": 19047,
      "rank": 10
    },
    "2023-08": {
      "name": "Ting-Lu",
      "percent": 20.76819,
      "usage": 22657,
      "rank": 6
    },
    "2023-09": {
      "name": "Ting-Lu",
      "percent": 18.40159,
      "usage": 20334,
      "rank": 7
    },
    "2023-09-DLC1": {
      "name": "Ting-Lu",
      "percent": 16.34586,
      "usage": 10029,
      "rank": 8
    },
    "2023-10": {
      "name": "Ting-Lu",
      "percent": 12.65513,
      "usage": 17111,
      "rank": 12
    },
    "2023-11": {
      "name": "Ting-Lu",
      "percent": 10.88744,
      "usage": 15664,
      "rank": 14
    },
    "2023-12": {
      "name": "Ting-Lu",
      "percent": 9.1222,
      "usage": 15589,
      "rank": 16
    },
    "2023-12-DLC2": {
      "name": "Ting-Lu",
      "percent": 9.05351,
      "usage": 7634,
      "rank": 15
    },
    "2024-01": {
      "name": "Ting-Lu",
      "percent": 8.72279,
      "usage": 16273,
      "rank": 17
    },
    "2024-02": {
      "name": "Ting-Lu",
      "percent": 10.57904,
      "usage": 18669,
      "rank": 13
    },
    "2024-03": {
      "name": "Ting-Lu",
      "percent": 12.18697,
      "usage": 25055,
      "rank": 12
    },
    "2024-04": {
      "name": "Ting-Lu",
      "percent": 12.18971,
      "usage": 20074,
      "rank": 12
    },
    "2024-05": {
      "name": "Ting-Lu",
      "percent": 11.53416,
      "usage": 9070,
      "rank": 13
    },
    "2024-06": {
      "name": "Ting-Lu",
      "percent": 12.97593,
      "usage": 16352,
      "rank": 11
    }
  },
  "1760": {
    "2022-11": {
      "name": "Ting-Lu",
      "percent": 10.29614,
      "usage": 13872,
      "rank": 16
    },
    "2022-12": {
      "name": "Ting-Lu",
      "percent": 26.94537,
      "usage": 28602,
      "rank": 8
    },
    "2023-01": {
      "name": "Ting-Lu",