{
  "elos": [
    "0",
    "1500",
    "1630",
    "1760"
  ],
  "firstMonth": "2022-11",
  "0": {
    "2023-12": {
      "name": "Toucannon",
      "percent": 0.07074,
      "usage": 239,
      "rank": 413
    },
    "2023-12-DLC2": {
      "name": "Toucannon",
      "percent": 0.11532,
      "usage": 199,
      "rank": 355
    },
    "2024-01": {
      "name": "Toucannon",
      "percent": 0.09219,
      "usage": 342,
      "rank": 385
    },
    "2024-02": {
      "name": "Toucannon",
      "percent": 0.08352,
      "usage": 285,
      "rank": 386
    },
    "2024-03": {
      "name": "Toucannon",
      "percent": 0.07932,
      "usage": 303,
      "rank": 386
    },
    "2024-04": {
      "name": "Toucannon",
      "percent": 0.08588,
      "usage": 274,
      "rank": 387
    },
    "2024-05": {
      "name": "Toucannon",
      "percent": 0.06704,
      "usage": 107,
      "rank": 403
    },
    "2024-06": {
      "name": "Toucannon",
      "percent": 0.09351,
      "usage": 279,
      "rank": 388
    }
  },
  "1500": {
    "2023-12": {
      "name": "Toucannon",
      "percent": 0.03078,
      "usage": 239,
      "rank": 422
    },
    "2023-12-DLC2": {
      "name": "Toucannon",
      "percent": 0.04955,
      "usage": 199,
      "rank": 361
    },
    "2024-01": {
      "name": "Toucannon",
      "percent": 0.03541,
      "usage": 342,
      "rank": 401
    },
    "2024-02": {
      "name": "Toucannon",
      "percent": 0.01359,
      "usage": 285,
      "rank": 463
    },
    "2024-03": {
      "name": "Toucannon",
      "percent": 0.03015,
      "usage": 303,
      "rank": 387
    },
    "2024-04": {
      "name": "Toucannon",
      "percent": 0.01183,
      "usage": 274,
      "rank": 459
    },
    "2024-05": {
      "name": "Toucannon",
      "percent": 0.01771,
      "usage": 107,
      "rank": 440
    },
    "2024-06": {
      "name": "Toucannon",
      "percent": 0.02316,
      "usage": 279,
      "rank": 434
    }
  },
  "1630": {
    "2023-12": {
      "name": "Toucannon",
      "percent": 0.00383,
      "usage": 239,
      "rank": 443
    },
    "2023-12-DLC2": {
      "name": "Toucannon",
      "percent": 0.00661,
      "usage": 199,
      "rank": 384
    },
    "2024-01": {
      "name": "Toucannon",
      "percent": 0.00498,
      "usage": 342,
      "rank": 421
    },
    "2024-02": {
      "name": "Toucannon",
      "percent": 0.00132,
      "usage": 285,
      "rank": 471
    },
    "2024-03": {
      "name": "Toucannon",
      "percent": 0.00606,
      "usage": 303,
      "rank": 377
    },
    "2024-04": {
      "name": "Toucannon",
      "percent": 0.00053,
      "usage": 274,
      "rank": 517
    },
    "2024-05": {
      "name": "Toucannon",
      "percent": 0.00145,
      "usage": 107,
      "rank": 455
    },
    "2024-06": {
      "name": "Toucannon",
      "percent": 0.00452,
      "usage": 279,
      "rank": 421
    }
  },
  "1760": {
    "2023-12": {
      "name": "Toucannon",
      "percent": 0.00075,
      "usage": 239,
      "rank": 422
    },
    "2023-12-DLC2": {
      "name": "Toucannon",
      "percent": 0.00128,
      "usage": 199,
      "rank": 363
    },
    "2024-01": {
      "name": "Toucannon",
      "percent": 0.00066,
      "usage": 342,
      "rank": 428
    },
    "2024-02": {
      "name": "Toucannon",
      "percent": 0.00017,
      "usage": 285,
      "rank": 463
    },
    "2024-03": {
      "name": "Toucannon",
      "percent": 0.00065,
      "usage": 303,
      "rank": 395
    },
    "2024-04": {
      "name": "Toucannon",
      "percent": 2e-05,
      "usage": 274,
      "rank": 531
    },
    "2024-05": {
      "name": "Toucannon",
      "percent": 0.00023,
      "usage": 107,
      "rank": 418
    },
    "2024-06": {
      "name": "Toucannon",
      "percent": 0.00046,
      "usage": 279,
      "rank": 426
    }
  }
}