{
  "elos": [
    "0",
    "1500",
    "1630",
    "1760"
  ],
  "firstMonth": "2022-11",
  "0": {
    "2022-11": {
      "name": "Toxtricity",
      "percent": 0.38325,
      "usage": 1125,
      "rank": 119
    },
    "2022-12": {
      "name": "Toxtricity",
      "percent": 0.45383,
      "usage": 1973,
      "rank": 109
    },
    "2023-01": {
      "name": "Toxtricity",
      "percent": 0.53858,
      "usage": 1644,
      "rank": 109
    },
    "2023-02": {
      "name": "Toxtricity",
      "percent": 0.67131,
      "usage": 1534,
      "rank": 103
    },
    "2023-03": {
      "name": "Toxtricity",
      "percent": 0.45489,
      "usage": 989,
      "rank": 121
    },
    "2023-04": {
      "name": "Toxtricity",
      "percent": 0.59931,
      "usage": 1145,
      "rank": 103
    },
    "2023-05": {
      "name": "Toxtricity",
      "percent": 0.49068,
      "usage": 852,
      "rank": 131
    },
    "2023-06": {
      "name": "Toxtricity",
      "percent": 0.19902,
      "usage": 568,
      "rank": 207
    },
    "2023-07": {
      "name": "Toxtricity",
      "percent": 0.30465,
      "usage": 662,
      "rank": 185
    },
    "2023-08": {
      "name": "Toxtricity",
      "percent": 0.26998,
      "usage": 575,
      "rank": 188
    },
    "2023-09": {
      "name": "Toxtricity",
      "percent": 0.38253,
      "usage": 848,
      "rank": 189
    },
    "2023-09-DLC1": {
      "name": "Toxtricity",
      "percent": 0.34918,
      "usage": 444,
      "rank": 201
    },
    "2023-10": {
      "name": "Toxtricity",
      "percent": 0.29459,
      "usage": 775,
      "rank": 199
    },
    "2023-11": {
      "name": "Toxtricity",
      "percent": 0.35553,
      "usage": 948,
      "rank": 188
    },
    "2023-12": {
      "name": "Toxtricity",
      "percent": 0.45969,
      "usage": 1553,
      "rank": 179
    },
    "2023-12-DLC2": {
      "name": "Toxtricity",
      "percent": 0.26599,
      "usage": 459,
      "rank": 242
    },
    "2024-01": {
      "name": "Toxtricity",
      "percent": 0.27334,
      "usage": 1014,
      "rank": 247
    },
    "2024-02": {
      "name": "Toxtricity",
      "percent": 0.33143,
      "usage": 1131,
      "rank": 219
    },
    "2024-03": {
      "name": "Toxtricity",
      "percent": 0.30027,
      "usage": 1147,
      "rank": 216
    },
    "2024-04": {
      "name": "Toxtricity",
      "percent": 0.29398,
      "usage": 938,
      "rank": 228
    },
    "2024-05": {
      "name": "Toxtricity",
      "percent": 0.36401,
      "usage": 581,
      "rank": 205
    },
    "2024-06": {
      "name": "Toxtricity",
      "percent": 0.37808,
      "usage": 1128,
      "rank": 209
    }
  },
  "1500": {
    "2022-11": {
      "name": "Toxtricity",
      "percent": 0.35571,
      "usage": 1125,
      "rank": 121
    },
    "2022-12": {
      "name": "Toxtricity",
      "percent": 0.41706,
      "usage": 1973,
      "rank": 111
    },
    "2023-01": {
      "name": "Toxtricity",
      "percent": 0.49457,
      "usage": 1644,
      "rank": 112
    },
    "2023-02": {
      "name": "Toxtricity",
      "percent": 0.5608,
      "usage": 1534,
      "rank": 108
    },
    "2023-03": {
      "name": "Toxtricity",
      "percent": 0.31905,
      "usage": 989,
      "rank": 127
    },
    "2023-04": {
      "name": "Toxtricity",
      "percent": 0.23502,
      "usage": 1145,
      "rank": 127
    },
    "2023-05": {
      "name": "Toxtricity",
      "percent": 0.20255,
      "usage": 852,
      "rank": 165
    },
    "2023-06": {
      "name": "Toxtricity",
      "percent": 0.06905,
      "usage": 568,
      "rank": 232
    },
    "2023-07": {
      "name": "Toxtricity",
      "percent": 0.10275,
      "usage": 662,
      "rank": 204
    },
    "2023-08": {
      "name": "Toxtricity",
      "percent": 0.09453,
      "usage": 575,
      "rank": 209
    },
    "2023-09": {
      "name": "Toxtricity",
      "percent": 0.16385,
      "usage": 848,
      "rank": 217
    },
    "2023-09-DLC1": {
      "name": "Toxtricity",
      "percent": 0.15965,
      "usage": 444,
      "rank": 225
    },
    "2023-10": {
      "name": "Toxtricity",
      "percent": 0.1268,
      "usage": 775,
      "rank": 232
    },
    "2023-11": {
      "name": "Toxtricity",
      "percent": 0.17205,
      "usage": 948,
      "rank": 207
    },
    "2023-12": {
      "name": "Toxtricity",
      "percent": 0.21699,
      "usage": 1553,
      "rank": 211
    },
    "2023-12-DLC2": {
      "name": "Toxtricity",
      "percent": 0.12602,
      "usage": 459,
      "rank": 270
    },
    "2024-01": {
      "name": "Toxtricity",
      "percent": 0.12653,
      "usage": 1014,
      "rank": 279
    },
    "2024-02": {
      "name": "Toxtricity",
      "percent": 0.14008,
      "usage": 1131,
      "rank": 255
    },
    "2024-03": {
      "name": "Toxtricity",
      "percent": 0.0956,
      "usage": 1147,
      "rank": 287
    },
    "2024-04": {
      "name": "Toxtricity",
      "percent": 0.09646,
      "usage": 938,
      "rank": 287
    },
    "2024-05": {
      "name": "Toxtricity",
      "percent": 0.16222,
      "usage": 581,
      "rank": 232
    },
    "2024-06": {
      "name": "Toxtricity",
      "percent": 0.15144,
      "usage": 1128,
      "rank": 257
    }
  },
  "1630": {
    "2022-11": {
      "name": "Toxtricity",
      "percent": 0.02201,
      "usage": 1125,
      "rank": 135
    },
    "2022-12": {
      "name": "Toxtricity",
      "percent": 0.03596,
      "usage": 1973,
      "rank": 153
    },
    "2023-01": {
      "name": "Toxtricity",
      "percent": 0.08432,
      "usage": 1644,
      "rank": 122
    },
    "2023-02": {
      "name": "Toxtricity",
      "percent": 0.03188,
      "usage": 1534,
      "rank": 154
    },
    "2023-03": {
      "name": "Toxtricity",
      "percent": 0.02159,
      "usage": 989,
      "rank": 173
    },
    "2023-04": {
      "name": "Toxtricity",
      "percent": 0.05503,
      "usage": 1145,
      "rank": 141
    },
    "2023-05": {
      "name": "Toxtricity",
      "percent": 0.03034,
      "usage": 852,
      "rank": 222
    },
    "2023-06": {
      "name": "Toxtricity",
      "percent": 0.01283,
      "usage": 568,
      "rank": 236
    },
    "2023-07": {
      "name": "Toxtricity",
      "percent": 0.01587,
      "usage": 662,
      "rank": 224
    },
    "2023-08": {
      "name": "Toxtricity",
      "percent": 0.01258,
      "usage": 575,
      "rank": 238
    },
    "2023-09": {
      "name": "Toxtricity",
      "percent": 0.02838,
      "usage": 848,
      "rank": 247
    },
    "2023-09-DLC1": {
      "name": "Toxtricity",
      "percent": 0.02987,
      "usage": 444,
      "rank": 250
    },
    "2023-10": {
      "name": "Toxtricity",
      "percent": 0.01695,
      "usage": 775,
      "rank": 270
    },
    "2023-11": {
      "name": "Toxtricity",
      "percent": 0.03345,
      "usage": 948,
      "rank": 241
    },
    "2023-12": {
      "name": "Toxtricity",
      "percent": 0.04315,
      "usage": 1553,
      "rank": 253
    },
    "2023-12-DLC2": {
      "name": "Toxtricity",
      "percent": 0.02677,
      "usage": 459,
      "rank": 282
    },
    "2024-01": {
      "name": "Toxtricity",
      "percent": 0.0186,
      "usage": 1014,
      "rank": 318
    },
    "2024-02": {
      "name": "Toxtricity",
      "percent": 0.02008,
      "usage": 1131,
      "rank": 294
    },
    "2024-03": {
      "name": "Toxtricity",
      "percent": 0.01142,
      "usage": 1147,
      "rank": 330
    },
    "2024-04": {
      "name": "Toxtricity",
      "percent": 0.00742,
      "usage": 938,
      "rank": 375
    },
    "2024-05": {
      "name": "Toxtricity",
      "percent": 0.03199,
      "usage": 581,
      "rank": 245
    },
    "2024-06": {
      "name": "Toxtricity",
      "percent": 0.03034,
      "usage": 1128,
      "rank": 268
    }
  },
  "1760": {
    "2022-11": {
      "name": "Toxtricity",
      "percent": 0.00907,
      "usage": 1125,
      "rank": 124
    },