{
  "elos": [
    "0",
    "1500",
    "1630",
    "1760"
  ],
  "firstMonth": "2022-11",
  "0": {
    "2023-05": {
      "name": "Urshifu",
      "percent": 1.01591,
      "usage": 1764,
      "rank": 88
    },
    "2023-06": {
      "name": "Urshifu",
      "percent": 5.98625,
      "usage": 17085,
      "rank": 24
    },
    "2023-07": {
      "name": "Urshifu",
      "percent": 3.948,
      "usage": 8579,
      "rank": 37
    },
    "2023-08": {
      "name": "Urshifu",
      "percent": 3.21673,
      "usage": 6851,
      "rank": 44
    },
    "2023-09": {
      "name": "Urshifu",
      "percent": 2.85051,
      "usage": 6319,
      "rank": 54
    },
    "2023-09-DLC1": {
      "name": "Urshifu",
      "percent": 2.59921,
      "usage": 3305,
      "rank": 58
    },
    "2023-10": {
      "name": "Urshifu",
      "percent": 2.38484,
      "usage": 6274,
      "rank": 62
    },
    "2023-11": {
      "name": "Urshifu",
      "percent": 2.60645,
      "usage": 6950,
      "rank": 60
    },
    "2023-12": {
      "name": "Urshifu",
      "percent": 2.16582,
      "usage": 7317,
      "rank": 72
    },
    "2023-12-DLC2": {
      "name": "Urshifu",
      "percent": 2.22118,
      "usage": 3833,
      "rank": 72
    },
    "2024-01": {
      "name": "Urshifu",
      "percent": 2.34118,
      "usage": 8685,
      "rank": 64
    },
    "2024-02": {
      "name": "Urshifu",
      "percent": 2.02872,
      "usage": 6923,
      "rank": 71
    },
    "2024-03": {
      "name": "Urshifu",
      "percent": 1.63249,
      "usage": 6236,
      "rank": 77
    },
    "2024-04": {
      "name": "Urshifu",
      "percent": 1.73506,
      "usage": 5536,
      "rank": 76
    },
    "2024-05": {
      "name": "Urshifu",
      "percent": 2.27241,
      "usage": 3627,
      "rank": 62
    },
    "2024-06": {
      "name": "Urshifu",
      "percent": 2.18098,
      "usage": 6507,
      "rank": 72
    }
  },
  "1500": {
    "2023-05": {
      "name": "Urshifu",
      "percent": 1.12949,
      "usage": 1764,
      "rank": 75
    },
    "2023-06": {
      "name": "Urshifu",
      "percent": 6.30632,
      "usage": 17085,
      "rank": 26
    },
    "2023-07": {
      "name": "Urshifu",
      "percent": 3.98254,
      "usage": 8579,
      "rank": 36
    },
    "2023-08": {
      "name": "Urshifu",
      "percent": 3.09731,
      "usage": 6851,
      "rank": 44
    },
    "2023-09": {
      "name": "Urshifu",
      "percent": 2.97627,
      "usage": 6319,
      "rank": 48
    },
    "2023-09-DLC1": {
      "name": "Urshifu",
      "percent": 2.79689,
      "usage": 3305,
      "rank": 53
    },
    "2023-10": {
      "name": "Urshifu",
      "percent": 2.35425,
      "usage": 6274,
      "rank": 56
    },
    "2023-11": {
      "name": "Urshifu",
      "percent": 2.53775,
      "usage": 6950,
      "rank": 54
    },
    "2023-12": {
      "name": "Urshifu",
      "percent": 2.12827,
      "usage": 7317,
      "rank": 62
    },
    "2023-12-DLC2": {
      "name": "Urshifu",
      "percent": 2.21533,
      "usage": 3833,
      "rank": 63
    },
    "2024-01": {
      "name": "Urshifu",
      "percent": 2.31378,
      "usage": 8685,
      "rank": 57
    },
    "2024-02": {
      "name": "Urshifu",
      "percent": 1.94313,
      "usage": 6923,
      "rank": 62
    },
    "2024-03": {
      "name": "Urshifu",
      "percent": 1.33699,
      "usage": 6236,
      "rank": 69
    },
    "2024-04": {
      "name": "Urshifu",
      "percent": 1.44383,
      "usage": 5536,
      "rank": 69
    },
    "2024-05": {
      "name": "Urshifu",
      "percent": 2.06735,
      "usage": 3627,
      "rank": 60
    },
    "2024-06": {
      "name": "Urshifu",
      "percent": 1.92574,
      "usage": 6507,
      "rank": 64
    }
  },
  "1630": {
    "2023-05": {
      "name": "Urshifu",
      "percent": 0.9216,
      "usage": 1764,
      "rank": 77
    },
    "2023-06": {
      "name": "Urshifu",
      "percent": 5.19059,
      "usage": 17085,
      "rank": 34
    },
    "2023-07": {
      "name": "Urshifu",
      "percent": 2.3615,
      "usage": 8579,
      "rank": 44
    },
    "2023-08": {
      "name": "Urshifu",
      "percent": 1.99032,
      "usage": 6851,
      "rank": 51
    },
    "2023-09": {
      "name": "Urshifu",
      "percent": 2.1755,
      "usage": 6319,
      "rank": 49
    },
    "2023-09-DLC1": {
      "name": "Urshifu",
      "percent": 2.37136,
      "usage": 3305,
      "rank": 46
    },
    "2023-10": {
      "name": "Urshifu",
      "percent": 1.60176,
      "usage": 6274,
      "rank": 57
    },
    "2023-11": {
      "name": "Urshifu",
      "percent": 1.73668,
      "usage": 6950,
      "rank": 58
    },
    "2023-12": {
      "name": "Urshifu",
      "percent": 1.25785,
      "usage": 7317,
      "rank": 67
    },
    "2023-12-DLC2": {
      "name": "Urshifu",
      "percent": 1.33689,
      "usage": 3833,
      "rank": 63
    },
    "2024-01": {
      "name": "Urshifu",
      "percent": 1.65675,
      "usage": 8685,
      "rank": 54
    },
    "2024-02": {
      "name": "Urshifu",
      "percent": 1.32958,
      "usage": 6923,
      "rank": 59
    },
    "2024-03": {
      "name": "Urshifu",
      "percent": 0.53424,
      "usage": 6236,
      "rank": 85
    },
    "2024-04": {
      "name": "Urshifu",
      "percent": 0.67002,
      "usage": 5536,
      "rank": 79
    },
    "2024-05": {
      "name": "Urshifu",
      "percent": 1.17348,
      "usage": 3627,
      "rank": 58
    },
    "2024-06": {
      "name": "Urshifu",
      "percent": 0.81456,
      "usage": 6507,
      "rank": 76
    }
  },
  "1760": {
    "2023-05": {
      "name": "Urshifu",
      "percent": 0.49598,
      "usage": 1764,
      "rank": 84
    },
    "2023-06": {
      "name": "Urshifu",
      "percent": 4.23275,
      "usage": 17085,
      "rank": 35
    },
    "2023-07": {
      "name": "Urshifu",
      "percent": 1.62489,
      "usage": 8579,
      "rank": 54
    },
    "2023-08": {
      "name": "Urshifu",
      "percent": 0.76904,
      "usage": 6851,
      "rank": 65
    },
    "2023-09": {
      "name": "Urshifu",
      "percent": 0.81955,
      "usage": 6319,
      "rank": 69
    },
    "2023-09-DLC1": {
      "name": "Urshifu",
      "percent": 0.96099,
      "usage": 3305,
      "rank": 61
    },
    "2023-10": {
      "name": "Urshifu",
      "percent": 0.74409,
      "usage": 6274,
      "rank": 72
    },
    "2023-11": {
      "name": "Urshifu",
      "percent": 0.55985,
      "usage": 6950,
      "rank": 80
    },
    "2023-12": {
      "name": "Urshifu",
      "percent": 0.66472,
      "usage": 7317,
      "rank": 74
    },
    "2023-12-DLC2": {
      "name": "Urshifu",
      "percent": 0.87174,
      "usage": 3833,
      "rank": 64
    },
    "2024-01": {
      "name": "Urshifu",
      "percent": 1.14324,
      "usage": 8685,
      "rank": 58
    },
    "2024-02": {
      "name": "Urshifu",
      "percent": 0.63677,
      "usage": 6923,
      "rank": 70
    },
    "2024-03": {
      "name": "Urshifu",
      "percent": 0.20683,
      "usage": 6236,
      "rank": 101
    },
    "2024-04": {
      "name": "Urshifu",
      "percent": 0.35645,
      "usage": 5536,
      "rank": 81
    },
    "2024-05": {
      "name": "Urshifu",
      "percent": 0.29855,
      "usage": 3627,
      "rank": 83
    },
    "2024-06": {
      "name": "Urshifu",
      "percent": 0.20489,
      "usage": 6507,
      "rank": 102
    }
  }
}