{
  "2023-09": {
    "name": "Mandibuzz",
    "percent": 2.91984,
    "usage": 111659,
    "rank": 60
  },
  "2023-09-DLC1": {
    "name": "Mandibuzz",
    "percent": 3.59773,
    "usage": 86700,
    "rank": 52
  },
  "2023-10": {
    "name": "Mandibuzz",
    "percent": 2.08415,
    "usage": 71241,
    "rank": 59
  },
  "2023-11": {
    "name": "Mandibuzz",
    "percent": 3.00724,
    "usage": 80563,
    "rank": 50
  },
  "2023-12": {
    "name": "Mandibuzz",
    "percent": 1.58295,
    "usage": 58957,
    "rank": 88
  },
  "2023-12-DLC2": {
    "name": "Mandibuzz",
    "percent": 1.17902,
    "usage": 25229,
    "rank": 93
  },
  "2024-01": {
    "name": "Mandibuzz",
    "percent": 1.20927,
    "usage": 45492,
    "rank": 90
  },
  "2024-02": {
    "name": "Mandibuzz",
    "percent": 1.20246,
    "usage": 33927,
    "rank": 83
  },
  "2024-03": {
    "name": "Mandibuzz",
    "percent": 1.13549,
    "usage": 30206,
    "rank": 84
  },
  "2024-04": {
    "name": "Mandibuzz",
    "percent": 1.13281,
    "usage": 26368,
    "rank": 89
  },
  "2024-05": {
    "name": "Mandibuzz",
    "percent": 1.14139,
    "usage": 12153,
    "rank": 93
  },
  "2024-06": {
    "name": "Mandibuzz",
    "percent": 1.2098,
    "usage": 25002,
    "rank": 86
  }
}