{
  "2022-11": {
    "name": "Masquerain",
    "percent": 3.03351,
    "usage": 10796,
    "rank": 43
  },
  "2022-12": {
    "name": "Masquerain",
    "percent": 2.55059,
    "usage": 18229,
    "rank": 51
  },
  "2023-01": {
    "name": "Masquerain",
    "percent": 2.73831,
    "usage": 13316,
    "rank": 48
  },
  "2023-02": {
    "name": "Masquerain",
    "percent": 2.30891,
    "usage": 8217,
    "rank": 55
  },
  "2023-03": {
    "name": "Masquerain",
    "percent": 2.40708,
    "usage": 9394,
    "rank": 61
  },
  "2023-04": {
    "name": "Masquerain",
    "percent": 2.39145,
    "usage": 7969,
    "rank": 55
  },
  "2023-05": {
    "name": "Masquerain",
    "percent": 2.70607,
    "usage": 8413,
    "rank": 50
  },
  "2023-06": {
    "name": "Masquerain",
    "percent": 2.74787,
    "usage": 8217,
    "rank": 50
  },
  "2023-07": {
    "name": "Masquerain",
    "percent": 2.1368,
    "usage": 7502,
    "rank": 59
  },
  "2023-08": {
    "name": "Masquerain",
    "percent": 2.62178,
    "usage": 9878,
    "rank": 48
  },
  "2023-09": {
    "name": "Masquerain",
    "percent": 1.81417,
    "usage": 7342,
    "rank": 73
  },
  "2023-09-DLC1": {
    "name": "Masquerain",
    "percent": 0.83556,
    "usage": 2751,
    "rank": 125
  },
  "2023-10": {
    "name": "Masquerain",
    "percent": 0.58278,
    "usage": 4110,
    "rank": 135
  },
  "2023-11": {
    "name": "Masquerain",
    "percent": 0.38701,
    "usage": 2315,
    "rank": 162
  },
  "2023-12": {
    "name": "Masquerain",
    "percent": 0.31799,
    "usage": 2077,
    "rank": 186
  },
  "2023-12-DLC2": {
    "name": "Masquerain",
    "percent": 0.44642,
    "usage": 1027,
    "rank": 164
  },
  "2024-01": {
    "name": "Masquerain",
    "percent": 0.41051,
    "usage": 2134,
    "rank": 170
  },
  "2024-02": {
    "name": "Masquerain",
    "percent": 0.35989,
    "usage": 1829,
    "rank": 169
  },
  "2024-03": {
    "name": "Masquerain",
    "percent": 0.23943,
    "usage": 1406,
    "rank": 214
  },
  "2024-04": {
    "name": "Masquerain",
    "percent": 0.19178,
    "usage": 1450,
    "rank": 224
  },
  "2024-05": {
    "name": "Masquerain",
    "percent": 0.04556,
    "usage": 381,
    "rank": 365
  },
  "2024-06": {
    "name": "Masquerain",
    "percent": 0.12988,
    "usage": 1066,
    "rank": 246
  }
}