{
  "2023-05": {
    "name": "Magearna",
    "percent": 0.41202,
    "usage": 619,
    "rank": 126
  },
  "2023-06": {
    "name": "Magearna",
    "percent": 6.20183,
    "usage": 16944,
    "rank": 27
  },
  "2023-07": {
    "name": "Magearna",
    "percent": 4.91659,
    "usage": 10457,
    "rank": 30
  },
  "2023-08": {
    "name": "Magearna",
    "percent": 3.93694,
    "usage": 8845,
    "rank": 36
  },
  "2023-09": {
    "name": "Magearna",
    "percent": 3.61189,
    "usage": 8143,
    "rank": 42
  },
  "2023-09-DLC1": {
    "name": "Magearna",
    "percent": 3.47727,
    "usage": 4410,
    "rank": 45
  },
  "2023-10": {
    "name": "Magearna",
    "percent": 4.11242,
    "usage": 10025,
    "rank": 42
  },
  "2023-11": {
    "name": "Magearna",
    "percent": 4.30274,
    "usage": 10633,
    "rank": 41
  },
  "2023-12": {
    "name": "Magearna",
    "percent": 2.86763,
    "usage": 9122,
    "rank": 53
  },
  "2023-12-DLC2": {
    "name": "Magearna",
    "percent": 2.13081,
    "usage": 3426,
    "rank": 66
  },
  "2024-01": {
    "name": "Magearna",
    "percent": 2.27096,
    "usage": 8150,
    "rank": 58
  },
  "2024-02": {
    "name": "Magearna",
    "percent": 2.58082,
    "usage": 8280,
    "rank": 51
  },
  "2024-03": {
    "name": "Magearna",
    "percent": 1.82077,
    "usage": 7460,
    "rank": 58
  },
  "2024-04": {
    "name": "Magearna",
    "percent": 1.88092,
    "usage": 6022,
    "rank": 57
  },
  "2024-05": {
    "name": "Magearna",
    "percent": 2.30047,
    "usage": 3519,
    "rank": 55
  },
  "2024-06": {
    "name": "Magearna",
    "percent": 2.33943,
    "usage": 6984,
    "rank": 55
  }
}