{
  "2023-05": {
    "name": "Magearna",
    "percent": 0.46563,
    "usage": 619,
    "rank": 102
  },
  "2023-06": {
    "name": "Magearna",
    "percent": 5.59665,
    "usage": 16944,
    "rank": 29
  },
  "2023-07": {
    "name": "Magearna",
    "percent": 4.30939,
    "usage": 10457,
    "rank": 30
  },
  "2023-08": {
    "name": "Magearna",
    "percent": 2.65225,
    "usage": 8845,
    "rank": 42
  },
  "2023-09": {
    "name": "Magearna",
    "percent": 3.01552,
    "usage": 8143,
    "rank": 41
  },
  "2023-09-DLC1": {
    "name": "Magearna",
    "percent": 2.85314,
    "usage": 4410,
    "rank": 42
  },
  "2023-10": {
    "name": "Magearna",
    "percent": 3.35117,
    "usage": 10025,
    "rank": 41
  },
  "2023-11": {
    "name": "Magearna",
    "percent": 3.93463,
    "usage": 10633,
    "rank": 38
  },
  "2023-12": {
    "name": "Magearna",
    "percent": 2.35519,
    "usage": 9122,
    "rank": 50
  },
  "2023-12-DLC2": {
    "name": "Magearna",
    "percent": 1.5408,
    "usage": 3426,
    "rank": 58
  },
  "2024-01": {
    "name": "Magearna",
    "percent": 1.66851,
    "usage": 8150,
    "rank": 53
  },
  "2024-02": {
    "name": "Magearna",
    "percent": 2.2834,
    "usage": 8280,
    "rank": 44
  },
  "2024-03": {
    "name": "Magearna",
    "percent": 1.09145,
    "usage": 7460,
    "rank": 56
  },
  "2024-04": {
    "name": "Magearna",
    "percent": 1.21438,
    "usage": 6022,
    "rank": 53
  },
  "2024-05": {
    "name": "Magearna",
    "percent": 1.67103,
    "usage": 3519,
    "rank": 48
  },
  "2024-06": {
    "name": "Magearna",
    "percent": 1.79599,
    "usage": 6984,
    "rank": 49
  }
}