{
  "2023-05": {
    "name": "Magearna",
    "percent": 0.32627,
    "usage": 619,
    "rank": 101
  },
  "2023-06": {
    "name": "Magearna",
    "percent": 4.12617,
    "usage": 16944,
    "rank": 36
  },
  "2023-07": {
    "name": "Magearna",
    "percent": 4.14283,
    "usage": 10457,
    "rank": 31
  },
  "2023-08": {
    "name": "Magearna",
    "percent": 1.06354,
    "usage": 8845,
    "rank": 57
  },
  "2023-09": {
    "name": "Magearna",
    "percent": 1.51107,
    "usage": 8143,
    "rank": 55
  },
  "2023-09-DLC1": {
    "name": "Magearna",
    "percent": 1.60353,
    "usage": 4410,
    "rank": 52
  },
  "2023-10": {
    "name": "Magearna",
    "percent": 2.09878,
    "usage": 10025,
    "rank": 49
  },
  "2023-11": {
    "name": "Magearna",
    "percent": 2.21931,
    "usage": 10633,
    "rank": 42
  },
  "2023-12": {
    "name": "Magearna",
    "percent": 0.84431,
    "usage": 9122,
    "rank": 67
  },
  "2023-12-DLC2": {
    "name": "Magearna",
    "percent": 0.72931,
    "usage": 3426,
    "rank": 72
  },
  "2024-01": {
    "name": "Magearna",
    "percent": 0.81049,
    "usage": 8150,
    "rank": 72
  },
  "2024-02": {
    "name": "Magearna",
    "percent": 0.79443,
    "usage": 8280,
    "rank": 64
  },
  "2024-03": {
    "name": "Magearna",
    "percent": 0.33545,
    "usage": 7460,
    "rank": 81
  },
  "2024-04": {
    "name": "Magearna",
    "percent": 0.23858,
    "usage": 6022,
    "rank": 97
  },
  "2024-05": {
    "name": "Magearna",
    "percent": 0.42065,
    "usage": 3519,
    "rank": 73
  },
  "2024-06": {
    "name": "Magearna",
    "percent": 0.58582,
    "usage": 6984,
    "rank": 69
  }
}