{
  "2023-09": {
    "name": "Ninetales",
    "percent": 0.89256,
    "usage": 55837,
    "rank": 89
  },
  "2023-09-DLC1": {
    "name": "Ninetales",
    "percent": 1.26777,
    "usage": 50710,
    "rank": 78
  },
  "2023-10": {
    "name": "Ninetales",
    "percent": 0.52453,
    "usage": 32989,
    "rank": 93
  },
  "2023-11": {
    "name": "Ninetales",
    "percent": 0.31107,
    "usage": 16436,
    "rank": 109
  },
  "2023-12": {
    "name": "Ninetales",
    "percent": 0.22969,
    "usage": 24792,
    "rank": 145
  },
  "2023-12-DLC2": {
    "name": "Ninetales",
    "percent": 0.16952,
    "usage": 14033,
    "rank": 149
  },
  "2024-01": {
    "name": "Ninetales",
    "percent": 0.23501,
    "usage": 25187,
    "rank": 131
  },
  "2024-02": {
    "name": "Ninetales",
    "percent": 0.39844,
    "usage": 17542,
    "rank": 105
  },
  "2024-03": {
    "name": "Ninetales",
    "percent": 0.20387,
    "usage": 14233,
    "rank": 138
  },
  "2024-04": {
    "name": "Ninetales",
    "percent": 0.34786,
    "usage": 12206,
    "rank": 107
  },
  "2024-05": {
    "name": "Ninetales",
    "percent": 0.52504,
    "usage": 7509,
    "rank": 102
  },
  "2024-06": {
    "name": "Ninetales",
    "percent": 0.61383,
    "usage": 17861,
    "rank": 95
  }
}