{
  "2022-11": {
    "name": "Marill",
    "percent": 0.01953,
    "usage": 113,
    "rank": 313
  },
  "2022-12": {
    "name": "Marill",
    "percent": 0.01923,
    "usage": 210,
    "rank": 316
  },
  "2023-01": {
    "name": "Marill",
    "percent": 0.0161,
    "usage": 130,
    "rank": 336
  },
  "2023-02": {
    "name": "Marill",
    "percent": 0.03944,
    "usage": 229,
    "rank": 293
  },
  "2023-03": {
    "name": "Marill",
    "percent": 0.02754,
    "usage": 153,
    "rank": 308
  },
  "2023-04": {
    "name": "Marill",
    "percent": 0.02329,
    "usage": 110,
    "rank": 325
  },
  "2023-05": {
    "name": "Marill",
    "percent": 0.01654,
    "usage": 77,
    "rank": 435
  },
  "2023-06": {
    "name": "Marill",
    "percent": 0.01542,
    "usage": 73,
    "rank": 448
  },
  "2023-07": {
    "name": "Marill",
    "percent": 0.01892,
    "usage": 87,
    "rank": 438
  },
  "2023-08": {
    "name": "Marill",
    "percent": 0.01396,
    "usage": 67,
    "rank": 464
  },
  "2023-09": {
    "name": "Marill",
    "percent": 0.01289,
    "usage": 73,
    "rank": 530
  },
  "2023-09-DLC1": {
    "name": "Marill",
    "percent": 0.00985,
    "usage": 32,
    "rank": 562
  },
  "2023-10": {
    "name": "Marill",
    "percent": 0.01214,
    "usage": 75,
    "rank": 554
  },
  "2023-11": {
    "name": "Marill",
    "percent": 0.01492,
    "usage": 74,
    "rank": 545
  },
  "2023-12": {
    "name": "Marill",
    "percent": 0.01115,
    "usage": 48,
    "rank": 654
  },
  "2023-12-DLC2": {
    "name": "Marill",
    "percent": 0.0015,
    "usage": 3,
    "rank": 787
  },
  "2024-01": {
    "name": "Marill",
    "percent": 0.01505,
    "usage": 74,
    "rank": 631
  },
  "2024-02": {
    "name": "Marill",
    "percent": 0.01509,
    "usage": 69,
    "rank": 634
  },
  "2024-03": {
    "name": "Marill",
    "percent": 0.01536,
    "usage": 73,
    "rank": 632
  },
  "2024-04": {
    "name": "Marill",
    "percent": 0.00736,
    "usage": 33,
    "rank": 687
  },
  "2024-05": {
    "name": "Marill",
    "percent": 0.04194,
    "usage": 89,
    "rank": 536
  },
  "2024-06": {
    "name": "Marill",
    "percent": 0.01506,
    "usage": 55,
    "rank": 620
  }
}