{
  "2022-11": {
    "name": "Clawitzer",
    "percent": 0.42658,
    "usage": 2642,
    "rank": 281
  },
  "2022-12": {
    "name": "Clawitzer",
    "percent": 0.45777,
    "usage": 5875,
    "rank": 266
  },
  "2023-01": {
    "name": "Clawitzer",
    "percent": 0.36942,
    "usage": 5318,
    "rank": 276
  },
  "2023-02": {
    "name": "Clawitzer",
    "percent": 0.41432,
    "usage": 7335,
    "rank": 258
  },
  "2023-03": {
    "name": "Clawitzer",
    "percent": 0.26964,
    "usage": 6220,
    "rank": 298
  },
  "2023-04": {
    "name": "Clawitzer",
    "percent": 0.23662,
    "usage": 7221,
    "rank": 273
  },
  "2023-05": {
    "name": "Clawitzer",
    "percent": 0.21432,
    "usage": 7579,
    "rank": 286
  },
  "2023-06": {
    "name": "Clawitzer",
    "percent": 0.13231,
    "usage": 4968,
    "rank": 338
  },
  "2023-07": {
    "name": "Clawitzer",
    "percent": 0.13501,
    "usage": 4673,
    "rank": 342
  },
  "2023-08": {
    "name": "Clawitzer",
    "percent": 0.19267,
    "usage": 6004,
    "rank": 298
  },
  "2023-09": {
    "name": "Clawitzer",
    "percent": 0.12512,
    "usage": 4756,
    "rank": 355
  },
  "2023-09-DLC1": {
    "name": "Clawitzer",
    "percent": 0.10116,
    "usage": 2361,
    "rank": 376
  },
  "2023-10": {
    "name": "Clawitzer",
    "percent": 0.14087,
    "usage": 4573,
    "rank": 343
  },
  "2023-11": {
    "name": "Clawitzer",
    "percent": 0.20789,
    "usage": 4918,
    "rank": 294
  },
  "2023-12": {
    "name": "Clawitzer",
    "percent": 0.14594,
    "usage": 3667,
    "rank": 334
  },
  "2023-12-DLC2": {
    "name": "Clawitzer",
    "percent": 0.1278,
    "usage": 1451,
    "rank": 332
  },
  "2024-01": {
    "name": "Clawitzer",
    "percent": 0.16333,
    "usage": 3385,
    "rank": 295
  },
  "2024-02": {
    "name": "Clawitzer",
    "percent": 0.14468,
    "usage": 3689,
    "rank": 319
  },
  "2024-03": {
    "name": "Clawitzer",
    "percent": 0.1336,
    "usage": 4030,
    "rank": 337
  },
  "2024-04": {
    "name": "Clawitzer",
    "percent": 0.12055,
    "usage": 2996,
    "rank": 349
  },
  "2024-05": {
    "name": "Clawitzer",
    "percent": 0.10198,
    "usage": 1285,
    "rank": 357
  },
  "2024-06": {
    "name": "Clawitzer",
    "percent": 0.07934,
    "usage": 3320,
    "rank": 371
  }
}