{
  "2022-11": {
    "name": "Muk-Alola",
    "percent": 0.05546,
    "usage": 2879,
    "rank": 356
  },
  "2022-12": {
    "name": "Muk-Alola",
    "percent": 0.11192,
    "usage": 6568,
    "rank": 293
  },
  "2023-01": {
    "name": "Muk-Alola",
    "percent": 0.18108,
    "usage": 6594,
    "rank": 237
  },
  "2023-02": {
    "name": "Muk-Alola",
    "percent": 0.97291,
    "usage": 11340,
    "rank": 108
  },
  "2023-03": {
    "name": "Muk-Alola",
    "percent": 0.51529,
    "usage": 11313,
    "rank": 149
  },
  "2023-04": {
    "name": "Muk-Alola",
    "percent": 0.41579,
    "usage": 10555,
    "rank": 161
  },
  "2023-05": {
    "name": "Muk-Alola",
    "percent": 0.38652,
    "usage": 10664,
    "rank": 170
  },
  "2023-06": {
    "name": "Muk-Alola",
    "percent": 0.3371,
    "usage": 10985,
    "rank": 181
  },
  "2023-07": {
    "name": "Muk-Alola",
    "percent": 0.47895,
    "usage": 11646,
    "rank": 151
  },
  "2023-08": {
    "name": "Muk-Alola",
    "percent": 0.63763,
    "usage": 14295,
    "rank": 135
  },
  "2023-09": {
    "name": "Muk-Alola",
    "percent": 0.53438,
    "usage": 11955,
    "rank": 156
  },
  "2023-09-DLC1": {
    "name": "Muk-Alola",
    "percent": 0.35591,
    "usage": 5078,
    "rank": 175
  },
  "2023-10": {
    "name": "Muk-Alola",
    "percent": 0.66462,
    "usage": 12297,
    "rank": 134
  },
  "2023-11": {
    "name": "Muk-Alola",
    "percent": 0.60437,
    "usage": 9193,
    "rank": 148
  },
  "2023-12": {
    "name": "Muk-Alola",
    "percent": 0.74335,
    "usage": 9193,
    "rank": 130
  },
  "2023-12-DLC2": {
    "name": "Muk-Alola",
    "percent": 0.63096,
    "usage": 3627,
    "rank": 129
  },
  "2024-01": {
    "name": "Muk-Alola",
    "percent": 0.47463,
    "usage": 8233,
    "rank": 160
  },
  "2024-02": {
    "name": "Muk-Alola",
    "percent": 0.47722,
    "usage": 7962,
    "rank": 156
  },
  "2024-03": {
    "name": "Muk-Alola",
    "percent": 0.60299,
    "usage": 8462,
    "rank": 147
  },
  "2024-04": {
    "name": "Muk-Alola",
    "percent": 1.05835,
    "usage": 10240,
    "rank": 99
  },
  "2024-05": {
    "name": "Muk-Alola",
    "percent": 0.57517,
    "usage": 4475,
    "rank": 141
  },
  "2024-06": {
    "name": "Muk-Alola",
    "percent": 0.45747,
    "usage": 8440,
    "rank": 155
  }
}