{
  "elos": [
    "0",
    "1500",
    "1630",
    "1760"
  ],
  "firstMonth": "2022-11",
  "0": {
    "2022-11": {
      "name": "Absol-Mega",
      "percent": 0.85494,
      "usage": 5053,
      "rank": 180
    },
    "2022-12": {
      "name": "Absol-Mega",
      "percent": 0.66565,
      "usage": 8180,
      "rank": 208
    },
    "2023-01": {
      "name": "Absol-Mega",
      "percent": 0.61192,
      "usage": 8309,
      "rank": 209
    },
    "2023-02": {
      "name": "Absol-Mega",
      "percent": 0.70372,
      "usage": 10982,
      "rank": 194
    },
    "2023-03": {
      "name": "Absol-Mega",
      "percent": 0.59999,
      "usage": 10582,
      "rank": 204
    },
    "2023-04": {
      "name": "Absol-Mega",
      "percent": 0.62974,
      "usage": 11084,
      "rank": 193
    },
    "2023-05": {
      "name": "Absol-Mega",
      "percent": 0.60791,
      "usage": 11346,
      "rank": 197
    },
    "2023-06": {
      "name": "Absol-Mega",
      "percent": 0.58827,
      "usage": 9891,
      "rank": 202
    },
    "2023-07": {
      "name": "Absol-Mega",
      "percent": 0.5827,
      "usage": 9431,
      "rank": 205
    },
    "2023-08": {
      "name": "Absol-Mega",
      "percent": 0.60662,
      "usage": 11161,
      "rank": 195
    },
    "2023-09": {
      "name": "Absol-Mega",
      "percent": 0.60559,
      "usage": 10384,
      "rank": 207
    },
    "2023-09-DLC1": {
      "name": "Absol-Mega",
      "percent": 0.60505,
      "usage": 5163,
      "rank": 198
    },
    "2023-10": {
      "name": "Absol-Mega",
      "percent": 0.62474,
      "usage": 9850,
      "rank": 203
    },
    "2023-11": {
      "name": "Absol-Mega",
      "percent": 0.69154,
      "usage": 9352,
      "rank": 187
    },
    "2023-12": {
      "name": "Absol-Mega",
      "percent": 0.62405,
      "usage": 7980,
      "rank": 206
    },
    "2023-12-DLC2": {
      "name": "Absol-Mega",
      "percent": 0.63922,
      "usage": 3502,
      "rank": 199
    },
    "2024-01": {
      "name": "Absol-Mega",
      "percent": 0.66912,
      "usage": 8259,
      "rank": 192
    },
    "2024-02": {
      "name": "Absol-Mega",
      "percent": 0.65374,
      "usage": 8465,
      "rank": 184
    },
    "2024-03": {
      "name": "Absol-Mega",
      "percent": 0.64147,
      "usage": 8633,
      "rank": 196
    },
    "2024-04": {
      "name": "Absol-Mega",
      "percent": 0.69594,
      "usage": 8463,
      "rank": 185
    },
    "2024-05": {
      "name": "Absol-Mega",
      "percent": 0.77942,
      "usage": 4662,
      "rank": 164
    },
    "2024-06": {
      "name": "Absol-Mega",
      "percent": 0.61312,
      "usage": 8000,
      "rank": 186
    }
  },
  "1500": {
    "2022-11": {
      "name": "Absol-Mega",
      "percent": 0.82211,
      "usage": 5053,
      "rank": 184
    },
    "2022-12": {
      "name": "Absol-Mega",
      "percent": 0.63938,
      "usage": 8180,
      "rank": 213
    },
    "2023-01": {
      "name": "Absol-Mega",
      "percent": 0.59065,
      "usage": 8309,
      "rank": 210
    },
    "2023-02": {
      "name": "Absol-Mega",
      "percent": 0.65583,
      "usage": 10982,
      "rank": 193
    },
    "2023-03": {
      "name": "Absol-Mega",
      "percent": 0.52663,
      "usage": 10582,
      "rank": 205
    },
    "2023-04": {
      "name": "Absol-Mega",
      "percent": 0.44287,
      "usage": 11084,
      "rank": 198
    },
    "2023-05": {
      "name": "Absol-Mega",
      "percent": 0.39909,
      "usage": 11346,
      "rank": 208
    },
    "2023-06": {
      "name": "Absol-Mega",
      "percent": 0.38274,
      "usage": 9891,
      "rank": 207
    },
    "2023-07": {
      "name": "Absol-Mega",
      "percent": 0.3841,
      "usage": 9431,
      "rank": 212
    },
    "2023-08": {
      "name": "Absol-Mega",
      "percent": 0.45657,
      "usage": 11161,
      "rank": 189
    },
    "2023-09": {
      "name": "Absol-Mega",
      "percent": 0.43218,
      "usage": 10384,
      "rank": 201
    },
    "2023-09-DLC1": {
      "name": "Absol-Mega",
      "percent": 0.44648,
      "usage": 5163,
      "rank": 192
    },
    "2023-10": {
      "name": "Absol-Mega",
      "percent": 0.43159,
      "usage": 9850,
      "rank": 200
    },
    "2023-11": {
      "name": "Absol-Mega",
      "percent": 0.4881,
      "usage": 9352,
      "rank": 190
    },
    "2023-12": {
      "name": "Absol-Mega",
      "percent": 0.36918,
      "usage": 7980,
      "rank": 222
    },
    "2023-12-DLC2": {
      "name": "Absol-Mega",
      "percent": 0.37733,
      "usage": 3502,
      "rank": 215
    },
    "2024-01": {
      "name": "Absol-Mega",
      "percent": 0.3921,
      "usage": 8259,
      "rank": 204
    },
    "2024-02": {
      "name": "Absol-Mega",
      "percent": 0.45064,
      "usage": 8465,
      "rank": 182
    },
    "2024-03": {
      "name": "Absol-Mega",
      "percent": 0.4293,
      "usage": 8633,
      "rank": 193
    },
    "2024-04": {
      "name": "Absol-Mega",
      "percent": 0.46249,
      "usage": 8463,
      "rank": 187
    },
    "2024-05": {
      "name": "Absol-Mega",
      "percent": 0.48375,
      "usage": 4662,
      "rank": 178
    },
    "2024-06": {
      "name": "Absol-Mega",
      "percent": 0.38593,
      "usage": 8000,
      "rank": 194
    }
  },
  "1630": {
    "2022-11": {
      "name": "Absol-Mega",
      "percent": 0.15034,
      "usage": 5053,
      "rank": 282
    },
    "2022-12": {
      "name": "Absol-Mega",
      "percent": 0.08431,
      "usage": 8180,
      "rank": 312
    },
    "2023-01": {
      "name": "Absol-Mega",
      "percent": 0.21348,
      "usage": 8309,
      "rank": 225
    },
    "2023-02": {
      "name": "Absol-Mega",
      "percent": 0.3298,
      "usage": 10982,
      "rank": 196
    },
    "2023-03": {
      "name": "Absol-Mega",
      "percent": 0.21635,
      "usage": 10582,
      "rank": 211
    },
    "2023-04": {
      "name": "Absol-Mega",
      "percent": 0.24316,
      "usage": 11084,
      "rank": 202
    },
    "2023-05": {
      "name": "Absol-Mega",
      "percent": 0.20286,
      "usage": 11346,
      "rank": 224
    },
    "2023-06": {
      "name": "Absol-Mega",
      "percent": 0.21551,
      "usage": 9891,
      "rank": 215
    },
    "2023-07": {
      "name": "Absol-Mega",
      "percent": 0.18219,
      "usage": 9431,
      "rank": 236
    },
    "2023-08": {
      "name": "Absol-Mega",
      "percent": 0.22915,
      "usage": 11161,
      "rank": 209
    },
    "2023-09": {
      "name": "Absol-Mega",
      "percent": 0.15371,
      "usage": 10384,
      "rank": 242
    },
    "2023-09-DLC1": {
      "name": "Absol-Mega",
      "percent": 0.13479,
      "usage": 5163,
      "rank": 247
    },
    "2023-10": {
      "name": "Absol-Mega",
      "percent": 0.32947,
      "usage": 9850,
      "rank": 189
    },
    "2023-11": {
      "name": "Absol-Mega",
      "percent": 0.33955,
      "usage": 9352,
      "rank": 190
    },
    "2023-12": {
      "name": "Absol-Mega",
      "percent": 0.15141,
      "usage": 7980,
      "rank": 246
    },
    "2023-12-DLC2": {
      "name": "Absol-Mega",
      "percent": 0.1328,
      "usage": 3502,
      "rank": 244
    },
    "2024-01": {
      "name": "Absol-Mega",
      "percent": 0.31029,
      "usage": 8259,
      "rank": 178
    },
    "2024-02": {
      "name": "Absol-Mega",
      "percent": 0.47315,
      "usage": 8465,
      "rank": 158
    },
    "2024-03": {
      "name": "Absol-Mega",
      "percent": 0.37681,
      "usage": 8633,
      "rank": 178
    },
    "2024-04": {
      "name": "Absol-Mega",
      "percent": 0.28212,
      "usage": 8463,
      "rank": 189
    },
    "2024-05": {
      "name": "Absol-Mega",
      "percent": 0.28726,
      "usage": 4662,
      "rank": 189
    },
    "2024-06": {
      "name": "Absol-Mega",
      "percent": 0.29149,
      "usage": 8000,
      "rank": 182
    }
  },
  "1760": {
    "2022-11": {
      "name": "Absol-Mega",
      "percent": 0.01709,