{
  "elos": [
    "0",
    "1500",
    "1630",
    "1760"
  ],
  "firstMonth": "2022-11",
  "0": {
    "2022-11": {
      "name": "Aggron-Mega",
      "percent": 1.43984,
      "usage": 8510,
      "rank": 119
    },
    "2022-12": {
      "name": "Aggron-Mega",
      "percent": 1.23983,
      "usage": 15236,
      "rank": 125
    },
    "2023-01": {
      "name": "Aggron-Mega",
      "percent": 1.08524,
      "usage": 14736,
      "rank": 144
    },
    "2023-02": {
      "name": "Aggron-Mega",
      "percent": 0.97119,
      "usage": 15156,
      "rank": 154
    },
    "2023-03": {
      "name": "Aggron-Mega",
      "percent": 0.84545,
      "usage": 14911,
      "rank": 157
    },
    "2023-04": {
      "name": "Aggron-Mega",
      "percent": 0.86063,
      "usage": 15148,
      "rank": 153
    },
    "2023-05": {
      "name": "Aggron-Mega",
      "percent": 0.86017,
      "usage": 16054,
      "rank": 149
    },
    "2023-06": {
      "name": "Aggron-Mega",
      "percent": 0.69937,
      "usage": 11759,
      "rank": 177
    },
    "2023-07": {
      "name": "Aggron-Mega",
      "percent": 0.78375,
      "usage": 12685,
      "rank": 164
    },
    "2023-08": {
      "name": "Aggron-Mega",
      "percent": 0.81061,
      "usage": 14914,
      "rank": 151
    },
    "2023-09": {
      "name": "Aggron-Mega",
      "percent": 0.82744,
      "usage": 14188,
      "rank": 158
    },
    "2023-09-DLC1": {
      "name": "Aggron-Mega",
      "percent": 0.81118,
      "usage": 6922,
      "rank": 158
    },
    "2023-10": {
      "name": "Aggron-Mega",
      "percent": 0.86093,
      "usage": 13574,
      "rank": 154
    },
    "2023-11": {
      "name": "Aggron-Mega",
      "percent": 0.89001,
      "usage": 12036,
      "rank": 152
    },
    "2023-12": {
      "name": "Aggron-Mega",
      "percent": 0.80813,
      "usage": 10334,
      "rank": 167
    },
    "2023-12-DLC2": {
      "name": "Aggron-Mega",
      "percent": 0.80806,
      "usage": 4427,
      "rank": 165
    },
    "2024-01": {
      "name": "Aggron-Mega",
      "percent": 0.78012,
      "usage": 9629,
      "rank": 171
    },
    "2024-02": {
      "name": "Aggron-Mega",
      "percent": 0.67011,
      "usage": 8677,
      "rank": 181
    },
    "2024-03": {
      "name": "Aggron-Mega",
      "percent": 0.90889,
      "usage": 12232,
      "rank": 153
    },
    "2024-04": {
      "name": "Aggron-Mega",
      "percent": 1.22272,
      "usage": 14869,
      "rank": 122
    },
    "2024-05": {
      "name": "Aggron-Mega",
      "percent": 1.02502,
      "usage": 6131,
      "rank": 135
    },
    "2024-06": {
      "name": "Aggron-Mega",
      "percent": 0.80234,
      "usage": 10469,
      "rank": 157
    }
  },
  "1500": {
    "2022-11": {
      "name": "Aggron-Mega",
      "percent": 1.41634,
      "usage": 8510,
      "rank": 121
    },
    "2022-12": {
      "name": "Aggron-Mega",
      "percent": 1.21761,
      "usage": 15236,
      "rank": 125
    },
    "2023-01": {
      "name": "Aggron-Mega",
      "percent": 1.06176,
      "usage": 14736,
      "rank": 143
    },
    "2023-02": {
      "name": "Aggron-Mega",
      "percent": 0.91557,
      "usage": 15156,
      "rank": 157
    },
    "2023-03": {
      "name": "Aggron-Mega",
      "percent": 0.76062,
      "usage": 14911,
      "rank": 157
    },
    "2023-04": {
      "name": "Aggron-Mega",
      "percent": 0.74707,
      "usage": 15148,
      "rank": 145
    },
    "2023-05": {
      "name": "Aggron-Mega",
      "percent": 0.69743,
      "usage": 16054,
      "rank": 151
    },
    "2023-06": {
      "name": "Aggron-Mega",
      "percent": 0.55433,
      "usage": 11759,
      "rank": 172
    },
    "2023-07": {
      "name": "Aggron-Mega",
      "percent": 0.58658,
      "usage": 12685,
      "rank": 167
    },
    "2023-08": {
      "name": "Aggron-Mega",
      "percent": 0.6107,
      "usage": 14914,
      "rank": 159
    },
    "2023-09": {
      "name": "Aggron-Mega",
      "percent": 0.66593,
      "usage": 14188,
      "rank": 163
    },
    "2023-09-DLC1": {
      "name": "Aggron-Mega",
      "percent": 0.62698,
      "usage": 6922,
      "rank": 165
    },
    "2023-10": {
      "name": "Aggron-Mega",
      "percent": 0.64571,
      "usage": 13574,
      "rank": 164
    },
    "2023-11": {
      "name": "Aggron-Mega",
      "percent": 0.7696,
      "usage": 12036,
      "rank": 147
    },
    "2023-12": {
      "name": "Aggron-Mega",
      "percent": 0.57633,
      "usage": 10334,
      "rank": 174
    },
    "2023-12-DLC2": {
      "name": "Aggron-Mega",
      "percent": 0.56091,
      "usage": 4427,
      "rank": 170
    },
    "2024-01": {
      "name": "Aggron-Mega",
      "percent": 0.61073,
      "usage": 9629,
      "rank": 165
    },
    "2024-02": {
      "name": "Aggron-Mega",
      "percent": 0.54185,
      "usage": 8677,
      "rank": 167
    },
    "2024-03": {
      "name": "Aggron-Mega",
      "percent": 0.7659,
      "usage": 12232,
      "rank": 142
    },
    "2024-04": {
      "name": "Aggron-Mega",
      "percent": 0.77694,
      "usage": 14869,
      "rank": 140
    },
    "2024-05": {
      "name": "Aggron-Mega",
      "percent": 0.73457,
      "usage": 6131,
      "rank": 143
    },
    "2024-06": {
      "name": "Aggron-Mega",
      "percent": 0.64608,
      "usage": 10469,
      "rank": 151
    }
  },
  "1630": {
    "2022-11": {
      "name": "Aggron-Mega",
      "percent": 0.87267,
      "usage": 8510,
      "rank": 128
    },
    "2022-12": {
      "name": "Aggron-Mega",
      "percent": 0.40559,
      "usage": 15236,
      "rank": 184
    },
    "2023-01": {
      "name": "Aggron-Mega",
      "percent": 0.4011,
      "usage": 14736,
      "rank": 168
    },
    "2023-02": {
      "name": "Aggron-Mega",
      "percent": 0.35598,
      "usage": 15156,
      "rank": 188
    },
    "2023-03": {
      "name": "Aggron-Mega",
      "percent": 0.34655,
      "usage": 14911,
      "rank": 174
    },
    "2023-04": {
      "name": "Aggron-Mega",
      "percent": 0.40076,
      "usage": 15148,
      "rank": 164
    },
    "2023-05": {
      "name": "Aggron-Mega",
      "percent": 0.40625,
      "usage": 16054,
      "rank": 165
    },
    "2023-06": {
      "name": "Aggron-Mega",
      "percent": 0.46163,
      "usage": 11759,
      "rank": 158
    },
    "2023-07": {
      "name": "Aggron-Mega",
      "percent": 0.48851,
      "usage": 12685,
      "rank": 149
    },
    "2023-08": {
      "name": "Aggron-Mega",
      "percent": 0.45214,
      "usage": 14914,
      "rank": 161
    },
    "2023-09": {
      "name": "Aggron-Mega",
      "percent": 0.50145,
      "usage": 14188,
      "rank": 162
    },
    "2023-09-DLC1": {
      "name": "Aggron-Mega",
      "percent": 0.45949,
      "usage": 6922,
      "rank": 161
    },
    "2023-10": {
      "name": "Aggron-Mega",
      "percent": 0.46391,
      "usage": 13574,
      "rank": 164
    },
    "2023-11": {
      "name": "Aggron-Mega",
      "percent": 0.787,
      "usage": 12036,
      "rank": 128
    },
    "2023-12": {
      "name": "Aggron-Mega",
      "percent": 0.47412,
      "usage": 10334,
      "rank": 162
    },
    "2023-12-DLC2": {
      "name": "Aggron-Mega",
      "percent": 0.46489,
      "usage": 4427,
      "rank": 150
    },
    "2024-01": {
      "name": "Aggron-Mega",
      "percent": 0.44357,
      "usage": 9629,
      "rank": 164
    },
    "2024-02": {
      "name": "Aggron-Mega",
      "percent": 0.50428,
      "usage": 8677,
      "rank": 152
    },
    "2024-03": {
      "name": "Aggron-Mega",
      "percent": 0.88389,
      "usage": 12232,
      "rank": 114
    },
    "2024-04": {
      "name": "Aggron-Mega",
      "percent": 0.51511,
      "usage": 14869,
      "rank": 148
    },
    "2024-05": {
      "name": "Aggron-Mega",
      "percent": 0.50025,
      "usage": 6131,
      "rank": 152
    },
    "2024-06": {
      "name": "Aggron-Mega",
      "percent": 0.54522,
      "usage": 10469,
      "rank": 143
    }
  },