{
  "elos": [
    "0",
    "1500",
    "1630",
    "1760"
  ],
  "firstMonth": "2022-11",
  "0": {
    "2022-11": {
      "name": "Banette",
      "percent": 0.09881,
      "usage": 584,
      "rank": 514
    },
    "2022-12": {
      "name": "Banette",
      "percent": 0.06119,
      "usage": 752,
      "rank": 570
    },
    "2023-01": {
      "name": "Banette",
      "percent": 0.05015,
      "usage": 681,
      "rank": 580
    },
    "2023-02": {
      "name": "Banette",
      "percent": 0.03653,
      "usage": 570,
      "rank": 613
    },
    "2023-03": {
      "name": "Banette",
      "percent": 0.05534,
      "usage": 976,
      "rank": 567
    },
    "2023-04": {
      "name": "Banette",
      "percent": 0.04335,
      "usage": 763,
      "rank": 586
    },
    "2023-05": {
      "name": "Banette",
      "percent": 0.03054,
      "usage": 570,
      "rank": 635
    },
    "2023-06": {
      "name": "Banette",
      "percent": 0.02891,
      "usage": 486,
      "rank": 630
    },
    "2023-07": {
      "name": "Banette",
      "percent": 0.05295,
      "usage": 857,
      "rank": 585
    },
    "2023-08": {
      "name": "Banette",
      "percent": 0.04234,
      "usage": 779,
      "rank": 604
    },
    "2023-09": {
      "name": "Banette",
      "percent": 0.03651,
      "usage": 626,
      "rank": 618
    },
    "2023-09-DLC1": {
      "name": "Banette",
      "percent": 0.0409,
      "usage": 349,
      "rank": 600
    },
    "2023-10": {
      "name": "Banette",
      "percent": 0.04097,
      "usage": 646,
      "rank": 621
    },
    "2023-11": {
      "name": "Banette",
      "percent": 0.03912,
      "usage": 529,
      "rank": 625
    },
    "2023-12": {
      "name": "Banette",
      "percent": 0.03793,
      "usage": 485,
      "rank": 632
    },
    "2023-12-DLC2": {
      "name": "Banette",
      "percent": 0.046,
      "usage": 252,
      "rank": 606
    },
    "2024-01": {
      "name": "Banette",
      "percent": 0.04059,
      "usage": 501,
      "rank": 624
    },
    "2024-02": {
      "name": "Banette",
      "percent": 0.03043,
      "usage": 394,
      "rank": 638
    },
    "2024-03": {
      "name": "Banette",
      "percent": 0.06026,
      "usage": 811,
      "rank": 582
    },
    "2024-04": {
      "name": "Banette",
      "percent": 0.04432,
      "usage": 539,
      "rank": 616
    },
    "2024-05": {
      "name": "Banette",
      "percent": 0.06671,
      "usage": 399,
      "rank": 565
    },
    "2024-06": {
      "name": "Banette",
      "percent": 0.02981,
      "usage": 389,
      "rank": 631
    }
  },
  "1500": {
    "2022-11": {
      "name": "Banette",
      "percent": 0.08951,
      "usage": 584,
      "rank": 517
    },
    "2022-12": {
      "name": "Banette",
      "percent": 0.05571,
      "usage": 752,
      "rank": 573
    },
    "2023-01": {
      "name": "Banette",
      "percent": 0.04558,
      "usage": 681,
      "rank": 579
    },
    "2023-02": {
      "name": "Banette",
      "percent": 0.03008,
      "usage": 570,
      "rank": 613
    },
    "2023-03": {
      "name": "Banette",
      "percent": 0.04488,
      "usage": 976,
      "rank": 561
    },
    "2023-04": {
      "name": "Banette",
      "percent": 0.01763,
      "usage": 763,
      "rank": 590
    },
    "2023-05": {
      "name": "Banette",
      "percent": 0.01169,
      "usage": 570,
      "rank": 634
    },
    "2023-06": {
      "name": "Banette",
      "percent": 0.00648,
      "usage": 486,
      "rank": 656
    },
    "2023-07": {
      "name": "Banette",
      "percent": 0.00916,
      "usage": 857,
      "rank": 637
    },
    "2023-08": {
      "name": "Banette",
      "percent": 0.00874,
      "usage": 779,
      "rank": 642
    },
    "2023-09": {
      "name": "Banette",
      "percent": 0.00823,
      "usage": 626,
      "rank": 649
    },
    "2023-09-DLC1": {
      "name": "Banette",
      "percent": 0.00853,
      "usage": 349,
      "rank": 644
    },
    "2023-10": {
      "name": "Banette",
      "percent": 0.00556,
      "usage": 646,
      "rank": 696
    },
    "2023-11": {
      "name": "Banette",
      "percent": 0.01071,
      "usage": 529,
      "rank": 644
    },
    "2023-12": {
      "name": "Banette",
      "percent": 0.00865,
      "usage": 485,
      "rank": 660
    },
    "2023-12-DLC2": {
      "name": "Banette",
      "percent": 0.00909,
      "usage": 252,
      "rank": 641
    },
    "2024-01": {
      "name": "Banette",
      "percent": 0.0094,
      "usage": 501,
      "rank": 648
    },
    "2024-02": {
      "name": "Banette",
      "percent": 0.00671,
      "usage": 394,
      "rank": 668
    },
    "2024-03": {
      "name": "Banette",
      "percent": 0.01536,
      "usage": 811,
      "rank": 612
    },
    "2024-04": {
      "name": "Banette",
      "percent": 0.01605,
      "usage": 539,
      "rank": 599
    },
    "2024-05": {
      "name": "Banette",
      "percent": 0.00395,
      "usage": 399,
      "rank": 705
    },
    "2024-06": {
      "name": "Banette",
      "percent": 0.00462,
      "usage": 389,
      "rank": 669
    }
  },
  "1630": {
    "2022-11": {
      "name": "Banette",
      "percent": 3e-05,
      "usage": 584,
      "rank": 593
    },
    "2022-12": {
      "name": "Banette",
      "percent": 4e-05,
      "usage": 752,
      "rank": 690
    },
    "2023-01": {
      "name": "Banette",
      "percent": 0.00027,
      "usage": 681,
      "rank": 667
    },
    "2023-02": {
      "name": "Banette",
      "percent": 0.00229,
      "usage": 570,
      "rank": 628
    },
    "2023-03": {
      "name": "Banette",
      "percent": 0.00227,
      "usage": 976,
      "rank": 642
    },
    "2023-04": {
      "name": "Banette",
      "percent": 0.00227,
      "usage": 763,
      "rank": 631
    },
    "2023-05": {
      "name": "Banette",
      "percent": 0.00115,
      "usage": 570,
      "rank": 691
    },
    "2023-06": {
      "name": "Banette",
      "percent": 0.00171,
      "usage": 486,
      "rank": 648
    },
    "2023-07": {
      "name": "Banette",
      "percent": 0.00098,
      "usage": 857,
      "rank": 708
    },
    "2023-08": {
      "name": "Banette",
      "percent": 0.00116,
      "usage": 779,
      "rank": 684
    },
    "2023-09": {
      "name": "Banette",
      "percent": 0.00086,
      "usage": 626,
      "rank": 685
    },
    "2023-09-DLC1": {
      "name": "Banette",
      "percent": 0.00123,
      "usage": 349,
      "rank": 652
    },
    "2023-10": {
      "name": "Banette",
      "percent": 0.00082,
      "usage": 646,
      "rank": 714
    },
    "2023-11": {
      "name": "Banette",
      "percent": 0.00158,
      "usage": 529,
      "rank": 667
    },
    "2023-12": {
      "name": "Banette",
      "percent": 0.00084,
      "usage": 485,
      "rank": 707
    },
    "2023-12-DLC2": {
      "name": "Banette",
      "percent": 0.00086,
      "usage": 252,
      "rank": 674
    },
    "2024-01": {
      "name": "Banette",
      "percent": 0.00237,
      "usage": 501,
      "rank": 636
    },
    "2024-02": {
      "name": "Banette",
      "percent": 0.00046,
      "usage": 394,
      "rank": 737
    },
    "2024-03": {
      "name": "Banette",
      "percent": 0.00385,
      "usage": 811,
      "rank": 618
    },
    "2024-04": {
      "name": "Banette",
      "percent": 0.00208,
      "usage": 539,
      "rank": 658
    },
    "2024-05": {
      "name": "Banette",
      "percent": 0.0001,
      "usage": 399,
      "rank": 791
    },
    "2024-06": {
      "name": "Banette",
      "percent": 0.00087,
      "usage": 389,
      "rank": 683
    }
  },
  "1760": {
    "2022-11": {
      "name": "Banette",
      "percent": 0.0,
      "usage": 584,
      "rank": 575
    },
    "2022-12": {
      "name": "Banette",
      "percent": 0.0,
      "usage": 752,
      "rank": 674
    },
    "2023-01": {
      "name": "Banette",
      "percent": 2e-05,
      "usage": 681,
      "rank": 651
    },
    "2023-02": {
      "name": "Banette",