{
  "elos": [
    "0",
    "1500",
    "1630",
    "1760"
  ],
  "firstMonth": "2022-11",
  "0": {
    "2022-11": {
      "name": "Bronzong",
      "percent": 0.63701,
      "usage": 3765,
      "rank": 231
    },
    "2022-12": {
      "name": "Bronzong",
      "percent": 0.50973,
      "usage": 6264,
      "rank": 257
    },
    "2023-01": {
      "name": "Bronzong",
      "percent": 0.39599,
      "usage": 5377,
      "rank": 270
    },
    "2023-02": {
      "name": "Bronzong",
      "percent": 0.3898,
      "usage": 6083,
      "rank": 279
    },
    "2023-03": {
      "name": "Bronzong",
      "percent": 0.30771,
      "usage": 5427,
      "rank": 303
    },
    "2023-04": {
      "name": "Bronzong",
      "percent": 0.34873,
      "usage": 6138,
      "rank": 282
    },
    "2023-05": {
      "name": "Bronzong",
      "percent": 0.30272,
      "usage": 5650,
      "rank": 297
    },
    "2023-06": {
      "name": "Bronzong",
      "percent": 0.30356,
      "usage": 5104,
      "rank": 300
    },
    "2023-07": {
      "name": "Bronzong",
      "percent": 0.36342,
      "usage": 5882,
      "rank": 275
    },
    "2023-08": {
      "name": "Bronzong",
      "percent": 0.31769,
      "usage": 5845,
      "rank": 300
    },
    "2023-09": {
      "name": "Bronzong",
      "percent": 0.29708,
      "usage": 5094,
      "rank": 313
    },
    "2023-09-DLC1": {
      "name": "Bronzong",
      "percent": 0.31219,
      "usage": 2664,
      "rank": 294
    },
    "2023-10": {
      "name": "Bronzong",
      "percent": 0.35093,
      "usage": 5533,
      "rank": 289
    },
    "2023-11": {
      "name": "Bronzong",
      "percent": 0.39827,
      "usage": 5386,
      "rank": 268
    },
    "2023-12": {
      "name": "Bronzong",
      "percent": 0.34854,
      "usage": 4457,
      "rank": 287
    },
    "2023-12-DLC2": {
      "name": "Bronzong",
      "percent": 0.30793,
      "usage": 1687,
      "rank": 298
    },
    "2024-01": {
      "name": "Bronzong",
      "percent": 0.33906,
      "usage": 4185,
      "rank": 281
    },
    "2024-02": {
      "name": "Bronzong",
      "percent": 0.25524,
      "usage": 3305,
      "rank": 328
    },
    "2024-03": {
      "name": "Bronzong",
      "percent": 0.29737,
      "usage": 4002,
      "rank": 310
    },
    "2024-04": {
      "name": "Bronzong",
      "percent": 0.41955,
      "usage": 5102,
      "rank": 253
    },
    "2024-05": {
      "name": "Bronzong",
      "percent": 0.43017,
      "usage": 2573,
      "rank": 245
    },
    "2024-06": {
      "name": "Bronzong",
      "percent": 0.31537,
      "usage": 4115,
      "rank": 276
    }
  },
  "1500": {
    "2022-11": {
      "name": "Bronzong",
      "percent": 0.62052,
      "usage": 3765,
      "rank": 232
    },
    "2022-12": {
      "name": "Bronzong",
      "percent": 0.4932,
      "usage": 6264,
      "rank": 257
    },
    "2023-01": {
      "name": "Bronzong",
      "percent": 0.37515,
      "usage": 5377,
      "rank": 274
    },
    "2023-02": {
      "name": "Bronzong",
      "percent": 0.3565,
      "usage": 6083,
      "rank": 281
    },
    "2023-03": {
      "name": "Bronzong",
      "percent": 0.2631,
      "usage": 5427,
      "rank": 302
    },
    "2023-04": {
      "name": "Bronzong",
      "percent": 0.22674,
      "usage": 6138,
      "rank": 279
    },
    "2023-05": {
      "name": "Bronzong",
      "percent": 0.16216,
      "usage": 5650,
      "rank": 321
    },
    "2023-06": {
      "name": "Bronzong",
      "percent": 0.18014,
      "usage": 5104,
      "rank": 295
    },
    "2023-07": {
      "name": "Bronzong",
      "percent": 0.20412,
      "usage": 5882,
      "rank": 288
    },
    "2023-08": {
      "name": "Bronzong",
      "percent": 0.16591,
      "usage": 5845,
      "rank": 311
    },
    "2023-09": {
      "name": "Bronzong",
      "percent": 0.15691,
      "usage": 5094,
      "rank": 323
    },
    "2023-09-DLC1": {
      "name": "Bronzong",
      "percent": 0.14825,
      "usage": 2664,
      "rank": 321
    },
    "2023-10": {
      "name": "Bronzong",
      "percent": 0.23913,
      "usage": 5533,
      "rank": 271
    },
    "2023-11": {
      "name": "Bronzong",
      "percent": 0.273,
      "usage": 5386,
      "rank": 261
    },
    "2023-12": {
      "name": "Bronzong",
      "percent": 0.19286,
      "usage": 4457,
      "rank": 291
    },
    "2023-12-DLC2": {
      "name": "Bronzong",
      "percent": 0.15253,
      "usage": 1687,
      "rank": 308
    },
    "2024-01": {
      "name": "Bronzong",
      "percent": 0.1865,
      "usage": 4185,
      "rank": 279
    },
    "2024-02": {
      "name": "Bronzong",
      "percent": 0.13724,
      "usage": 3305,
      "rank": 326
    },
    "2024-03": {
      "name": "Bronzong",
      "percent": 0.15845,
      "usage": 4002,
      "rank": 312
    },
    "2024-04": {
      "name": "Bronzong",
      "percent": 0.28664,
      "usage": 5102,
      "rank": 231
    },
    "2024-05": {
      "name": "Bronzong",
      "percent": 0.21971,
      "usage": 2573,
      "rank": 258
    },
    "2024-06": {
      "name": "Bronzong",
      "percent": 0.17414,
      "usage": 4115,
      "rank": 274
    }
  },
  "1630": {
    "2022-11": {
      "name": "Bronzong",
      "percent": 0.56841,
      "usage": 3765,
      "rank": 170
    },
    "2022-12": {
      "name": "Bronzong",
      "percent": 0.05911,
      "usage": 6264,
      "rank": 343
    },
    "2023-01": {
      "name": "Bronzong",
      "percent": 0.08186,
      "usage": 5377,
      "rank": 305
    },
    "2023-02": {
      "name": "Bronzong",
      "percent": 0.10479,
      "usage": 6083,
      "rank": 293
    },
    "2023-03": {
      "name": "Bronzong",
      "percent": 0.04955,
      "usage": 5427,
      "rank": 348
    },
    "2023-04": {
      "name": "Bronzong",
      "percent": 0.16151,
      "usage": 6138,
      "rank": 240
    },
    "2023-05": {
      "name": "Bronzong",
      "percent": 0.05157,
      "usage": 5650,
      "rank": 356
    },
    "2023-06": {
      "name": "Bronzong",
      "percent": 0.11238,
      "usage": 5104,
      "rank": 265
    },
    "2023-07": {
      "name": "Bronzong",
      "percent": 0.06905,
      "usage": 5882,
      "rank": 321
    },
    "2023-08": {
      "name": "Bronzong",
      "percent": 0.08198,
      "usage": 5845,
      "rank": 299
    },
    "2023-09": {
      "name": "Bronzong",
      "percent": 0.05692,
      "usage": 5094,
      "rank": 334
    },
    "2023-09-DLC1": {
      "name": "Bronzong",
      "percent": 0.03605,
      "usage": 2664,
      "rank": 358
    },
    "2023-10": {
      "name": "Bronzong",
      "percent": 0.12791,
      "usage": 5533,
      "rank": 263
    },
    "2023-11": {
      "name": "Bronzong",
      "percent": 0.14003,
      "usage": 5386,
      "rank": 258
    },
    "2023-12": {
      "name": "Bronzong",
      "percent": 0.07798,
      "usage": 4457,
      "rank": 307
    },
    "2023-12-DLC2": {
      "name": "Bronzong",
      "percent": 0.08999,
      "usage": 1687,
      "rank": 271
    },
    "2024-01": {
      "name": "Bronzong",
      "percent": 0.07264,
      "usage": 4185,
      "rank": 295
    },
    "2024-02": {
      "name": "Bronzong",
      "percent": 0.11012,
      "usage": 3305,
      "rank": 255
    },
    "2024-03": {
      "name": "Bronzong",
      "percent": 0.11939,
      "usage": 4002,
      "rank": 261
    },
    "2024-04": {
      "name": "Bronzong",
      "percent": 0.19355,
      "usage": 5102,
      "rank": 218
    },
    "2024-05": {
      "name": "Bronzong",
      "percent": 0.17927,
      "usage": 2573,
      "rank": 220
    },
    "2024-06": {
      "name": "Bronzong",
      "percent": 0.07595,
      "usage": 4115,
      "rank": 278
    }
  },
  "1760": {
    "2022-11": {
      "name": "Bronzong",
      "percent": 0.36156,
      "usage": 3765,
      "rank": 184
    },
    "2022-12": {
      "name": "Bronzong",
      "percent": 0.0041,
      "usage": 6264,
      "rank": 420
    },