{
  "elos": [
    "0",
    "1500",
    "1630",
    "1760"
  ],
  "firstMonth": "2022-11",
  "0": {
    "2022-11": {
      "name": "Buizel",
      "percent": 0.01218,
      "usage": 72,
      "rank": 701
    },
    "2022-12": {
      "name": "Buizel",
      "percent": 0.01595,
      "usage": 196,
      "rank": 665
    },
    "2023-01": {
      "name": "Buizel",
      "percent": 0.02555,
      "usage": 347,
      "rank": 639
    },
    "2023-02": {
      "name": "Buizel",
      "percent": 0.01871,
      "usage": 292,
      "rank": 666
    },
    "2023-03": {
      "name": "Buizel",
      "percent": 0.01695,
      "usage": 299,
      "rank": 669
    },
    "2023-04": {
      "name": "Buizel",
      "percent": 0.01767,
      "usage": 311,
      "rank": 665
    },
    "2023-05": {
      "name": "Buizel",
      "percent": 0.01131,
      "usage": 211,
      "rank": 709
    },
    "2023-06": {
      "name": "Buizel",
      "percent": 0.01088,
      "usage": 183,
      "rank": 705
    },
    "2023-07": {
      "name": "Buizel",
      "percent": 0.01878,
      "usage": 304,
      "rank": 670
    },
    "2023-08": {
      "name": "Buizel",
      "percent": 0.01141,
      "usage": 210,
      "rank": 712
    },
    "2023-09": {
      "name": "Buizel",
      "percent": 0.01872,
      "usage": 321,
      "rank": 669
    },
    "2023-09-DLC1": {
      "name": "Buizel",
      "percent": 0.02051,
      "usage": 175,
      "rank": 659
    },
    "2023-10": {
      "name": "Buizel",
      "percent": 0.013,
      "usage": 205,
      "rank": 710
    },
    "2023-11": {
      "name": "Buizel",
      "percent": 0.00828,
      "usage": 112,
      "rank": 752
    },
    "2023-12": {
      "name": "Buizel",
      "percent": 0.02354,
      "usage": 301,
      "rank": 660
    },
    "2023-12-DLC2": {
      "name": "Buizel",
      "percent": 0.01314,
      "usage": 72,
      "rank": 713
    },
    "2024-01": {
      "name": "Buizel",
      "percent": 0.01086,
      "usage": 134,
      "rank": 731
    },
    "2024-02": {
      "name": "Buizel",
      "percent": 0.0146,
      "usage": 189,
      "rank": 687
    },
    "2024-03": {
      "name": "Buizel",
      "percent": 0.0107,
      "usage": 144,
      "rank": 731
    },
    "2024-04": {
      "name": "Buizel",
      "percent": 0.01225,
      "usage": 149,
      "rank": 719
    },
    "2024-05": {
      "name": "Buizel",
      "percent": 0.01287,
      "usage": 77,
      "rank": 709
    },
    "2024-06": {
      "name": "Buizel",
      "percent": 0.00828,
      "usage": 108,
      "rank": 732
    }
  },
  "1500": {
    "2022-11": {
      "name": "Buizel",
      "percent": 0.01112,
      "usage": 72,
      "rank": 700
    },
    "2022-12": {
      "name": "Buizel",
      "percent": 0.01419,
      "usage": 196,
      "rank": 672
    },
    "2023-01": {
      "name": "Buizel",
      "percent": 0.02268,
      "usage": 347,
      "rank": 636
    },
    "2023-02": {
      "name": "Buizel",
      "percent": 0.01529,
      "usage": 292,
      "rank": 668
    },
    "2023-03": {
      "name": "Buizel",
      "percent": 0.01117,
      "usage": 299,
      "rank": 677
    },
    "2023-04": {
      "name": "Buizel",
      "percent": 0.00542,
      "usage": 311,
      "rank": 680
    },
    "2023-05": {
      "name": "Buizel",
      "percent": 0.00358,
      "usage": 211,
      "rank": 725
    },
    "2023-06": {
      "name": "Buizel",
      "percent": 0.00421,
      "usage": 183,
      "rank": 698
    },
    "2023-07": {
      "name": "Buizel",
      "percent": 0.00622,
      "usage": 304,
      "rank": 675
    },
    "2023-08": {
      "name": "Buizel",
      "percent": 0.00257,
      "usage": 210,
      "rank": 736
    },
    "2023-09": {
      "name": "Buizel",
      "percent": 0.00674,
      "usage": 321,
      "rank": 655
    },
    "2023-09-DLC1": {
      "name": "Buizel",
      "percent": 0.00353,
      "usage": 175,
      "rank": 707
    },
    "2023-10": {
      "name": "Buizel",
      "percent": 0.00247,
      "usage": 205,
      "rank": 753
    },
    "2023-11": {
      "name": "Buizel",
      "percent": 0.00338,
      "usage": 112,
      "rank": 731
    },
    "2023-12": {
      "name": "Buizel",
      "percent": 0.01047,
      "usage": 301,
      "rank": 645
    },
    "2023-12-DLC2": {
      "name": "Buizel",
      "percent": 0.00654,
      "usage": 72,
      "rank": 667
    },
    "2024-01": {
      "name": "Buizel",
      "percent": 0.00137,
      "usage": 134,
      "rank": 803
    },
    "2024-02": {
      "name": "Buizel",
      "percent": 0.00275,
      "usage": 189,
      "rank": 742
    },
    "2024-03": {
      "name": "Buizel",
      "percent": 0.00162,
      "usage": 144,
      "rank": 807
    },
    "2024-04": {
      "name": "Buizel",
      "percent": 0.00269,
      "usage": 149,
      "rank": 745
    },
    "2024-05": {
      "name": "Buizel",
      "percent": 0.00087,
      "usage": 77,
      "rank": 832
    },
    "2024-06": {
      "name": "Buizel",
      "percent": 0.00081,
      "usage": 108,
      "rank": 812
    }
  },
  "1630": {
    "2022-11": {
      "name": "Buizel",
      "percent": 0.0,
      "usage": 72,
      "rank": 804
    },
    "2022-12": {
      "name": "Buizel",
      "percent": 0.0,
      "usage": 196,
      "rank": 734
    },
    "2023-01": {
      "name": "Buizel",
      "percent": 3e-05,
      "usage": 347,
      "rank": 748
    },
    "2023-02": {
      "name": "Buizel",
      "percent": 0.00021,
      "usage": 292,
      "rank": 760
    },
    "2023-03": {
      "name": "Buizel",
      "percent": 0.00034,
      "usage": 299,
      "rank": 760
    },
    "2023-04": {
      "name": "Buizel",
      "percent": 0.00074,
      "usage": 311,
      "rank": 714
    },
    "2023-05": {
      "name": "Buizel",
      "percent": 0.00058,
      "usage": 211,
      "rank": 752
    },
    "2023-06": {
      "name": "Buizel",
      "percent": 0.00051,
      "usage": 183,
      "rank": 723
    },
    "2023-07": {
      "name": "Buizel",
      "percent": 0.00155,
      "usage": 304,
      "rank": 678
    },
    "2023-08": {
      "name": "Buizel",
      "percent": 0.0002,
      "usage": 210,
      "rank": 808
    },
    "2023-09": {
      "name": "Buizel",
      "percent": 0.0014,
      "usage": 321,
      "rank": 654
    },
    "2023-09-DLC1": {
      "name": "Buizel",
      "percent": 0.00011,
      "usage": 175,
      "rank": 789
    },
    "2023-10": {
      "name": "Buizel",
      "percent": 0.00071,
      "usage": 205,
      "rank": 724
    },
    "2023-11": {
      "name": "Buizel",
      "percent": 0.00049,
      "usage": 112,
      "rank": 741
    },
    "2023-12": {
      "name": "Buizel",
      "percent": 0.00331,
      "usage": 301,
      "rank": 627
    },
    "2023-12-DLC2": {
      "name": "Buizel",
      "percent": 0.00064,
      "usage": 72,
      "rank": 694
    },
    "2024-01": {
      "name": "Buizel",
      "percent": 9e-05,
      "usage": 134,
      "rank": 835
    },
    "2024-02": {
      "name": "Buizel",
      "percent": 0.00022,
      "usage": 189,
      "rank": 782
    },
    "2024-03": {
      "name": "Buizel",
      "percent": 8e-05,
      "usage": 144,
      "rank": 875
    },
    "2024-04": {
      "name": "Buizel",
      "percent": 0.00049,
      "usage": 149,
      "rank": 743
    },
    "2024-05": {
      "name": "Buizel",
      "percent": 5e-05,
      "usage": 77,
      "rank": 807
    },
    "2024-06": {
      "name": "Buizel",
      "percent": 3e-05,
      "usage": 108,
      "rank": 865
    }
  },
  "1760": {
    "2022-11": {
      "name": "Buizel",
      "percent": 0.0,
      "usage": 72,
      "rank": 804
    },
    "2022-12": {
      "name": "Buizel",
      "percent": 0.0,
      "usage": 196,
      "rank": 730
    },
    "2023-01": {
      "name": "Buizel",
      "percent": 0.0,
      "usage": 347,
      "rank": 772
    },
    "2023-02": {
      "name": "Buizel",
      "percent": 3e-05,
      "usage": 292,
      "rank": 744
    },