{
  "elos": [
    "0",
    "1500",
    "1630",
    "1760"
  ],
  "firstMonth": "2022-11",
  "0": {
    "2022-11": {
      "name": "Cyclizar",
      "percent": 10.69238,
      "usage": 63196,
      "rank": 1
    },
    "2022-12": {
      "name": "Cyclizar",
      "percent": 7.78637,
      "usage": 95685,
      "rank": 8
    },
    "2023-01": {
      "name": "Cyclizar",
      "percent": 6.99956,
      "usage": 95044,
      "rank": 11
    },
    "2023-02": {
      "name": "Cyclizar",
      "percent": 9.00652,
      "usage": 140552,
      "rank": 6
    },
    "2023-03": {
      "name": "Cyclizar",
      "percent": 6.92239,
      "usage": 122089,
      "rank": 16
    },
    "2023-04": {
      "name": "Cyclizar",
      "percent": 4.44925,
      "usage": 78311,
      "rank": 35
    },
    "2023-05": {
      "name": "Cyclizar",
      "percent": 0.72879,
      "usage": 13602,
      "rank": 166
    },
    "2023-06": {
      "name": "Cyclizar",
      "percent": 0.36994,
      "usage": 6220,
      "rank": 265
    },
    "2023-07": {
      "name": "Cyclizar",
      "percent": 0.30782,
      "usage": 4982,
      "rank": 305
    },
    "2023-08": {
      "name": "Cyclizar",
      "percent": 0.30497,
      "usage": 5611,
      "rank": 309
    },
    "2023-09": {
      "name": "Cyclizar",
      "percent": 0.26985,
      "usage": 4627,
      "rank": 326
    },
    "2023-09-DLC1": {
      "name": "Cyclizar",
      "percent": 0.26098,
      "usage": 2227,
      "rank": 331
    },
    "2023-10": {
      "name": "Cyclizar",
      "percent": 0.28922,
      "usage": 4560,
      "rank": 323
    },
    "2023-11": {
      "name": "Cyclizar",
      "percent": 0.29164,
      "usage": 3944,
      "rank": 326
    },
    "2023-12": {
      "name": "Cyclizar",
      "percent": 0.26409,
      "usage": 3377,
      "rank": 337
    },
    "2023-12-DLC2": {
      "name": "Cyclizar",
      "percent": 0.24368,
      "usage": 1335,
      "rank": 340
    },
    "2024-01": {
      "name": "Cyclizar",
      "percent": 0.24629,
      "usage": 3040,
      "rank": 339
    },
    "2024-02": {
      "name": "Cyclizar",
      "percent": 0.23779,
      "usage": 3079,
      "rank": 337
    },
    "2024-03": {
      "name": "Cyclizar",
      "percent": 0.238,
      "usage": 3203,
      "rank": 346
    },
    "2024-04": {
      "name": "Cyclizar",
      "percent": 0.28527,
      "usage": 3469,
      "rank": 322
    },
    "2024-05": {
      "name": "Cyclizar",
      "percent": 0.27536,
      "usage": 1647,
      "rank": 322
    },
    "2024-06": {
      "name": "Cyclizar",
      "percent": 0.26241,
      "usage": 3424,
      "rank": 305
    }
  },
  "1500": {
    "2022-11": {
      "name": "Cyclizar",
      "percent": 10.85051,
      "usage": 63196,
      "rank": 1
    },
    "2022-12": {
      "name": "Cyclizar",
      "percent": 7.83161,
      "usage": 95685,
      "rank": 8
    },
    "2023-01": {
      "name": "Cyclizar",
      "percent": 7.06622,
      "usage": 95044,
      "rank": 14
    },
    "2023-02": {
      "name": "Cyclizar",
      "percent": 9.20999,
      "usage": 140552,
      "rank": 7
    },
    "2023-03": {
      "name": "Cyclizar",
      "percent": 7.0485,
      "usage": 122089,
      "rank": 19
    },
    "2023-04": {
      "name": "Cyclizar",
      "percent": 4.63837,
      "usage": 78311,
      "rank": 36
    },
    "2023-05": {
      "name": "Cyclizar",
      "percent": 0.57435,
      "usage": 13602,
      "rank": 171
    },
    "2023-06": {
      "name": "Cyclizar",
      "percent": 0.28323,
      "usage": 6220,
      "rank": 240
    },
    "2023-07": {
      "name": "Cyclizar",
      "percent": 0.23752,
      "usage": 4982,
      "rank": 273
    },
    "2023-08": {
      "name": "Cyclizar",
      "percent": 0.22799,
      "usage": 5611,
      "rank": 276
    },
    "2023-09": {
      "name": "Cyclizar",
      "percent": 0.17649,
      "usage": 4627,
      "rank": 306
    },
    "2023-09-DLC1": {
      "name": "Cyclizar",
      "percent": 0.14267,
      "usage": 2227,
      "rank": 327
    },
    "2023-10": {
      "name": "Cyclizar",
      "percent": 0.20294,
      "usage": 4560,
      "rank": 293
    },
    "2023-11": {
      "name": "Cyclizar",
      "percent": 0.16626,
      "usage": 3944,
      "rank": 322
    },
    "2023-12": {
      "name": "Cyclizar",
      "percent": 0.16934,
      "usage": 3377,
      "rank": 306
    },
    "2023-12-DLC2": {
      "name": "Cyclizar",
      "percent": 0.17447,
      "usage": 1335,
      "rank": 294
    },
    "2024-01": {
      "name": "Cyclizar",
      "percent": 0.14683,
      "usage": 3040,
      "rank": 317
    },
    "2024-02": {
      "name": "Cyclizar",
      "percent": 0.10275,
      "usage": 3079,
      "rank": 360
    },
    "2024-03": {
      "name": "Cyclizar",
      "percent": 0.13377,
      "usage": 3203,
      "rank": 336
    },
    "2024-04": {
      "name": "Cyclizar",
      "percent": 0.15187,
      "usage": 3469,
      "rank": 318
    },
    "2024-05": {
      "name": "Cyclizar",
      "percent": 0.14991,
      "usage": 1647,
      "rank": 299
    },
    "2024-06": {
      "name": "Cyclizar",
      "percent": 0.15072,
      "usage": 3424,
      "rank": 290
    }
  },
  "1630": {
    "2022-11": {
      "name": "Cyclizar",
      "percent": 23.12565,
      "usage": 63196,
      "rank": 1
    },
    "2022-12": {
      "name": "Cyclizar",
      "percent": 4.53274,
      "usage": 95685,
      "rank": 40
    },
    "2023-01": {
      "name": "Cyclizar",
      "percent": 6.69937,
      "usage": 95044,
      "rank": 30
    },
    "2023-02": {
      "name": "Cyclizar",
      "percent": 9.84363,
      "usage": 140552,
      "rank": 16
    },
    "2023-03": {
      "name": "Cyclizar",
      "percent": 7.04777,
      "usage": 122089,
      "rank": 29
    },
    "2023-04": {
      "name": "Cyclizar",
      "percent": 4.61911,
      "usage": 78311,
      "rank": 37
    },
    "2023-05": {
      "name": "Cyclizar",
      "percent": 0.34574,
      "usage": 13602,
      "rank": 177
    },
    "2023-06": {
      "name": "Cyclizar",
      "percent": 0.11501,
      "usage": 6220,
      "rank": 264
    },
    "2023-07": {
      "name": "Cyclizar",
      "percent": 0.13768,
      "usage": 4982,
      "rank": 260
    },
    "2023-08": {
      "name": "Cyclizar",
      "percent": 0.18479,
      "usage": 5611,
      "rank": 224
    },
    "2023-09": {
      "name": "Cyclizar",
      "percent": 0.09656,
      "usage": 4627,
      "rank": 282
    },
    "2023-09-DLC1": {
      "name": "Cyclizar",
      "percent": 0.0631,
      "usage": 2227,
      "rank": 307
    },
    "2023-10": {
      "name": "Cyclizar",
      "percent": 0.19281,
      "usage": 4560,
      "rank": 224
    },
    "2023-11": {
      "name": "Cyclizar",
      "percent": 0.06232,
      "usage": 3944,
      "rank": 330
    },
    "2023-12": {
      "name": "Cyclizar",
      "percent": 0.18473,
      "usage": 3377,
      "rank": 231
    },
    "2023-12-DLC2": {
      "name": "Cyclizar",
      "percent": 0.21235,
      "usage": 1335,
      "rank": 213
    },
    "2024-01": {
      "name": "Cyclizar",
      "percent": 0.07331,
      "usage": 3040,
      "rank": 294
    },
    "2024-02": {
      "name": "Cyclizar",
      "percent": 0.04443,
      "usage": 3079,
      "rank": 356
    },
    "2024-03": {
      "name": "Cyclizar",
      "percent": 0.07985,
      "usage": 3203,
      "rank": 302
    },
    "2024-04": {
      "name": "Cyclizar",
      "percent": 0.04718,
      "usage": 3469,
      "rank": 344
    },
    "2024-05": {
      "name": "Cyclizar",
      "percent": 0.03943,
      "usage": 1647,
      "rank": 340
    },
    "2024-06": {
      "name": "Cyclizar",
      "percent": 0.04149,
      "usage": 3424,
      "rank": 342
    }
  },
  "1760": {
    "2022-11": {
      "name": "Cyclizar",
      "percent": 29.22888,
      "usage": 63196,
      "rank": 1
    },
    "2022-12": {
      "name": "Cyclizar",
      "percent": 2.73588,
      "usage": 95685,
      "rank": 64
    },