{
  "elos": [
    "0",
    "1500",
    "1630",
    "1760"
  ],
  "firstMonth": "2022-11",
  "0": {
    "2023-05": {
      "name": "Enamorus",
      "percent": 0.2635,
      "usage": 4918,
      "rank": 326
    },
    "2023-06": {
      "name": "Enamorus",
      "percent": 2.60419,
      "usage": 43786,
      "rank": 54
    },
    "2023-07": {
      "name": "Enamorus",
      "percent": 1.23893,
      "usage": 20052,
      "rank": 116
    },
    "2023-08": {
      "name": "Enamorus",
      "percent": 1.34027,
      "usage": 24659,
      "rank": 106
    },
    "2023-09": {
      "name": "Enamorus",
      "percent": 0.94537,
      "usage": 16210,
      "rank": 147
    },
    "2023-09-DLC1": {
      "name": "Enamorus",
      "percent": 0.6477,
      "usage": 5527,
      "rank": 182
    },
    "2023-10": {
      "name": "Enamorus",
      "percent": 0.63691,
      "usage": 10042,
      "rank": 199
    },
    "2023-11": {
      "name": "Enamorus",
      "percent": 0.77865,
      "usage": 10530,
      "rank": 171
    },
    "2023-12": {
      "name": "Enamorus",
      "percent": 1.22713,
      "usage": 15692,
      "rank": 122
    },
    "2023-12-DLC2": {
      "name": "Enamorus",
      "percent": 1.66979,
      "usage": 9148,
      "rank": 89
    },
    "2024-01": {
      "name": "Enamorus",
      "percent": 0.85003,
      "usage": 10492,
      "rank": 156
    },
    "2024-02": {
      "name": "Enamorus",
      "percent": 0.71096,
      "usage": 9206,
      "rank": 173
    },
    "2024-03": {
      "name": "Enamorus",
      "percent": 0.68694,
      "usage": 9245,
      "rank": 185
    },
    "2024-04": {
      "name": "Enamorus",
      "percent": 0.52703,
      "usage": 6409,
      "rank": 225
    },
    "2024-05": {
      "name": "Enamorus",
      "percent": 0.70068,
      "usage": 4191,
      "rank": 173
    },
    "2024-06": {
      "name": "Enamorus",
      "percent": 0.65672,
      "usage": 8569,
      "rank": 174
    }
  },
  "1500": {
    "2023-05": {
      "name": "Enamorus",
      "percent": 0.31423,
      "usage": 4918,
      "rank": 238
    },
    "2023-06": {
      "name": "Enamorus",
      "percent": 3.0632,
      "usage": 43786,
      "rank": 49
    },
    "2023-07": {
      "name": "Enamorus",
      "percent": 1.43777,
      "usage": 20052,
      "rank": 94
    },
    "2023-08": {
      "name": "Enamorus",
      "percent": 1.56697,
      "usage": 24659,
      "rank": 89
    },
    "2023-09": {
      "name": "Enamorus",
      "percent": 1.05187,
      "usage": 16210,
      "rank": 121
    },
    "2023-09-DLC1": {
      "name": "Enamorus",
      "percent": 0.6502,
      "usage": 5527,
      "rank": 161
    },
    "2023-10": {
      "name": "Enamorus",
      "percent": 0.62632,
      "usage": 10042,
      "rank": 168
    },
    "2023-11": {
      "name": "Enamorus",
      "percent": 0.88069,
      "usage": 10530,
      "rank": 130
    },
    "2023-12": {
      "name": "Enamorus",
      "percent": 1.31842,
      "usage": 15692,
      "rank": 103
    },
    "2023-12-DLC2": {
      "name": "Enamorus",
      "percent": 1.88699,
      "usage": 9148,
      "rank": 81
    },
    "2024-01": {
      "name": "Enamorus",
      "percent": 0.89487,
      "usage": 10492,
      "rank": 131
    },
    "2024-02": {
      "name": "Enamorus",
      "percent": 0.67212,
      "usage": 9206,
      "rank": 149
    },
    "2024-03": {
      "name": "Enamorus",
      "percent": 0.69228,
      "usage": 9245,
      "rank": 155
    },
    "2024-04": {
      "name": "Enamorus",
      "percent": 0.44871,
      "usage": 6409,
      "rank": 188
    },
    "2024-05": {
      "name": "Enamorus",
      "percent": 0.75713,
      "usage": 4191,
      "rank": 138
    },
    "2024-06": {
      "name": "Enamorus",
      "percent": 0.64736,
      "usage": 8569,
      "rank": 149
    }
  },
  "1630": {
    "2023-05": {
      "name": "Enamorus",
      "percent": 0.3554,
      "usage": 4918,
      "rank": 175
    },
    "2023-06": {
      "name": "Enamorus",
      "percent": 3.36316,
      "usage": 43786,
      "rank": 46
    },
    "2023-07": {
      "name": "Enamorus",
      "percent": 1.51593,
      "usage": 20052,
      "rank": 80
    },
    "2023-08": {
      "name": "Enamorus",
      "percent": 1.66452,
      "usage": 24659,
      "rank": 80
    },
    "2023-09": {
      "name": "Enamorus",
      "percent": 1.0407,
      "usage": 16210,
      "rank": 106
    },
    "2023-09-DLC1": {
      "name": "Enamorus",
      "percent": 0.54385,
      "usage": 5527,
      "rank": 145
    },
    "2023-10": {
      "name": "Enamorus",
      "percent": 0.49722,
      "usage": 10042,
      "rank": 157
    },
    "2023-11": {
      "name": "Enamorus",
      "percent": 0.91738,
      "usage": 10530,
      "rank": 116
    },
    "2023-12": {
      "name": "Enamorus",
      "percent": 1.48429,
      "usage": 15692,
      "rank": 95
    },
    "2023-12-DLC2": {
      "name": "Enamorus",
      "percent": 2.05991,
      "usage": 9148,
      "rank": 77
    },
    "2024-01": {
      "name": "Enamorus",
      "percent": 0.97052,
      "usage": 10492,
      "rank": 109
    },
    "2024-02": {
      "name": "Enamorus",
      "percent": 0.5787,
      "usage": 9206,
      "rank": 140
    },
    "2024-03": {
      "name": "Enamorus",
      "percent": 0.68209,
      "usage": 9245,
      "rank": 136
    },
    "2024-04": {
      "name": "Enamorus",
      "percent": 0.37226,
      "usage": 6409,
      "rank": 170
    },
    "2024-05": {
      "name": "Enamorus",
      "percent": 0.93044,
      "usage": 4191,
      "rank": 108
    },
    "2024-06": {
      "name": "Enamorus",
      "percent": 0.75318,
      "usage": 8569,
      "rank": 119
    }
  },
  "1760": {
    "2023-05": {
      "name": "Enamorus",
      "percent": 0.30786,
      "usage": 4918,
      "rank": 164
    },
    "2023-06": {
      "name": "Enamorus",
      "percent": 3.81211,
      "usage": 43786,
      "rank": 44
    },
    "2023-07": {
      "name": "Enamorus",
      "percent": 1.77891,
      "usage": 20052,
      "rank": 66
    },
    "2023-08": {
      "name": "Enamorus",
      "percent": 1.85039,
      "usage": 24659,
      "rank": 70
    },
    "2023-09": {
      "name": "Enamorus",
      "percent": 0.71802,
      "usage": 16210,
      "rank": 119
    },
    "2023-09-DLC1": {
      "name": "Enamorus",
      "percent": 0.44344,
      "usage": 5527,
      "rank": 139
    },
    "2023-10": {
      "name": "Enamorus",
      "percent": 0.8636,
      "usage": 10042,
      "rank": 107
    },
    "2023-11": {
      "name": "Enamorus",
      "percent": 0.66106,
      "usage": 10530,
      "rank": 125
    },
    "2023-12": {
      "name": "Enamorus",
      "percent": 1.24331,
      "usage": 15692,
      "rank": 97
    },
    "2023-12-DLC2": {
      "name": "Enamorus",
      "percent": 1.655,
      "usage": 9148,
      "rank": 88
    },
    "2024-01": {
      "name": "Enamorus",
      "percent": 1.25469,
      "usage": 10492,
      "rank": 94
    },
    "2024-02": {
      "name": "Enamorus",
      "percent": 0.49863,
      "usage": 9206,
      "rank": 136
    },
    "2024-03": {
      "name": "Enamorus",
      "percent": 0.84128,
      "usage": 9245,
      "rank": 117
    },
    "2024-04": {
      "name": "Enamorus",
      "percent": 0.21602,
      "usage": 6409,
      "rank": 170
    },
    "2024-05": {
      "name": "Enamorus",
      "percent": 1.18381,
      "usage": 4191,
      "rank": 95
    },
    "2024-06": {
      "name": "Enamorus",
      "percent": 0.54578,
      "usage": 8569,
      "rank": 124
    }
  }
}