{
  "elos": [
    "0",
    "1500",
    "1630",
    "1760"
  ],
  "firstMonth": "2022-11",
  "0": {
    "2022-11": {
      "name": "Florges",
      "percent": 0.48322,
      "usage": 2856,
      "rank": 269
    },
    "2022-12": {
      "name": "Florges",
      "percent": 0.46042,
      "usage": 5658,
      "rank": 269
    },
    "2023-01": {
      "name": "Florges",
      "percent": 0.36918,
      "usage": 5013,
      "rank": 282
    },
    "2023-02": {
      "name": "Florges",
      "percent": 0.32866,
      "usage": 5129,
      "rank": 311
    },
    "2023-03": {
      "name": "Florges",
      "percent": 0.33243,
      "usage": 5863,
      "rank": 292
    },
    "2023-04": {
      "name": "Florges",
      "percent": 0.33106,
      "usage": 5827,
      "rank": 285
    },
    "2023-05": {
      "name": "Florges",
      "percent": 0.33755,
      "usage": 6300,
      "rank": 279
    },
    "2023-06": {
      "name": "Florges",
      "percent": 0.29672,
      "usage": 4989,
      "rank": 304
    },
    "2023-07": {
      "name": "Florges",
      "percent": 0.34477,
      "usage": 5580,
      "rank": 282
    },
    "2023-08": {
      "name": "Florges",
      "percent": 0.31829,
      "usage": 5856,
      "rank": 299
    },
    "2023-09": {
      "name": "Florges",
      "percent": 0.32519,
      "usage": 5576,
      "rank": 295
    },
    "2023-09-DLC1": {
      "name": "Florges",
      "percent": 0.32508,
      "usage": 2774,
      "rank": 285
    },
    "2023-10": {
      "name": "Florges",
      "percent": 0.32157,
      "usage": 5070,
      "rank": 306
    },
    "2023-11": {
      "name": "Florges",
      "percent": 0.36278,
      "usage": 4906,
      "rank": 284
    },
    "2023-12": {
      "name": "Florges",
      "percent": 0.25986,
      "usage": 3323,
      "rank": 340
    },
    "2023-12-DLC2": {
      "name": "Florges",
      "percent": 0.24222,
      "usage": 1327,
      "rank": 341
    },
    "2024-01": {
      "name": "Florges",
      "percent": 0.29085,
      "usage": 3590,
      "rank": 309
    },
    "2024-02": {
      "name": "Florges",
      "percent": 0.28752,
      "usage": 3723,
      "rank": 307
    },
    "2024-03": {
      "name": "Florges",
      "percent": 0.34054,
      "usage": 4583,
      "rank": 288
    },
    "2024-04": {
      "name": "Florges",
      "percent": 0.29686,
      "usage": 3610,
      "rank": 313
    },
    "2024-05": {
      "name": "Florges",
      "percent": 0.35795,
      "usage": 2141,
      "rank": 276
    },
    "2024-06": {
      "name": "Florges",
      "percent": 0.27713,
      "usage": 3616,
      "rank": 295
    }
  },
  "1500": {
    "2022-11": {
      "name": "Florges",
      "percent": 0.47856,
      "usage": 2856,
      "rank": 266
    },
    "2022-12": {
      "name": "Florges",
      "percent": 0.44366,
      "usage": 5658,
      "rank": 269
    },
    "2023-01": {
      "name": "Florges",
      "percent": 0.35146,
      "usage": 5013,
      "rank": 282
    },
    "2023-02": {
      "name": "Florges",
      "percent": 0.30404,
      "usage": 5129,
      "rank": 308
    },
    "2023-03": {
      "name": "Florges",
      "percent": 0.28443,
      "usage": 5863,
      "rank": 294
    },
    "2023-04": {
      "name": "Florges",
      "percent": 0.20705,
      "usage": 5827,
      "rank": 289
    },
    "2023-05": {
      "name": "Florges",
      "percent": 0.20129,
      "usage": 6300,
      "rank": 294
    },
    "2023-06": {
      "name": "Florges",
      "percent": 0.20159,
      "usage": 4989,
      "rank": 283
    },
    "2023-07": {
      "name": "Florges",
      "percent": 0.22348,
      "usage": 5580,
      "rank": 285
    },
    "2023-08": {
      "name": "Florges",
      "percent": 0.2174,
      "usage": 5856,
      "rank": 278
    },
    "2023-09": {
      "name": "Florges",
      "percent": 0.19594,
      "usage": 5576,
      "rank": 295
    },
    "2023-09-DLC1": {
      "name": "Florges",
      "percent": 0.21629,
      "usage": 2774,
      "rank": 266
    },
    "2023-10": {
      "name": "Florges",
      "percent": 0.21372,
      "usage": 5070,
      "rank": 283
    },
    "2023-11": {
      "name": "Florges",
      "percent": 0.25133,
      "usage": 4906,
      "rank": 272
    },
    "2023-12": {
      "name": "Florges",
      "percent": 0.15156,
      "usage": 3323,
      "rank": 323
    },
    "2023-12-DLC2": {
      "name": "Florges",
      "percent": 0.12682,
      "usage": 1327,
      "rank": 335
    },
    "2024-01": {
      "name": "Florges",
      "percent": 0.1532,
      "usage": 3590,
      "rank": 309
    },
    "2024-02": {
      "name": "Florges",
      "percent": 0.13017,
      "usage": 3723,
      "rank": 329
    },
    "2024-03": {
      "name": "Florges",
      "percent": 0.25986,
      "usage": 4583,
      "rank": 252
    },
    "2024-04": {
      "name": "Florges",
      "percent": 0.15419,
      "usage": 3610,
      "rank": 315
    },
    "2024-05": {
      "name": "Florges",
      "percent": 0.13388,
      "usage": 2141,
      "rank": 312
    },
    "2024-06": {
      "name": "Florges",
      "percent": 0.15807,
      "usage": 3616,
      "rank": 285
    }
  },
  "1630": {
    "2022-11": {
      "name": "Florges",
      "percent": 0.15087,
      "usage": 2856,
      "rank": 281
    },
    "2022-12": {
      "name": "Florges",
      "percent": 0.17857,
      "usage": 5658,
      "rank": 245
    },
    "2023-01": {
      "name": "Florges",
      "percent": 0.11187,
      "usage": 5013,
      "rank": 271
    },
    "2023-02": {
      "name": "Florges",
      "percent": 0.10636,
      "usage": 5129,
      "rank": 290
    },
    "2023-03": {
      "name": "Florges",
      "percent": 0.12574,
      "usage": 5863,
      "rank": 257
    },
    "2023-04": {
      "name": "Florges",
      "percent": 0.1529,
      "usage": 5827,
      "rank": 245
    },
    "2023-05": {
      "name": "Florges",
      "percent": 0.16575,
      "usage": 6300,
      "rank": 241
    },
    "2023-06": {
      "name": "Florges",
      "percent": 0.10107,
      "usage": 4989,
      "rank": 271
    },
    "2023-07": {
      "name": "Florges",
      "percent": 0.13036,
      "usage": 5580,
      "rank": 261
    },
    "2023-08": {
      "name": "Florges",
      "percent": 0.10115,
      "usage": 5856,
      "rank": 275
    },
    "2023-09": {
      "name": "Florges",
      "percent": 0.04636,
      "usage": 5576,
      "rank": 347
    },
    "2023-09-DLC1": {
      "name": "Florges",
      "percent": 0.04836,
      "usage": 2774,
      "rank": 334
    },
    "2023-10": {
      "name": "Florges",
      "percent": 0.08174,
      "usage": 5070,
      "rank": 312
    },
    "2023-11": {
      "name": "Florges",
      "percent": 0.09969,
      "usage": 4906,
      "rank": 288
    },
    "2023-12": {
      "name": "Florges",
      "percent": 0.08227,
      "usage": 3323,
      "rank": 301
    },
    "2023-12-DLC2": {
      "name": "Florges",
      "percent": 0.05156,
      "usage": 1327,
      "rank": 317
    },
    "2024-01": {
      "name": "Florges",
      "percent": 0.11812,
      "usage": 3590,
      "rank": 244
    },
    "2024-02": {
      "name": "Florges",
      "percent": 0.10432,
      "usage": 3723,
      "rank": 263
    },
    "2024-03": {
      "name": "Florges",
      "percent": 0.26526,
      "usage": 4583,
      "rank": 203
    },
    "2024-04": {
      "name": "Florges",
      "percent": 0.08994,
      "usage": 3610,
      "rank": 284
    },
    "2024-05": {
      "name": "Florges",
      "percent": 0.05844,
      "usage": 2141,
      "rank": 308
    },
    "2024-06": {
      "name": "Florges",
      "percent": 0.0706,
      "usage": 3616,
      "rank": 284
    }
  },
  "1760": {
    "2022-11": {
      "name": "Florges",
      "percent": 0.06506,
      "usage": 2856,
      "rank": 283
    },
    "2022-12": {
      "name": "Florges",
      "percent": 0.20699,
      "usage": 5658,
      "rank": 164
    },
    "2023-01": {
      "name": "Florges",
      "percent": 0.07448,