{
  "elos": [
    "0",
    "1500",
    "1630",
    "1760"
  ],
  "firstMonth": "2022-11",
  "0": {
    "2022-11": {
      "name": "Hitmonchan",
      "percent": 0.18933,
      "usage": 1119,
      "rank": 416
    },
    "2022-12": {
      "name": "Hitmonchan",
      "percent": 0.2425,
      "usage": 2980,
      "rank": 391
    },
    "2023-01": {
      "name": "Hitmonchan",
      "percent": 0.19568,
      "usage": 2657,
      "rank": 406
    },
    "2023-02": {
      "name": "Hitmonchan",
      "percent": 0.21063,
      "usage": 3287,
      "rank": 390
    },
    "2023-03": {
      "name": "Hitmonchan",
      "percent": 0.21693,
      "usage": 3826,
      "rank": 365
    },
    "2023-04": {
      "name": "Hitmonchan",
      "percent": 0.16022,
      "usage": 2820,
      "rank": 425
    },
    "2023-05": {
      "name": "Hitmonchan",
      "percent": 0.15554,
      "usage": 2903,
      "rank": 434
    },
    "2023-06": {
      "name": "Hitmonchan",
      "percent": 0.16498,
      "usage": 2774,
      "rank": 409
    },
    "2023-07": {
      "name": "Hitmonchan",
      "percent": 0.19123,
      "usage": 3095,
      "rank": 380
    },
    "2023-08": {
      "name": "Hitmonchan",
      "percent": 0.18833,
      "usage": 3465,
      "rank": 386
    },
    "2023-09": {
      "name": "Hitmonchan",
      "percent": 0.17992,
      "usage": 3085,
      "rank": 397
    },
    "2023-09-DLC1": {
      "name": "Hitmonchan",
      "percent": 0.15926,
      "usage": 1359,
      "rank": 416
    },
    "2023-10": {
      "name": "Hitmonchan",
      "percent": 0.19896,
      "usage": 3137,
      "rank": 388
    },
    "2023-11": {
      "name": "Hitmonchan",
      "percent": 0.16571,
      "usage": 2241,
      "rank": 440
    },
    "2023-12": {
      "name": "Hitmonchan",
      "percent": 0.22866,
      "usage": 2924,
      "rank": 363
    },
    "2023-12-DLC2": {
      "name": "Hitmonchan",
      "percent": 0.22159,
      "usage": 1214,
      "rank": 356
    },
    "2024-01": {
      "name": "Hitmonchan",
      "percent": 0.25277,
      "usage": 3120,
      "rank": 335
    },
    "2024-02": {
      "name": "Hitmonchan",
      "percent": 0.20064,
      "usage": 2598,
      "rank": 367
    },
    "2024-03": {
      "name": "Hitmonchan",
      "percent": 0.18286,
      "usage": 2461,
      "rank": 398
    },
    "2024-04": {
      "name": "Hitmonchan",
      "percent": 0.22334,
      "usage": 2716,
      "rank": 362
    },
    "2024-05": {
      "name": "Hitmonchan",
      "percent": 0.1595,
      "usage": 954,
      "rank": 423
    },
    "2024-06": {
      "name": "Hitmonchan",
      "percent": 0.12477,
      "usage": 1628,
      "rank": 445
    }
  },
  "1500": {
    "2022-11": {
      "name": "Hitmonchan",
      "percent": 0.18732,
      "usage": 1119,
      "rank": 412
    },
    "2022-12": {
      "name": "Hitmonchan",
      "percent": 0.23107,
      "usage": 2980,
      "rank": 391
    },
    "2023-01": {
      "name": "Hitmonchan",
      "percent": 0.18165,
      "usage": 2657,
      "rank": 411
    },
    "2023-02": {
      "name": "Hitmonchan",
      "percent": 0.18783,
      "usage": 3287,
      "rank": 393
    },
    "2023-03": {
      "name": "Hitmonchan",
      "percent": 0.15412,
      "usage": 3826,
      "rank": 399
    },
    "2023-04": {
      "name": "Hitmonchan",
      "percent": 0.0589,
      "usage": 2820,
      "rank": 469
    },
    "2023-05": {
      "name": "Hitmonchan",
      "percent": 0.05761,
      "usage": 2903,
      "rank": 482
    },
    "2023-06": {
      "name": "Hitmonchan",
      "percent": 0.07014,
      "usage": 2774,
      "rank": 423
    },
    "2023-07": {
      "name": "Hitmonchan",
      "percent": 0.06053,
      "usage": 3095,
      "rank": 456
    },
    "2023-08": {
      "name": "Hitmonchan",
      "percent": 0.05606,
      "usage": 3465,
      "rank": 466
    },
    "2023-09": {
      "name": "Hitmonchan",
      "percent": 0.05603,
      "usage": 3085,
      "rank": 462
    },
    "2023-09-DLC1": {
      "name": "Hitmonchan",
      "percent": 0.06335,
      "usage": 1359,
      "rank": 436
    },
    "2023-10": {
      "name": "Hitmonchan",
      "percent": 0.06853,
      "usage": 3137,
      "rank": 449
    },
    "2023-11": {
      "name": "Hitmonchan",
      "percent": 0.06205,
      "usage": 2241,
      "rank": 465
    },
    "2023-12": {
      "name": "Hitmonchan",
      "percent": 0.07716,
      "usage": 2924,
      "rank": 429
    },
    "2023-12-DLC2": {
      "name": "Hitmonchan",
      "percent": 0.07171,
      "usage": 1214,
      "rank": 428
    },
    "2024-01": {
      "name": "Hitmonchan",
      "percent": 0.07674,
      "usage": 3120,
      "rank": 404
    },
    "2024-02": {
      "name": "Hitmonchan",
      "percent": 0.06597,
      "usage": 2598,
      "rank": 429
    },
    "2024-03": {
      "name": "Hitmonchan",
      "percent": 0.06525,
      "usage": 2461,
      "rank": 434
    },
    "2024-04": {
      "name": "Hitmonchan",
      "percent": 0.08594,
      "usage": 2716,
      "rank": 395
    },
    "2024-05": {
      "name": "Hitmonchan",
      "percent": 0.0647,
      "usage": 954,
      "rank": 412
    },
    "2024-06": {
      "name": "Hitmonchan",
      "percent": 0.03463,
      "usage": 1628,
      "rank": 487
    }
  },
  "1630": {
    "2022-11": {
      "name": "Hitmonchan",
      "percent": 0.01122,
      "usage": 1119,
      "rank": 466
    },
    "2022-12": {
      "name": "Hitmonchan",
      "percent": 0.08266,
      "usage": 2980,
      "rank": 315
    },
    "2023-01": {
      "name": "Hitmonchan",
      "percent": 0.01252,
      "usage": 2657,
      "rank": 471
    },
    "2023-02": {
      "name": "Hitmonchan",
      "percent": 0.02533,
      "usage": 3287,
      "rank": 439
    },
    "2023-03": {
      "name": "Hitmonchan",
      "percent": 0.02501,
      "usage": 3826,
      "rank": 415
    },
    "2023-04": {
      "name": "Hitmonchan",
      "percent": 0.02306,
      "usage": 2820,
      "rank": 447
    },
    "2023-05": {
      "name": "Hitmonchan",
      "percent": 0.02487,
      "usage": 2903,
      "rank": 435
    },
    "2023-06": {
      "name": "Hitmonchan",
      "percent": 0.01337,
      "usage": 2774,
      "rank": 473
    },
    "2023-07": {
      "name": "Hitmonchan",
      "percent": 0.01463,
      "usage": 3095,
      "rank": 482
    },
    "2023-08": {
      "name": "Hitmonchan",
      "percent": 0.01998,
      "usage": 3465,
      "rank": 447
    },
    "2023-09": {
      "name": "Hitmonchan",
      "percent": 0.01237,
      "usage": 3085,
      "rank": 491
    },
    "2023-09-DLC1": {
      "name": "Hitmonchan",
      "percent": 0.01363,
      "usage": 1359,
      "rank": 468
    },
    "2023-10": {
      "name": "Hitmonchan",
      "percent": 0.02765,
      "usage": 3137,
      "rank": 420
    },
    "2023-11": {
      "name": "Hitmonchan",
      "percent": 0.01453,
      "usage": 2241,
      "rank": 485
    },
    "2023-12": {
      "name": "Hitmonchan",
      "percent": 0.02058,
      "usage": 2924,
      "rank": 453
    },
    "2023-12-DLC2": {
      "name": "Hitmonchan",
      "percent": 0.0226,
      "usage": 1214,
      "rank": 402
    },
    "2024-01": {
      "name": "Hitmonchan",
      "percent": 0.01865,
      "usage": 3120,
      "rank": 442
    },
    "2024-02": {
      "name": "Hitmonchan",
      "percent": 0.01145,
      "usage": 2598,
      "rank": 497
    },
    "2024-03": {
      "name": "Hitmonchan",
      "percent": 0.02061,
      "usage": 2461,
      "rank": 450
    },
    "2024-04": {
      "name": "Hitmonchan",
      "percent": 0.01779,
      "usage": 2716,
      "rank": 455
    },
    "2024-05": {
      "name": "Hitmonchan",
      "percent": 0.02201,
      "usage": 954,
      "rank": 409
    },
    "2024-06": {
      "name": "Hitmonchan",
      "percent": 0.00424,
      "usage": 1628,
      "rank": 561
    }
  },
  "1760": {
    "2022-11": {
      "name": "Hitmonchan",
      "percent": 0.00537,
      "usage": 1119,