{
  "elos": [
    "0",
    "1500",
    "1630",
    "1760"
  ],
  "firstMonth": "2022-11",
  "0": {
    "2022-11": {
      "name": "Lanturn",
      "percent": 0.19593,
      "usage": 1158,
      "rank": 414
    },
    "2022-12": {
      "name": "Lanturn",
      "percent": 0.19302,
      "usage": 2372,
      "rank": 432
    },
    "2023-01": {
      "name": "Lanturn",
      "percent": 0.29745,
      "usage": 4039,
      "rank": 325
    },
    "2023-02": {
      "name": "Lanturn",
      "percent": 0.19948,
      "usage": 3113,
      "rank": 399
    },
    "2023-03": {
      "name": "Lanturn",
      "percent": 0.17146,
      "usage": 3024,
      "rank": 420
    },
    "2023-04": {
      "name": "Lanturn",
      "percent": 0.178,
      "usage": 3133,
      "rank": 411
    },
    "2023-05": {
      "name": "Lanturn",
      "percent": 0.21566,
      "usage": 4025,
      "rank": 367
    },
    "2023-06": {
      "name": "Lanturn",
      "percent": 0.20234,
      "usage": 3402,
      "rank": 364
    },
    "2023-07": {
      "name": "Lanturn",
      "percent": 0.20624,
      "usage": 3338,
      "rank": 368
    },
    "2023-08": {
      "name": "Lanturn",
      "percent": 0.18056,
      "usage": 3322,
      "rank": 391
    },
    "2023-09": {
      "name": "Lanturn",
      "percent": 0.21065,
      "usage": 3612,
      "rank": 373
    },
    "2023-09-DLC1": {
      "name": "Lanturn",
      "percent": 0.2366,
      "usage": 2019,
      "rank": 349
    },
    "2023-10": {
      "name": "Lanturn",
      "percent": 0.21558,
      "usage": 3399,
      "rank": 376
    },
    "2023-11": {
      "name": "Lanturn",
      "percent": 0.22968,
      "usage": 3106,
      "rank": 368
    },
    "2023-12": {
      "name": "Lanturn",
      "percent": 0.19738,
      "usage": 2524,
      "rank": 388
    },
    "2023-12-DLC2": {
      "name": "Lanturn",
      "percent": 0.14749,
      "usage": 808,
      "rank": 444
    },
    "2024-01": {
      "name": "Lanturn",
      "percent": 0.1575,
      "usage": 1944,
      "rank": 430
    },
    "2024-02": {
      "name": "Lanturn",
      "percent": 0.22219,
      "usage": 2877,
      "rank": 350
    },
    "2024-03": {
      "name": "Lanturn",
      "percent": 0.23309,
      "usage": 3137,
      "rank": 348
    },
    "2024-04": {
      "name": "Lanturn",
      "percent": 0.23708,
      "usage": 2883,
      "rank": 351
    },
    "2024-05": {
      "name": "Lanturn",
      "percent": 0.13341,
      "usage": 798,
      "rank": 456
    },
    "2024-06": {
      "name": "Lanturn",
      "percent": 0.19497,
      "usage": 2544,
      "rank": 355
    }
  },
  "1500": {
    "2022-11": {
      "name": "Lanturn",
      "percent": 0.18872,
      "usage": 1158,
      "rank": 410
    },
    "2022-12": {
      "name": "Lanturn",
      "percent": 0.18717,
      "usage": 2372,
      "rank": 426
    },
    "2023-01": {
      "name": "Lanturn",
      "percent": 0.2836,
      "usage": 4039,
      "rank": 324
    },
    "2023-02": {
      "name": "Lanturn",
      "percent": 0.17502,
      "usage": 3113,
      "rank": 405
    },
    "2023-03": {
      "name": "Lanturn",
      "percent": 0.14438,
      "usage": 3024,
      "rank": 411
    },
    "2023-04": {
      "name": "Lanturn",
      "percent": 0.0881,
      "usage": 3133,
      "rank": 419
    },
    "2023-05": {
      "name": "Lanturn",
      "percent": 0.12625,
      "usage": 4025,
      "rank": 353
    },
    "2023-06": {
      "name": "Lanturn",
      "percent": 0.11313,
      "usage": 3402,
      "rank": 365
    },
    "2023-07": {
      "name": "Lanturn",
      "percent": 0.10158,
      "usage": 3338,
      "rank": 379
    },
    "2023-08": {
      "name": "Lanturn",
      "percent": 0.10055,
      "usage": 3322,
      "rank": 375
    },
    "2023-09": {
      "name": "Lanturn",
      "percent": 0.11974,
      "usage": 3612,
      "rank": 364
    },
    "2023-09-DLC1": {
      "name": "Lanturn",
      "percent": 0.13067,
      "usage": 2019,
      "rank": 340
    },
    "2023-10": {
      "name": "Lanturn",
      "percent": 0.07796,
      "usage": 3399,
      "rank": 429
    },
    "2023-11": {
      "name": "Lanturn",
      "percent": 0.13025,
      "usage": 3106,
      "rank": 362
    },
    "2023-12": {
      "name": "Lanturn",
      "percent": 0.11158,
      "usage": 2524,
      "rank": 374
    },
    "2023-12-DLC2": {
      "name": "Lanturn",
      "percent": 0.06191,
      "usage": 808,
      "rank": 453
    },
    "2024-01": {
      "name": "Lanturn",
      "percent": 0.06247,
      "usage": 1944,
      "rank": 432
    },
    "2024-02": {
      "name": "Lanturn",
      "percent": 0.06748,
      "usage": 2877,
      "rank": 426
    },
    "2024-03": {
      "name": "Lanturn",
      "percent": 0.08821,
      "usage": 3137,
      "rank": 393
    },
    "2024-04": {
      "name": "Lanturn",
      "percent": 0.1238,
      "usage": 2883,
      "rank": 344
    },
    "2024-05": {
      "name": "Lanturn",
      "percent": 0.06594,
      "usage": 798,
      "rank": 406
    },
    "2024-06": {
      "name": "Lanturn",
      "percent": 0.0719,
      "usage": 2544,
      "rank": 382
    }
  },
  "1630": {
    "2022-11": {
      "name": "Lanturn",
      "percent": 0.02493,
      "usage": 1158,
      "rank": 422
    },
    "2022-12": {
      "name": "Lanturn",
      "percent": 0.08589,
      "usage": 2372,
      "rank": 309
    },
    "2023-01": {
      "name": "Lanturn",
      "percent": 0.27427,
      "usage": 4039,
      "rank": 206
    },
    "2023-02": {
      "name": "Lanturn",
      "percent": 0.08641,
      "usage": 3113,
      "rank": 308
    },
    "2023-03": {
      "name": "Lanturn",
      "percent": 0.0216,
      "usage": 3024,
      "rank": 430
    },
    "2023-04": {
      "name": "Lanturn",
      "percent": 0.03625,
      "usage": 3133,
      "rank": 387
    },
    "2023-05": {
      "name": "Lanturn",
      "percent": 0.07056,
      "usage": 4025,
      "rank": 328
    },
    "2023-06": {
      "name": "Lanturn",
      "percent": 0.04168,
      "usage": 3402,
      "rank": 354
    },
    "2023-07": {
      "name": "Lanturn",
      "percent": 0.04963,
      "usage": 3338,
      "rank": 351
    },
    "2023-08": {
      "name": "Lanturn",
      "percent": 0.06311,
      "usage": 3322,
      "rank": 314
    },
    "2023-09": {
      "name": "Lanturn",
      "percent": 0.03488,
      "usage": 3612,
      "rank": 385
    },
    "2023-09-DLC1": {
      "name": "Lanturn",
      "percent": 0.03112,
      "usage": 2019,
      "rank": 367
    },
    "2023-10": {
      "name": "Lanturn",
      "percent": 0.01119,
      "usage": 3399,
      "rank": 513
    },
    "2023-11": {
      "name": "Lanturn",
      "percent": 0.05083,
      "usage": 3106,
      "rank": 352
    },
    "2023-12": {
      "name": "Lanturn",
      "percent": 0.04077,
      "usage": 2524,
      "rank": 370
    },
    "2023-12-DLC2": {
      "name": "Lanturn",
      "percent": 0.02436,
      "usage": 808,
      "rank": 396
    },
    "2024-01": {
      "name": "Lanturn",
      "percent": 0.03088,
      "usage": 1944,
      "rank": 390
    },
    "2024-02": {
      "name": "Lanturn",
      "percent": 0.03262,
      "usage": 2877,
      "rank": 385
    },
    "2024-03": {
      "name": "Lanturn",
      "percent": 0.01239,
      "usage": 3137,
      "rank": 511
    },
    "2024-04": {
      "name": "Lanturn",
      "percent": 0.04505,
      "usage": 2883,
      "rank": 348
    },
    "2024-05": {
      "name": "Lanturn",
      "percent": 0.02744,
      "usage": 798,
      "rank": 389
    },
    "2024-06": {
      "name": "Lanturn",
      "percent": 0.02488,
      "usage": 2544,
      "rank": 391
    }
  },
  "1760": {
    "2022-11": {
      "name": "Lanturn",
      "percent": 0.01684,
      "usage": 1158,
      "rank": 368
    },
    "2022-12": {
      "name": "Lanturn",
      "percent": 0.00117,
      "usage": 2372,
      "rank": 482
    },
    "2023-01": {
      "name": "Lanturn",
      "percent": 0.74756,