{
  "elos": [
    "0",
    "1500",
    "1630",
    "1760"
  ],
  "firstMonth": "2022-11",
  "0": {
    "2022-11": {
      "name": "Oricorio",
      "percent": 0.03756,
      "usage": 222,
      "rank": 605
    },
    "2022-12": {
      "name": "Oricorio",
      "percent": 0.08129,
      "usage": 999,
      "rank": 542
    },
    "2023-01": {
      "name": "Oricorio",
      "percent": 0.08285,
      "usage": 1125,
      "rank": 531
    },
    "2023-02": {
      "name": "Oricorio",
      "percent": 0.11695,
      "usage": 1825,
      "rank": 491
    },
    "2023-03": {
      "name": "Oricorio",
      "percent": 0.10971,
      "usage": 1935,
      "rank": 488
    },
    "2023-04": {
      "name": "Oricorio",
      "percent": 0.085,
      "usage": 1496,
      "rank": 517
    },
    "2023-05": {
      "name": "Oricorio",
      "percent": 0.07812,
      "usage": 1458,
      "rank": 536
    },
    "2023-06": {
      "name": "Oricorio",
      "percent": 0.07672,
      "usage": 1290,
      "rank": 538
    },
    "2023-07": {
      "name": "Oricorio",
      "percent": 0.09639,
      "usage": 1560,
      "rank": 510
    },
    "2023-08": {
      "name": "Oricorio",
      "percent": 0.06006,
      "usage": 1105,
      "rank": 566
    },
    "2023-09": {
      "name": "Oricorio",
      "percent": 0.0487,
      "usage": 835,
      "rank": 591
    },
    "2023-09-DLC1": {
      "name": "Oricorio",
      "percent": 0.04992,
      "usage": 426,
      "rank": 583
    },
    "2023-10": {
      "name": "Oricorio",
      "percent": 0.05778,
      "usage": 911,
      "rank": 585
    },
    "2023-11": {
      "name": "Oricorio",
      "percent": 0.06759,
      "usage": 914,
      "rank": 574
    },
    "2023-12": {
      "name": "Oricorio",
      "percent": 0.08109,
      "usage": 1037,
      "rank": 548
    },
    "2023-12-DLC2": {
      "name": "Oricorio",
      "percent": 0.05695,
      "usage": 312,
      "rank": 584
    },
    "2024-01": {
      "name": "Oricorio",
      "percent": 0.05768,
      "usage": 712,
      "rank": 587
    },
    "2024-02": {
      "name": "Oricorio",
      "percent": 0.05445,
      "usage": 705,
      "rank": 589
    },
    "2024-03": {
      "name": "Oricorio",
      "percent": 0.07118,
      "usage": 958,
      "rank": 564
    },
    "2024-04": {
      "name": "Oricorio",
      "percent": 0.06792,
      "usage": 826,
      "rank": 574
    },
    "2024-05": {
      "name": "Oricorio",
      "percent": 0.03461,
      "usage": 207,
      "rank": 624
    },
    "2024-06": {
      "name": "Oricorio",
      "percent": 0.0338,
      "usage": 441,
      "rank": 619
    }
  },
  "1500": {
    "2022-11": {
      "name": "Oricorio",
      "percent": 0.03585,
      "usage": 222,
      "rank": 603
    },
    "2022-12": {
      "name": "Oricorio",
      "percent": 0.07664,
      "usage": 999,
      "rank": 540
    },
    "2023-01": {
      "name": "Oricorio",
      "percent": 0.07477,
      "usage": 1125,
      "rank": 534
    },
    "2023-02": {
      "name": "Oricorio",
      "percent": 0.10371,
      "usage": 1825,
      "rank": 487
    },
    "2023-03": {
      "name": "Oricorio",
      "percent": 0.08681,
      "usage": 1935,
      "rank": 484
    },
    "2023-04": {
      "name": "Oricorio",
      "percent": 0.06105,
      "usage": 1496,
      "rank": 462
    },
    "2023-05": {
      "name": "Oricorio",
      "percent": 0.03843,
      "usage": 1458,
      "rank": 521
    },
    "2023-06": {
      "name": "Oricorio",
      "percent": 0.03367,
      "usage": 1290,
      "rank": 521
    },
    "2023-07": {
      "name": "Oricorio",
      "percent": 0.02209,
      "usage": 1560,
      "rank": 578
    },
    "2023-08": {
      "name": "Oricorio",
      "percent": 0.01508,
      "usage": 1105,
      "rank": 600
    },
    "2023-09": {
      "name": "Oricorio",
      "percent": 0.02028,
      "usage": 835,
      "rank": 577
    },
    "2023-09-DLC1": {
      "name": "Oricorio",
      "percent": 0.02185,
      "usage": 426,
      "rank": 564
    },
    "2023-10": {
      "name": "Oricorio",
      "percent": 0.01749,
      "usage": 911,
      "rank": 590
    },
    "2023-11": {
      "name": "Oricorio",
      "percent": 0.01729,
      "usage": 914,
      "rank": 599
    },
    "2023-12": {
      "name": "Oricorio",
      "percent": 0.01978,
      "usage": 1037,
      "rank": 599
    },
    "2023-12-DLC2": {
      "name": "Oricorio",
      "percent": 0.01381,
      "usage": 312,
      "rank": 609
    },
    "2024-01": {
      "name": "Oricorio",
      "percent": 0.02212,
      "usage": 712,
      "rank": 571
    },
    "2024-02": {
      "name": "Oricorio",
      "percent": 0.02004,
      "usage": 705,
      "rank": 579
    },
    "2024-03": {
      "name": "Oricorio",
      "percent": 0.02809,
      "usage": 958,
      "rank": 547
    },
    "2024-04": {
      "name": "Oricorio",
      "percent": 0.04256,
      "usage": 826,
      "rank": 498
    },
    "2024-05": {
      "name": "Oricorio",
      "percent": 0.00547,
      "usage": 207,
      "rank": 681
    },
    "2024-06": {
      "name": "Oricorio",
      "percent": 0.01234,
      "usage": 441,
      "rank": 598
    }
  },
  "1630": {
    "2022-11": {
      "name": "Oricorio",
      "percent": 0.0008,
      "usage": 222,
      "rank": 559
    },
    "2022-12": {
      "name": "Oricorio",
      "percent": 0.00066,
      "usage": 999,
      "rank": 633
    },
    "2023-01": {
      "name": "Oricorio",
      "percent": 0.00047,
      "usage": 1125,
      "rank": 653
    },
    "2023-02": {
      "name": "Oricorio",
      "percent": 0.00437,
      "usage": 1825,
      "rank": 590
    },
    "2023-03": {
      "name": "Oricorio",
      "percent": 0.00183,
      "usage": 1935,
      "rank": 652
    },
    "2023-04": {
      "name": "Oricorio",
      "percent": 0.00468,
      "usage": 1496,
      "rank": 589
    },
    "2023-05": {
      "name": "Oricorio",
      "percent": 0.00508,
      "usage": 1458,
      "rank": 584
    },
    "2023-06": {
      "name": "Oricorio",
      "percent": 0.00556,
      "usage": 1290,
      "rank": 560
    },
    "2023-07": {
      "name": "Oricorio",
      "percent": 0.00373,
      "usage": 1560,
      "rank": 605
    },
    "2023-08": {
      "name": "Oricorio",
      "percent": 0.00407,
      "usage": 1105,
      "rank": 596
    },
    "2023-09": {
      "name": "Oricorio",
      "percent": 0.00636,
      "usage": 835,
      "rank": 560
    },
    "2023-09-DLC1": {
      "name": "Oricorio",
      "percent": 0.00988,
      "usage": 426,
      "rank": 497
    },
    "2023-10": {
      "name": "Oricorio",
      "percent": 0.00206,
      "usage": 911,
      "rank": 657
    },
    "2023-11": {
      "name": "Oricorio",
      "percent": 0.00071,
      "usage": 914,
      "rank": 718
    },
    "2023-12": {
      "name": "Oricorio",
      "percent": 0.00284,
      "usage": 1037,
      "rank": 640
    },
    "2023-12-DLC2": {
      "name": "Oricorio",
      "percent": 0.00068,
      "usage": 312,
      "rank": 688
    },
    "2024-01": {
      "name": "Oricorio",
      "percent": 0.01158,
      "usage": 712,
      "rank": 505
    },
    "2024-02": {
      "name": "Oricorio",
      "percent": 0.00116,
      "usage": 705,
      "rank": 694
    },
    "2024-03": {
      "name": "Oricorio",
      "percent": 0.00094,
      "usage": 958,
      "rank": 718
    },
    "2024-04": {
      "name": "Oricorio",
      "percent": 0.00552,
      "usage": 826,
      "rank": 571
    },
    "2024-05": {
      "name": "Oricorio",
      "percent": 0.00069,
      "usage": 207,
      "rank": 700
    },
    "2024-06": {
      "name": "Oricorio",
      "percent": 0.00137,
      "usage": 441,
      "rank": 646
    }
  },
  "1760": {
    "2022-11": {
      "name": "Oricorio",
      "percent": 0.0,
      "usage": 222,
      "rank": 570
    },
    "2022-12": {
      "name": "Oricorio",
      "percent": 4e-05,
      "usage": 999,
      "rank": 595
    },
    "2023-01": {
      "name": "Oricorio",