{
  "elos": [
    "0",
    "1500",
    "1630",
    "1760"
  ],
  "firstMonth": "2022-11",
  "0": {
    "2022-11": {
      "name": "Raichu",
      "percent": 0.33822,
      "usage": 1999,
      "rank": 322
    },
    "2022-12": {
      "name": "Raichu",
      "percent": 0.35357,
      "usage": 4345,
      "rank": 314
    },
    "2023-01": {
      "name": "Raichu",
      "percent": 0.3521,
      "usage": 4781,
      "rank": 291
    },
    "2023-02": {
      "name": "Raichu",
      "percent": 0.40357,
      "usage": 6298,
      "rank": 272
    },
    "2023-03": {
      "name": "Raichu",
      "percent": 0.40506,
      "usage": 7144,
      "rank": 258
    },
    "2023-04": {
      "name": "Raichu",
      "percent": 0.29072,
      "usage": 5117,
      "rank": 311
    },
    "2023-05": {
      "name": "Raichu",
      "percent": 0.29078,
      "usage": 5427,
      "rank": 308
    },
    "2023-06": {
      "name": "Raichu",
      "percent": 0.22969,
      "usage": 3862,
      "rank": 336
    },
    "2023-07": {
      "name": "Raichu",
      "percent": 0.27408,
      "usage": 4436,
      "rank": 323
    },
    "2023-08": {
      "name": "Raichu",
      "percent": 0.34046,
      "usage": 6264,
      "rank": 284
    },
    "2023-09": {
      "name": "Raichu",
      "percent": 0.33931,
      "usage": 5818,
      "rank": 286
    },
    "2023-09-DLC1": {
      "name": "Raichu",
      "percent": 0.31946,
      "usage": 2726,
      "rank": 288
    },
    "2023-10": {
      "name": "Raichu",
      "percent": 0.29543,
      "usage": 4658,
      "rank": 321
    },
    "2023-11": {
      "name": "Raichu",
      "percent": 0.30103,
      "usage": 4071,
      "rank": 318
    },
    "2023-12": {
      "name": "Raichu",
      "percent": 0.28473,
      "usage": 3641,
      "rank": 326
    },
    "2023-12-DLC2": {
      "name": "Raichu",
      "percent": 0.31359,
      "usage": 1718,
      "rank": 291
    },
    "2024-01": {
      "name": "Raichu",
      "percent": 0.2612,
      "usage": 3224,
      "rank": 327
    },
    "2024-02": {
      "name": "Raichu",
      "percent": 0.30853,
      "usage": 3995,
      "rank": 294
    },
    "2024-03": {
      "name": "Raichu",
      "percent": 0.35101,
      "usage": 4724,
      "rank": 278
    },
    "2024-04": {
      "name": "Raichu",
      "percent": 0.32202,
      "usage": 3916,
      "rank": 296
    },
    "2024-05": {
      "name": "Raichu",
      "percent": 0.19009,
      "usage": 1137,
      "rank": 386
    },
    "2024-06": {
      "name": "Raichu",
      "percent": 0.22946,
      "usage": 2994,
      "rank": 330
    }
  },
  "1500": {
    "2022-11": {
      "name": "Raichu",
      "percent": 0.31042,
      "usage": 1999,
      "rank": 328
    },
    "2022-12": {
      "name": "Raichu",
      "percent": 0.32783,
      "usage": 4345,
      "rank": 323
    },
    "2023-01": {
      "name": "Raichu",
      "percent": 0.32284,
      "usage": 4781,
      "rank": 300
    },
    "2023-02": {
      "name": "Raichu",
      "percent": 0.34097,
      "usage": 6298,
      "rank": 289
    },
    "2023-03": {
      "name": "Raichu",
      "percent": 0.29683,
      "usage": 7144,
      "rank": 285
    },
    "2023-04": {
      "name": "Raichu",
      "percent": 0.11478,
      "usage": 5117,
      "rank": 377
    },
    "2023-05": {
      "name": "Raichu",
      "percent": 0.10296,
      "usage": 5427,
      "rank": 401
    },
    "2023-06": {
      "name": "Raichu",
      "percent": 0.07758,
      "usage": 3862,
      "rank": 411
    },
    "2023-07": {
      "name": "Raichu",
      "percent": 0.09647,
      "usage": 4436,
      "rank": 387
    },
    "2023-08": {
      "name": "Raichu",
      "percent": 0.09535,
      "usage": 6264,
      "rank": 385
    },
    "2023-09": {
      "name": "Raichu",
      "percent": 0.14493,
      "usage": 5818,
      "rank": 336
    },
    "2023-09-DLC1": {
      "name": "Raichu",
      "percent": 0.16142,
      "usage": 2726,
      "rank": 313
    },
    "2023-10": {
      "name": "Raichu",
      "percent": 0.10739,
      "usage": 4658,
      "rank": 378
    },
    "2023-11": {
      "name": "Raichu",
      "percent": 0.12161,
      "usage": 4071,
      "rank": 374
    },
    "2023-12": {
      "name": "Raichu",
      "percent": 0.14791,
      "usage": 3641,
      "rank": 329
    },
    "2023-12-DLC2": {
      "name": "Raichu",
      "percent": 0.19926,
      "usage": 1718,
      "rank": 277
    },
    "2024-01": {
      "name": "Raichu",
      "percent": 0.08144,
      "usage": 3224,
      "rank": 393
    },
    "2024-02": {
      "name": "Raichu",
      "percent": 0.06889,
      "usage": 3995,
      "rank": 418
    },
    "2024-03": {
      "name": "Raichu",
      "percent": 0.05715,
      "usage": 4724,
      "rank": 457
    },
    "2024-04": {
      "name": "Raichu",
      "percent": 0.07305,
      "usage": 3916,
      "rank": 419
    },
    "2024-05": {
      "name": "Raichu",
      "percent": 0.0466,
      "usage": 1137,
      "rank": 472
    },
    "2024-06": {
      "name": "Raichu",
      "percent": 0.0592,
      "usage": 2994,
      "rank": 414
    }
  },
  "1630": {
    "2022-11": {
      "name": "Raichu",
      "percent": 0.02587,
      "usage": 1999,
      "rank": 420
    },
    "2022-12": {
      "name": "Raichu",
      "percent": 0.00737,
      "usage": 4345,
      "rank": 511
    },
    "2023-01": {
      "name": "Raichu",
      "percent": 0.00858,
      "usage": 4781,
      "rank": 490
    },
    "2023-02": {
      "name": "Raichu",
      "percent": 0.0226,
      "usage": 6298,
      "rank": 461
    },
    "2023-03": {
      "name": "Raichu",
      "percent": 0.01523,
      "usage": 7144,
      "rank": 480
    },
    "2023-04": {
      "name": "Raichu",
      "percent": 0.02374,
      "usage": 5117,
      "rank": 443
    },
    "2023-05": {
      "name": "Raichu",
      "percent": 0.01078,
      "usage": 5427,
      "rank": 524
    },
    "2023-06": {
      "name": "Raichu",
      "percent": 0.01764,
      "usage": 3862,
      "rank": 445
    },
    "2023-07": {
      "name": "Raichu",
      "percent": 0.02092,
      "usage": 4436,
      "rank": 436
    },
    "2023-08": {
      "name": "Raichu",
      "percent": 0.00986,
      "usage": 6264,
      "rank": 522
    },
    "2023-09": {
      "name": "Raichu",
      "percent": 0.02089,
      "usage": 5818,
      "rank": 436
    },
    "2023-09-DLC1": {
      "name": "Raichu",
      "percent": 0.0219,
      "usage": 2726,
      "rank": 413
    },
    "2023-10": {
      "name": "Raichu",
      "percent": 0.01325,
      "usage": 4658,
      "rank": 496
    },
    "2023-11": {
      "name": "Raichu",
      "percent": 0.04374,
      "usage": 4071,
      "rank": 373
    },
    "2023-12": {
      "name": "Raichu",
      "percent": 0.03759,
      "usage": 3641,
      "rank": 375
    },
    "2023-12-DLC2": {
      "name": "Raichu",
      "percent": 0.03953,
      "usage": 1718,
      "rank": 345
    },
    "2024-01": {
      "name": "Raichu",
      "percent": 0.01613,
      "usage": 3224,
      "rank": 459
    },
    "2024-02": {
      "name": "Raichu",
      "percent": 0.00876,
      "usage": 3995,
      "rank": 529
    },
    "2024-03": {
      "name": "Raichu",
      "percent": 0.00641,
      "usage": 4724,
      "rank": 575
    },
    "2024-04": {
      "name": "Raichu",
      "percent": 0.01275,
      "usage": 3916,
      "rank": 484
    },
    "2024-05": {
      "name": "Raichu",
      "percent": 0.00721,
      "usage": 1137,
      "rank": 528
    },
    "2024-06": {
      "name": "Raichu",
      "percent": 0.01321,
      "usage": 2994,
      "rank": 455
    }
  },
  "1760": {
    "2022-11": {
      "name": "Raichu",
      "percent": 0.02558,
      "usage": 1999,
      "rank": 348
    },
    "2022-12": {
      "name": "Raichu",
      "percent": 0.00077,
      "usage": 4345,
      "rank": 499
    },
    "2023-01": {
      "name": "Raichu",
      "percent": 0.00077,
      "usage": 4781,
      "rank": 537
    },