{
  "elos": [
    "0",
    "1500",
    "1630",
    "1760"
  ],
  "firstMonth": "2022-11",
  "0": {
    "2022-11": {
      "name": "Relicanth",
      "percent": 0.04467,
      "usage": 264,
      "rank": 593
    },
    "2022-12": {
      "name": "Relicanth",
      "percent": 0.04345,
      "usage": 534,
      "rank": 598
    },
    "2023-01": {
      "name": "Relicanth",
      "percent": 0.04404,
      "usage": 598,
      "rank": 589
    },
    "2023-02": {
      "name": "Relicanth",
      "percent": 0.071,
      "usage": 1108,
      "rank": 556
    },
    "2023-03": {
      "name": "Relicanth",
      "percent": 0.06804,
      "usage": 1200,
      "rank": 547
    },
    "2023-04": {
      "name": "Relicanth",
      "percent": 0.05829,
      "usage": 1026,
      "rank": 564
    },
    "2023-05": {
      "name": "Relicanth",
      "percent": 0.05942,
      "usage": 1109,
      "rank": 573
    },
    "2023-06": {
      "name": "Relicanth",
      "percent": 0.03937,
      "usage": 662,
      "rank": 603
    },
    "2023-07": {
      "name": "Relicanth",
      "percent": 0.05999,
      "usage": 971,
      "rank": 575
    },
    "2023-08": {
      "name": "Relicanth",
      "percent": 0.05506,
      "usage": 1013,
      "rank": 574
    },
    "2023-09": {
      "name": "Relicanth",
      "percent": 0.03248,
      "usage": 557,
      "rank": 630
    },
    "2023-09-DLC1": {
      "name": "Relicanth",
      "percent": 0.02859,
      "usage": 244,
      "rank": 638
    },
    "2023-10": {
      "name": "Relicanth",
      "percent": 0.04529,
      "usage": 714,
      "rank": 614
    },
    "2023-11": {
      "name": "Relicanth",
      "percent": 0.04222,
      "usage": 571,
      "rank": 616
    },
    "2023-12": {
      "name": "Relicanth",
      "percent": 0.05638,
      "usage": 721,
      "rank": 598
    },
    "2023-12-DLC2": {
      "name": "Relicanth",
      "percent": 0.03888,
      "usage": 213,
      "rank": 620
    },
    "2024-01": {
      "name": "Relicanth",
      "percent": 0.07373,
      "usage": 910,
      "rank": 552
    },
    "2024-02": {
      "name": "Relicanth",
      "percent": 0.06958,
      "usage": 901,
      "rank": 556
    },
    "2024-03": {
      "name": "Relicanth",
      "percent": 0.096,
      "usage": 1292,
      "rank": 518
    },
    "2024-04": {
      "name": "Relicanth",
      "percent": 0.05691,
      "usage": 692,
      "rank": 589
    },
    "2024-05": {
      "name": "Relicanth",
      "percent": 0.09279,
      "usage": 555,
      "rank": 519
    },
    "2024-06": {
      "name": "Relicanth",
      "percent": 0.04591,
      "usage": 599,
      "rank": 592
    }
  },
  "1500": {
    "2022-11": {
      "name": "Relicanth",
      "percent": 0.04095,
      "usage": 264,
      "rank": 594
    },
    "2022-12": {
      "name": "Relicanth",
      "percent": 0.03923,
      "usage": 534,
      "rank": 597
    },
    "2023-01": {
      "name": "Relicanth",
      "percent": 0.04069,
      "usage": 598,
      "rank": 586
    },
    "2023-02": {
      "name": "Relicanth",
      "percent": 0.06223,
      "usage": 1108,
      "rank": 551
    },
    "2023-03": {
      "name": "Relicanth",
      "percent": 0.05296,
      "usage": 1200,
      "rank": 544
    },
    "2023-04": {
      "name": "Relicanth",
      "percent": 0.02657,
      "usage": 1026,
      "rank": 556
    },
    "2023-05": {
      "name": "Relicanth",
      "percent": 0.01777,
      "usage": 1109,
      "rank": 603
    },
    "2023-06": {
      "name": "Relicanth",
      "percent": 0.01428,
      "usage": 662,
      "rank": 603
    },
    "2023-07": {
      "name": "Relicanth",
      "percent": 0.01789,
      "usage": 971,
      "rank": 590
    },
    "2023-08": {
      "name": "Relicanth",
      "percent": 0.02286,
      "usage": 1013,
      "rank": 562
    },
    "2023-09": {
      "name": "Relicanth",
      "percent": 0.00987,
      "usage": 557,
      "rank": 639
    },
    "2023-09-DLC1": {
      "name": "Relicanth",
      "percent": 0.00807,
      "usage": 244,
      "rank": 647
    },
    "2023-10": {
      "name": "Relicanth",
      "percent": 0.01438,
      "usage": 714,
      "rank": 611
    },
    "2023-11": {
      "name": "Relicanth",
      "percent": 0.02202,
      "usage": 571,
      "rank": 579
    },
    "2023-12": {
      "name": "Relicanth",
      "percent": 0.02957,
      "usage": 721,
      "rank": 555
    },
    "2023-12-DLC2": {
      "name": "Relicanth",
      "percent": 0.01336,
      "usage": 213,
      "rank": 612
    },
    "2024-01": {
      "name": "Relicanth",
      "percent": 0.02664,
      "usage": 910,
      "rank": 547
    },
    "2024-02": {
      "name": "Relicanth",
      "percent": 0.0222,
      "usage": 901,
      "rank": 568
    },
    "2024-03": {
      "name": "Relicanth",
      "percent": 0.0222,
      "usage": 1292,
      "rank": 577
    },
    "2024-04": {
      "name": "Relicanth",
      "percent": 0.0101,
      "usage": 692,
      "rank": 648
    },
    "2024-05": {
      "name": "Relicanth",
      "percent": 0.03097,
      "usage": 555,
      "rank": 521
    },
    "2024-06": {
      "name": "Relicanth",
      "percent": 0.01668,
      "usage": 599,
      "rank": 562
    }
  },
  "1630": {
    "2022-11": {
      "name": "Relicanth",
      "percent": 3e-05,
      "usage": 264,
      "rank": 595
    },
    "2022-12": {
      "name": "Relicanth",
      "percent": 0.0,
      "usage": 534,
      "rank": 710
    },
    "2023-01": {
      "name": "Relicanth",
      "percent": 0.01648,
      "usage": 598,
      "rank": 445
    },
    "2023-02": {
      "name": "Relicanth",
      "percent": 0.01957,
      "usage": 1108,
      "rank": 475
    },
    "2023-03": {
      "name": "Relicanth",
      "percent": 0.00193,
      "usage": 1200,
      "rank": 649
    },
    "2023-04": {
      "name": "Relicanth",
      "percent": 0.00682,
      "usage": 1026,
      "rank": 562
    },
    "2023-05": {
      "name": "Relicanth",
      "percent": 0.0043,
      "usage": 1109,
      "rank": 603
    },
    "2023-06": {
      "name": "Relicanth",
      "percent": 0.00361,
      "usage": 662,
      "rank": 600
    },
    "2023-07": {
      "name": "Relicanth",
      "percent": 0.00261,
      "usage": 971,
      "rank": 635
    },
    "2023-08": {
      "name": "Relicanth",
      "percent": 0.00656,
      "usage": 1013,
      "rank": 553
    },
    "2023-09": {
      "name": "Relicanth",
      "percent": 0.00244,
      "usage": 557,
      "rank": 627
    },
    "2023-09-DLC1": {
      "name": "Relicanth",
      "percent": 0.00129,
      "usage": 244,
      "rank": 648
    },
    "2023-10": {
      "name": "Relicanth",
      "percent": 0.00399,
      "usage": 714,
      "rank": 606
    },
    "2023-11": {
      "name": "Relicanth",
      "percent": 0.005,
      "usage": 571,
      "rank": 587
    },
    "2023-12": {
      "name": "Relicanth",
      "percent": 0.00484,
      "usage": 721,
      "rank": 588
    },
    "2023-12-DLC2": {
      "name": "Relicanth",
      "percent": 0.00254,
      "usage": 213,
      "rank": 613
    },
    "2024-01": {
      "name": "Relicanth",
      "percent": 0.00622,
      "usage": 910,
      "rank": 565
    },
    "2024-02": {
      "name": "Relicanth",
      "percent": 0.01077,
      "usage": 901,
      "rank": 508
    },
    "2024-03": {
      "name": "Relicanth",
      "percent": 0.00339,
      "usage": 1292,
      "rank": 627
    },
    "2024-04": {
      "name": "Relicanth",
      "percent": 0.00164,
      "usage": 692,
      "rank": 674
    },
    "2024-05": {
      "name": "Relicanth",
      "percent": 0.01248,
      "usage": 555,
      "rank": 469
    },
    "2024-06": {
      "name": "Relicanth",
      "percent": 0.0115,
      "usage": 599,
      "rank": 466
    }
  },
  "1760": {
    "2022-11": {
      "name": "Relicanth",
      "percent": 0.0,
      "usage": 264,
      "rank": 602
    },
    "2022-12": {
      "name": "Relicanth",
      "percent": 0.0,
      "usage": 534,
      "rank": 696
    },