{
  "elos": [
    "0",
    "1500",
    "1630",
    "1760"
  ],
  "firstMonth": "2022-11",
  "0": {
    "2022-11": {
      "name": "Shiinotic",
      "percent": 0.10693,
      "usage": 632,
      "rank": 506
    },
    "2022-12": {
      "name": "Shiinotic",
      "percent": 0.12247,
      "usage": 1505,
      "rank": 486
    },
    "2023-01": {
      "name": "Shiinotic",
      "percent": 0.10848,
      "usage": 1473,
      "rank": 497
    },
    "2023-02": {
      "name": "Shiinotic",
      "percent": 0.11976,
      "usage": 1869,
      "rank": 486
    },
    "2023-03": {
      "name": "Shiinotic",
      "percent": 0.113,
      "usage": 1993,
      "rank": 486
    },
    "2023-04": {
      "name": "Shiinotic",
      "percent": 0.11687,
      "usage": 2057,
      "rank": 474
    },
    "2023-05": {
      "name": "Shiinotic",
      "percent": 0.11343,
      "usage": 2117,
      "rank": 489
    },
    "2023-06": {
      "name": "Shiinotic",
      "percent": 0.09968,
      "usage": 1676,
      "rank": 495
    },
    "2023-07": {
      "name": "Shiinotic",
      "percent": 0.10541,
      "usage": 1706,
      "rank": 492
    },
    "2023-08": {
      "name": "Shiinotic",
      "percent": 0.10414,
      "usage": 1916,
      "rank": 489
    },
    "2023-09": {
      "name": "Shiinotic",
      "percent": 0.09442,
      "usage": 1619,
      "rank": 510
    },
    "2023-09-DLC1": {
      "name": "Shiinotic",
      "percent": 0.09188,
      "usage": 784,
      "rank": 515
    },
    "2023-10": {
      "name": "Shiinotic",
      "percent": 0.11296,
      "usage": 1781,
      "rank": 500
    },
    "2023-11": {
      "name": "Shiinotic",
      "percent": 0.09236,
      "usage": 1249,
      "rank": 528
    },
    "2023-12": {
      "name": "Shiinotic",
      "percent": 0.11339,
      "usage": 1450,
      "rank": 497
    },
    "2023-12-DLC2": {
      "name": "Shiinotic",
      "percent": 0.11865,
      "usage": 650,
      "rank": 477
    },
    "2024-01": {
      "name": "Shiinotic",
      "percent": 0.14065,
      "usage": 1736,
      "rank": 447
    },
    "2024-02": {
      "name": "Shiinotic",
      "percent": 0.10518,
      "usage": 1362,
      "rank": 489
    },
    "2024-03": {
      "name": "Shiinotic",
      "percent": 0.12661,
      "usage": 1704,
      "rank": 471
    },
    "2024-04": {
      "name": "Shiinotic",
      "percent": 0.1259,
      "usage": 1531,
      "rank": 479
    },
    "2024-05": {
      "name": "Shiinotic",
      "percent": 0.14746,
      "usage": 882,
      "rank": 440
    },
    "2024-06": {
      "name": "Shiinotic",
      "percent": 0.12653,
      "usage": 1651,
      "rank": 441
    }
  },
  "1500": {
    "2022-11": {
      "name": "Shiinotic",
      "percent": 0.09839,
      "usage": 632,
      "rank": 508
    },
    "2022-12": {
      "name": "Shiinotic",
      "percent": 0.11432,
      "usage": 1505,
      "rank": 486
    },
    "2023-01": {
      "name": "Shiinotic",
      "percent": 0.09858,
      "usage": 1473,
      "rank": 499
    },
    "2023-02": {
      "name": "Shiinotic",
      "percent": 0.10288,
      "usage": 1869,
      "rank": 490
    },
    "2023-03": {
      "name": "Shiinotic",
      "percent": 0.08596,
      "usage": 1993,
      "rank": 487
    },
    "2023-04": {
      "name": "Shiinotic",
      "percent": 0.05198,
      "usage": 2057,
      "rank": 484
    },
    "2023-05": {
      "name": "Shiinotic",
      "percent": 0.06058,
      "usage": 2117,
      "rank": 474
    },
    "2023-06": {
      "name": "Shiinotic",
      "percent": 0.04285,
      "usage": 1676,
      "rank": 492
    },
    "2023-07": {
      "name": "Shiinotic",
      "percent": 0.04688,
      "usage": 1706,
      "rank": 486
    },
    "2023-08": {
      "name": "Shiinotic",
      "percent": 0.06039,
      "usage": 1916,
      "rank": 454
    },
    "2023-09": {
      "name": "Shiinotic",
      "percent": 0.04287,
      "usage": 1619,
      "rank": 496
    },
    "2023-09-DLC1": {
      "name": "Shiinotic",
      "percent": 0.04398,
      "usage": 784,
      "rank": 479
    },
    "2023-10": {
      "name": "Shiinotic",
      "percent": 0.04527,
      "usage": 1781,
      "rank": 503
    },
    "2023-11": {
      "name": "Shiinotic",
      "percent": 0.04388,
      "usage": 1249,
      "rank": 504
    },
    "2023-12": {
      "name": "Shiinotic",
      "percent": 0.04083,
      "usage": 1450,
      "rank": 517
    },
    "2023-12-DLC2": {
      "name": "Shiinotic",
      "percent": 0.0456,
      "usage": 650,
      "rank": 488
    },
    "2024-01": {
      "name": "Shiinotic",
      "percent": 0.07157,
      "usage": 1736,
      "rank": 416
    },
    "2024-02": {
      "name": "Shiinotic",
      "percent": 0.04623,
      "usage": 1362,
      "rank": 475
    },
    "2024-03": {
      "name": "Shiinotic",
      "percent": 0.07711,
      "usage": 1704,
      "rank": 405
    },
    "2024-04": {
      "name": "Shiinotic",
      "percent": 0.07278,
      "usage": 1531,
      "rank": 422
    },
    "2024-05": {
      "name": "Shiinotic",
      "percent": 0.09043,
      "usage": 882,
      "rank": 371
    },
    "2024-06": {
      "name": "Shiinotic",
      "percent": 0.05624,
      "usage": 1651,
      "rank": 418
    }
  },
  "1630": {
    "2022-11": {
      "name": "Shiinotic",
      "percent": 0.00416,
      "usage": 632,
      "rank": 512
    },
    "2022-12": {
      "name": "Shiinotic",
      "percent": 0.02804,
      "usage": 1505,
      "rank": 409
    },
    "2023-01": {
      "name": "Shiinotic",
      "percent": 0.01095,
      "usage": 1473,
      "rank": 473
    },
    "2023-02": {
      "name": "Shiinotic",
      "percent": 0.02384,
      "usage": 1869,
      "rank": 452
    },
    "2023-03": {
      "name": "Shiinotic",
      "percent": 0.01439,
      "usage": 1993,
      "rank": 487
    },
    "2023-04": {
      "name": "Shiinotic",
      "percent": 0.00752,
      "usage": 2057,
      "rank": 547
    },
    "2023-05": {
      "name": "Shiinotic",
      "percent": 0.02241,
      "usage": 2117,
      "rank": 450
    },
    "2023-06": {
      "name": "Shiinotic",
      "percent": 0.02184,
      "usage": 1676,
      "rank": 426
    },
    "2023-07": {
      "name": "Shiinotic",
      "percent": 0.00622,
      "usage": 1706,
      "rank": 563
    },
    "2023-08": {
      "name": "Shiinotic",
      "percent": 0.01147,
      "usage": 1916,
      "rank": 510
    },
    "2023-09": {
      "name": "Shiinotic",
      "percent": 0.00705,
      "usage": 1619,
      "rank": 545
    },
    "2023-09-DLC1": {
      "name": "Shiinotic",
      "percent": 0.00963,
      "usage": 784,
      "rank": 499
    },
    "2023-10": {
      "name": "Shiinotic",
      "percent": 0.00861,
      "usage": 1781,
      "rank": 547
    },
    "2023-11": {
      "name": "Shiinotic",
      "percent": 0.00821,
      "usage": 1249,
      "rank": 541
    },
    "2023-12": {
      "name": "Shiinotic",
      "percent": 0.00498,
      "usage": 1450,
      "rank": 587
    },
    "2023-12-DLC2": {
      "name": "Shiinotic",
      "percent": 0.00516,
      "usage": 650,
      "rank": 548
    },
    "2024-01": {
      "name": "Shiinotic",
      "percent": 0.01816,
      "usage": 1736,
      "rank": 445
    },
    "2024-02": {
      "name": "Shiinotic",
      "percent": 0.01101,
      "usage": 1362,
      "rank": 504
    },
    "2024-03": {
      "name": "Shiinotic",
      "percent": 0.00634,
      "usage": 1704,
      "rank": 577
    },
    "2024-04": {
      "name": "Shiinotic",
      "percent": 0.00721,
      "usage": 1531,
      "rank": 542
    },
    "2024-05": {
      "name": "Shiinotic",
      "percent": 0.00823,
      "usage": 882,
      "rank": 515
    },
    "2024-06": {
      "name": "Shiinotic",
      "percent": 0.02673,
      "usage": 1651,
      "rank": 380
    }
  },
  "1760": {
    "2022-11": {
      "name": "Shiinotic",
      "percent": 9e-05,
      "usage": 632,
      "rank": 531
    },
    "2022-12": {
      "name": "Shiinotic",
      "percent": 0.07809,