{
  "elos": [
    "0",
    "1500",
    "1630",
    "1760"
  ],
  "firstMonth": "2022-11",
  "0": {
    "2022-11": {
      "name": "Shinx",
      "percent": 0.00254,
      "usage": 15,
      "rank": 881
    },
    "2022-12": {
      "name": "Shinx",
      "percent": 0.00496,
      "usage": 61,
      "rank": 808
    },
    "2023-01": {
      "name": "Shinx",
      "percent": 0.00383,
      "usage": 52,
      "rank": 871
    },
    "2023-02": {
      "name": "Shinx",
      "percent": 0.00147,
      "usage": 23,
      "rank": 1027
    },
    "2023-03": {
      "name": "Shinx",
      "percent": 0.00102,
      "usage": 18,
      "rank": 1045
    },
    "2023-04": {
      "name": "Shinx",
      "percent": 0.00153,
      "usage": 27,
      "rank": 963
    },
    "2023-05": {
      "name": "Shinx",
      "percent": 0.00086,
      "usage": 16,
      "rank": 1061
    },
    "2023-06": {
      "name": "Shinx",
      "percent": 0.00113,
      "usage": 19,
      "rank": 1018
    },
    "2023-07": {
      "name": "Shinx",
      "percent": 0.00161,
      "usage": 26,
      "rank": 987
    },
    "2023-08": {
      "name": "Shinx",
      "percent": 0.00158,
      "usage": 29,
      "rank": 983
    },
    "2023-09": {
      "name": "Shinx",
      "percent": 0.00082,
      "usage": 14,
      "rank": 1053
    },
    "2023-09-DLC1": {
      "name": "Shinx",
      "percent": 0.00164,
      "usage": 14,
      "rank": 947
    },
    "2023-10": {
      "name": "Shinx",
      "percent": 0.00222,
      "usage": 35,
      "rank": 945
    },
    "2023-11": {
      "name": "Shinx",
      "percent": 0.00318,
      "usage": 43,
      "rank": 879
    },
    "2023-12": {
      "name": "Shinx",
      "percent": 0.00047,
      "usage": 6,
      "rank": 1094
    },
    "2024-01": {
      "name": "Shinx",
      "percent": 0.00194,
      "usage": 24,
      "rank": 945
    },
    "2024-02": {
      "name": "Shinx",
      "percent": 0.00015,
      "usage": 2,
      "rank": 1104
    },
    "2024-03": {
      "name": "Shinx",
      "percent": 0.00037,
      "usage": 5,
      "rank": 1101
    },
    "2024-04": {
      "name": "Shinx",
      "percent": 0.00025,
      "usage": 3,
      "rank": 1097
    },
    "2024-05": {
      "name": "Shinx",
      "percent": 0.00033,
      "usage": 2,
      "rank": 1082
    },
    "2024-06": {
      "name": "Shinx",
      "percent": 0.00046,
      "usage": 6,
      "rank": 1066
    }
  },
  "1500": {
    "2022-11": {
      "name": "Shinx",
      "percent": 0.00197,
      "usage": 15,
      "rank": 891
    },
    "2022-12": {
      "name": "Shinx",
      "percent": 0.00393,
      "usage": 61,
      "rank": 818
    },
    "2023-01": {
      "name": "Shinx",
      "percent": 0.00296,
      "usage": 52,
      "rank": 880
    },
    "2023-02": {
      "name": "Shinx",
      "percent": 0.0008,
      "usage": 23,
      "rank": 1049
    },
    "2023-03": {
      "name": "Shinx",
      "percent": 0.00058,
      "usage": 18,
      "rank": 1055
    },
    "2023-04": {
      "name": "Shinx",
      "percent": 0.00043,
      "usage": 27,
      "rank": 968
    },
    "2023-05": {
      "name": "Shinx",
      "percent": 0.00012,
      "usage": 16,
      "rank": 1070
    },
    "2023-06": {
      "name": "Shinx",
      "percent": 0.0,
      "usage": 19,
      "rank": 1110
    },
    "2023-07": {
      "name": "Shinx",
      "percent": 0.00019,
      "usage": 26,
      "rank": 1049
    },
    "2023-08": {
      "name": "Shinx",
      "percent": 0.00052,
      "usage": 29,
      "rank": 928
    },
    "2023-09": {
      "name": "Shinx",
      "percent": 0.00024,
      "usage": 14,
      "rank": 1003
    },
    "2023-09-DLC1": {
      "name": "Shinx",
      "percent": 0.00049,
      "usage": 14,
      "rank": 891
    },
    "2023-10": {
      "name": "Shinx",
      "percent": 0.00022,
      "usage": 35,
      "rank": 1035
    },
    "2023-11": {
      "name": "Shinx",
      "percent": 0.00115,
      "usage": 43,
      "rank": 815
    },
    "2023-12": {
      "name": "Shinx",
      "percent": 2e-05,
      "usage": 6,
      "rank": 1097
    },
    "2024-01": {
      "name": "Shinx",
      "percent": 0.00105,
      "usage": 24,
      "rank": 832
    },
    "2024-02": {
      "name": "Shinx",
      "percent": 1e-05,
      "usage": 2,
      "rank": 1104
    },
    "2024-03": {
      "name": "Shinx",
      "percent": 0.0001,
      "usage": 5,
      "rank": 1068
    },
    "2024-04": {
      "name": "Shinx",
      "percent": 6e-05,
      "usage": 3,
      "rank": 1079
    },
    "2024-05": {
      "name": "Shinx",
      "percent": 3e-05,
      "usage": 2,
      "rank": 1048
    },
    "2024-06": {
      "name": "Shinx",
      "percent": 0.00023,
      "usage": 6,
      "rank": 949
    }
  },
  "1630": {
    "2022-11": {
      "name": "Shinx",
      "percent": 0.0,
      "usage": 15,
      "rank": 945
    },
    "2022-12": {
      "name": "Shinx",
      "percent": 5e-05,
      "usage": 61,
      "rank": 686
    },
    "2023-01": {
      "name": "Shinx",
      "percent": 0.0,
      "usage": 52,
      "rank": 1006
    },
    "2023-02": {
      "name": "Shinx",
      "percent": 0.0,
      "usage": 23,
      "rank": 918
    },
    "2023-03": {
      "name": "Shinx",
      "percent": 0.0,
      "usage": 18,
      "rank": 1072
    },
    "2023-04": {
      "name": "Shinx",
      "percent": 1e-05,
      "usage": 27,
      "rank": 982
    },
    "2023-05": {
      "name": "Shinx",
      "percent": 0.0,
      "usage": 16,
      "rank": 1058
    },
    "2023-06": {
      "name": "Shinx",
      "percent": 0.0,
      "usage": 19,
      "rank": 1087
    },
    "2023-07": {
      "name": "Shinx",
      "percent": 1e-05,
      "usage": 26,
      "rank": 999
    },
    "2023-08": {
      "name": "Shinx",
      "percent": 1e-05,
      "usage": 29,
      "rank": 992
    },
    "2023-09": {
      "name": "Shinx",
      "percent": 2e-05,
      "usage": 14,
      "rank": 947
    },
    "2023-09-DLC1": {
      "name": "Shinx",
      "percent": 4e-05,
      "usage": 14,
      "rank": 837
    },
    "2023-10": {
      "name": "Shinx",
      "percent": 4e-05,
      "usage": 35,
      "rank": 909
    },
    "2023-11": {
      "name": "Shinx",
      "percent": 0.00029,
      "usage": 43,
      "rank": 774
    },
    "2023-12": {
      "name": "Shinx",
      "percent": 0.0,
      "usage": 6,
      "rank": 1005
    },
    "2024-01": {
      "name": "Shinx",
      "percent": 0.0001,
      "usage": 24,
      "rank": 831
    },
    "2024-02": {
      "name": "Shinx",
      "percent": 0.0,
      "usage": 2,
      "rank": 1044
    },
    "2024-03": {
      "name": "Shinx",
      "percent": 0.0,
      "usage": 5,
      "rank": 1051
    },
    "2024-04": {
      "name": "Shinx",
      "percent": 0.0,
      "usage": 3,
      "rank": 1057
    },
    "2024-05": {
      "name": "Shinx",
      "percent": 0.0,
      "usage": 2,
      "rank": 985
    },
    "2024-06": {
      "name": "Shinx",
      "percent": 7e-05,
      "usage": 6,
      "rank": 818
    }
  },
  "1760": {
    "2022-11": {
      "name": "Shinx",
      "percent": 0.0,
      "usage": 15,
      "rank": 945
    },
    "2022-12": {
      "name": "Shinx",
      "percent": 0.0,
      "usage": 61,
      "rank": 700
    },
    "2023-01": {
      "name": "Shinx",
      "percent": 0.0,
      "usage": 52,
      "rank": 996
    },
    "2023-02": {
      "name": "Shinx",
      "percent": 0.0,
      "usage": 23,
      "rank": 944
    },
    "2023-03": {
      "name": "Shinx",
      "percent": 0.0,
      "usage": 18,
      "rank": 1092
    },
    "2023-04": {
      "name": "Shinx",
      "percent": 0.0,
      "usage": 27,
      "rank": 997
    },
    "2023-05": {
      "name": "Shinx",
      "percent": 0.0,
      "usage": 16,
      "rank": 1055
    },
    "2023-06": {
      "name": "Shinx",
      "percent": 0.0,
      "usage": 19,
      "rank": 1083
    },
    "2023-07": {
      "name": "Shinx",
      "percent": 0.0,
      "usage": 26,
      "rank": 989
    },