{
  "elos": [
    "0",
    "1500",
    "1630",
    "1760"
  ],
  "firstMonth": "2022-11",
  "0": {
    "2022-11": {
      "name": "Spiritomb",
      "percent": 0.66578,
      "usage": 3935,
      "rank": 221
    },
    "2022-12": {
      "name": "Spiritomb",
      "percent": 0.68176,
      "usage": 8378,
      "rank": 202
    },
    "2023-01": {
      "name": "Spiritomb",
      "percent": 0.59528,
      "usage": 8083,
      "rank": 216
    },
    "2023-02": {
      "name": "Spiritomb",
      "percent": 0.52449,
      "usage": 8185,
      "rank": 229
    },
    "2023-03": {
      "name": "Spiritomb",
      "percent": 0.48994,
      "usage": 8641,
      "rank": 224
    },
    "2023-04": {
      "name": "Spiritomb",
      "percent": 0.47867,
      "usage": 8425,
      "rank": 227
    },
    "2023-05": {
      "name": "Spiritomb",
      "percent": 0.4895,
      "usage": 9136,
      "rank": 228
    },
    "2023-06": {
      "name": "Spiritomb",
      "percent": 0.5084,
      "usage": 8548,
      "rank": 219
    },
    "2023-07": {
      "name": "Spiritomb",
      "percent": 0.55508,
      "usage": 8984,
      "rank": 215
    },
    "2023-08": {
      "name": "Spiritomb",
      "percent": 0.51156,
      "usage": 9412,
      "rank": 223
    },
    "2023-09": {
      "name": "Spiritomb",
      "percent": 0.45962,
      "usage": 7881,
      "rank": 242
    },
    "2023-09-DLC1": {
      "name": "Spiritomb",
      "percent": 0.46114,
      "usage": 3935,
      "rank": 240
    },
    "2023-10": {
      "name": "Spiritomb",
      "percent": 0.50962,
      "usage": 8035,
      "rank": 235
    },
    "2023-11": {
      "name": "Spiritomb",
      "percent": 0.41913,
      "usage": 5668,
      "rank": 260
    },
    "2023-12": {
      "name": "Spiritomb",
      "percent": 0.43292,
      "usage": 5536,
      "rank": 252
    },
    "2023-12-DLC2": {
      "name": "Spiritomb",
      "percent": 0.39847,
      "usage": 2183,
      "rank": 255
    },
    "2024-01": {
      "name": "Spiritomb",
      "percent": 0.46107,
      "usage": 5691,
      "rank": 239
    },
    "2024-02": {
      "name": "Spiritomb",
      "percent": 0.37927,
      "usage": 4911,
      "rank": 261
    },
    "2024-03": {
      "name": "Spiritomb",
      "percent": 0.47919,
      "usage": 6449,
      "rank": 234
    },
    "2024-04": {
      "name": "Spiritomb",
      "percent": 0.3957,
      "usage": 4812,
      "rank": 259
    },
    "2024-05": {
      "name": "Spiritomb",
      "percent": 0.39757,
      "usage": 2378,
      "rank": 258
    },
    "2024-06": {
      "name": "Spiritomb",
      "percent": 0.40864,
      "usage": 5332,
      "rank": 243
    }
  },
  "1500": {
    "2022-11": {
      "name": "Spiritomb",
      "percent": 0.65095,
      "usage": 3935,
      "rank": 222
    },
    "2022-12": {
      "name": "Spiritomb",
      "percent": 0.65683,
      "usage": 8378,
      "rank": 207
    },
    "2023-01": {
      "name": "Spiritomb",
      "percent": 0.56608,
      "usage": 8083,
      "rank": 216
    },
    "2023-02": {
      "name": "Spiritomb",
      "percent": 0.46745,
      "usage": 8185,
      "rank": 236
    },
    "2023-03": {
      "name": "Spiritomb",
      "percent": 0.38118,
      "usage": 8641,
      "rank": 244
    },
    "2023-04": {
      "name": "Spiritomb",
      "percent": 0.24019,
      "usage": 8425,
      "rank": 270
    },
    "2023-05": {
      "name": "Spiritomb",
      "percent": 0.23931,
      "usage": 9136,
      "rank": 274
    },
    "2023-06": {
      "name": "Spiritomb",
      "percent": 0.21927,
      "usage": 8548,
      "rank": 275
    },
    "2023-07": {
      "name": "Spiritomb",
      "percent": 0.24815,
      "usage": 8984,
      "rank": 267
    },
    "2023-08": {
      "name": "Spiritomb",
      "percent": 0.23802,
      "usage": 9412,
      "rank": 268
    },
    "2023-09": {
      "name": "Spiritomb",
      "percent": 0.20544,
      "usage": 7881,
      "rank": 281
    },
    "2023-09-DLC1": {
      "name": "Spiritomb",
      "percent": 0.19512,
      "usage": 3935,
      "rank": 283
    },
    "2023-10": {
      "name": "Spiritomb",
      "percent": 0.21109,
      "usage": 8035,
      "rank": 288
    },
    "2023-11": {
      "name": "Spiritomb",
      "percent": 0.1769,
      "usage": 5668,
      "rank": 314
    },
    "2023-12": {
      "name": "Spiritomb",
      "percent": 0.17213,
      "usage": 5536,
      "rank": 304
    },
    "2023-12-DLC2": {
      "name": "Spiritomb",
      "percent": 0.14148,
      "usage": 2183,
      "rank": 319
    },
    "2024-01": {
      "name": "Spiritomb",
      "percent": 0.18597,
      "usage": 5691,
      "rank": 280
    },
    "2024-02": {
      "name": "Spiritomb",
      "percent": 0.14398,
      "usage": 4911,
      "rank": 320
    },
    "2024-03": {
      "name": "Spiritomb",
      "percent": 0.16921,
      "usage": 6449,
      "rank": 304
    },
    "2024-04": {
      "name": "Spiritomb",
      "percent": 0.15308,
      "usage": 4812,
      "rank": 317
    },
    "2024-05": {
      "name": "Spiritomb",
      "percent": 0.12797,
      "usage": 2378,
      "rank": 321
    },
    "2024-06": {
      "name": "Spiritomb",
      "percent": 0.13208,
      "usage": 5332,
      "rank": 303
    }
  },
  "1630": {
    "2022-11": {
      "name": "Spiritomb",
      "percent": 0.13114,
      "usage": 3935,
      "rank": 296
    },
    "2022-12": {
      "name": "Spiritomb",
      "percent": 0.06566,
      "usage": 8378,
      "rank": 335
    },
    "2023-01": {
      "name": "Spiritomb",
      "percent": 0.06556,
      "usage": 8083,
      "rank": 329
    },
    "2023-02": {
      "name": "Spiritomb",
      "percent": 0.04641,
      "usage": 8185,
      "rank": 368
    },
    "2023-03": {
      "name": "Spiritomb",
      "percent": 0.05848,
      "usage": 8641,
      "rank": 326
    },
    "2023-04": {
      "name": "Spiritomb",
      "percent": 0.07886,
      "usage": 8425,
      "rank": 299
    },
    "2023-05": {
      "name": "Spiritomb",
      "percent": 0.05136,
      "usage": 9136,
      "rank": 357
    },
    "2023-06": {
      "name": "Spiritomb",
      "percent": 0.05123,
      "usage": 8548,
      "rank": 338
    },
    "2023-07": {
      "name": "Spiritomb",
      "percent": 0.04813,
      "usage": 8984,
      "rank": 355
    },
    "2023-08": {
      "name": "Spiritomb",
      "percent": 0.05245,
      "usage": 9412,
      "rank": 338
    },
    "2023-09": {
      "name": "Spiritomb",
      "percent": 0.04248,
      "usage": 7881,
      "rank": 360
    },
    "2023-09-DLC1": {
      "name": "Spiritomb",
      "percent": 0.04007,
      "usage": 3935,
      "rank": 347
    },
    "2023-10": {
      "name": "Spiritomb",
      "percent": 0.05132,
      "usage": 8035,
      "rank": 355
    },
    "2023-11": {
      "name": "Spiritomb",
      "percent": 0.05656,
      "usage": 5668,
      "rank": 345
    },
    "2023-12": {
      "name": "Spiritomb",
      "percent": 0.04402,
      "usage": 5536,
      "rank": 361
    },
    "2023-12-DLC2": {
      "name": "Spiritomb",
      "percent": 0.04239,
      "usage": 2183,
      "rank": 339
    },
    "2024-01": {
      "name": "Spiritomb",
      "percent": 0.04262,
      "usage": 5691,
      "rank": 354
    },
    "2024-02": {
      "name": "Spiritomb",
      "percent": 0.02397,
      "usage": 4911,
      "rank": 414
    },
    "2024-03": {
      "name": "Spiritomb",
      "percent": 0.10796,
      "usage": 6449,
      "rank": 272
    },
    "2024-04": {
      "name": "Spiritomb",
      "percent": 0.03402,
      "usage": 4812,
      "rank": 376
    },
    "2024-05": {
      "name": "Spiritomb",
      "percent": 0.02999,
      "usage": 2378,
      "rank": 378
    },
    "2024-06": {
      "name": "Spiritomb",
      "percent": 0.02454,
      "usage": 5332,
      "rank": 393
    }
  },
  "1760": {
    "2022-11": {
      "name": "Spiritomb",
      "percent": 0.03209,
      "usage": 3935,
      "rank": 333
    },
    "2022-12": {
      "name": "Spiritomb",