{
  "elos": [
    "0",
    "1500",
    "1630",
    "1760"
  ],
  "firstMonth": "2022-11",
  "0": {
    "2022-11": {
      "name": "Stunfisk",
      "percent": 0.04078,
      "usage": 241,
      "rank": 600
    },
    "2022-12": {
      "name": "Stunfisk",
      "percent": 0.07112,
      "usage": 874,
      "rank": 557
    },
    "2023-01": {
      "name": "Stunfisk",
      "percent": 0.04647,
      "usage": 631,
      "rank": 584
    },
    "2023-02": {
      "name": "Stunfisk",
      "percent": 0.061,
      "usage": 952,
      "rank": 568
    },
    "2023-03": {
      "name": "Stunfisk",
      "percent": 0.06067,
      "usage": 1070,
      "rank": 558
    },
    "2023-04": {
      "name": "Stunfisk",
      "percent": 0.05824,
      "usage": 1025,
      "rank": 565
    },
    "2023-05": {
      "name": "Stunfisk",
      "percent": 0.05438,
      "usage": 1015,
      "rank": 580
    },
    "2023-06": {
      "name": "Stunfisk",
      "percent": 0.04479,
      "usage": 753,
      "rank": 587
    },
    "2023-07": {
      "name": "Stunfisk",
      "percent": 0.05808,
      "usage": 940,
      "rank": 577
    },
    "2023-08": {
      "name": "Stunfisk",
      "percent": 0.05506,
      "usage": 1013,
      "rank": 573
    },
    "2023-09": {
      "name": "Stunfisk",
      "percent": 0.04555,
      "usage": 781,
      "rank": 596
    },
    "2023-09-DLC1": {
      "name": "Stunfisk",
      "percent": 0.04043,
      "usage": 345,
      "rank": 603
    },
    "2023-10": {
      "name": "Stunfisk",
      "percent": 0.0593,
      "usage": 935,
      "rank": 584
    },
    "2023-11": {
      "name": "Stunfisk",
      "percent": 0.07816,
      "usage": 1057,
      "rank": 560
    },
    "2023-12": {
      "name": "Stunfisk",
      "percent": 0.07124,
      "usage": 911,
      "rank": 564
    },
    "2023-12-DLC2": {
      "name": "Stunfisk",
      "percent": 0.06881,
      "usage": 377,
      "rank": 563
    },
    "2024-01": {
      "name": "Stunfisk",
      "percent": 0.07826,
      "usage": 966,
      "rank": 544
    },
    "2024-02": {
      "name": "Stunfisk",
      "percent": 0.05506,
      "usage": 713,
      "rank": 588
    },
    "2024-03": {
      "name": "Stunfisk",
      "percent": 0.0662,
      "usage": 891,
      "rank": 571
    },
    "2024-04": {
      "name": "Stunfisk",
      "percent": 0.0472,
      "usage": 574,
      "rank": 610
    },
    "2024-05": {
      "name": "Stunfisk",
      "percent": 0.05517,
      "usage": 330,
      "rank": 589
    },
    "2024-06": {
      "name": "Stunfisk",
      "percent": 0.05503,
      "usage": 718,
      "rank": 573
    }
  },
  "1500": {
    "2022-11": {
      "name": "Stunfisk",
      "percent": 0.03796,
      "usage": 241,
      "rank": 599
    },
    "2022-12": {
      "name": "Stunfisk",
      "percent": 0.06682,
      "usage": 874,
      "rank": 554
    },
    "2023-01": {
      "name": "Stunfisk",
      "percent": 0.04247,
      "usage": 631,
      "rank": 583
    },
    "2023-02": {
      "name": "Stunfisk",
      "percent": 0.04995,
      "usage": 952,
      "rank": 573
    },
    "2023-03": {
      "name": "Stunfisk",
      "percent": 0.04773,
      "usage": 1070,
      "rank": 556
    },
    "2023-04": {
      "name": "Stunfisk",
      "percent": 0.02552,
      "usage": 1025,
      "rank": 560
    },
    "2023-05": {
      "name": "Stunfisk",
      "percent": 0.01996,
      "usage": 1015,
      "rank": 588
    },
    "2023-06": {
      "name": "Stunfisk",
      "percent": 0.01815,
      "usage": 753,
      "rank": 582
    },
    "2023-07": {
      "name": "Stunfisk",
      "percent": 0.02432,
      "usage": 940,
      "rank": 568
    },
    "2023-08": {
      "name": "Stunfisk",
      "percent": 0.02968,
      "usage": 1013,
      "rank": 542
    },
    "2023-09": {
      "name": "Stunfisk",
      "percent": 0.01845,
      "usage": 781,
      "rank": 588
    },
    "2023-09-DLC1": {
      "name": "Stunfisk",
      "percent": 0.01858,
      "usage": 345,
      "rank": 583
    },
    "2023-10": {
      "name": "Stunfisk",
      "percent": 0.01736,
      "usage": 935,
      "rank": 592
    },
    "2023-11": {
      "name": "Stunfisk",
      "percent": 0.02907,
      "usage": 1057,
      "rank": 555
    },
    "2023-12": {
      "name": "Stunfisk",
      "percent": 0.02264,
      "usage": 911,
      "rank": 588
    },
    "2023-12-DLC2": {
      "name": "Stunfisk",
      "percent": 0.0163,
      "usage": 377,
      "rank": 595
    },
    "2024-01": {
      "name": "Stunfisk",
      "percent": 0.03666,
      "usage": 966,
      "rank": 513
    },
    "2024-02": {
      "name": "Stunfisk",
      "percent": 0.01703,
      "usage": 713,
      "rank": 594
    },
    "2024-03": {
      "name": "Stunfisk",
      "percent": 0.0331,
      "usage": 891,
      "rank": 534
    },
    "2024-04": {
      "name": "Stunfisk",
      "percent": 0.0146,
      "usage": 574,
      "rank": 610
    },
    "2024-05": {
      "name": "Stunfisk",
      "percent": 0.01517,
      "usage": 330,
      "rank": 603
    },
    "2024-06": {
      "name": "Stunfisk",
      "percent": 0.01642,
      "usage": 718,
      "rank": 563
    }
  },
  "1630": {
    "2022-11": {
      "name": "Stunfisk",
      "percent": 0.0,
      "usage": 241,
      "rank": 700
    },
    "2022-12": {
      "name": "Stunfisk",
      "percent": 0.01047,
      "usage": 874,
      "rank": 489
    },
    "2023-01": {
      "name": "Stunfisk",
      "percent": 0.00041,
      "usage": 631,
      "rank": 657
    },
    "2023-02": {
      "name": "Stunfisk",
      "percent": 0.01249,
      "usage": 952,
      "rank": 513
    },
    "2023-03": {
      "name": "Stunfisk",
      "percent": 0.01108,
      "usage": 1070,
      "rank": 512
    },
    "2023-04": {
      "name": "Stunfisk",
      "percent": 0.00687,
      "usage": 1025,
      "rank": 559
    },
    "2023-05": {
      "name": "Stunfisk",
      "percent": 0.00573,
      "usage": 1015,
      "rank": 573
    },
    "2023-06": {
      "name": "Stunfisk",
      "percent": 0.00491,
      "usage": 753,
      "rank": 572
    },
    "2023-07": {
      "name": "Stunfisk",
      "percent": 0.01086,
      "usage": 940,
      "rank": 512
    },
    "2023-08": {
      "name": "Stunfisk",
      "percent": 0.00576,
      "usage": 1013,
      "rank": 570
    },
    "2023-09": {
      "name": "Stunfisk",
      "percent": 0.00708,
      "usage": 781,
      "rank": 544
    },
    "2023-09-DLC1": {
      "name": "Stunfisk",
      "percent": 0.00356,
      "usage": 345,
      "rank": 586
    },
    "2023-10": {
      "name": "Stunfisk",
      "percent": 0.01092,
      "usage": 935,
      "rank": 516
    },
    "2023-11": {
      "name": "Stunfisk",
      "percent": 0.03498,
      "usage": 1057,
      "rank": 401
    },
    "2023-12": {
      "name": "Stunfisk",
      "percent": 0.02926,
      "usage": 911,
      "rank": 413
    },
    "2023-12-DLC2": {
      "name": "Stunfisk",
      "percent": 0.0019,
      "usage": 377,
      "rank": 636
    },
    "2024-01": {
      "name": "Stunfisk",
      "percent": 0.04111,
      "usage": 966,
      "rank": 357
    },
    "2024-02": {
      "name": "Stunfisk",
      "percent": 0.00919,
      "usage": 713,
      "rank": 525
    },
    "2024-03": {
      "name": "Stunfisk",
      "percent": 0.01906,
      "usage": 891,
      "rank": 457
    },
    "2024-04": {
      "name": "Stunfisk",
      "percent": 0.00094,
      "usage": 574,
      "rank": 700
    },
    "2024-05": {
      "name": "Stunfisk",
      "percent": 0.00935,
      "usage": 330,
      "rank": 500
    },
    "2024-06": {
      "name": "Stunfisk",
      "percent": 0.00506,
      "usage": 718,
      "rank": 545
    }
  },
  "1760": {
    "2022-11": {
      "name": "Stunfisk",
      "percent": 0.0,
      "usage": 241,
      "rank": 699
    },
    "2022-12": {
      "name": "Stunfisk",
      "percent": 0.0098,
      "usage": 874,
      "rank": 369
    },
    "2023-01": {
      "name": "Stunfisk",
      "percent": 0.0,