{
  "elos": [
    "0",
    "1500",
    "1630",
    "1760"
  ],
  "firstMonth": "2022-11",
  "0": {
    "2022-11": {
      "name": "Vivillon",
      "percent": 0.27376,
      "usage": 1618,
      "rank": 360
    },
    "2022-12": {
      "name": "Vivillon",
      "percent": 0.22516,
      "usage": 2767,
      "rank": 406
    },
    "2023-01": {
      "name": "Vivillon",
      "percent": 0.34311,
      "usage": 4659,
      "rank": 298
    },
    "2023-02": {
      "name": "Vivillon",
      "percent": 0.32597,
      "usage": 5087,
      "rank": 314
    },
    "2023-03": {
      "name": "Vivillon",
      "percent": 0.28304,
      "usage": 4992,
      "rank": 325
    },
    "2023-04": {
      "name": "Vivillon",
      "percent": 0.32368,
      "usage": 5697,
      "rank": 291
    },
    "2023-05": {
      "name": "Vivillon",
      "percent": 0.31698,
      "usage": 5916,
      "rank": 295
    },
    "2023-06": {
      "name": "Vivillon",
      "percent": 0.26526,
      "usage": 4460,
      "rank": 318
    },
    "2023-07": {
      "name": "Vivillon",
      "percent": 0.30998,
      "usage": 5017,
      "rank": 304
    },
    "2023-08": {
      "name": "Vivillon",
      "percent": 0.31475,
      "usage": 5791,
      "rank": 303
    },
    "2023-09": {
      "name": "Vivillon",
      "percent": 0.34525,
      "usage": 5920,
      "rank": 282
    },
    "2023-09-DLC1": {
      "name": "Vivillon",
      "percent": 0.33903,
      "usage": 2893,
      "rank": 273
    },
    "2023-10": {
      "name": "Vivillon",
      "percent": 0.37129,
      "usage": 5854,
      "rank": 276
    },
    "2023-11": {
      "name": "Vivillon",
      "percent": 0.31479,
      "usage": 4257,
      "rank": 312
    },
    "2023-12": {
      "name": "Vivillon",
      "percent": 0.26033,
      "usage": 3329,
      "rank": 339
    },
    "2023-12-DLC2": {
      "name": "Vivillon",
      "percent": 0.24514,
      "usage": 1343,
      "rank": 338
    },
    "2024-01": {
      "name": "Vivillon",
      "percent": 0.24937,
      "usage": 3078,
      "rank": 338
    },
    "2024-02": {
      "name": "Vivillon",
      "percent": 0.20218,
      "usage": 2618,
      "rank": 366
    },
    "2024-03": {
      "name": "Vivillon",
      "percent": 0.25167,
      "usage": 3387,
      "rank": 337
    },
    "2024-04": {
      "name": "Vivillon",
      "percent": 0.23625,
      "usage": 2873,
      "rank": 352
    },
    "2024-05": {
      "name": "Vivillon",
      "percent": 0.23022,
      "usage": 1377,
      "rank": 347
    },
    "2024-06": {
      "name": "Vivillon",
      "percent": 0.2231,
      "usage": 2911,
      "rank": 337
    }
  },
  "1500": {
    "2022-11": {
      "name": "Vivillon",
      "percent": 0.26257,
      "usage": 1618,
      "rank": 361
    },
    "2022-12": {
      "name": "Vivillon",
      "percent": 0.21274,
      "usage": 2767,
      "rank": 408
    },
    "2023-01": {
      "name": "Vivillon",
      "percent": 0.32406,
      "usage": 4659,
      "rank": 298
    },
    "2023-02": {
      "name": "Vivillon",
      "percent": 0.29115,
      "usage": 5087,
      "rank": 317
    },
    "2023-03": {
      "name": "Vivillon",
      "percent": 0.21751,
      "usage": 4992,
      "rank": 335
    },
    "2023-04": {
      "name": "Vivillon",
      "percent": 0.18474,
      "usage": 5697,
      "rank": 307
    },
    "2023-05": {
      "name": "Vivillon",
      "percent": 0.14593,
      "usage": 5916,
      "rank": 334
    },
    "2023-06": {
      "name": "Vivillon",
      "percent": 0.16048,
      "usage": 4460,
      "rank": 313
    },
    "2023-07": {
      "name": "Vivillon",
      "percent": 0.16186,
      "usage": 5017,
      "rank": 325
    },
    "2023-08": {
      "name": "Vivillon",
      "percent": 0.16086,
      "usage": 5791,
      "rank": 315
    },
    "2023-09": {
      "name": "Vivillon",
      "percent": 0.19897,
      "usage": 5920,
      "rank": 289
    },
    "2023-09-DLC1": {
      "name": "Vivillon",
      "percent": 0.2262,
      "usage": 2893,
      "rank": 262
    },
    "2023-10": {
      "name": "Vivillon",
      "percent": 0.19033,
      "usage": 5854,
      "rank": 300
    },
    "2023-11": {
      "name": "Vivillon",
      "percent": 0.19681,
      "usage": 4257,
      "rank": 302
    },
    "2023-12": {
      "name": "Vivillon",
      "percent": 0.12867,
      "usage": 3329,
      "rank": 355
    },
    "2023-12-DLC2": {
      "name": "Vivillon",
      "percent": 0.09728,
      "usage": 1343,
      "rank": 380
    },
    "2024-01": {
      "name": "Vivillon",
      "percent": 0.1322,
      "usage": 3078,
      "rank": 338
    },
    "2024-02": {
      "name": "Vivillon",
      "percent": 0.06744,
      "usage": 2618,
      "rank": 427
    },
    "2024-03": {
      "name": "Vivillon",
      "percent": 0.10769,
      "usage": 3387,
      "rank": 364
    },
    "2024-04": {
      "name": "Vivillon",
      "percent": 0.12101,
      "usage": 2873,
      "rank": 348
    },
    "2024-05": {
      "name": "Vivillon",
      "percent": 0.08226,
      "usage": 1377,
      "rank": 384
    },
    "2024-06": {
      "name": "Vivillon",
      "percent": 0.09092,
      "usage": 2911,
      "rank": 355
    }
  },
  "1630": {
    "2022-11": {
      "name": "Vivillon",
      "percent": 0.0807,
      "usage": 1618,
      "rank": 335
    },
    "2022-12": {
      "name": "Vivillon",
      "percent": 0.01441,
      "usage": 2767,
      "rank": 459
    },
    "2023-01": {
      "name": "Vivillon",
      "percent": 0.01939,
      "usage": 4659,
      "rank": 432
    },
    "2023-02": {
      "name": "Vivillon",
      "percent": 0.02346,
      "usage": 5087,
      "rank": 456
    },
    "2023-03": {
      "name": "Vivillon",
      "percent": 0.03981,
      "usage": 4992,
      "rank": 372
    },
    "2023-04": {
      "name": "Vivillon",
      "percent": 0.10953,
      "usage": 5697,
      "rank": 271
    },
    "2023-05": {
      "name": "Vivillon",
      "percent": 0.12505,
      "usage": 5916,
      "rank": 265
    },
    "2023-06": {
      "name": "Vivillon",
      "percent": 0.19115,
      "usage": 4460,
      "rank": 220
    },
    "2023-07": {
      "name": "Vivillon",
      "percent": 0.14608,
      "usage": 5017,
      "rank": 256
    },
    "2023-08": {
      "name": "Vivillon",
      "percent": 0.10774,
      "usage": 5791,
      "rank": 267
    },
    "2023-09": {
      "name": "Vivillon",
      "percent": 0.15356,
      "usage": 5920,
      "rank": 244
    },
    "2023-09-DLC1": {
      "name": "Vivillon",
      "percent": 0.2423,
      "usage": 2893,
      "rank": 197
    },
    "2023-10": {
      "name": "Vivillon",
      "percent": 0.11947,
      "usage": 5854,
      "rank": 272
    },
    "2023-11": {
      "name": "Vivillon",
      "percent": 0.2245,
      "usage": 4257,
      "rank": 215
    },
    "2023-12": {
      "name": "Vivillon",
      "percent": 0.0903,
      "usage": 3329,
      "rank": 289
    },
    "2023-12-DLC2": {
      "name": "Vivillon",
      "percent": 0.01195,
      "usage": 1343,
      "rank": 475
    },
    "2024-01": {
      "name": "Vivillon",
      "percent": 0.03219,
      "usage": 3078,
      "rank": 384
    },
    "2024-02": {
      "name": "Vivillon",
      "percent": 0.02177,
      "usage": 2618,
      "rank": 430
    },
    "2024-03": {
      "name": "Vivillon",
      "percent": 0.03607,
      "usage": 3387,
      "rank": 390
    },
    "2024-04": {
      "name": "Vivillon",
      "percent": 0.04487,
      "usage": 2873,
      "rank": 350
    },
    "2024-05": {
      "name": "Vivillon",
      "percent": 0.02708,
      "usage": 1377,
      "rank": 391
    },
    "2024-06": {
      "name": "Vivillon",
      "percent": 0.05962,
      "usage": 2911,
      "rank": 305
    }
  },
  "1760": {
    "2022-11": {
      "name": "Vivillon",
      "percent": 0.02616,
      "usage": 1618,
      "rank": 345
    },
    "2022-12": {
      "name": "Vivillon",
      "percent": 0.00091,
      "usage": 2767,
      "rank": 493
    },