{
  "elos": [
    "0",
    "1500",
    "1630",
    "1760"
  ],
  "firstMonth": "2022-11",
  "0": {
    "2022-11": {
      "name": "Wattrel",
      "percent": 0.00863,
      "usage": 51,
      "rank": 735
    },
    "2022-12": {
      "name": "Wattrel",
      "percent": 0.00545,
      "usage": 67,
      "rank": 793
    },
    "2023-01": {
      "name": "Wattrel",
      "percent": 0.00582,
      "usage": 79,
      "rank": 805
    },
    "2023-02": {
      "name": "Wattrel",
      "percent": 0.00449,
      "usage": 70,
      "rank": 855
    },
    "2023-03": {
      "name": "Wattrel",
      "percent": 0.00896,
      "usage": 158,
      "rank": 749
    },
    "2023-04": {
      "name": "Wattrel",
      "percent": 0.01432,
      "usage": 252,
      "rank": 677
    },
    "2023-05": {
      "name": "Wattrel",
      "percent": 0.0083,
      "usage": 155,
      "rank": 753
    },
    "2023-06": {
      "name": "Wattrel",
      "percent": 0.00785,
      "usage": 132,
      "rank": 752
    },
    "2023-07": {
      "name": "Wattrel",
      "percent": 0.00587,
      "usage": 95,
      "rank": 798
    },
    "2023-08": {
      "name": "Wattrel",
      "percent": 0.00533,
      "usage": 98,
      "rank": 807
    },
    "2023-09": {
      "name": "Wattrel",
      "percent": 0.00519,
      "usage": 89,
      "rank": 807
    },
    "2023-09-DLC1": {
      "name": "Wattrel",
      "percent": 0.00363,
      "usage": 31,
      "rank": 853
    },
    "2023-10": {
      "name": "Wattrel",
      "percent": 0.00355,
      "usage": 56,
      "rank": 878
    },
    "2023-11": {
      "name": "Wattrel",
      "percent": 0.00407,
      "usage": 55,
      "rank": 842
    },
    "2023-12": {
      "name": "Wattrel",
      "percent": 0.00321,
      "usage": 41,
      "rank": 879
    },
    "2023-12-DLC2": {
      "name": "Wattrel",
      "percent": 0.00529,
      "usage": 29,
      "rank": 817
    },
    "2024-01": {
      "name": "Wattrel",
      "percent": 0.00105,
      "usage": 13,
      "rank": 1010
    },
    "2024-02": {
      "name": "Wattrel",
      "percent": 0.00116,
      "usage": 15,
      "rank": 979
    },
    "2024-03": {
      "name": "Wattrel",
      "percent": 0.00223,
      "usage": 30,
      "rank": 938
    },
    "2024-04": {
      "name": "Wattrel",
      "percent": 0.00263,
      "usage": 32,
      "rank": 893
    },
    "2024-05": {
      "name": "Wattrel",
      "percent": 0.00351,
      "usage": 21,
      "rank": 856
    },
    "2024-06": {
      "name": "Wattrel",
      "percent": 0.00207,
      "usage": 27,
      "rank": 893
    }
  },
  "1500": {
    "2022-11": {
      "name": "Wattrel",
      "percent": 0.00742,
      "usage": 51,
      "rank": 740
    },
    "2022-12": {
      "name": "Wattrel",
      "percent": 0.00441,
      "usage": 67,
      "rank": 802
    },
    "2023-01": {
      "name": "Wattrel",
      "percent": 0.0044,
      "usage": 79,
      "rank": 819
    },
    "2023-02": {
      "name": "Wattrel",
      "percent": 0.00318,
      "usage": 70,
      "rank": 872
    },
    "2023-03": {
      "name": "Wattrel",
      "percent": 0.00462,
      "usage": 158,
      "rank": 785
    },
    "2023-04": {
      "name": "Wattrel",
      "percent": 0.0076,
      "usage": 252,
      "rank": 653
    },
    "2023-05": {
      "name": "Wattrel",
      "percent": 0.00221,
      "usage": 155,
      "rank": 770
    },
    "2023-06": {
      "name": "Wattrel",
      "percent": 0.00781,
      "usage": 132,
      "rank": 640
    },
    "2023-07": {
      "name": "Wattrel",
      "percent": 0.00212,
      "usage": 95,
      "rank": 779
    },
    "2023-08": {
      "name": "Wattrel",
      "percent": 0.00063,
      "usage": 98,
      "rank": 903
    },
    "2023-09": {
      "name": "Wattrel",
      "percent": 0.00068,
      "usage": 89,
      "rank": 886
    },
    "2023-09-DLC1": {
      "name": "Wattrel",
      "percent": 0.00041,
      "usage": 31,
      "rank": 917
    },
    "2023-10": {
      "name": "Wattrel",
      "percent": 0.00101,
      "usage": 56,
      "rank": 849
    },
    "2023-11": {
      "name": "Wattrel",
      "percent": 0.00238,
      "usage": 55,
      "rank": 758
    },
    "2023-12": {
      "name": "Wattrel",
      "percent": 0.00126,
      "usage": 41,
      "rank": 808
    },
    "2023-12-DLC2": {
      "name": "Wattrel",
      "percent": 0.00206,
      "usage": 29,
      "rank": 759
    },
    "2024-01": {
      "name": "Wattrel",
      "percent": 0.0002,
      "usage": 13,
      "rank": 1000
    },
    "2024-02": {
      "name": "Wattrel",
      "percent": 0.00041,
      "usage": 15,
      "rank": 939
    },
    "2024-03": {
      "name": "Wattrel",
      "percent": 0.00034,
      "usage": 30,
      "rank": 990
    },
    "2024-04": {
      "name": "Wattrel",
      "percent": 0.00052,
      "usage": 32,
      "rank": 910
    },
    "2024-05": {
      "name": "Wattrel",
      "percent": 0.00058,
      "usage": 21,
      "rank": 891
    },
    "2024-06": {
      "name": "Wattrel",
      "percent": 0.00079,
      "usage": 27,
      "rank": 815
    }
  },
  "1630": {
    "2022-11": {
      "name": "Wattrel",
      "percent": 0.0,
      "usage": 51,
      "rank": 614
    },
    "2022-12": {
      "name": "Wattrel",
      "percent": 0.0,
      "usage": 67,
      "rank": 797
    },
    "2023-01": {
      "name": "Wattrel",
      "percent": 0.0,
      "usage": 79,
      "rank": 813
    },
    "2023-02": {
      "name": "Wattrel",
      "percent": 0.0,
      "usage": 70,
      "rank": 916
    },
    "2023-03": {
      "name": "Wattrel",
      "percent": 8e-05,
      "usage": 158,
      "rank": 845
    },
    "2023-04": {
      "name": "Wattrel",
      "percent": 0.00078,
      "usage": 252,
      "rank": 708
    },
    "2023-05": {
      "name": "Wattrel",
      "percent": 0.00021,
      "usage": 155,
      "rank": 819
    },
    "2023-06": {
      "name": "Wattrel",
      "percent": 0.00024,
      "usage": 132,
      "rank": 771
    },
    "2023-07": {
      "name": "Wattrel",
      "percent": 6e-05,
      "usage": 95,
      "rank": 893
    },
    "2023-08": {
      "name": "Wattrel",
      "percent": 2e-05,
      "usage": 98,
      "rank": 956
    },
    "2023-09": {
      "name": "Wattrel",
      "percent": 6e-05,
      "usage": 89,
      "rank": 873
    },
    "2023-09-DLC1": {
      "name": "Wattrel",
      "percent": 1e-05,
      "usage": 31,
      "rank": 906
    },
    "2023-10": {
      "name": "Wattrel",
      "percent": 0.00025,
      "usage": 56,
      "rank": 781
    },
    "2023-11": {
      "name": "Wattrel",
      "percent": 0.00034,
      "usage": 55,
      "rank": 766
    },
    "2023-12": {
      "name": "Wattrel",
      "percent": 8e-05,
      "usage": 41,
      "rank": 846
    },
    "2023-12-DLC2": {
      "name": "Wattrel",
      "percent": 0.00017,
      "usage": 29,
      "rank": 754
    },
    "2024-01": {
      "name": "Wattrel",
      "percent": 0.0,
      "usage": 13,
      "rank": 947
    },
    "2024-02": {
      "name": "Wattrel",
      "percent": 0.0,
      "usage": 15,
      "rank": 971
    },
    "2024-03": {
      "name": "Wattrel",
      "percent": 0.0,
      "usage": 30,
      "rank": 1021
    },
    "2024-04": {
      "name": "Wattrel",
      "percent": 1e-05,
      "usage": 32,
      "rank": 934
    },
    "2024-05": {
      "name": "Wattrel",
      "percent": 4e-05,
      "usage": 21,
      "rank": 813
    },
    "2024-06": {
      "name": "Wattrel",
      "percent": 0.0,
      "usage": 27,
      "rank": 952
    }
  },
  "1760": {
    "2022-11": {
      "name": "Wattrel",
      "percent": 0.0,
      "usage": 51,
      "rank": 639
    },
    "2022-12": {
      "name": "Wattrel",
      "percent": 0.0,
      "usage": 67,
      "rank": 768
    },
    "2023-01": {
      "name": "Wattrel",
      "percent": 0.0,
      "usage": 79,
      "rank": 799
    },
    "2023-02": {
      "name": "Wattrel",
      "percent": 0.0,
      "usage": 70,
      "rank": 926
    },