{
  "elos": [
    "0",
    "1500",
    "1630",
    "1760"
  ],
  "firstMonth": "2022-11",
  "0": {
    "2022-11": {
      "name": "Zygarde-10%",
      "percent": 0.38847,
      "usage": 2296,
      "rank": 300
    },
    "2022-12": {
      "name": "Zygarde-10%",
      "percent": 0.17715,
      "usage": 2177,
      "rank": 442
    },
    "2023-01": {
      "name": "Zygarde-10%",
      "percent": 0.21504,
      "usage": 2920,
      "rank": 388
    },
    "2023-02": {
      "name": "Zygarde-10%",
      "percent": 0.19275,
      "usage": 3008,
      "rank": 408
    },
    "2023-03": {
      "name": "Zygarde-10%",
      "percent": 0.29002,
      "usage": 5115,
      "rank": 319
    },
    "2023-04": {
      "name": "Zygarde-10%",
      "percent": 0.21959,
      "usage": 3865,
      "rank": 365
    },
    "2023-05": {
      "name": "Zygarde-10%",
      "percent": 0.19991,
      "usage": 3731,
      "rank": 382
    },
    "2023-06": {
      "name": "Zygarde-10%",
      "percent": 0.18104,
      "usage": 3044,
      "rank": 393
    },
    "2023-07": {
      "name": "Zygarde-10%",
      "percent": 0.18894,
      "usage": 3058,
      "rank": 386
    },
    "2023-08": {
      "name": "Zygarde-10%",
      "percent": 0.22942,
      "usage": 4221,
      "rank": 341
    },
    "2023-09": {
      "name": "Zygarde-10%",
      "percent": 0.23118,
      "usage": 3964,
      "rank": 358
    },
    "2023-09-DLC1": {
      "name": "Zygarde-10%",
      "percent": 0.2175,
      "usage": 1856,
      "rank": 358
    },
    "2023-10": {
      "name": "Zygarde-10%",
      "percent": 0.22104,
      "usage": 3485,
      "rank": 370
    },
    "2023-11": {
      "name": "Zygarde-10%",
      "percent": 0.28373,
      "usage": 3837,
      "rank": 330
    },
    "2023-12": {
      "name": "Zygarde-10%",
      "percent": 0.18237,
      "usage": 2332,
      "rank": 408
    },
    "2023-12-DLC2": {
      "name": "Zygarde-10%",
      "percent": 0.15187,
      "usage": 832,
      "rank": 434
    },
    "2024-01": {
      "name": "Zygarde-10%",
      "percent": 0.13068,
      "usage": 1613,
      "rank": 459
    },
    "2024-02": {
      "name": "Zygarde-10%",
      "percent": 0.22334,
      "usage": 2892,
      "rank": 349
    },
    "2024-03": {
      "name": "Zygarde-10%",
      "percent": 0.28414,
      "usage": 3824,
      "rank": 319
    },
    "2024-04": {
      "name": "Zygarde-10%",
      "percent": 0.20205,
      "usage": 2457,
      "rank": 381
    },
    "2024-05": {
      "name": "Zygarde-10%",
      "percent": 0.22553,
      "usage": 1349,
      "rank": 351
    },
    "2024-06": {
      "name": "Zygarde-10%",
      "percent": 0.26257,
      "usage": 3426,
      "rank": 304
    }
  },
  "1500": {
    "2022-11": {
      "name": "Zygarde-10%",
      "percent": 0.39448,
      "usage": 2296,
      "rank": 295
    },
    "2022-12": {
      "name": "Zygarde-10%",
      "percent": 0.17462,
      "usage": 2177,
      "rank": 436
    },
    "2023-01": {
      "name": "Zygarde-10%",
      "percent": 0.21157,
      "usage": 2920,
      "rank": 378
    },
    "2023-02": {
      "name": "Zygarde-10%",
      "percent": 0.18673,
      "usage": 3008,
      "rank": 395
    },
    "2023-03": {
      "name": "Zygarde-10%",
      "percent": 0.28833,
      "usage": 5115,
      "rank": 291
    },
    "2023-04": {
      "name": "Zygarde-10%",
      "percent": 0.18343,
      "usage": 3865,
      "rank": 308
    },
    "2023-05": {
      "name": "Zygarde-10%",
      "percent": 0.18372,
      "usage": 3731,
      "rank": 300
    },
    "2023-06": {
      "name": "Zygarde-10%",
      "percent": 0.16209,
      "usage": 3044,
      "rank": 310
    },
    "2023-07": {
      "name": "Zygarde-10%",
      "percent": 0.17129,
      "usage": 3058,
      "rank": 316
    },
    "2023-08": {
      "name": "Zygarde-10%",
      "percent": 0.18063,
      "usage": 4221,
      "rank": 302
    },
    "2023-09": {
      "name": "Zygarde-10%",
      "percent": 0.14678,
      "usage": 3964,
      "rank": 334
    },
    "2023-09-DLC1": {
      "name": "Zygarde-10%",
      "percent": 0.10607,
      "usage": 1856,
      "rank": 365
    },
    "2023-10": {
      "name": "Zygarde-10%",
      "percent": 0.1748,
      "usage": 3485,
      "rank": 310
    },
    "2023-11": {
      "name": "Zygarde-10%",
      "percent": 0.20954,
      "usage": 3837,
      "rank": 291
    },
    "2023-12": {
      "name": "Zygarde-10%",
      "percent": 0.12955,
      "usage": 2332,
      "rank": 354
    },
    "2023-12-DLC2": {
      "name": "Zygarde-10%",
      "percent": 0.08594,
      "usage": 832,
      "rank": 402
    },
    "2024-01": {
      "name": "Zygarde-10%",
      "percent": 0.0846,
      "usage": 1613,
      "rank": 389
    },
    "2024-02": {
      "name": "Zygarde-10%",
      "percent": 0.19986,
      "usage": 2892,
      "rank": 272
    },
    "2024-03": {
      "name": "Zygarde-10%",
      "percent": 0.22626,
      "usage": 3824,
      "rank": 265
    },
    "2024-04": {
      "name": "Zygarde-10%",
      "percent": 0.17343,
      "usage": 2457,
      "rank": 299
    },
    "2024-05": {
      "name": "Zygarde-10%",
      "percent": 0.1992,
      "usage": 1349,
      "rank": 264
    },
    "2024-06": {
      "name": "Zygarde-10%",
      "percent": 0.27245,
      "usage": 3426,
      "rank": 227
    }
  },
  "1630": {
    "2022-11": {
      "name": "Zygarde-10%",
      "percent": 1.12043,
      "usage": 2296,
      "rank": 115
    },
    "2022-12": {
      "name": "Zygarde-10%",
      "percent": 0.36984,
      "usage": 2177,
      "rank": 193
    },
    "2023-01": {
      "name": "Zygarde-10%",
      "percent": 0.14779,
      "usage": 2920,
      "rank": 249
    },
    "2023-02": {
      "name": "Zygarde-10%",
      "percent": 0.14058,
      "usage": 3008,
      "rank": 271
    },
    "2023-03": {
      "name": "Zygarde-10%",
      "percent": 0.29594,
      "usage": 5115,
      "rank": 185
    },
    "2023-04": {
      "name": "Zygarde-10%",
      "percent": 0.16144,
      "usage": 3865,
      "rank": 241
    },
    "2023-05": {
      "name": "Zygarde-10%",
      "percent": 0.199,
      "usage": 3731,
      "rank": 226
    },
    "2023-06": {
      "name": "Zygarde-10%",
      "percent": 0.12459,
      "usage": 3044,
      "rank": 255
    },
    "2023-07": {
      "name": "Zygarde-10%",
      "percent": 0.14613,
      "usage": 3058,
      "rank": 255
    },
    "2023-08": {
      "name": "Zygarde-10%",
      "percent": 0.13305,
      "usage": 4221,
      "rank": 253
    },
    "2023-09": {
      "name": "Zygarde-10%",
      "percent": 0.07908,
      "usage": 3964,
      "rank": 301
    },
    "2023-09-DLC1": {
      "name": "Zygarde-10%",
      "percent": 0.04149,
      "usage": 1856,
      "rank": 341
    },
    "2023-10": {
      "name": "Zygarde-10%",
      "percent": 0.08736,
      "usage": 3485,
      "rank": 305
    },
    "2023-11": {
      "name": "Zygarde-10%",
      "percent": 0.11496,
      "usage": 3837,
      "rank": 277
    },
    "2023-12": {
      "name": "Zygarde-10%",
      "percent": 0.06484,
      "usage": 2332,
      "rank": 323
    },
    "2023-12-DLC2": {
      "name": "Zygarde-10%",
      "percent": 0.04511,
      "usage": 832,
      "rank": 335
    },
    "2024-01": {
      "name": "Zygarde-10%",
      "percent": 0.03591,
      "usage": 1613,
      "rank": 377
    },
    "2024-02": {
      "name": "Zygarde-10%",
      "percent": 0.13784,
      "usage": 2892,
      "rank": 233
    },
    "2024-03": {
      "name": "Zygarde-10%",
      "percent": 0.09444,
      "usage": 3824,
      "rank": 285
    },
    "2024-04": {
      "name": "Zygarde-10%",
      "percent": 0.1197,
      "usage": 2457,
      "rank": 252
    },
    "2024-05": {
      "name": "Zygarde-10%",
      "percent": 0.16824,
      "usage": 1349,
      "rank": 231
    },
    "2024-06": {
      "name": "Zygarde-10%",
      "percent": 0.16523,
      "usage": 3426,
      "rank": 217
    }
  },
  "1760": {
    "2022-11": {
      "name": "Zygarde-10%",