{
  "2022-11": {
    "name": "Phanpy",
    "percent": 0.03388,
    "usage": 196,
    "rank": 289
  },
  "2022-12": {
    "name": "Phanpy",
    "percent": 0.02646,
    "usage": 289,
    "rank": 298
  },
  "2023-01": {
    "name": "Phanpy",
    "percent": 0.15298,
    "usage": 1235,
    "rank": 236
  },
  "2023-02": {
    "name": "Phanpy",
    "percent": 0.07801,
    "usage": 453,
    "rank": 267
  },
  "2023-03": {
    "name": "Phanpy",
    "percent": 0.08099,
    "usage": 450,
    "rank": 264
  },
  "2023-04": {
    "name": "Phanpy",
    "percent": 0.06584,
    "usage": 311,
    "rank": 275
  },
  "2023-05": {
    "name": "Phanpy",
    "percent": 0.05864,
    "usage": 273,
    "rank": 325
  },
  "2023-06": {
    "name": "Phanpy",
    "percent": 0.03719,
    "usage": 176,
    "rank": 391
  },
  "2023-07": {
    "name": "Phanpy",
    "percent": 0.03544,
    "usage": 163,
    "rank": 389
  },
  "2023-08": {
    "name": "Phanpy",
    "percent": 0.05753,
    "usage": 276,
    "rank": 367
  },
  "2023-09": {
    "name": "Phanpy",
    "percent": 0.04872,
    "usage": 276,
    "rank": 434
  },
  "2023-09-DLC1": {
    "name": "Phanpy",
    "percent": 0.04404,
    "usage": 143,
    "rank": 444
  },
  "2023-10": {
    "name": "Phanpy",
    "percent": 0.0246,
    "usage": 152,
    "rank": 486
  },
  "2023-11": {
    "name": "Phanpy",
    "percent": 0.02239,
    "usage": 111,
    "rank": 506
  },
  "2023-12": {
    "name": "Phanpy",
    "percent": 0.00976,
    "usage": 42,
    "rank": 670
  },
  "2023-12-DLC2": {
    "name": "Phanpy",
    "percent": 0.00852,
    "usage": 17,
    "rank": 658
  },
  "2024-01": {
    "name": "Phanpy",
    "percent": 0.03783,
    "usage": 186,
    "rank": 549
  },
  "2024-02": {
    "name": "Phanpy",
    "percent": 0.01006,
    "usage": 46,
    "rank": 677
  },
  "2024-03": {
    "name": "Phanpy",
    "percent": 0.02083,
    "usage": 99,
    "rank": 603
  },
  "2024-04": {
    "name": "Phanpy",
    "percent": 0.02207,
    "usage": 99,
    "rank": 581
  },
  "2024-05": {
    "name": "Phanpy",
    "percent": 0.04006,
    "usage": 85,
    "rank": 540
  },
  "2024-06": {
    "name": "Phanpy",
    "percent": 0.01013,
    "usage": 37,
    "rank": 659
  }
}