{
  "2023-12": {
    "name": "Meganium",
    "percent": 0.09458,
    "usage": 545,
    "rank": 428
  },
  "2023-12-DLC2": {
    "name": "Meganium",
    "percent": 0.18125,
    "usage": 481,
    "rank": 367
  },
  "2024-01": {
    "name": "Meganium",
    "percent": 0.11529,
    "usage": 798,
    "rank": 409
  },
  "2024-02": {
    "name": "Meganium",
    "percent": 0.13165,
    "usage": 943,
    "rank": 398
  },
  "2024-03": {
    "name": "Meganium",
    "percent": 0.21396,
    "usage": 1490,
    "rank": 337
  },
  "2024-04": {
    "name": "Meganium",
    "percent": 0.22181,
    "usage": 1317,
    "rank": 328
  },
  "2024-05": {
    "name": "Meganium",
    "percent": 0.12355,
    "usage": 449,
    "rank": 400
  },
  "2024-06": {
    "name": "Meganium",
    "percent": 0.19918,
    "usage": 891,
    "rank": 350
  }
}