{
  "2022-11": {
    "name": "Ampharos",
    "percent": 0.28173,
    "usage": 827,
    "rank": 134
  },
  "2022-12": {
    "name": "Ampharos",
    "percent": 0.18816,
    "usage": 818,
    "rank": 154
  },
  "2023-01": {
    "name": "Ampharos",
    "percent": 0.17527,
    "usage": 535,
    "rank": 172
  },
  "2023-02": {
    "name": "Ampharos",
    "percent": 0.15229,
    "usage": 348,
    "rank": 182
  },
  "2023-03": {
    "name": "Ampharos",
    "percent": 0.13155,
    "usage": 286,
    "rank": 183
  },
  "2023-04": {
    "name": "Ampharos",
    "percent": 0.10311,
    "usage": 197,
    "rank": 199
  },
  "2023-05": {
    "name": "Ampharos",
    "percent": 0.24764,
    "usage": 430,
    "rank": 180
  },
  "2023-06": {
    "name": "Ampharos",
    "percent": 0.34022,
    "usage": 971,
    "rank": 163
  },
  "2023-07": {
    "name": "Ampharos",
    "percent": 0.41463,
    "usage": 901,
    "rank": 151
  },
  "2023-08": {
    "name": "Ampharos",
    "percent": 0.22772,
    "usage": 485,
    "rank": 205
  },
  "2023-09": {
    "name": "Ampharos",
    "percent": 0.15112,
    "usage": 335,
    "rank": 283
  },
  "2023-09-DLC1": {
    "name": "Ampharos",
    "percent": 0.09752,
    "usage": 124,
    "rank": 324
  },
  "2023-10": {
    "name": "Ampharos",
    "percent": 0.09351,
    "usage": 246,
    "rank": 311
  },
  "2023-11": {
    "name": "Ampharos",
    "percent": 0.09038,
    "usage": 241,
    "rank": 330
  },
  "2023-12": {
    "name": "Ampharos",
    "percent": 0.10893,
    "usage": 368,
    "rank": 372
  },
  "2023-12-DLC2": {
    "name": "Ampharos",
    "percent": 0.07591,
    "usage": 131,
    "rank": 393
  },
  "2024-01": {
    "name": "Ampharos",
    "percent": 0.10837,
    "usage": 402,
    "rank": 365
  },
  "2024-02": {
    "name": "Ampharos",
    "percent": 0.13949,
    "usage": 476,
    "rank": 340
  },
  "2024-03": {
    "name": "Ampharos",
    "percent": 0.18718,
    "usage": 715,
    "rank": 292
  },
  "2024-04": {
    "name": "Ampharos",
    "percent": 0.19275,
    "usage": 615,
    "rank": 285
  },
  "2024-05": {
    "name": "Ampharos",
    "percent": 0.17229,
    "usage": 275,
    "rank": 303
  },
  "2024-06": {
    "name": "Ampharos",
    "percent": 0.21652,
    "usage": 646,
    "rank": 290
  }
}