{
  "2022-11": {
    "name": "Pawniard",
    "percent": 58.41479,
    "usage": 30065,
    "rank": 2
  },
  "2022-12": {
    "name": "Pawniard",
    "percent": 81.58807,
    "usage": 43934,
    "rank": 2
  },
  "2023-01": {
    "name": "Pawniard",
    "percent": 67.07477,
    "usage": 42705,
    "rank": 2
  },
  "2023-02": {
    "name": "Pawniard",
    "percent": 63.00952,
    "usage": 28722,
    "rank": 3
  },
  "2023-03": {
    "name": "Pawniard",
    "percent": 44.8446,
    "usage": 23023,
    "rank": 2
  },
  "2023-04": {
    "name": "Pawniard",
    "percent": 37.6769,
    "usage": 22113,
    "rank": 5
  },
  "2023-05": {
    "name": "Pawniard",
    "percent": 36.78972,
    "usage": 20438,
    "rank": 3
  },
  "2023-06": {
    "name": "Pawniard",
    "percent": 22.57133,
    "usage": 12350,
    "rank": 9
  },
  "2023-07": {
    "name": "Pawniard",
    "percent": 36.82019,
    "usage": 12961,
    "rank": 3
  },
  "2023-08": {
    "name": "Pawniard",
    "percent": 29.40135,
    "usage": 16367,
    "rank": 7
  },
  "2023-09": {
    "name": "Pawniard",
    "percent": 17.25169,
    "usage": 13073,
    "rank": 12
  },
  "2023-09-DLC1": {
    "name": "Pawniard",
    "percent": 9.48032,
    "usage": 5807,
    "rank": 19
  },
  "2023-10": {
    "name": "Pawniard",
    "percent": 7.75731,
    "usage": 11020,
    "rank": 19
  },
  "2023-11": {
    "name": "Pawniard",
    "percent": 10.09494,
    "usage": 6008,
    "rank": 16
  },
  "2023-12": {
    "name": "Pawniard",
    "percent": 13.92406,
    "usage": 6081,
    "rank": 15
  },
  "2023-12-DLC2": {
    "name": "Pawniard",
    "percent": 11.37617,
    "usage": 2874,
    "rank": 19
  },
  "2024-01": {
    "name": "Pawniard",
    "percent": 13.76265,
    "usage": 6258,
    "rank": 10
  },
  "2024-02": {
    "name": "Pawniard",
    "percent": 17.28309,
    "usage": 6649,
    "rank": 10
  },
  "2024-03": {
    "name": "Pawniard",
    "percent": 14.19394,
    "usage": 8343,
    "rank": 12
  },
  "2024-04": {
    "name": "Pawniard",
    "percent": 11.13331,
    "usage": 8256,
    "rank": 13
  },
  "2024-05": {
    "name": "Pawniard",
    "percent": 12.3247,
    "usage": 2218,
    "rank": 13
  },
  "2024-06": {
    "name": "Pawniard",
    "percent": 9.1779,
    "usage": 4306,
    "rank": 16
  }
}