{
  "2022-11": {
    "name": "Scream Tail",
    "percent": 5.41085,
    "usage": 16459,
    "rank": 26
  },
  "2022-12": {
    "name": "Scream Tail",
    "percent": 3.59093,
    "usage": 32276,
    "rank": 40
  },
  "2023-01": {
    "name": "Scream Tail",
    "percent": 4.21416,
    "usage": 23582,
    "rank": 42
  },
  "2023-02": {
    "name": "Scream Tail",
    "percent": 4.28542,
    "usage": 17227,
    "rank": 42
  },
  "2023-03": {
    "name": "Scream Tail",
    "percent": 3.85159,
    "usage": 18498,
    "rank": 43
  },
  "2023-04": {
    "name": "Scream Tail",
    "percent": 4.34023,
    "usage": 14474,
    "rank": 37
  },
  "2023-05": {
    "name": "Scream Tail",
    "percent": 2.57832,
    "usage": 11665,
    "rank": 51
  },
  "2023-06": {
    "name": "Scream Tail",
    "percent": 0.86282,
    "usage": 7571,
    "rank": 102
  },
  "2023-07": {
    "name": "Scream Tail",
    "percent": 0.56166,
    "usage": 5634,
    "rank": 126
  },
  "2023-08": {
    "name": "Scream Tail",
    "percent": 0.77095,
    "usage": 7460,
    "rank": 110
  },
  "2023-09": {
    "name": "Scream Tail",
    "percent": 0.55536,
    "usage": 6800,
    "rank": 152
  },
  "2023-09-DLC1": {
    "name": "Scream Tail",
    "percent": 0.56288,
    "usage": 3395,
    "rank": 154
  },
  "2023-10": {
    "name": "Scream Tail",
    "percent": 0.49737,
    "usage": 6604,
    "rank": 149
  },
  "2023-11": {
    "name": "Scream Tail",
    "percent": 0.45736,
    "usage": 5043,
    "rank": 147
  },
  "2023-12": {
    "name": "Scream Tail",
    "percent": 0.37177,
    "usage": 4134,
    "rank": 171
  },
  "2023-12-DLC2": {
    "name": "Scream Tail",
    "percent": 0.29408,
    "usage": 1723,
    "rank": 196
  },
  "2024-01": {
    "name": "Scream Tail",
    "percent": 0.53537,
    "usage": 3159,
    "rank": 146
  },
  "2024-02": {
    "name": "Scream Tail",
    "percent": 0.21593,
    "usage": 2771,
    "rank": 220
  },
  "2024-03": {
    "name": "Scream Tail",
    "percent": 0.12953,
    "usage": 2176,
    "rank": 282
  },
  "2024-04": {
    "name": "Scream Tail",
    "percent": 0.37818,
    "usage": 2986,
    "rank": 159
  },
  "2024-05": {
    "name": "Scream Tail",
    "percent": 0.17454,
    "usage": 1030,
    "rank": 224
  },
  "2024-06": {
    "name": "Scream Tail",
    "percent": 0.25337,
    "usage": 2164,
    "rank": 188
  }
}