{
  "2023-05": {
    "name": "Enamorus",
    "percent": 0.13534,
    "usage": 235,
    "rank": 230
  },
  "2023-06": {
    "name": "Enamorus",
    "percent": 0.8248,
    "usage": 2354,
    "rank": 105
  },
  "2023-07": {
    "name": "Enamorus",
    "percent": 0.86424,
    "usage": 1878,
    "rank": 104
  },
  "2023-08": {
    "name": "Enamorus",
    "percent": 1.00103,
    "usage": 2132,
    "rank": 94
  },
  "2023-09": {
    "name": "Enamorus",
    "percent": 0.77048,
    "usage": 1708,
    "rank": 127
  },
  "2023-09-DLC1": {
    "name": "Enamorus",
    "percent": 0.55995,
    "usage": 712,
    "rank": 157
  },
  "2023-10": {
    "name": "Enamorus",
    "percent": 0.6728,
    "usage": 1770,
    "rank": 133
  },
  "2023-11": {
    "name": "Enamorus",
    "percent": 0.59742,
    "usage": 1593,
    "rank": 136
  },
  "2023-12": {
    "name": "Enamorus",
    "percent": 0.81577,
    "usage": 2756,
    "rank": 130
  },
  "2023-12-DLC2": {
    "name": "Enamorus",
    "percent": 0.92428,
    "usage": 1595,
    "rank": 121
  },
  "2024-01": {
    "name": "Enamorus",
    "percent": 0.93054,
    "usage": 3452,
    "rank": 124
  },
  "2024-02": {
    "name": "Enamorus",
    "percent": 0.92835,
    "usage": 3168,
    "rank": 117
  },
  "2024-03": {
    "name": "Enamorus",
    "percent": 0.6152,
    "usage": 2350,
    "rank": 143
  },
  "2024-04": {
    "name": "Enamorus",
    "percent": 0.67353,
    "usage": 2149,
    "rank": 138
  },
  "2024-05": {
    "name": "Enamorus",
    "percent": 0.50749,
    "usage": 810,
    "rank": 167
  },
  "2024-06": {
    "name": "Enamorus",
    "percent": 0.68979,
    "usage": 2058,
    "rank": 142
  }
}