{
  "2022-11": {
    "name": "Rotom",
    "percent": 0.06282,
    "usage": 395,
    "rank": 252
  },
  "2022-12": {
    "name": "Rotom",
    "percent": 0.10333,
    "usage": 1195,
    "rank": 232
  },
  "2023-01": {
    "name": "Rotom",
    "percent": 0.14267,
    "usage": 1243,
    "rank": 236
  },
  "2023-02": {
    "name": "Rotom",
    "percent": 0.17654,
    "usage": 1132,
    "rank": 229
  },
  "2023-03": {
    "name": "Rotom",
    "percent": 0.15501,
    "usage": 1082,
    "rank": 229
  },
  "2023-04": {
    "name": "Rotom",
    "percent": 0.15123,
    "usage": 1184,
    "rank": 214
  },
  "2023-05": {
    "name": "Rotom",
    "percent": 0.16114,
    "usage": 1182,
    "rank": 243
  },
  "2023-06": {
    "name": "Rotom",
    "percent": 0.07922,
    "usage": 674,
    "rank": 325
  },
  "2023-07": {
    "name": "Rotom",
    "percent": 0.07899,
    "usage": 682,
    "rank": 334
  },
  "2023-08": {
    "name": "Rotom",
    "percent": 0.15561,
    "usage": 1073,
    "rank": 295
  },
  "2023-09": {
    "name": "Rotom",
    "percent": 0.11239,
    "usage": 1062,
    "rank": 363
  },
  "2023-09-DLC1": {
    "name": "Rotom",
    "percent": 0.10559,
    "usage": 633,
    "rank": 367
  },
  "2023-10": {
    "name": "Rotom",
    "percent": 0.09782,
    "usage": 1140,
    "rank": 366
  },
  "2023-11": {
    "name": "Rotom",
    "percent": 0.07675,
    "usage": 702,
    "rank": 382
  },
  "2023-12": {
    "name": "Rotom",
    "percent": 0.07171,
    "usage": 640,
    "rank": 455
  },
  "2023-12-DLC2": {
    "name": "Rotom",
    "percent": 0.07139,
    "usage": 325,
    "rank": 450
  },
  "2024-01": {
    "name": "Rotom",
    "percent": 0.05696,
    "usage": 559,
    "rank": 469
  },
  "2024-02": {
    "name": "Rotom",
    "percent": 0.08265,
    "usage": 761,
    "rank": 444
  },
  "2024-03": {
    "name": "Rotom",
    "percent": 0.07418,
    "usage": 751,
    "rank": 449
  },
  "2024-04": {
    "name": "Rotom",
    "percent": 0.10141,
    "usage": 873,
    "rank": 421
  },
  "2024-05": {
    "name": "Rotom",
    "percent": 0.04758,
    "usage": 149,
    "rank": 486
  },
  "2024-06": {
    "name": "Rotom",
    "percent": 0.0817,
    "usage": 423,
    "rank": 438
  }
}