{
  "2022-11": {
    "name": "Rotom",
    "percent": 0.00164,
    "usage": 395,
    "rank": 253
  },
  "2022-12": {
    "name": "Rotom",
    "percent": 0.10646,
    "usage": 1195,
    "rank": 186
  },
  "2023-01": {
    "name": "Rotom",
    "percent": 0.05394,
    "usage": 1243,
    "rank": 208
  },
  "2023-02": {
    "name": "Rotom",
    "percent": 0.04581,
    "usage": 1132,
    "rank": 225
  },
  "2023-03": {
    "name": "Rotom",
    "percent": 0.01875,
    "usage": 1082,
    "rank": 260
  },
  "2023-04": {
    "name": "Rotom",
    "percent": 0.07401,
    "usage": 1184,
    "rank": 208
  },
  "2023-05": {
    "name": "Rotom",
    "percent": 0.06408,
    "usage": 1182,
    "rank": 266
  },
  "2023-06": {
    "name": "Rotom",
    "percent": 0.02495,
    "usage": 674,
    "rank": 324
  },
  "2023-07": {
    "name": "Rotom",
    "percent": 0.01798,
    "usage": 682,
    "rank": 343
  },
  "2023-08": {
    "name": "Rotom",
    "percent": 0.03654,
    "usage": 1073,
    "rank": 308
  },
  "2023-09": {
    "name": "Rotom",
    "percent": 0.02987,
    "usage": 1062,
    "rank": 374
  },
  "2023-09-DLC1": {
    "name": "Rotom",
    "percent": 0.02691,
    "usage": 633,
    "rank": 370
  },
  "2023-10": {
    "name": "Rotom",
    "percent": 0.01822,
    "usage": 1140,
    "rank": 388
  },
  "2023-11": {
    "name": "Rotom",
    "percent": 0.01811,
    "usage": 702,
    "rank": 390
  },
  "2023-12": {
    "name": "Rotom",
    "percent": 0.00561,
    "usage": 640,
    "rank": 518
  },
  "2023-12-DLC2": {
    "name": "Rotom",
    "percent": 0.00387,
    "usage": 325,
    "rank": 536
  },
  "2024-01": {
    "name": "Rotom",
    "percent": 0.00838,
    "usage": 559,
    "rank": 507
  },
  "2024-02": {
    "name": "Rotom",
    "percent": 0.01101,
    "usage": 761,
    "rank": 486
  },
  "2024-03": {
    "name": "Rotom",
    "percent": 0.01836,
    "usage": 751,
    "rank": 463
  },
  "2024-04": {
    "name": "Rotom",
    "percent": 0.02191,
    "usage": 873,
    "rank": 431
  },
  "2024-05": {
    "name": "Rotom",
    "percent": 0.00428,
    "usage": 149,
    "rank": 529
  },
  "2024-06": {
    "name": "Rotom",
    "percent": 0.00984,
    "usage": 423,
    "rank": 478
  }
}