{
  "2022-11": {
    "name": "Tsareena",
    "percent": 0.11106,
    "usage": 326,
    "rank": 171
  },
  "2022-12": {
    "name": "Tsareena",
    "percent": 0.10811,
    "usage": 470,
    "rank": 187
  },
  "2023-01": {
    "name": "Tsareena",
    "percent": 0.17592,
    "usage": 537,
    "rank": 171
  },
  "2023-02": {
    "name": "Tsareena",
    "percent": 0.21268,
    "usage": 486,
    "rank": 161
  },
  "2023-03": {
    "name": "Tsareena",
    "percent": 0.26723,
    "usage": 581,
    "rank": 144
  },
  "2023-04": {
    "name": "Tsareena",
    "percent": 0.25176,
    "usage": 481,
    "rank": 151
  },
  "2023-05": {
    "name": "Tsareena",
    "percent": 0.30926,
    "usage": 537,
    "rank": 165
  },
  "2023-06": {
    "name": "Tsareena",
    "percent": 0.05992,
    "usage": 171,
    "rank": 291
  },
  "2023-07": {
    "name": "Tsareena",
    "percent": 0.1017,
    "usage": 221,
    "rank": 259
  },
  "2023-08": {
    "name": "Tsareena",
    "percent": 0.1141,
    "usage": 243,
    "rank": 254
  },
  "2023-09": {
    "name": "Tsareena",
    "percent": 0.10962,
    "usage": 243,
    "rank": 315
  },
  "2023-09-DLC1": {
    "name": "Tsareena",
    "percent": 0.1565,
    "usage": 199,
    "rank": 283
  },
  "2023-10": {
    "name": "Tsareena",
    "percent": 0.12354,
    "usage": 325,
    "rank": 296
  },
  "2023-11": {
    "name": "Tsareena",
    "percent": 0.17101,
    "usage": 456,
    "rank": 278
  },
  "2023-12": {
    "name": "Tsareena",
    "percent": 0.10745,
    "usage": 363,
    "rank": 374
  },
  "2023-12-DLC2": {
    "name": "Tsareena",
    "percent": 0.09677,
    "usage": 167,
    "rank": 375
  },
  "2024-01": {
    "name": "Tsareena",
    "percent": 0.15284,
    "usage": 567,
    "rank": 316
  },
  "2024-02": {
    "name": "Tsareena",
    "percent": 0.18403,
    "usage": 628,
    "rank": 299
  },
  "2024-03": {
    "name": "Tsareena",
    "percent": 0.13194,
    "usage": 504,
    "rank": 331
  },
  "2024-04": {
    "name": "Tsareena",
    "percent": 0.25199,
    "usage": 804,
    "rank": 245
  },
  "2024-05": {
    "name": "Tsareena",
    "percent": 0.12343,
    "usage": 197,
    "rank": 349
  },
  "2024-06": {
    "name": "Tsareena",
    "percent": 0.26646,
    "usage": 795,
    "rank": 252
  }
}