{
  "2023-12": {
    "name": "Hydrapple",
    "percent": 0.19639,
    "usage": 8597,
    "rank": 146
  },
  "2023-12-DLC2": {
    "name": "Hydrapple",
    "percent": 0.3921,
    "usage": 7321,
    "rank": 112
  },
  "2024-01": {
    "name": "Hydrapple",
    "percent": 0.15221,
    "usage": 9791,
    "rank": 160
  },
  "2024-02": {
    "name": "Hydrapple",
    "percent": 0.04617,
    "usage": 6355,
    "rank": 229
  },
  "2024-03": {
    "name": "Hydrapple",
    "percent": 0.09645,
    "usage": 5389,
    "rank": 174
  },
  "2024-04": {
    "name": "Hydrapple",
    "percent": 0.1319,
    "usage": 4246,
    "rank": 153
  },
  "2024-05": {
    "name": "Hydrapple",
    "percent": 0.03041,
    "usage": 1744,
    "rank": 234
  },
  "2024-06": {
    "name": "Hydrapple",
    "percent": 0.02515,
    "usage": 3003,
    "rank": 252
  }
}