{
  "2022-11": {
    "name": "Umbreon",
    "percent": 0.08764,
    "usage": 7712,
    "rank": 265
  },
  "2022-12": {
    "name": "Umbreon",
    "percent": 0.15467,
    "usage": 17304,
    "rank": 180
  },
  "2023-01": {
    "name": "Umbreon",
    "percent": 0.1292,
    "usage": 15600,
    "rank": 205
  },
  "2023-02": {
    "name": "Umbreon",
    "percent": 0.48334,
    "usage": 21889,
    "rank": 148
  },
  "2023-03": {
    "name": "Umbreon",
    "percent": 0.2679,
    "usage": 23030,
    "rank": 180
  },
  "2023-04": {
    "name": "Umbreon",
    "percent": 0.41083,
    "usage": 21511,
    "rank": 145
  },
  "2023-05": {
    "name": "Umbreon",
    "percent": 0.1651,
    "usage": 21341,
    "rank": 201
  },
  "2023-06": {
    "name": "Umbreon",
    "percent": 0.14113,
    "usage": 19063,
    "rank": 197
  },
  "2023-07": {
    "name": "Umbreon",
    "percent": 0.27324,
    "usage": 19929,
    "rank": 167
  },
  "2023-08": {
    "name": "Umbreon",
    "percent": 0.30521,
    "usage": 21171,
    "rank": 159
  },
  "2023-09": {
    "name": "Umbreon",
    "percent": 0.25798,
    "usage": 18582,
    "rank": 170
  },
  "2023-09-DLC1": {
    "name": "Umbreon",
    "percent": 0.27222,
    "usage": 9122,
    "rank": 167
  },
  "2023-10": {
    "name": "Umbreon",
    "percent": 0.29045,
    "usage": 18662,
    "rank": 164
  },
  "2023-11": {
    "name": "Umbreon",
    "percent": 0.43329,
    "usage": 16806,
    "rank": 152
  },
  "2023-12": {
    "name": "Umbreon",
    "percent": 0.099,
    "usage": 14603,
    "rank": 222
  },
  "2023-12-DLC2": {
    "name": "Umbreon",
    "percent": 0.06824,
    "usage": 6399,
    "rank": 221
  },
  "2024-01": {
    "name": "Umbreon",
    "percent": 0.22964,
    "usage": 13831,
    "rank": 170
  },
  "2024-02": {
    "name": "Umbreon",
    "percent": 0.08832,
    "usage": 14607,
    "rank": 222
  },
  "2024-03": {
    "name": "Umbreon",
    "percent": 0.09681,
    "usage": 14788,
    "rank": 229
  },
  "2024-04": {
    "name": "Umbreon",
    "percent": 0.03472,
    "usage": 14759,
    "rank": 275
  },
  "2024-05": {
    "name": "Umbreon",
    "percent": 0.07925,
    "usage": 5783,
    "rank": 222
  },
  "2024-06": {
    "name": "Umbreon",
    "percent": 0.09477,
    "usage": 11568,
    "rank": 213
  }
}