{
  "2022-11": {
    "name": "Rapidash",
    "percent": 0.0,
    "usage": 357,
    "rank": 1038
  },
  "2022-12": {
    "name": "Rapidash",
    "percent": 0.00833,
    "usage": 1191,
    "rank": 377
  },
  "2023-01": {
    "name": "Rapidash",
    "percent": 3e-05,
    "usage": 1388,
    "rank": 623
  },
  "2023-02": {
    "name": "Rapidash",
    "percent": 0.00948,
    "usage": 1394,
    "rank": 425
  },
  "2023-03": {
    "name": "Rapidash",
    "percent": 0.00036,
    "usage": 1516,
    "rank": 656
  },
  "2023-04": {
    "name": "Rapidash",
    "percent": 0.00293,
    "usage": 1602,
    "rank": 544
  },
  "2023-05": {
    "name": "Rapidash",
    "percent": 0.0033,
    "usage": 1649,
    "rank": 543
  },
  "2023-06": {
    "name": "Rapidash",
    "percent": 0.00147,
    "usage": 1514,
    "rank": 564
  },
  "2023-07": {
    "name": "Rapidash",
    "percent": 0.00151,
    "usage": 1560,
    "rank": 589
  },
  "2023-08": {
    "name": "Rapidash",
    "percent": 0.00286,
    "usage": 2574,
    "rank": 545
  },
  "2023-09": {
    "name": "Rapidash",
    "percent": 0.00139,
    "usage": 1623,
    "rank": 570
  },
  "2023-09-DLC1": {
    "name": "Rapidash",
    "percent": 0.00054,
    "usage": 766,
    "rank": 610
  },
  "2023-10": {
    "name": "Rapidash",
    "percent": 0.00279,
    "usage": 1887,
    "rank": 545
  },
  "2023-11": {
    "name": "Rapidash",
    "percent": 0.0003,
    "usage": 1318,
    "rank": 672
  },
  "2023-12": {
    "name": "Rapidash",
    "percent": 0.00016,
    "usage": 1232,
    "rank": 703
  },
  "2023-12-DLC2": {
    "name": "Rapidash",
    "percent": 0.0001,
    "usage": 447,
    "rank": 661
  },
  "2024-01": {
    "name": "Rapidash",
    "percent": 0.00069,
    "usage": 1298,
    "rank": 618
  },
  "2024-02": {
    "name": "Rapidash",
    "percent": 0.00485,
    "usage": 1163,
    "rank": 461
  },
  "2024-03": {
    "name": "Rapidash",
    "percent": 0.00044,
    "usage": 1688,
    "rank": 663
  },
  "2024-04": {
    "name": "Rapidash",
    "percent": 0.00185,
    "usage": 1157,
    "rank": 537
  },
  "2024-05": {
    "name": "Rapidash",
    "percent": 0.00035,
    "usage": 457,
    "rank": 638
  },
  "2024-06": {
    "name": "Rapidash",
    "percent": 0.0003,
    "usage": 1257,
    "rank": 629
  }
}