{
  "2023-05": {
    "name": "Mesprit",
    "percent": 0.00194,
    "usage": 11,
    "rank": 519
  },
  "2023-06": {
    "name": "Mesprit",
    "percent": 0.06327,
    "usage": 456,
    "rank": 340
  },
  "2023-07": {
    "name": "Mesprit",
    "percent": 0.03468,
    "usage": 398,
    "rank": 367
  },
  "2023-08": {
    "name": "Mesprit",
    "percent": 0.02109,
    "usage": 217,
    "rank": 392
  },
  "2023-09": {
    "name": "Mesprit",
    "percent": 0.02723,
    "usage": 234,
    "rank": 441
  },
  "2023-09-DLC1": {
    "name": "Mesprit",
    "percent": 0.02501,
    "usage": 103,
    "rank": 439
  },
  "2023-10": {
    "name": "Mesprit",
    "percent": 0.02632,
    "usage": 391,
    "rank": 435
  },
  "2023-11": {
    "name": "Mesprit",
    "percent": 0.04516,
    "usage": 538,
    "rank": 409
  },
  "2023-12": {
    "name": "Mesprit",
    "percent": 0.03768,
    "usage": 216,
    "rank": 498
  },
  "2023-12-DLC2": {
    "name": "Mesprit",
    "percent": 0.02155,
    "usage": 84,
    "rank": 524
  },
  "2024-01": {
    "name": "Mesprit",
    "percent": 0.01513,
    "usage": 227,
    "rank": 567
  },
  "2024-02": {
    "name": "Mesprit",
    "percent": 0.01235,
    "usage": 135,
    "rank": 581
  },
  "2024-03": {
    "name": "Mesprit",
    "percent": 0.02942,
    "usage": 306,
    "rank": 526
  },
  "2024-04": {
    "name": "Mesprit",
    "percent": 0.01923,
    "usage": 217,
    "rank": 537
  },
  "2024-05": {
    "name": "Mesprit",
    "percent": 0.0389,
    "usage": 100,
    "rank": 497
  },
  "2024-06": {
    "name": "Mesprit",
    "percent": 0.02733,
    "usage": 164,
    "rank": 515
  }
}