{
  "2022-11": {
    "name": "Murkrow",
    "percent": 0.00079,
    "usage": 3280,
    "rank": 236
  },
  "2022-12": {
    "name": "Murkrow",
    "percent": 0.00322,
    "usage": 19221,
    "rank": 212
  },
  "2023-01": {
    "name": "Murkrow",
    "percent": 0.02124,
    "usage": 12004,
    "rank": 164
  },
  "2023-02": {
    "name": "Murkrow",
    "percent": 0.00796,
    "usage": 5274,
    "rank": 187
  },
  "2023-03": {
    "name": "Murkrow",
    "percent": 0.00641,
    "usage": 3891,
    "rank": 201
  },
  "2023-04": {
    "name": "Murkrow",
    "percent": 0.00539,
    "usage": 2876,
    "rank": 209
  },
  "2023-05": {
    "name": "Murkrow",
    "percent": 0.08228,
    "usage": 3465,
    "rank": 168
  },
  "2023-06": {
    "name": "Murkrow",
    "percent": 0.00965,
    "usage": 3116,
    "rank": 227
  },
  "2023-07": {
    "name": "Murkrow",
    "percent": 0.03845,
    "usage": 2271,
    "rank": 174
  },
  "2023-08": {
    "name": "Murkrow",
    "percent": 0.00289,
    "usage": 1822,
    "rank": 253
  },
  "2023-09": {
    "name": "Murkrow",
    "percent": 0.00542,
    "usage": 3046,
    "rank": 297
  },
  "2023-09-DLC1": {
    "name": "Murkrow",
    "percent": 0.00383,
    "usage": 2077,
    "rank": 293
  },
  "2023-10": {
    "name": "Murkrow",
    "percent": 0.00212,
    "usage": 2779,
    "rank": 309
  },
  "2023-11": {
    "name": "Murkrow",
    "percent": 0.00171,
    "usage": 1895,
    "rank": 322
  },
  "2023-12": {
    "name": "Murkrow",
    "percent": 0.00173,
    "usage": 2263,
    "rank": 390
  },
  "2023-12-DLC2": {
    "name": "Murkrow",
    "percent": 0.00136,
    "usage": 1092,
    "rank": 378
  },
  "2024-01": {
    "name": "Murkrow",
    "percent": 0.00203,
    "usage": 2401,
    "rank": 381
  },
  "2024-02": {
    "name": "Murkrow",
    "percent": 0.00223,
    "usage": 1856,
    "rank": 375
  },
  "2024-03": {
    "name": "Murkrow",
    "percent": 0.00089,
    "usage": 1556,
    "rank": 420
  },
  "2024-04": {
    "name": "Murkrow",
    "percent": 0.00072,
    "usage": 1601,
    "rank": 421
  },
  "2024-05": {
    "name": "Murkrow",
    "percent": 0.00988,
    "usage": 768,
    "rank": 306
  },
  "2024-06": {
    "name": "Murkrow",
    "percent": 0.00084,
    "usage": 1489,
    "rank": 408
  }
}