{
  "2022-11": {
    "name": "Wugtrio",
    "percent": 0.13812,
    "usage": 3616,
    "rank": 106
  },
  "2022-12": {
    "name": "Wugtrio",
    "percent": 0.02822,
    "usage": 2073,
    "rank": 160
  },
  "2023-01": {
    "name": "Wugtrio",
    "percent": 0.13792,
    "usage": 936,
    "rank": 109
  },
  "2023-02": {
    "name": "Wugtrio",
    "percent": 0.03308,
    "usage": 1006,
    "rank": 152
  },
  "2023-03": {
    "name": "Wugtrio",
    "percent": 0.02142,
    "usage": 537,
    "rank": 174
  },
  "2023-04": {
    "name": "Wugtrio",
    "percent": 0.02067,
    "usage": 386,
    "rank": 176
  },
  "2023-05": {
    "name": "Wugtrio",
    "percent": 0.01183,
    "usage": 291,
    "rank": 265
  },
  "2023-06": {
    "name": "Wugtrio",
    "percent": 0.00663,
    "usage": 306,
    "rank": 265
  },
  "2023-07": {
    "name": "Wugtrio",
    "percent": 0.00412,
    "usage": 158,
    "rank": 294
  },
  "2023-08": {
    "name": "Wugtrio",
    "percent": 0.00211,
    "usage": 154,
    "rank": 323
  },
  "2023-09": {
    "name": "Wugtrio",
    "percent": 0.00137,
    "usage": 164,
    "rank": 396
  },
  "2023-09-DLC1": {
    "name": "Wugtrio",
    "percent": 0.00073,
    "usage": 97,
    "rank": 404
  },
  "2023-10": {
    "name": "Wugtrio",
    "percent": 0.00176,
    "usage": 119,
    "rank": 367
  },
  "2023-11": {
    "name": "Wugtrio",
    "percent": 0.00087,
    "usage": 70,
    "rank": 422
  },
  "2023-12": {
    "name": "Wugtrio",
    "percent": 0.00432,
    "usage": 278,
    "rank": 428
  },
  "2023-12-DLC2": {
    "name": "Wugtrio",
    "percent": 0.00063,
    "usage": 50,
    "rank": 508
  },
  "2024-01": {
    "name": "Wugtrio",
    "percent": 0.00102,
    "usage": 151,
    "rank": 498
  },
  "2024-02": {
    "name": "Wugtrio",
    "percent": 0.00202,
    "usage": 145,
    "rank": 452
  },
  "2024-03": {
    "name": "Wugtrio",
    "percent": 0.00207,
    "usage": 192,
    "rank": 446
  },
  "2024-04": {
    "name": "Wugtrio",
    "percent": 0.00153,
    "usage": 173,
    "rank": 458
  },
  "2024-05": {
    "name": "Wugtrio",
    "percent": 0.00062,
    "usage": 23,
    "rank": 497
  },
  "2024-06": {
    "name": "Wugtrio",
    "percent": 0.00287,
    "usage": 119,
    "rank": 438
  }
}