{
  "2022-11": {
    "name": "Sableye",
    "percent": 0.0063,
    "usage": 2150,
    "rank": 495
  },
  "2022-12": {
    "name": "Sableye",
    "percent": 0.04786,
    "usage": 5638,
    "rank": 368
  },
  "2023-01": {
    "name": "Sableye",
    "percent": 0.05942,
    "usage": 6119,
    "rank": 336
  },
  "2023-02": {
    "name": "Sableye",
    "percent": 0.101,
    "usage": 7941,
    "rank": 296
  },
  "2023-03": {
    "name": "Sableye",
    "percent": 0.07772,
    "usage": 8912,
    "rank": 292
  },
  "2023-04": {
    "name": "Sableye",
    "percent": 0.11712,
    "usage": 7832,
    "rank": 264
  },
  "2023-05": {
    "name": "Sableye",
    "percent": 0.09861,
    "usage": 8938,
    "rank": 290
  },
  "2023-06": {
    "name": "Sableye",
    "percent": 0.06273,
    "usage": 7109,
    "rank": 314
  },
  "2023-07": {
    "name": "Sableye",
    "percent": 0.06388,
    "usage": 8178,
    "rank": 329
  },
  "2023-08": {
    "name": "Sableye",
    "percent": 0.11656,
    "usage": 9565,
    "rank": 260
  },
  "2023-09": {
    "name": "Sableye",
    "percent": 0.15491,
    "usage": 8199,
    "rank": 241
  },
  "2023-09-DLC1": {
    "name": "Sableye",
    "percent": 0.09072,
    "usage": 4202,
    "rank": 277
  },
  "2023-10": {
    "name": "Sableye",
    "percent": 0.05275,
    "usage": 8976,
    "rank": 350
  },
  "2023-11": {
    "name": "Sableye",
    "percent": 0.0816,
    "usage": 7151,
    "rank": 302
  },
  "2023-12": {
    "name": "Sableye",
    "percent": 0.12071,
    "usage": 6501,
    "rank": 260
  },
  "2023-12-DLC2": {
    "name": "Sableye",
    "percent": 0.12523,
    "usage": 2346,
    "rank": 246
  },
  "2024-01": {
    "name": "Sableye",
    "percent": 0.07949,
    "usage": 5603,
    "rank": 279
  },
  "2024-02": {
    "name": "Sableye",
    "percent": 0.28341,
    "usage": 5992,
    "rank": 191
  },
  "2024-03": {
    "name": "Sableye",
    "percent": 0.09425,
    "usage": 6672,
    "rank": 286
  },
  "2024-04": {
    "name": "Sableye",
    "percent": 0.08824,
    "usage": 6016,
    "rank": 286
  },
  "2024-05": {
    "name": "Sableye",
    "percent": 0.04519,
    "usage": 2522,
    "rank": 330
  },
  "2024-06": {
    "name": "Sableye",
    "percent": 0.01961,
    "usage": 5032,
    "rank": 415
  }
}