{
  "2022-11": {
    "name": "Porygon-Z",
    "percent": 0.88776,
    "usage": 5247,
    "rank": 173
  },
  "2022-12": {
    "name": "Porygon-Z",
    "percent": 0.98317,
    "usage": 12082,
    "rank": 153
  },
  "2023-01": {
    "name": "Porygon-Z",
    "percent": 1.06359,
    "usage": 14442,
    "rank": 145
  },
  "2023-02": {
    "name": "Porygon-Z",
    "percent": 1.00086,
    "usage": 15619,
    "rank": 146
  },
  "2023-03": {
    "name": "Porygon-Z",
    "percent": 1.00058,
    "usage": 17647,
    "rank": 143
  },
  "2023-04": {
    "name": "Porygon-Z",
    "percent": 1.24016,
    "usage": 21828,
    "rank": 115
  },
  "2023-05": {
    "name": "Porygon-Z",
    "percent": 1.22092,
    "usage": 22787,
    "rank": 108
  },
  "2023-06": {
    "name": "Porygon-Z",
    "percent": 0.94596,
    "usage": 15905,
    "rank": 139
  },
  "2023-07": {
    "name": "Porygon-Z",
    "percent": 1.13983,
    "usage": 18448,
    "rank": 125
  },
  "2023-08": {
    "name": "Porygon-Z",
    "percent": 1.21836,
    "usage": 22416,
    "rank": 116
  },
  "2023-09": {
    "name": "Porygon-Z",
    "percent": 1.23102,
    "usage": 21108,
    "rank": 119
  },
  "2023-09-DLC1": {
    "name": "Porygon-Z",
    "percent": 1.12642,
    "usage": 9612,
    "rank": 133
  },
  "2023-10": {
    "name": "Porygon-Z",
    "percent": 1.26615,
    "usage": 19963,
    "rank": 124
  },
  "2023-11": {
    "name": "Porygon-Z",
    "percent": 1.16154,
    "usage": 15708,
    "rank": 135
  },
  "2023-12": {
    "name": "Porygon-Z",
    "percent": 1.21697,
    "usage": 15562,
    "rank": 126
  },
  "2023-12-DLC2": {
    "name": "Porygon-Z",
    "percent": 1.19978,
    "usage": 6573,
    "rank": 121
  },
  "2024-01": {
    "name": "Porygon-Z",
    "percent": 1.35842,
    "usage": 16767,
    "rank": 107
  },
  "2024-02": {
    "name": "Porygon-Z",
    "percent": 1.09324,
    "usage": 14156,
    "rank": 127
  },
  "2024-03": {
    "name": "Porygon-Z",
    "percent": 1.29482,
    "usage": 17426,
    "rank": 113
  },
  "2024-04": {
    "name": "Porygon-Z",
    "percent": 1.27313,
    "usage": 15482,
    "rank": 116
  },
  "2024-05": {
    "name": "Porygon-Z",
    "percent": 1.08704,
    "usage": 6502,
    "rank": 125
  },
  "2024-06": {
    "name": "Porygon-Z",
    "percent": 1.05456,
    "usage": 13760,
    "rank": 124
  }
}