{
  "2022-11": {
    "name": "Dedenne",
    "percent": 0.05953,
    "usage": 3014,
    "rank": 206
  },
  "2022-12": {
    "name": "Dedenne",
    "percent": 0.05432,
    "usage": 3678,
    "rank": 204
  },
  "2023-01": {
    "name": "Dedenne",
    "percent": 0.05666,
    "usage": 2480,
    "rank": 207
  },
  "2023-02": {
    "name": "Dedenne",
    "percent": 0.05384,
    "usage": 1579,
    "rank": 216
  },
  "2023-03": {
    "name": "Dedenne",
    "percent": 0.04522,
    "usage": 1367,
    "rank": 216
  },
  "2023-04": {
    "name": "Dedenne",
    "percent": 0.04177,
    "usage": 998,
    "rank": 224
  },
  "2023-05": {
    "name": "Dedenne",
    "percent": 0.05442,
    "usage": 1396,
    "rank": 262
  },
  "2023-06": {
    "name": "Dedenne",
    "percent": 0.02513,
    "usage": 1005,
    "rank": 279
  },
  "2023-07": {
    "name": "Dedenne",
    "percent": 0.03972,
    "usage": 1062,
    "rank": 264
  },
  "2023-08": {
    "name": "Dedenne",
    "percent": 0.03435,
    "usage": 859,
    "rank": 271
  },
  "2023-09": {
    "name": "Dedenne",
    "percent": 0.03141,
    "usage": 1201,
    "rank": 322
  },
  "2023-09-DLC1": {
    "name": "Dedenne",
    "percent": 0.02585,
    "usage": 623,
    "rank": 324
  },
  "2023-10": {
    "name": "Dedenne",
    "percent": 0.03341,
    "usage": 1142,
    "rank": 318
  },
  "2023-11": {
    "name": "Dedenne",
    "percent": 0.03005,
    "usage": 805,
    "rank": 333
  },
  "2023-12": {
    "name": "Dedenne",
    "percent": 0.01871,
    "usage": 697,
    "rank": 422
  },
  "2023-12-DLC2": {
    "name": "Dedenne",
    "percent": 0.01266,
    "usage": 271,
    "rank": 425
  },
  "2024-01": {
    "name": "Dedenne",
    "percent": 0.02802,
    "usage": 1054,
    "rank": 393
  },
  "2024-02": {
    "name": "Dedenne",
    "percent": 0.03743,
    "usage": 1056,
    "rank": 389
  },
  "2024-03": {
    "name": "Dedenne",
    "percent": 0.03985,
    "usage": 1060,
    "rank": 391
  },
  "2024-04": {
    "name": "Dedenne",
    "percent": 0.04262,
    "usage": 992,
    "rank": 383
  },
  "2024-05": {
    "name": "Dedenne",
    "percent": 0.05588,
    "usage": 595,
    "rank": 367
  },
  "2024-06": {
    "name": "Dedenne",
    "percent": 0.04834,
    "usage": 999,
    "rank": 383
  }
}