{
  "2022-11": {
    "name": "Flittle",
    "percent": 0.01711,
    "usage": 99,
    "rank": 319
  },
  "2022-12": {
    "name": "Flittle",
    "percent": 0.02527,
    "usage": 276,
    "rank": 300
  },
  "2023-01": {
    "name": "Flittle",
    "percent": 0.02007,
    "usage": 162,
    "rank": 322
  },
  "2023-02": {
    "name": "Flittle",
    "percent": 0.03203,
    "usage": 186,
    "rank": 300
  },
  "2023-03": {
    "name": "Flittle",
    "percent": 0.0531,
    "usage": 295,
    "rank": 286
  },
  "2023-04": {
    "name": "Flittle",
    "percent": 0.02456,
    "usage": 116,
    "rank": 324
  },
  "2023-05": {
    "name": "Flittle",
    "percent": 0.05391,
    "usage": 251,
    "rank": 332
  },
  "2023-06": {
    "name": "Flittle",
    "percent": 0.03888,
    "usage": 184,
    "rank": 388
  },
  "2023-07": {
    "name": "Flittle",
    "percent": 0.02392,
    "usage": 110,
    "rank": 420
  },
  "2023-08": {
    "name": "Flittle",
    "percent": 0.04294,
    "usage": 206,
    "rank": 385
  },
  "2023-09": {
    "name": "Flittle",
    "percent": 0.02418,
    "usage": 137,
    "rank": 481
  },
  "2023-09-DLC1": {
    "name": "Flittle",
    "percent": 0.01386,
    "usage": 45,
    "rank": 527
  },
  "2023-10": {
    "name": "Flittle",
    "percent": 0.02055,
    "usage": 127,
    "rank": 506
  },
  "2023-11": {
    "name": "Flittle",
    "percent": 0.0478,
    "usage": 237,
    "rank": 446
  },
  "2023-12": {
    "name": "Flittle",
    "percent": 0.13636,
    "usage": 587,
    "rank": 447
  },
  "2023-12-DLC2": {
    "name": "Flittle",
    "percent": 0.11932,
    "usage": 238,
    "rank": 453
  },
  "2024-01": {
    "name": "Flittle",
    "percent": 0.07607,
    "usage": 374,
    "rank": 492
  },
  "2024-02": {
    "name": "Flittle",
    "percent": 0.04307,
    "usage": 197,
    "rank": 537
  },
  "2024-03": {
    "name": "Flittle",
    "percent": 0.03661,
    "usage": 174,
    "rank": 554
  },
  "2024-04": {
    "name": "Flittle",
    "percent": 0.00958,
    "usage": 43,
    "rank": 664
  },
  "2024-05": {
    "name": "Flittle",
    "percent": 0.06975,
    "usage": 148,
    "rank": 494
  },
  "2024-06": {
    "name": "Flittle",
    "percent": 0.05478,
    "usage": 200,
    "rank": 517
  }
}