{
  "2022-11": {
    "name": "Breloom",
    "percent": 6.91939,
    "usage": 350306,
    "rank": 28
  },
  "2022-12": {
    "name": "Breloom",
    "percent": 8.30311,
    "usage": 562163,
    "rank": 26
  },
  "2023-01": {
    "name": "Breloom",
    "percent": 9.88654,
    "usage": 432716,
    "rank": 22
  },
  "2023-02": {
    "name": "Breloom",
    "percent": 9.76339,
    "usage": 286318,
    "rank": 22
  },
  "2023-03": {
    "name": "Breloom",
    "percent": 8.12288,
    "usage": 245580,
    "rank": 26
  },
  "2023-04": {
    "name": "Breloom",
    "percent": 8.5496,
    "usage": 204255,
    "rank": 27
  },
  "2023-05": {
    "name": "Breloom",
    "percent": 7.37823,
    "usage": 189271,
    "rank": 27
  },
  "2023-06": {
    "name": "Breloom",
    "percent": 3.92803,
    "usage": 157071,
    "rank": 51
  },
  "2023-07": {
    "name": "Breloom",
    "percent": 2.95724,
    "usage": 79075,
    "rank": 49
  },
  "2023-08": {
    "name": "Breloom",
    "percent": 2.91018,
    "usage": 72767,
    "rank": 48
  },
  "2023-09": {
    "name": "Breloom",
    "percent": 1.85916,
    "usage": 71097,
    "rank": 77
  },
  "2023-09-DLC1": {
    "name": "Breloom",
    "percent": 1.47291,
    "usage": 35495,
    "rank": 85
  },
  "2023-10": {
    "name": "Breloom",
    "percent": 2.17789,
    "usage": 74445,
    "rank": 57
  },
  "2023-11": {
    "name": "Breloom",
    "percent": 2.12,
    "usage": 56794,
    "rank": 59
  },
  "2023-12": {
    "name": "Breloom",
    "percent": 1.4072,
    "usage": 52411,
    "rank": 92
  },
  "2023-12-DLC2": {
    "name": "Breloom",
    "percent": 1.03134,
    "usage": 22069,
    "rank": 98
  },
  "2024-01": {
    "name": "Breloom",
    "percent": 1.25932,
    "usage": 47375,
    "rank": 87
  },
  "2024-02": {
    "name": "Breloom",
    "percent": 0.78455,
    "usage": 22136,
    "rank": 113
  },
  "2024-03": {
    "name": "Breloom",
    "percent": 0.71146,
    "usage": 18926,
    "rank": 121
  },
  "2024-04": {
    "name": "Breloom",
    "percent": 0.75896,
    "usage": 17666,
    "rank": 116
  },
  "2024-05": {
    "name": "Breloom",
    "percent": 0.7397,
    "usage": 7876,
    "rank": 130
  },
  "2024-06": {
    "name": "Breloom",
    "percent": 0.70753,
    "usage": 14622,
    "rank": 129
  }
}