{
  "2022-11": {
    "name": "Breloom",
    "percent": 6.99991,
    "usage": 350306,
    "rank": 28
  },
  "2022-12": {
    "name": "Breloom",
    "percent": 8.27973,
    "usage": 562163,
    "rank": 26
  },
  "2023-01": {
    "name": "Breloom",
    "percent": 9.84205,
    "usage": 432716,
    "rank": 22
  },
  "2023-02": {
    "name": "Breloom",
    "percent": 9.53353,
    "usage": 286318,
    "rank": 23
  },
  "2023-03": {
    "name": "Breloom",
    "percent": 7.75209,
    "usage": 245580,
    "rank": 27
  },
  "2023-04": {
    "name": "Breloom",
    "percent": 7.81165,
    "usage": 204255,
    "rank": 28
  },
  "2023-05": {
    "name": "Breloom",
    "percent": 6.44732,
    "usage": 189271,
    "rank": 31
  },
  "2023-06": {
    "name": "Breloom",
    "percent": 3.10391,
    "usage": 157071,
    "rank": 57
  },
  "2023-07": {
    "name": "Breloom",
    "percent": 2.37723,
    "usage": 79075,
    "rank": 52
  },
  "2023-08": {
    "name": "Breloom",
    "percent": 2.4406,
    "usage": 72767,
    "rank": 52
  },
  "2023-09": {
    "name": "Breloom",
    "percent": 1.55859,
    "usage": 71097,
    "rank": 81
  },
  "2023-09-DLC1": {
    "name": "Breloom",
    "percent": 1.25765,
    "usage": 35495,
    "rank": 86
  },
  "2023-10": {
    "name": "Breloom",
    "percent": 1.84934,
    "usage": 74445,
    "rank": 64
  },
  "2023-11": {
    "name": "Breloom",
    "percent": 1.56551,
    "usage": 56794,
    "rank": 69
  },
  "2023-12": {
    "name": "Breloom",
    "percent": 1.0572,
    "usage": 52411,
    "rank": 97
  },
  "2023-12-DLC2": {
    "name": "Breloom",
    "percent": 0.82516,
    "usage": 22069,
    "rank": 102
  },
  "2024-01": {
    "name": "Breloom",
    "percent": 0.93351,
    "usage": 47375,
    "rank": 94
  },
  "2024-02": {
    "name": "Breloom",
    "percent": 0.49862,
    "usage": 22136,
    "rank": 117
  },
  "2024-03": {
    "name": "Breloom",
    "percent": 0.39772,
    "usage": 18926,
    "rank": 136
  },
  "2024-04": {
    "name": "Breloom",
    "percent": 0.45076,
    "usage": 17666,
    "rank": 122
  },
  "2024-05": {
    "name": "Breloom",
    "percent": 0.46604,
    "usage": 7876,
    "rank": 138
  },
  "2024-06": {
    "name": "Breloom",
    "percent": 0.47298,
    "usage": 14622,
    "rank": 124
  }
}