{
  "2022-11": {
    "name": "Lokix",
    "percent": 1.47373,
    "usage": 4326,
    "rank": 68
  },
  "2022-12": {
    "name": "Lokix",
    "percent": 2.04166,
    "usage": 8876,
    "rank": 52
  },
  "2023-01": {
    "name": "Lokix",
    "percent": 2.00232,
    "usage": 6112,
    "rank": 56
  },
  "2023-02": {
    "name": "Lokix",
    "percent": 1.53297,
    "usage": 3503,
    "rank": 64
  },
  "2023-03": {
    "name": "Lokix",
    "percent": 1.22991,
    "usage": 2674,
    "rank": 69
  },
  "2023-04": {
    "name": "Lokix",
    "percent": 1.25985,
    "usage": 2407,
    "rank": 69
  },
  "2023-05": {
    "name": "Lokix",
    "percent": 0.899,
    "usage": 1561,
    "rank": 94
  },
  "2023-06": {
    "name": "Lokix",
    "percent": 0.43027,
    "usage": 1228,
    "rank": 145
  },
  "2023-07": {
    "name": "Lokix",
    "percent": 0.43028,
    "usage": 935,
    "rank": 146
  },
  "2023-08": {
    "name": "Lokix",
    "percent": 0.51695,
    "usage": 1101,
    "rank": 133
  },
  "2023-09": {
    "name": "Lokix",
    "percent": 0.39832,
    "usage": 883,
    "rank": 183
  },
  "2023-09-DLC1": {
    "name": "Lokix",
    "percent": 0.43884,
    "usage": 558,
    "rank": 180
  },
  "2023-10": {
    "name": "Lokix",
    "percent": 0.37936,
    "usage": 998,
    "rank": 181
  },
  "2023-11": {
    "name": "Lokix",
    "percent": 0.48529,
    "usage": 1294,
    "rank": 155
  },
  "2023-12": {
    "name": "Lokix",
    "percent": 0.39753,
    "usage": 1343,
    "rank": 197
  },
  "2023-12-DLC2": {
    "name": "Lokix",
    "percent": 0.30365,
    "usage": 524,
    "rank": 226
  },
  "2024-01": {
    "name": "Lokix",
    "percent": 0.33022,
    "usage": 1225,
    "rank": 220
  },
  "2024-02": {
    "name": "Lokix",
    "percent": 0.25524,
    "usage": 871,
    "rank": 253
  },
  "2024-03": {
    "name": "Lokix",
    "percent": 0.29006,
    "usage": 1108,
    "rank": 220
  },
  "2024-04": {
    "name": "Lokix",
    "percent": 0.44568,
    "usage": 1422,
    "rank": 180
  },
  "2024-05": {
    "name": "Lokix",
    "percent": 0.47867,
    "usage": 764,
    "rank": 172
  },
  "2024-06": {
    "name": "Lokix",
    "percent": 0.47796,
    "usage": 1426,
    "rank": 179
  }
}