{
  "2023-05": {
    "name": "Mewtwo",
    "percent": 0.5009,
    "usage": 964,
    "rank": 99
  },
  "2023-06": {
    "name": "Mewtwo",
    "percent": 2.91601,
    "usage": 11920,
    "rank": 45
  },
  "2023-07": {
    "name": "Mewtwo",
    "percent": 5.35566,
    "usage": 12930,
    "rank": 27
  },
  "2023-08": {
    "name": "Mewtwo",
    "percent": 8.28789,
    "usage": 16835,
    "rank": 20
  },
  "2023-09": {
    "name": "Mewtwo",
    "percent": 6.32176,
    "usage": 13002,
    "rank": 27
  },
  "2023-09-DLC1": {
    "name": "Mewtwo",
    "percent": 5.28756,
    "usage": 6315,
    "rank": 32
  },
  "2023-10": {
    "name": "Mewtwo",
    "percent": 5.41274,
    "usage": 13025,
    "rank": 26
  },
  "2023-11": {
    "name": "Mewtwo",
    "percent": 5.50723,
    "usage": 13218,
    "rank": 28
  },
  "2023-12": {
    "name": "Mewtwo",
    "percent": 3.78037,
    "usage": 12699,
    "rank": 36
  },
  "2023-12-DLC2": {
    "name": "Mewtwo",
    "percent": 3.38194,
    "usage": 5830,
    "rank": 37
  },
  "2024-01": {
    "name": "Mewtwo",
    "percent": 3.08088,
    "usage": 12639,
    "rank": 39
  },
  "2024-02": {
    "name": "Mewtwo",
    "percent": 2.24279,
    "usage": 10824,
    "rank": 45
  },
  "2024-03": {
    "name": "Mewtwo",
    "percent": 1.13166,
    "usage": 10577,
    "rank": 51
  },
  "2024-04": {
    "name": "Mewtwo",
    "percent": 1.23313,
    "usage": 9972,
    "rank": 52
  },
  "2024-05": {
    "name": "Mewtwo",
    "percent": 1.32733,
    "usage": 5506,
    "rank": 51
  },
  "2024-06": {
    "name": "Mewtwo",
    "percent": 1.84425,
    "usage": 10017,
    "rank": 47
  }
}