{
  "2023-05": {
    "name": "Groudon",
    "percent": 0.2887,
    "usage": 1099,
    "rank": 207
  },
  "2023-06": {
    "name": "Groudon",
    "percent": 4.63673,
    "usage": 19796,
    "rank": 35
  },
  "2023-07": {
    "name": "Groudon",
    "percent": 4.27878,
    "usage": 18143,
    "rank": 39
  },
  "2023-08": {
    "name": "Groudon",
    "percent": 4.46711,
    "usage": 19377,
    "rank": 37
  },
  "2023-09": {
    "name": "Groudon",
    "percent": 4.14323,
    "usage": 20906,
    "rank": 40
  },
  "2023-09-DLC1": {
    "name": "Groudon",
    "percent": 3.66001,
    "usage": 10608,
    "rank": 43
  },
  "2023-10": {
    "name": "Groudon",
    "percent": 3.45875,
    "usage": 18588,
    "rank": 47
  },
  "2023-11": {
    "name": "Groudon",
    "percent": 3.78546,
    "usage": 16487,
    "rank": 44
  },
  "2023-12": {
    "name": "Groudon",
    "percent": 3.56363,
    "usage": 13368,
    "rank": 38
  },
  "2023-12-DLC2": {
    "name": "Groudon",
    "percent": 2.97485,
    "usage": 5195,
    "rank": 54
  },
  "2024-01": {
    "name": "Groudon",
    "percent": 3.4767,
    "usage": 14547,
    "rank": 40
  },
  "2024-02": {
    "name": "Groudon",
    "percent": 3.27919,
    "usage": 12964,
    "rank": 44
  },
  "2024-03": {
    "name": "Groudon",
    "percent": 3.11714,
    "usage": 12891,
    "rank": 50
  },
  "2024-04": {
    "name": "Groudon",
    "percent": 3.46513,
    "usage": 13370,
    "rank": 40
  },
  "2024-05": {
    "name": "Groudon",
    "percent": 2.97922,
    "usage": 6187,
    "rank": 53
  },
  "2024-06": {
    "name": "Groudon",
    "percent": 3.00643,
    "usage": 10652,
    "rank": 45
  }
}