{
  "2022-11": {
    "name": "Polteageist",
    "percent": 0.40025,
    "usage": 34612,
    "rank": 104
  },
  "2022-12": {
    "name": "Polteageist",
    "percent": 0.09351,
    "usage": 53781,
    "rank": 129
  },
  "2023-01": {
    "name": "Polteageist",
    "percent": 2.69259,
    "usage": 53946,
    "rank": 47
  },
  "2023-02": {
    "name": "Polteageist",
    "percent": 4.26766,
    "usage": 66169,
    "rank": 37
  },
  "2023-03": {
    "name": "Polteageist",
    "percent": 3.52039,
    "usage": 81682,
    "rank": 39
  },
  "2023-04": {
    "name": "Polteageist",
    "percent": 2.29991,
    "usage": 51977,
    "rank": 46
  },
  "2023-05": {
    "name": "Polteageist",
    "percent": 2.4247,
    "usage": 41014,
    "rank": 50
  },
  "2023-06": {
    "name": "Polteageist",
    "percent": 0.57886,
    "usage": 40771,
    "rank": 92
  },
  "2023-07": {
    "name": "Polteageist",
    "percent": 0.93646,
    "usage": 31538,
    "rank": 70
  },
  "2023-08": {
    "name": "Polteageist",
    "percent": 0.99115,
    "usage": 44015,
    "rank": 70
  },
  "2023-09": {
    "name": "Polteageist",
    "percent": 1.10374,
    "usage": 36998,
    "rank": 84
  },
  "2023-09-DLC1": {
    "name": "Polteageist",
    "percent": 1.06016,
    "usage": 19386,
    "rank": 83
  },
  "2023-10": {
    "name": "Polteageist",
    "percent": 1.01288,
    "usage": 33624,
    "rank": 75
  },
  "2023-11": {
    "name": "Polteageist",
    "percent": 0.66103,
    "usage": 25264,
    "rank": 86
  },
  "2023-12": {
    "name": "Polteageist",
    "percent": 0.58246,
    "usage": 24851,
    "rank": 107
  },
  "2023-12-DLC2": {
    "name": "Polteageist",
    "percent": 0.52248,
    "usage": 12094,
    "rank": 108
  },
  "2024-01": {
    "name": "Polteageist",
    "percent": 0.32568,
    "usage": 24214,
    "rank": 115
  },
  "2024-02": {
    "name": "Polteageist",
    "percent": 0.21117,
    "usage": 19805,
    "rank": 130
  },
  "2024-03": {
    "name": "Polteageist",
    "percent": 0.23484,
    "usage": 17542,
    "rank": 125
  },
  "2024-04": {
    "name": "Polteageist",
    "percent": 0.30852,
    "usage": 18909,
    "rank": 116
  },
  "2024-05": {
    "name": "Polteageist",
    "percent": 0.33313,
    "usage": 8097,
    "rank": 117
  },
  "2024-06": {
    "name": "Polteageist",
    "percent": 0.24871,
    "usage": 17785,
    "rank": 129
  }
}