{
  "2022-11": {
    "name": "Camerupt",
    "percent": 0.01318,
    "usage": 5479,
    "rank": 166
  },
  "2022-12": {
    "name": "Camerupt",
    "percent": 0.00678,
    "usage": 5501,
    "rank": 167
  },
  "2023-01": {
    "name": "Camerupt",
    "percent": 0.00012,
    "usage": 3127,
    "rank": 218
  },
  "2023-02": {
    "name": "Camerupt",
    "percent": 0.00054,
    "usage": 2211,
    "rank": 211
  },
  "2023-03": {
    "name": "Camerupt",
    "percent": 0.00072,
    "usage": 1911,
    "rank": 226
  },
  "2023-04": {
    "name": "Camerupt",
    "percent": 0.00088,
    "usage": 1984,
    "rank": 232
  },
  "2023-05": {
    "name": "Camerupt",
    "percent": 0.00053,
    "usage": 1827,
    "rank": 298
  },
  "2023-06": {
    "name": "Camerupt",
    "percent": 0.00301,
    "usage": 1332,
    "rank": 230
  },
  "2023-07": {
    "name": "Camerupt",
    "percent": 0.00077,
    "usage": 1016,
    "rank": 272
  },
  "2023-08": {
    "name": "Camerupt",
    "percent": 0.00023,
    "usage": 1001,
    "rank": 292
  },
  "2023-09": {
    "name": "Camerupt",
    "percent": 0.01027,
    "usage": 1072,
    "rank": 245
  },
  "2023-09-DLC1": {
    "name": "Camerupt",
    "percent": 0.0135,
    "usage": 584,
    "rank": 215
  },
  "2023-10": {
    "name": "Camerupt",
    "percent": 0.00048,
    "usage": 922,
    "rank": 329
  },
  "2023-11": {
    "name": "Camerupt",
    "percent": 0.00057,
    "usage": 949,
    "rank": 322
  },
  "2023-12": {
    "name": "Camerupt",
    "percent": 0.00063,
    "usage": 934,
    "rank": 394
  },
  "2023-12-DLC2": {
    "name": "Camerupt",
    "percent": 0.00103,
    "usage": 326,
    "rank": 345
  },
  "2024-01": {
    "name": "Camerupt",
    "percent": 0.00031,
    "usage": 922,
    "rank": 397
  },
  "2024-02": {
    "name": "Camerupt",
    "percent": 0.00735,
    "usage": 936,
    "rank": 251
  },
  "2024-03": {
    "name": "Camerupt",
    "percent": 1e-05,
    "usage": 813,
    "rank": 469
  },
  "2024-04": {
    "name": "Camerupt",
    "percent": 0.0002,
    "usage": 700,
    "rank": 414
  },
  "2024-05": {
    "name": "Camerupt",
    "percent": 5e-05,
    "usage": 588,
    "rank": 428
  },
  "2024-06": {
    "name": "Camerupt",
    "percent": 0.00045,
    "usage": 769,
    "rank": 385
  }
}