{
  "2022-12": {
    "name": "Golett",
    "percent": 0.00163,
    "usage": 20,
    "rank": 983
  },
  "2023-01": {
    "name": "Golett",
    "percent": 0.0014,
    "usage": 19,
    "rank": 1021
  },
  "2023-02": {
    "name": "Golett",
    "percent": 0.00058,
    "usage": 9,
    "rank": 1078
  },
  "2023-03": {
    "name": "Golett",
    "percent": 0.0004,
    "usage": 7,
    "rank": 1088
  },
  "2023-04": {
    "name": "Golett",
    "percent": 0.00091,
    "usage": 16,
    "rank": 1031
  },
  "2023-05": {
    "name": "Golett",
    "percent": 0.00096,
    "usage": 18,
    "rank": 1053
  },
  "2023-06": {
    "name": "Golett",
    "percent": 0.00155,
    "usage": 26,
    "rank": 979
  },
  "2023-07": {
    "name": "Golett",
    "percent": 0.00062,
    "usage": 10,
    "rank": 1075
  },
  "2023-08": {
    "name": "Golett",
    "percent": 0.00011,
    "usage": 2,
    "rank": 1113
  },
  "2023-09": {
    "name": "Golett",
    "percent": 0.00432,
    "usage": 74,
    "rank": 830
  },
  "2023-09-DLC1": {
    "name": "Golett",
    "percent": 0.00633,
    "usage": 54,
    "rank": 772
  },
  "2023-10": {
    "name": "Golett",
    "percent": 0.00127,
    "usage": 20,
    "rank": 1013
  },
  "2023-11": {
    "name": "Golett",
    "percent": 0.00067,
    "usage": 9,
    "rank": 1065
  },
  "2023-12": {
    "name": "Golett",
    "percent": 0.00102,
    "usage": 13,
    "rank": 1039
  },
  "2023-12-DLC2": {
    "name": "Golett",
    "percent": 0.00073,
    "usage": 4,
    "rank": 1014
  },
  "2024-01": {
    "name": "Golett",
    "percent": 0.00227,
    "usage": 28,
    "rank": 922
  },
  "2024-02": {
    "name": "Golett",
    "percent": 0.00108,
    "usage": 14,
    "rank": 990
  },
  "2024-03": {
    "name": "Golett",
    "percent": 0.00059,
    "usage": 8,
    "rank": 1080
  },
  "2024-04": {
    "name": "Golett",
    "percent": 0.00066,
    "usage": 8,
    "rank": 1046
  },
  "2024-05": {
    "name": "Golett",
    "percent": 0.0015,
    "usage": 9,
    "rank": 979
  },
  "2024-06": {
    "name": "Golett",
    "percent": 0.00046,
    "usage": 6,
    "rank": 1070
  }
}