{
  "2022-11": {
    "name": "Mankey",
    "percent": 5.1303,
    "usage": 3920,
    "rank": 27
  },
  "2022-12": {
    "name": "Mankey",
    "percent": 5.42281,
    "usage": 5972,
    "rank": 27
  },
  "2023-01": {
    "name": "Mankey",
    "percent": 6.09261,
    "usage": 5929,
    "rank": 24
  },
  "2023-02": {
    "name": "Mankey",
    "percent": 5.00425,
    "usage": 3298,
    "rank": 31
  },
  "2023-03": {
    "name": "Mankey",
    "percent": 6.73735,
    "usage": 3472,
    "rank": 21
  },
  "2023-04": {
    "name": "Mankey",
    "percent": 5.34195,
    "usage": 2695,
    "rank": 28
  },
  "2023-05": {
    "name": "Mankey",
    "percent": 4.88636,
    "usage": 2535,
    "rank": 33
  },
  "2023-06": {
    "name": "Mankey",
    "percent": 6.30382,
    "usage": 2492,
    "rank": 25
  },
  "2023-07": {
    "name": "Mankey",
    "percent": 2.71981,
    "usage": 1179,
    "rank": 41
  },
  "2023-08": {
    "name": "Mankey",
    "percent": 2.39978,
    "usage": 1512,
    "rank": 44
  },
  "2023-09": {
    "name": "Mankey",
    "percent": 1.93777,
    "usage": 1187,
    "rank": 52
  },
  "2023-09-DLC1": {
    "name": "Mankey",
    "percent": 1.9057,
    "usage": 574,
    "rank": 51
  },
  "2023-10": {
    "name": "Mankey",
    "percent": 0.71148,
    "usage": 825,
    "rank": 90
  },
  "2023-11": {
    "name": "Mankey",
    "percent": 0.58174,
    "usage": 488,
    "rank": 101
  },
  "2023-12": {
    "name": "Mankey",
    "percent": 0.63744,
    "usage": 425,
    "rank": 108
  },
  "2023-12-DLC2": {
    "name": "Mankey",
    "percent": 0.45593,
    "usage": 194,
    "rank": 120
  },
  "2024-01": {
    "name": "Mankey",
    "percent": 0.52976,
    "usage": 358,
    "rank": 111
  },
  "2024-02": {
    "name": "Mankey",
    "percent": 0.60747,
    "usage": 325,
    "rank": 98
  },
  "2024-03": {
    "name": "Mankey",
    "percent": 0.37581,
    "usage": 233,
    "rank": 121
  },
  "2024-04": {
    "name": "Mankey",
    "percent": 0.3127,
    "usage": 473,
    "rank": 123
  },
  "2024-05": {
    "name": "Mankey",
    "percent": 1.09221,
    "usage": 244,
    "rank": 82
  },
  "2024-06": {
    "name": "Mankey",
    "percent": 0.65574,
    "usage": 204,
    "rank": 101
  }
}