{
  "2022-11": {
    "name": "Rhyperior",
    "percent": 0.02868,
    "usage": 2437,
    "rank": 340
  },
  "2022-12": {
    "name": "Rhyperior",
    "percent": 0.0221,
    "usage": 5578,
    "rank": 297
  },
  "2023-01": {
    "name": "Rhyperior",
    "percent": 0.02514,
    "usage": 4707,
    "rank": 332
  },
  "2023-02": {
    "name": "Rhyperior",
    "percent": 0.0195,
    "usage": 5668,
    "rank": 361
  },
  "2023-03": {
    "name": "Rhyperior",
    "percent": 0.02565,
    "usage": 6419,
    "rank": 326
  },
  "2023-04": {
    "name": "Rhyperior",
    "percent": 0.02466,
    "usage": 5326,
    "rank": 343
  },
  "2023-05": {
    "name": "Rhyperior",
    "percent": 0.03733,
    "usage": 6191,
    "rank": 308
  },
  "2023-06": {
    "name": "Rhyperior",
    "percent": 0.03566,
    "usage": 5477,
    "rank": 283
  },
  "2023-07": {
    "name": "Rhyperior",
    "percent": 0.01663,
    "usage": 5548,
    "rank": 365
  },
  "2023-08": {
    "name": "Rhyperior",
    "percent": 0.02284,
    "usage": 5811,
    "rank": 347
  },
  "2023-09": {
    "name": "Rhyperior",
    "percent": 0.02212,
    "usage": 5144,
    "rank": 334
  },
  "2023-09-DLC1": {
    "name": "Rhyperior",
    "percent": 0.01837,
    "usage": 2368,
    "rank": 333
  },
  "2023-10": {
    "name": "Rhyperior",
    "percent": 0.01833,
    "usage": 5042,
    "rank": 365
  },
  "2023-11": {
    "name": "Rhyperior",
    "percent": 0.01457,
    "usage": 4366,
    "rank": 384
  },
  "2023-12": {
    "name": "Rhyperior",
    "percent": 0.01679,
    "usage": 5104,
    "rank": 355
  },
  "2023-12-DLC2": {
    "name": "Rhyperior",
    "percent": 0.0227,
    "usage": 2311,
    "rank": 287
  },
  "2024-01": {
    "name": "Rhyperior",
    "percent": 0.0166,
    "usage": 4190,
    "rank": 345
  },
  "2024-02": {
    "name": "Rhyperior",
    "percent": 0.01153,
    "usage": 4956,
    "rank": 386
  },
  "2024-03": {
    "name": "Rhyperior",
    "percent": 0.02188,
    "usage": 3643,
    "rank": 352
  },
  "2024-04": {
    "name": "Rhyperior",
    "percent": 0.01066,
    "usage": 3873,
    "rank": 378
  },
  "2024-05": {
    "name": "Rhyperior",
    "percent": 0.00445,
    "usage": 2346,
    "rank": 442
  },
  "2024-06": {
    "name": "Rhyperior",
    "percent": 0.0142,
    "usage": 3921,
    "rank": 348
  }
}