{
  "2022-11": {
    "name": "Corviknight",
    "percent": 7.88274,
    "usage": 23139,
    "rank": 19
  },
  "2022-12": {
    "name": "Corviknight",
    "percent": 9.61071,
    "usage": 41782,
    "rank": 16
  },
  "2023-01": {
    "name": "Corviknight",
    "percent": 10.82897,
    "usage": 33055,
    "rank": 16
  },
  "2023-02": {
    "name": "Corviknight",
    "percent": 9.28318,
    "usage": 21213,
    "rank": 18
  },
  "2023-03": {
    "name": "Corviknight",
    "percent": 9.57482,
    "usage": 20817,
    "rank": 19
  },
  "2023-04": {
    "name": "Corviknight",
    "percent": 9.57949,
    "usage": 18302,
    "rank": 17
  },
  "2023-05": {
    "name": "Corviknight",
    "percent": 8.99457,
    "usage": 15618,
    "rank": 17
  },
  "2023-06": {
    "name": "Corviknight",
    "percent": 5.00799,
    "usage": 14293,
    "rank": 34
  },
  "2023-07": {
    "name": "Corviknight",
    "percent": 5.48965,
    "usage": 11929,
    "rank": 28
  },
  "2023-08": {
    "name": "Corviknight",
    "percent": 6.19166,
    "usage": 13187,
    "rank": 27
  },
  "2023-09": {
    "name": "Corviknight",
    "percent": 5.33427,
    "usage": 11825,
    "rank": 32
  },
  "2023-09-DLC1": {
    "name": "Corviknight",
    "percent": 5.10955,
    "usage": 6497,
    "rank": 32
  },
  "2023-10": {
    "name": "Corviknight",
    "percent": 4.90235,
    "usage": 12897,
    "rank": 38
  },
  "2023-11": {
    "name": "Corviknight",
    "percent": 4.42684,
    "usage": 11804,
    "rank": 41
  },
  "2023-12": {
    "name": "Corviknight",
    "percent": 3.61029,
    "usage": 12197,
    "rank": 45
  },
  "2023-12-DLC2": {
    "name": "Corviknight",
    "percent": 3.06665,
    "usage": 5292,
    "rank": 49
  },
  "2024-01": {
    "name": "Corviknight",
    "percent": 2.97871,
    "usage": 11050,
    "rank": 50
  },
  "2024-02": {
    "name": "Corviknight",
    "percent": 2.71473,
    "usage": 9264,
    "rank": 55
  },
  "2024-03": {
    "name": "Corviknight",
    "percent": 2.93174,
    "usage": 11199,
    "rank": 45
  },
  "2024-04": {
    "name": "Corviknight",
    "percent": 3.3761,
    "usage": 10772,
    "rank": 41
  },
  "2024-05": {
    "name": "Corviknight",
    "percent": 3.37949,
    "usage": 5394,
    "rank": 41
  },
  "2024-06": {
    "name": "Corviknight",
    "percent": 3.4838,
    "usage": 10394,
    "rank": 38
  }
}