{
  "2022-11": {
    "name": "Corviknight",
    "percent": 17.86768,
    "usage": 23139,
    "rank": 8
  },
  "2022-12": {
    "name": "Corviknight",
    "percent": 19.37868,
    "usage": 41782,
    "rank": 9
  },
  "2023-01": {
    "name": "Corviknight",
    "percent": 18.91277,
    "usage": 33055,
    "rank": 9
  },
  "2023-02": {
    "name": "Corviknight",
    "percent": 17.23807,
    "usage": 21213,
    "rank": 9
  },
  "2023-03": {
    "name": "Corviknight",
    "percent": 15.01985,
    "usage": 20817,
    "rank": 12
  },
  "2023-04": {
    "name": "Corviknight",
    "percent": 13.16833,
    "usage": 18302,
    "rank": 13
  },
  "2023-05": {
    "name": "Corviknight",
    "percent": 10.80132,
    "usage": 15618,
    "rank": 15
  },
  "2023-06": {
    "name": "Corviknight",
    "percent": 5.8734,
    "usage": 14293,
    "rank": 28
  },
  "2023-07": {
    "name": "Corviknight",
    "percent": 7.14283,
    "usage": 11929,
    "rank": 23
  },
  "2023-08": {
    "name": "Corviknight",
    "percent": 6.73091,
    "usage": 13187,
    "rank": 23
  },
  "2023-09": {
    "name": "Corviknight",
    "percent": 6.02673,
    "usage": 11825,
    "rank": 28
  },
  "2023-09-DLC1": {
    "name": "Corviknight",
    "percent": 6.17937,
    "usage": 6497,
    "rank": 26
  },
  "2023-10": {
    "name": "Corviknight",
    "percent": 5.06248,
    "usage": 12897,
    "rank": 31
  },
  "2023-11": {
    "name": "Corviknight",
    "percent": 4.12861,
    "usage": 11804,
    "rank": 37
  },
  "2023-12": {
    "name": "Corviknight",
    "percent": 2.26196,
    "usage": 12197,
    "rank": 53
  },
  "2023-12-DLC2": {
    "name": "Corviknight",
    "percent": 1.67492,
    "usage": 5292,
    "rank": 56
  },
  "2024-01": {
    "name": "Corviknight",
    "percent": 1.55795,
    "usage": 11050,
    "rank": 57
  },
  "2024-02": {
    "name": "Corviknight",
    "percent": 1.30038,
    "usage": 9264,
    "rank": 60
  },
  "2024-03": {
    "name": "Corviknight",
    "percent": 1.92527,
    "usage": 11199,
    "rank": 44
  },
  "2024-04": {
    "name": "Corviknight",
    "percent": 3.02758,
    "usage": 10772,
    "rank": 38
  },
  "2024-05": {
    "name": "Corviknight",
    "percent": 2.3744,
    "usage": 5394,
    "rank": 37
  },
  "2024-06": {
    "name": "Corviknight",
    "percent": 2.55498,
    "usage": 10394,
    "rank": 39
  }
}