{
  "2022-11": {
    "name": "Cryogonal",
    "percent": 0.25086,
    "usage": 12700,
    "rank": 150
  },
  "2022-12": {
    "name": "Cryogonal",
    "percent": 0.19529,
    "usage": 13222,
    "rank": 154
  },
  "2023-01": {
    "name": "Cryogonal",
    "percent": 0.19032,
    "usage": 8330,
    "rank": 159
  },
  "2023-02": {
    "name": "Cryogonal",
    "percent": 0.22369,
    "usage": 6560,
    "rank": 148
  },
  "2023-03": {
    "name": "Cryogonal",
    "percent": 0.30334,
    "usage": 9171,
    "rank": 128
  },
  "2023-04": {
    "name": "Cryogonal",
    "percent": 0.26178,
    "usage": 6254,
    "rank": 140
  },
  "2023-05": {
    "name": "Cryogonal",
    "percent": 0.24185,
    "usage": 6204,
    "rank": 179
  },
  "2023-06": {
    "name": "Cryogonal",
    "percent": 0.19736,
    "usage": 7892,
    "rank": 183
  },
  "2023-07": {
    "name": "Cryogonal",
    "percent": 0.22839,
    "usage": 6107,
    "rank": 171
  },
  "2023-08": {
    "name": "Cryogonal",
    "percent": 0.20181,
    "usage": 5046,
    "rank": 180
  },
  "2023-09": {
    "name": "Cryogonal",
    "percent": 0.16393,
    "usage": 6269,
    "rank": 227
  },
  "2023-09-DLC1": {
    "name": "Cryogonal",
    "percent": 0.14598,
    "usage": 3518,
    "rank": 229
  },
  "2023-10": {
    "name": "Cryogonal",
    "percent": 0.21476,
    "usage": 7341,
    "rank": 191
  },
  "2023-11": {
    "name": "Cryogonal",
    "percent": 0.19907,
    "usage": 5333,
    "rank": 209
  },
  "2023-12": {
    "name": "Cryogonal",
    "percent": 0.14585,
    "usage": 5432,
    "rank": 277
  },
  "2023-12-DLC2": {
    "name": "Cryogonal",
    "percent": 0.0987,
    "usage": 2112,
    "rank": 290
  },
  "2024-01": {
    "name": "Cryogonal",
    "percent": 0.11265,
    "usage": 4238,
    "rank": 285
  },
  "2024-02": {
    "name": "Cryogonal",
    "percent": 0.12281,
    "usage": 3465,
    "rank": 290
  },
  "2024-03": {
    "name": "Cryogonal",
    "percent": 0.16499,
    "usage": 4389,
    "rank": 259
  },
  "2024-04": {
    "name": "Cryogonal",
    "percent": 0.19427,
    "usage": 4522,
    "rank": 240
  },
  "2024-05": {
    "name": "Cryogonal",
    "percent": 0.12829,
    "usage": 1366,
    "rank": 297
  },
  "2024-06": {
    "name": "Cryogonal",
    "percent": 0.18204,
    "usage": 3762,
    "rank": 258
  }
}