{
  "2022-11": {
    "name": "Ribombee",
    "percent": 0.87998,
    "usage": 5201,
    "rank": 174
  },
  "2022-12": {
    "name": "Ribombee",
    "percent": 0.82498,
    "usage": 10138,
    "rank": 177
  },
  "2023-01": {
    "name": "Ribombee",
    "percent": 0.89015,
    "usage": 12087,
    "rank": 169
  },
  "2023-02": {
    "name": "Ribombee",
    "percent": 1.01797,
    "usage": 15886,
    "rank": 143
  },
  "2023-03": {
    "name": "Ribombee",
    "percent": 1.04922,
    "usage": 18505,
    "rank": 135
  },
  "2023-04": {
    "name": "Ribombee",
    "percent": 1.01847,
    "usage": 17926,
    "rank": 139
  },
  "2023-05": {
    "name": "Ribombee",
    "percent": 1.23576,
    "usage": 23064,
    "rank": 107
  },
  "2023-06": {
    "name": "Ribombee",
    "percent": 1.47737,
    "usage": 24840,
    "rank": 97
  },
  "2023-07": {
    "name": "Ribombee",
    "percent": 1.54477,
    "usage": 25002,
    "rank": 91
  },
  "2023-08": {
    "name": "Ribombee",
    "percent": 1.52583,
    "usage": 28073,
    "rank": 95
  },
  "2023-09": {
    "name": "Ribombee",
    "percent": 2.06867,
    "usage": 35471,
    "rank": 65
  },
  "2023-09-DLC1": {
    "name": "Ribombee",
    "percent": 2.31436,
    "usage": 19749,
    "rank": 58
  },
  "2023-10": {
    "name": "Ribombee",
    "percent": 2.44091,
    "usage": 38485,
    "rank": 58
  },
  "2023-11": {
    "name": "Ribombee",
    "percent": 2.86112,
    "usage": 38692,
    "rank": 52
  },
  "2023-12": {
    "name": "Ribombee",
    "percent": 2.32664,
    "usage": 29752,
    "rank": 66
  },
  "2023-12-DLC2": {
    "name": "Ribombee",
    "percent": 2.16975,
    "usage": 11887,
    "rank": 70
  },
  "2024-01": {
    "name": "Ribombee",
    "percent": 2.12371,
    "usage": 26213,
    "rank": 73
  },
  "2024-02": {
    "name": "Ribombee",
    "percent": 2.62151,
    "usage": 33945,
    "rank": 59
  },
  "2024-03": {
    "name": "Ribombee",
    "percent": 2.44966,
    "usage": 32968,
    "rank": 65
  },
  "2024-04": {
    "name": "Ribombee",
    "percent": 2.32826,
    "usage": 28313,
    "rank": 68
  },
  "2024-05": {
    "name": "Ribombee",
    "percent": 2.14316,
    "usage": 12819,
    "rank": 75
  },
  "2024-06": {
    "name": "Ribombee",
    "percent": 2.06161,
    "usage": 26900,
    "rank": 76
  }
}