{
  "2022-11": {
    "name": "Infernape",
    "percent": 1.36336,
    "usage": 8058,
    "rank": 126
  },
  "2022-12": {
    "name": "Infernape",
    "percent": 1.72206,
    "usage": 21162,
    "rank": 93
  },
  "2023-01": {
    "name": "Infernape",
    "percent": 1.59222,
    "usage": 21620,
    "rank": 97
  },
  "2023-02": {
    "name": "Infernape",
    "percent": 1.63832,
    "usage": 25567,
    "rank": 90
  },
  "2023-03": {
    "name": "Infernape",
    "percent": 1.39022,
    "usage": 24519,
    "rank": 100
  },
  "2023-04": {
    "name": "Infernape",
    "percent": 1.31669,
    "usage": 23175,
    "rank": 109
  },
  "2023-05": {
    "name": "Infernape",
    "percent": 1.32443,
    "usage": 24719,
    "rank": 100
  },
  "2023-06": {
    "name": "Infernape",
    "percent": 1.35039,
    "usage": 22705,
    "rank": 107
  },
  "2023-07": {
    "name": "Infernape",
    "percent": 1.40915,
    "usage": 22807,
    "rank": 101
  },
  "2023-08": {
    "name": "Infernape",
    "percent": 1.29179,
    "usage": 23767,
    "rank": 109
  },
  "2023-09": {
    "name": "Infernape",
    "percent": 1.43286,
    "usage": 24569,
    "rank": 102
  },
  "2023-09-DLC1": {
    "name": "Infernape",
    "percent": 1.60596,
    "usage": 13704,
    "rank": 95
  },
  "2023-10": {
    "name": "Infernape",
    "percent": 1.38019,
    "usage": 21761,
    "rank": 112
  },
  "2023-11": {
    "name": "Infernape",
    "percent": 1.23275,
    "usage": 16671,
    "rank": 127
  },
  "2023-12": {
    "name": "Infernape",
    "percent": 1.19898,
    "usage": 15332,
    "rank": 129
  },
  "2023-12-DLC2": {
    "name": "Infernape",
    "percent": 1.17787,
    "usage": 6453,
    "rank": 123
  },
  "2024-01": {
    "name": "Infernape",
    "percent": 1.1007,
    "usage": 13586,
    "rank": 129
  },
  "2024-02": {
    "name": "Infernape",
    "percent": 1.0917,
    "usage": 14136,
    "rank": 128
  },
  "2024-03": {
    "name": "Infernape",
    "percent": 1.1396,
    "usage": 15337,
    "rank": 124
  },
  "2024-04": {
    "name": "Infernape",
    "percent": 1.22922,
    "usage": 14948,
    "rank": 121
  },
  "2024-05": {
    "name": "Infernape",
    "percent": 1.05177,
    "usage": 6291,
    "rank": 130
  },
  "2024-06": {
    "name": "Infernape",
    "percent": 0.86948,
    "usage": 11345,
    "rank": 150
  }
}