{
  "elos": [
    "0",
    "1500",
    "1630",
    "1760"
  ],
  "firstMonth": "2022-11",
  "0": {
    "2022-11": {
      "name": "Arcanine",
      "percent": 1.30606,
      "usage": 7555,
      "rank": 89
    },
    "2022-12": {
      "name": "Arcanine",
      "percent": 1.12386,
      "usage": 12274,
      "rank": 91
    },
    "2023-01": {
      "name": "Arcanine",
      "percent": 0.91984,
      "usage": 7426,
      "rank": 116
    },
    "2023-02": {
      "name": "Arcanine",
      "percent": 1.1116,
      "usage": 6455,
      "rank": 104
    },
    "2023-03": {
      "name": "Arcanine",
      "percent": 1.30527,
      "usage": 7252,
      "rank": 98
    },
    "2023-04": {
      "name": "Arcanine",
      "percent": 1.19891,
      "usage": 5663,
      "rank": 105
    },
    "2023-05": {
      "name": "Arcanine",
      "percent": 1.2542,
      "usage": 5839,
      "rank": 102
    },
    "2023-06": {
      "name": "Arcanine",
      "percent": 0.91763,
      "usage": 4343,
      "rank": 143
    },
    "2023-07": {
      "name": "Arcanine",
      "percent": 1.06263,
      "usage": 4887,
      "rank": 134
    },
    "2023-08": {
      "name": "Arcanine",
      "percent": 0.99025,
      "usage": 4751,
      "rank": 139
    },
    "2023-09": {
      "name": "Arcanine",
      "percent": 0.79841,
      "usage": 4523,
      "rank": 173
    },
    "2023-09-DLC1": {
      "name": "Arcanine",
      "percent": 0.67842,
      "usage": 2203,
      "rank": 197
    },
    "2023-10": {
      "name": "Arcanine",
      "percent": 0.85458,
      "usage": 5281,
      "rank": 161
    },
    "2023-11": {
      "name": "Arcanine",
      "percent": 0.8452,
      "usage": 4191,
      "rank": 159
    },
    "2023-12": {
      "name": "Arcanine",
      "percent": 0.72266,
      "usage": 3111,
      "rank": 185
    },
    "2023-12-DLC2": {
      "name": "Arcanine",
      "percent": 0.67985,
      "usage": 1356,
      "rank": 200
    },
    "2024-01": {
      "name": "Arcanine",
      "percent": 0.63111,
      "usage": 3103,
      "rank": 208
    },
    "2024-02": {
      "name": "Arcanine",
      "percent": 0.70031,
      "usage": 3203,
      "rank": 195
    },
    "2024-03": {
      "name": "Arcanine",
      "percent": 0.65759,
      "usage": 3125,
      "rank": 207
    },
    "2024-04": {
      "name": "Arcanine",
      "percent": 0.63125,
      "usage": 2832,
      "rank": 211
    },
    "2024-05": {
      "name": "Arcanine",
      "percent": 0.57826,
      "usage": 1227,
      "rank": 220
    },
    "2024-06": {
      "name": "Arcanine",
      "percent": 0.8184,
      "usage": 2988,
      "rank": 175
    }
  },
  "1500": {
    "2022-11": {
      "name": "Arcanine",
      "percent": 1.27589,
      "usage": 7555,
      "rank": 90
    },
    "2022-12": {
      "name": "Arcanine",
      "percent": 1.10464,
      "usage": 12274,
      "rank": 92
    },
    "2023-01": {
      "name": "Arcanine",
      "percent": 0.90161,
      "usage": 7426,
      "rank": 116
    },
    "2023-02": {
      "name": "Arcanine",
      "percent": 1.0597,
      "usage": 6455,
      "rank": 108
    },
    "2023-03": {
      "name": "Arcanine",
      "percent": 1.18303,
      "usage": 7252,
      "rank": 99
    },
    "2023-04": {
      "name": "Arcanine",
      "percent": 0.92294,
      "usage": 5663,
      "rank": 113
    },
    "2023-05": {
      "name": "Arcanine",
      "percent": 0.98272,
      "usage": 5839,
      "rank": 113
    },
    "2023-06": {
      "name": "Arcanine",
      "percent": 0.76217,
      "usage": 4343,
      "rank": 147
    },
    "2023-07": {
      "name": "Arcanine",
      "percent": 0.8454,
      "usage": 4887,
      "rank": 138
    },
    "2023-08": {
      "name": "Arcanine",
      "percent": 0.89969,
      "usage": 4751,
      "rank": 136
    },
    "2023-09": {
      "name": "Arcanine",
      "percent": 0.60166,
      "usage": 4523,
      "rank": 191
    },
    "2023-09-DLC1": {
      "name": "Arcanine",
      "percent": 0.52463,
      "usage": 2203,
      "rank": 212
    },
    "2023-10": {
      "name": "Arcanine",
      "percent": 0.68569,
      "usage": 5281,
      "rank": 172
    },
    "2023-11": {
      "name": "Arcanine",
      "percent": 0.55079,
      "usage": 4191,
      "rank": 189
    },
    "2023-12": {
      "name": "Arcanine",
      "percent": 0.44313,
      "usage": 3111,
      "rank": 230
    },
    "2023-12-DLC2": {
      "name": "Arcanine",
      "percent": 0.45198,
      "usage": 1356,
      "rank": 236
    },
    "2024-01": {
      "name": "Arcanine",
      "percent": 0.34951,
      "usage": 3103,
      "rank": 262
    },
    "2024-02": {
      "name": "Arcanine",
      "percent": 0.40853,
      "usage": 3203,
      "rank": 253
    },
    "2024-03": {
      "name": "Arcanine",
      "percent": 0.45457,
      "usage": 3125,
      "rank": 236
    },
    "2024-04": {
      "name": "Arcanine",
      "percent": 0.3915,
      "usage": 2832,
      "rank": 244
    },
    "2024-05": {
      "name": "Arcanine",
      "percent": 0.43866,
      "usage": 1227,
      "rank": 225
    },
    "2024-06": {
      "name": "Arcanine",
      "percent": 0.67637,
      "usage": 2988,
      "rank": 176
    }
  },
  "1630": {
    "2022-11": {
      "name": "Arcanine",
      "percent": 0.65399,
      "usage": 7555,
      "rank": 102
    },
    "2022-12": {
      "name": "Arcanine",
      "percent": 1.65343,
      "usage": 12274,
      "rank": 64
    },
    "2023-01": {
      "name": "Arcanine",
      "percent": 0.67844,
      "usage": 7426,
      "rank": 102
    },
    "2023-02": {
      "name": "Arcanine",
      "percent": 0.71581,
      "usage": 6455,
      "rank": 98
    },
    "2023-03": {
      "name": "Arcanine",
      "percent": 0.42679,
      "usage": 7252,
      "rank": 126
    },
    "2023-04": {
      "name": "Arcanine",
      "percent": 0.32708,
      "usage": 5663,
      "rank": 134
    },
    "2023-05": {
      "name": "Arcanine",
      "percent": 0.58927,
      "usage": 5839,
      "rank": 118
    },
    "2023-06": {
      "name": "Arcanine",
      "percent": 0.30152,
      "usage": 4343,
      "rank": 171
    },
    "2023-07": {
      "name": "Arcanine",
      "percent": 0.20319,
      "usage": 4887,
      "rank": 200
    },
    "2023-08": {
      "name": "Arcanine",
      "percent": 0.20914,
      "usage": 4751,
      "rank": 198
    },
    "2023-09": {
      "name": "Arcanine",
      "percent": 0.16514,
      "usage": 4523,
      "rank": 251
    },
    "2023-09-DLC1": {
      "name": "Arcanine",
      "percent": 0.14778,
      "usage": 2203,
      "rank": 259
    },
    "2023-10": {
      "name": "Arcanine",
      "percent": 0.3153,
      "usage": 5281,
      "rank": 187
    },
    "2023-11": {
      "name": "Arcanine",
      "percent": 0.1696,
      "usage": 4191,
      "rank": 230
    },
    "2023-12": {
      "name": "Arcanine",
      "percent": 0.11147,
      "usage": 3111,
      "rank": 294
    },
    "2023-12-DLC2": {
      "name": "Arcanine",
      "percent": 0.11953,
      "usage": 1356,
      "rank": 286
    },
    "2024-01": {
      "name": "Arcanine",
      "percent": 0.12836,
      "usage": 3103,
      "rank": 278
    },
    "2024-02": {
      "name": "Arcanine",
      "percent": 0.14899,
      "usage": 3203,
      "rank": 265
    },
    "2024-03": {
      "name": "Arcanine",
      "percent": 0.11102,
      "usage": 3125,
      "rank": 302
    },
    "2024-04": {
      "name": "Arcanine",
      "percent": 0.12765,
      "usage": 2832,
      "rank": 260
    },
    "2024-05": {
      "name": "Arcanine",
      "percent": 0.10522,
      "usage": 1227,
      "rank": 278
    },
    "2024-06": {
      "name": "Arcanine",
      "percent": 0.12811,
      "usage": 2988,
      "rank": 248
    }
  },
  "1760": {
    "2022-11": {
      "name": "Arcanine",
      "percent": 1.209,
      "usage": 7555,
      "rank": 77
    },
    "2022-12": {
      "name": "Arcanine",
      "percent": 0.17102,
      "usage": 12274,
      "rank": 110
    },