{
  "elos": [
    "0",
    "1500",
    "1630",
    "1760"
  ],
  "firstMonth": "2022-11",
  "0": {
    "2023-12": {
      "name": "Entei",
      "percent": 0.15819,
      "usage": 681,
      "rank": 430
    },
    "2023-12-DLC2": {
      "name": "Entei",
      "percent": 0.28127,
      "usage": 561,
      "rank": 352
    },
    "2024-01": {
      "name": "Entei",
      "percent": 0.19037,
      "usage": 936,
      "rank": 401
    },
    "2024-02": {
      "name": "Entei",
      "percent": 0.22717,
      "usage": 1039,
      "rank": 378
    },
    "2024-03": {
      "name": "Entei",
      "percent": 0.20054,
      "usage": 953,
      "rank": 400
    },
    "2024-04": {
      "name": "Entei",
      "percent": 0.11546,
      "usage": 518,
      "rank": 462
    },
    "2024-05": {
      "name": "Entei",
      "percent": 0.27805,
      "usage": 590,
      "rank": 345
    },
    "2024-06": {
      "name": "Entei",
      "percent": 0.22569,
      "usage": 824,
      "rank": 373
    }
  },
  "1500": {
    "2023-12": {
      "name": "Entei",
      "percent": 0.13936,
      "usage": 681,
      "rank": 390
    },
    "2023-12-DLC2": {
      "name": "Entei",
      "percent": 0.23335,
      "usage": 561,
      "rank": 323
    },
    "2024-01": {
      "name": "Entei",
      "percent": 0.21731,
      "usage": 936,
      "rank": 331
    },
    "2024-02": {
      "name": "Entei",
      "percent": 0.17903,
      "usage": 1039,
      "rank": 361
    },
    "2024-03": {
      "name": "Entei",
      "percent": 0.15684,
      "usage": 953,
      "rank": 383
    },
    "2024-04": {
      "name": "Entei",
      "percent": 0.07748,
      "usage": 518,
      "rank": 450
    },
    "2024-05": {
      "name": "Entei",
      "percent": 0.23137,
      "usage": 590,
      "rank": 314
    },
    "2024-06": {
      "name": "Entei",
      "percent": 0.13396,
      "usage": 824,
      "rank": 385
    }
  },
  "1630": {
    "2023-12": {
      "name": "Entei",
      "percent": 0.11264,
      "usage": 681,
      "rank": 292
    },
    "2023-12-DLC2": {
      "name": "Entei",
      "percent": 0.1523,
      "usage": 561,
      "rank": 269
    },
    "2024-01": {
      "name": "Entei",
      "percent": 0.17101,
      "usage": 936,
      "rank": 254
    },
    "2024-02": {
      "name": "Entei",
      "percent": 0.08829,
      "usage": 1039,
      "rank": 315
    },
    "2024-03": {
      "name": "Entei",
      "percent": 0.05619,
      "usage": 953,
      "rank": 368
    },
    "2024-04": {
      "name": "Entei",
      "percent": 0.01733,
      "usage": 518,
      "rank": 443
    },
    "2024-05": {
      "name": "Entei",
      "percent": 0.05318,
      "usage": 590,
      "rank": 351
    },
    "2024-06": {
      "name": "Entei",
      "percent": 0.03111,
      "usage": 824,
      "rank": 396
    }
  },
  "1760": {
    "2023-12": {
      "name": "Entei",
      "percent": 0.01843,
      "usage": 681,
      "rank": 319
    },
    "2023-12-DLC2": {
      "name": "Entei",
      "percent": 0.02565,
      "usage": 561,
      "rank": 299
    },
    "2024-01": {
      "name": "Entei",
      "percent": 0.03498,
      "usage": 936,
      "rank": 266
    },
    "2024-02": {
      "name": "Entei",
      "percent": 0.01401,
      "usage": 1039,
      "rank": 331
    },
    "2024-03": {
      "name": "Entei",
      "percent": 0.01406,
      "usage": 953,
      "rank": 336
    },
    "2024-04": {
      "name": "Entei",
      "percent": 0.003,
      "usage": 518,
      "rank": 441
    },
    "2024-05": {
      "name": "Entei",
      "percent": 0.0036,
      "usage": 590,
      "rank": 406
    },
    "2024-06": {
      "name": "Entei",
      "percent": 0.00624,
      "usage": 824,
      "rank": 370
    }
  }
}