{
  "elos": [
    "0",
    "1500",
    "1630",
    "1760"
  ],
  "firstMonth": "2022-11",
  "0": {
    "2022-11": {
      "name": "Gabite",
      "percent": 0.0102,
      "usage": 59,
      "rank": 349
    },
    "2022-12": {
      "name": "Gabite",
      "percent": 0.0108,
      "usage": 118,
      "rank": 351
    },
    "2023-01": {
      "name": "Gabite",
      "percent": 0.01214,
      "usage": 98,
      "rank": 357
    },
    "2023-02": {
      "name": "Gabite",
      "percent": 0.02652,
      "usage": 154,
      "rank": 316
    },
    "2023-03": {
      "name": "Gabite",
      "percent": 0.0126,
      "usage": 70,
      "rank": 375
    },
    "2023-04": {
      "name": "Gabite",
      "percent": 0.02604,
      "usage": 123,
      "rank": 318
    },
    "2023-05": {
      "name": "Gabite",
      "percent": 0.02126,
      "usage": 99,
      "rank": 408
    },
    "2023-06": {
      "name": "Gabite",
      "percent": 0.01944,
      "usage": 92,
      "rank": 430
    },
    "2023-07": {
      "name": "Gabite",
      "percent": 0.01609,
      "usage": 74,
      "rank": 451
    },
    "2023-08": {
      "name": "Gabite",
      "percent": 0.02209,
      "usage": 106,
      "rank": 427
    },
    "2023-09": {
      "name": "Gabite",
      "percent": 0.01059,
      "usage": 60,
      "rank": 552
    },
    "2023-09-DLC1": {
      "name": "Gabite",
      "percent": 0.00524,
      "usage": 17,
      "rank": 602
    },
    "2023-10": {
      "name": "Gabite",
      "percent": 0.01375,
      "usage": 85,
      "rank": 544
    },
    "2023-11": {
      "name": "Gabite",
      "percent": 0.01654,
      "usage": 82,
      "rank": 535
    },
    "2023-12": {
      "name": "Gabite",
      "percent": 0.00767,
      "usage": 33,
      "rank": 701
    },
    "2023-12-DLC2": {
      "name": "Gabite",
      "percent": 0.00201,
      "usage": 4,
      "rank": 766
    },
    "2024-01": {
      "name": "Gabite",
      "percent": 0.0118,
      "usage": 58,
      "rank": 652
    },
    "2024-02": {
      "name": "Gabite",
      "percent": 0.00962,
      "usage": 44,
      "rank": 681
    },
    "2024-03": {
      "name": "Gabite",
      "percent": 0.03682,
      "usage": 175,
      "rank": 552
    },
    "2024-04": {
      "name": "Gabite",
      "percent": 0.01716,
      "usage": 77,
      "rank": 600
    },
    "2024-05": {
      "name": "Gabite",
      "percent": 0.0132,
      "usage": 28,
      "rank": 615
    },
    "2024-06": {
      "name": "Gabite",
      "percent": 0.01506,
      "usage": 55,
      "rank": 616
    }
  },
  "1500": {
    "2022-11": {
      "name": "Gabite",
      "percent": 0.00934,
      "usage": 59,
      "rank": 349
    },
    "2022-12": {
      "name": "Gabite",
      "percent": 0.00955,
      "usage": 118,
      "rank": 352
    },
    "2023-01": {
      "name": "Gabite",
      "percent": 0.01073,
      "usage": 98,
      "rank": 356
    },
    "2023-02": {
      "name": "Gabite",
      "percent": 0.02395,
      "usage": 154,
      "rank": 311
    },
    "2023-03": {
      "name": "Gabite",
      "percent": 0.00839,
      "usage": 70,
      "rank": 379
    },
    "2023-04": {
      "name": "Gabite",
      "percent": 0.01771,
      "usage": 123,
      "rank": 297
    },
    "2023-05": {
      "name": "Gabite",
      "percent": 0.01023,
      "usage": 99,
      "rank": 412
    },
    "2023-06": {
      "name": "Gabite",
      "percent": 0.00391,
      "usage": 92,
      "rank": 482
    },
    "2023-07": {
      "name": "Gabite",
      "percent": 0.00534,
      "usage": 74,
      "rank": 471
    },
    "2023-08": {
      "name": "Gabite",
      "percent": 0.01024,
      "usage": 106,
      "rank": 435
    },
    "2023-09": {
      "name": "Gabite",
      "percent": 0.00384,
      "usage": 60,
      "rank": 567
    },
    "2023-09-DLC1": {
      "name": "Gabite",
      "percent": 0.00263,
      "usage": 17,
      "rank": 595
    },
    "2023-10": {
      "name": "Gabite",
      "percent": 0.00738,
      "usage": 85,
      "rank": 522
    },
    "2023-11": {
      "name": "Gabite",
      "percent": 0.00729,
      "usage": 82,
      "rank": 528
    },
    "2023-12": {
      "name": "Gabite",
      "percent": 0.00337,
      "usage": 33,
      "rank": 686
    },
    "2023-12-DLC2": {
      "name": "Gabite",
      "percent": 0.0013,
      "usage": 4,
      "rank": 740
    },
    "2024-01": {
      "name": "Gabite",
      "percent": 0.00374,
      "usage": 58,
      "rank": 672
    },
    "2024-02": {
      "name": "Gabite",
      "percent": 0.00741,
      "usage": 44,
      "rank": 629
    },
    "2024-03": {
      "name": "Gabite",
      "percent": 0.00648,
      "usage": 175,
      "rank": 633
    },
    "2024-04": {
      "name": "Gabite",
      "percent": 0.00468,
      "usage": 77,
      "rank": 651
    },
    "2024-05": {
      "name": "Gabite",
      "percent": 0.00327,
      "usage": 28,
      "rank": 669
    },
    "2024-06": {
      "name": "Gabite",
      "percent": 0.00359,
      "usage": 55,
      "rank": 664
    }
  },
  "1630": {
    "2022-11": {
      "name": "Gabite",
      "percent": 0.0,
      "usage": 59,
      "rank": 399
    },
    "2022-12": {
      "name": "Gabite",
      "percent": 0.0,
      "usage": 118,
      "rank": 401
    },
    "2023-01": {
      "name": "Gabite",
      "percent": 0.01933,
      "usage": 98,
      "rank": 252
    },
    "2023-02": {
      "name": "Gabite",
      "percent": 0.00555,
      "usage": 154,
      "rank": 285
    },
    "2023-03": {
      "name": "Gabite",
      "percent": 0.00055,
      "usage": 70,
      "rank": 359
    },
    "2023-04": {
      "name": "Gabite",
      "percent": 0.00477,
      "usage": 123,
      "rank": 294
    },
    "2023-05": {
      "name": "Gabite",
      "percent": 0.00466,
      "usage": 99,
      "rank": 389
    },
    "2023-06": {
      "name": "Gabite",
      "percent": 0.00048,
      "usage": 92,
      "rank": 473
    },
    "2023-07": {
      "name": "Gabite",
      "percent": 2e-05,
      "usage": 74,
      "rank": 542
    },
    "2023-08": {
      "name": "Gabite",
      "percent": 0.00039,
      "usage": 106,
      "rank": 493
    },
    "2023-09": {
      "name": "Gabite",
      "percent": 0.00014,
      "usage": 60,
      "rank": 612
    },
    "2023-09-DLC1": {
      "name": "Gabite",
      "percent": 0.00015,
      "usage": 17,
      "rank": 594
    },
    "2023-10": {
      "name": "Gabite",
      "percent": 0.00233,
      "usage": 85,
      "rank": 485
    },
    "2023-11": {
      "name": "Gabite",
      "percent": 0.00093,
      "usage": 82,
      "rank": 535
    },
    "2023-12": {
      "name": "Gabite",
      "percent": 0.00017,
      "usage": 33,
      "rank": 713
    },
    "2023-12-DLC2": {
      "name": "Gabite",
      "percent": 0.0,
      "usage": 4,
      "rank": 777
    },
    "2024-01": {
      "name": "Gabite",
      "percent": 0.00087,
      "usage": 58,
      "rank": 634
    },
    "2024-02": {
      "name": "Gabite",
      "percent": 0.00202,
      "usage": 44,
      "rank": 591
    },
    "2024-03": {
      "name": "Gabite",
      "percent": 0.00056,
      "usage": 175,
      "rank": 660
    },
    "2024-04": {
      "name": "Gabite",
      "percent": 0.00097,
      "usage": 77,
      "rank": 612
    },
    "2024-05": {
      "name": "Gabite",
      "percent": 0.00039,
      "usage": 28,
      "rank": 641
    },
    "2024-06": {
      "name": "Gabite",
      "percent": 7e-05,
      "usage": 55,
      "rank": 710
    }
  },
  "1760": {
    "2022-11": {
      "name": "Gabite",
      "percent": 0.0,
      "usage": 59,
      "rank": 398
    },
    "2022-12": {
      "name": "Gabite",
      "percent": 0.0,
      "usage": 118,
      "rank": 399
    },
    "2023-01": {
      "name": "Gabite",
      "percent": 0.00263,
      "usage": 98,
      "rank": 239
    },
    "2023-02": {
      "name": "Gabite",
      "percent": 0.00014,
      "usage": 154,
      "rank": 312
    },
    "2023-03": {
      "name": "Gabite",
      "percent": 2e-05,