{
  "elos": [
    "0",
    "1500",
    "1630",
    "1760"
  ],
  "firstMonth": "2022-11",
  "0": {
    "2022-11": {
      "name": "Indeedee-F",
      "percent": 0.11254,
      "usage": 651,
      "rank": 230
    },
    "2022-12": {
      "name": "Indeedee-F",
      "percent": 0.26947,
      "usage": 2943,
      "rank": 196
    },
    "2023-01": {
      "name": "Indeedee-F",
      "percent": 0.2761,
      "usage": 2229,
      "rank": 203
    },
    "2023-02": {
      "name": "Indeedee-F",
      "percent": 0.29241,
      "usage": 1698,
      "rank": 206
    },
    "2023-03": {
      "name": "Indeedee-F",
      "percent": 0.30706,
      "usage": 1706,
      "rank": 206
    },
    "2023-04": {
      "name": "Indeedee-F",
      "percent": 0.33958,
      "usage": 1604,
      "rank": 194
    },
    "2023-05": {
      "name": "Indeedee-F",
      "percent": 0.33358,
      "usage": 1553,
      "rank": 210
    },
    "2023-06": {
      "name": "Indeedee-F",
      "percent": 0.28292,
      "usage": 1339,
      "rank": 272
    },
    "2023-07": {
      "name": "Indeedee-F",
      "percent": 0.26702,
      "usage": 1228,
      "rank": 282
    },
    "2023-08": {
      "name": "Indeedee-F",
      "percent": 0.26137,
      "usage": 1254,
      "rank": 286
    },
    "2023-09": {
      "name": "Indeedee-F",
      "percent": 0.22683,
      "usage": 1285,
      "rank": 337
    },
    "2023-09-DLC1": {
      "name": "Indeedee-F",
      "percent": 0.20633,
      "usage": 670,
      "rank": 341
    },
    "2023-10": {
      "name": "Indeedee-F",
      "percent": 0.22428,
      "usage": 1386,
      "rank": 331
    },
    "2023-11": {
      "name": "Indeedee-F",
      "percent": 0.19179,
      "usage": 951,
      "rank": 354
    },
    "2023-12": {
      "name": "Indeedee-F",
      "percent": 0.25785,
      "usage": 1110,
      "rank": 367
    },
    "2023-12-DLC2": {
      "name": "Indeedee-F",
      "percent": 0.24968,
      "usage": 498,
      "rank": 371
    },
    "2024-01": {
      "name": "Indeedee-F",
      "percent": 0.29247,
      "usage": 1438,
      "rank": 335
    },
    "2024-02": {
      "name": "Indeedee-F",
      "percent": 0.34458,
      "usage": 1576,
      "rank": 304
    },
    "2024-03": {
      "name": "Indeedee-F",
      "percent": 0.24578,
      "usage": 1168,
      "rank": 371
    },
    "2024-04": {
      "name": "Indeedee-F",
      "percent": 0.32365,
      "usage": 1452,
      "rank": 321
    },
    "2024-05": {
      "name": "Indeedee-F",
      "percent": 0.20736,
      "usage": 440,
      "rank": 387
    },
    "2024-06": {
      "name": "Indeedee-F",
      "percent": 0.23993,
      "usage": 876,
      "rank": 360
    }
  },
  "1500": {
    "2022-11": {
      "name": "Indeedee-F",
      "percent": 0.10801,
      "usage": 651,
      "rank": 230
    },
    "2022-12": {
      "name": "Indeedee-F",
      "percent": 0.26562,
      "usage": 2943,
      "rank": 196
    },
    "2023-01": {
      "name": "Indeedee-F",
      "percent": 0.26652,
      "usage": 2229,
      "rank": 203
    },
    "2023-02": {
      "name": "Indeedee-F",
      "percent": 0.28381,
      "usage": 1698,
      "rank": 204
    },
    "2023-03": {
      "name": "Indeedee-F",
      "percent": 0.30006,
      "usage": 1706,
      "rank": 197
    },
    "2023-04": {
      "name": "Indeedee-F",
      "percent": 0.3292,
      "usage": 1604,
      "rank": 180
    },
    "2023-05": {
      "name": "Indeedee-F",
      "percent": 0.29948,
      "usage": 1553,
      "rank": 205
    },
    "2023-06": {
      "name": "Indeedee-F",
      "percent": 0.29053,
      "usage": 1339,
      "rank": 242
    },
    "2023-07": {
      "name": "Indeedee-F",
      "percent": 0.25954,
      "usage": 1228,
      "rank": 257
    },
    "2023-08": {
      "name": "Indeedee-F",
      "percent": 0.26724,
      "usage": 1254,
      "rank": 253
    },
    "2023-09": {
      "name": "Indeedee-F",
      "percent": 0.2371,
      "usage": 1285,
      "rank": 299
    },
    "2023-09-DLC1": {
      "name": "Indeedee-F",
      "percent": 0.21244,
      "usage": 670,
      "rank": 304
    },
    "2023-10": {
      "name": "Indeedee-F",
      "percent": 0.23264,
      "usage": 1386,
      "rank": 297
    },
    "2023-11": {
      "name": "Indeedee-F",
      "percent": 0.23462,
      "usage": 951,
      "rank": 292
    },
    "2023-12": {
      "name": "Indeedee-F",
      "percent": 0.26032,
      "usage": 1110,
      "rank": 302
    },
    "2023-12-DLC2": {
      "name": "Indeedee-F",
      "percent": 0.22456,
      "usage": 498,
      "rank": 329
    },
    "2024-01": {
      "name": "Indeedee-F",
      "percent": 0.28649,
      "usage": 1438,
      "rank": 295
    },
    "2024-02": {
      "name": "Indeedee-F",
      "percent": 0.36543,
      "usage": 1576,
      "rank": 264
    },
    "2024-03": {
      "name": "Indeedee-F",
      "percent": 0.2413,
      "usage": 1168,
      "rank": 319
    },
    "2024-04": {
      "name": "Indeedee-F",
      "percent": 0.33699,
      "usage": 1452,
      "rank": 266
    },
    "2024-05": {
      "name": "Indeedee-F",
      "percent": 0.19594,
      "usage": 440,
      "rank": 339
    },
    "2024-06": {
      "name": "Indeedee-F",
      "percent": 0.24789,
      "usage": 876,
      "rank": 308
    }
  },
  "1630": {
    "2022-11": {
      "name": "Indeedee-F",
      "percent": 0.00799,
      "usage": 651,
      "rank": 234
    },
    "2022-12": {
      "name": "Indeedee-F",
      "percent": 0.23715,
      "usage": 2943,
      "rank": 144
    },
    "2023-01": {
      "name": "Indeedee-F",
      "percent": 0.05361,
      "usage": 2229,
      "rank": 209
    },
    "2023-02": {
      "name": "Indeedee-F",
      "percent": 0.15545,
      "usage": 1698,
      "rank": 171
    },
    "2023-03": {
      "name": "Indeedee-F",
      "percent": 0.22428,
      "usage": 1706,
      "rank": 150
    },
    "2023-04": {
      "name": "Indeedee-F",
      "percent": 0.17727,
      "usage": 1604,
      "rank": 162
    },
    "2023-05": {
      "name": "Indeedee-F",
      "percent": 0.14634,
      "usage": 1553,
      "rank": 206
    },
    "2023-06": {
      "name": "Indeedee-F",
      "percent": 0.22539,
      "usage": 1339,
      "rank": 190
    },
    "2023-07": {
      "name": "Indeedee-F",
      "percent": 0.17906,
      "usage": 1228,
      "rank": 211
    },
    "2023-08": {
      "name": "Indeedee-F",
      "percent": 0.28997,
      "usage": 1254,
      "rank": 179
    },
    "2023-09": {
      "name": "Indeedee-F",
      "percent": 0.24683,
      "usage": 1285,
      "rank": 220
    },
    "2023-09-DLC1": {
      "name": "Indeedee-F",
      "percent": 0.24517,
      "usage": 670,
      "rank": 222
    },
    "2023-10": {
      "name": "Indeedee-F",
      "percent": 0.117,
      "usage": 1386,
      "rank": 279
    },
    "2023-11": {
      "name": "Indeedee-F",
      "percent": 0.19664,
      "usage": 951,
      "rank": 219
    },
    "2023-12": {
      "name": "Indeedee-F",
      "percent": 0.28293,
      "usage": 1110,
      "rank": 196
    },
    "2023-12-DLC2": {
      "name": "Indeedee-F",
      "percent": 0.31744,
      "usage": 498,
      "rank": 192
    },
    "2024-01": {
      "name": "Indeedee-F",
      "percent": 0.40698,
      "usage": 1438,
      "rank": 172
    },
    "2024-02": {
      "name": "Indeedee-F",
      "percent": 0.42951,
      "usage": 1576,
      "rank": 159
    },
    "2024-03": {
      "name": "Indeedee-F",
      "percent": 0.3287,
      "usage": 1168,
      "rank": 183
    },
    "2024-04": {
      "name": "Indeedee-F",
      "percent": 0.34075,
      "usage": 1452,
      "rank": 174
    },
    "2024-05": {
      "name": "Indeedee-F",
      "percent": 0.14389,
      "usage": 440,
      "rank": 245
    },
    "2024-06": {
      "name": "Indeedee-F",
      "percent": 0.18851,
      "usage": 876,
      "rank": 215
    }
  },
  "1760": {
    "2022-11": {
      "name": "Indeedee-F",
      "percent": 0.00138,
      "usage": 651,
      "rank": 223
    },