{
  "elos": [
    "0",
    "1500",
    "1630",
    "1760"
  ],
  "firstMonth": "2022-11",
  "0": {
    "2023-12": {
      "name": "Keldeo",
      "percent": 0.20302,
      "usage": 874,
      "rank": 402
    },
    "2023-12-DLC2": {
      "name": "Keldeo",
      "percent": 0.37251,
      "usage": 743,
      "rank": 304
    },
    "2024-01": {
      "name": "Keldeo",
      "percent": 0.18793,
      "usage": 924,
      "rank": 403
    },
    "2024-02": {
      "name": "Keldeo",
      "percent": 0.18322,
      "usage": 838,
      "rank": 412
    },
    "2024-03": {
      "name": "Keldeo",
      "percent": 0.20706,
      "usage": 984,
      "rank": 394
    },
    "2024-04": {
      "name": "Keldeo",
      "percent": 0.26547,
      "usage": 1191,
      "rank": 362
    },
    "2024-05": {
      "name": "Keldeo",
      "percent": 0.28936,
      "usage": 614,
      "rank": 336
    },
    "2024-06": {
      "name": "Keldeo",
      "percent": 0.23829,
      "usage": 870,
      "rank": 362
    }
  },
  "1500": {
    "2023-12": {
      "name": "Keldeo",
      "percent": 0.16967,
      "usage": 874,
      "rank": 373
    },
    "2023-12-DLC2": {
      "name": "Keldeo",
      "percent": 0.30575,
      "usage": 743,
      "rank": 284
    },
    "2024-01": {
      "name": "Keldeo",
      "percent": 0.17406,
      "usage": 924,
      "rank": 360
    },
    "2024-02": {
      "name": "Keldeo",
      "percent": 0.15593,
      "usage": 838,
      "rank": 377
    },
    "2024-03": {
      "name": "Keldeo",
      "percent": 0.15582,
      "usage": 984,
      "rank": 387
    },
    "2024-04": {
      "name": "Keldeo",
      "percent": 0.20712,
      "usage": 1191,
      "rank": 340
    },
    "2024-05": {
      "name": "Keldeo",
      "percent": 0.22804,
      "usage": 614,
      "rank": 315
    },
    "2024-06": {
      "name": "Keldeo",
      "percent": 0.15365,
      "usage": 870,
      "rank": 372
    }
  },
  "1630": {
    "2023-12": {
      "name": "Keldeo",
      "percent": 0.07268,
      "usage": 874,
      "rank": 335
    },
    "2023-12-DLC2": {
      "name": "Keldeo",
      "percent": 0.14176,
      "usage": 743,
      "rank": 280
    },
    "2024-01": {
      "name": "Keldeo",
      "percent": 0.0825,
      "usage": 924,
      "rank": 325
    },
    "2024-02": {
      "name": "Keldeo",
      "percent": 0.07402,
      "usage": 838,
      "rank": 329
    },
    "2024-03": {
      "name": "Keldeo",
      "percent": 0.05433,
      "usage": 984,
      "rank": 372
    },
    "2024-04": {
      "name": "Keldeo",
      "percent": 0.13852,
      "usage": 1191,
      "rank": 250
    },
    "2024-05": {
      "name": "Keldeo",
      "percent": 0.1001,
      "usage": 614,
      "rank": 280
    },
    "2024-06": {
      "name": "Keldeo",
      "percent": 0.1076,
      "usage": 870,
      "rank": 279
    }
  },
  "1760": {
    "2023-12": {
      "name": "Keldeo",
      "percent": 0.01524,
      "usage": 874,
      "rank": 333
    },
    "2023-12-DLC2": {
      "name": "Keldeo",
      "percent": 0.03048,
      "usage": 743,
      "rank": 284
    },
    "2024-01": {
      "name": "Keldeo",
      "percent": 0.00877,
      "usage": 924,
      "rank": 377
    },
    "2024-02": {
      "name": "Keldeo",
      "percent": 0.01151,
      "usage": 838,
      "rank": 342
    },
    "2024-03": {
      "name": "Keldeo",
      "percent": 0.01461,
      "usage": 984,
      "rank": 332
    },
    "2024-04": {
      "name": "Keldeo",
      "percent": 0.00779,
      "usage": 1191,
      "rank": 363
    },
    "2024-05": {
      "name": "Keldeo",
      "percent": 0.02772,
      "usage": 614,
      "rank": 240
    },
    "2024-06": {
      "name": "Keldeo",
      "percent": 0.04262,
      "usage": 870,
      "rank": 211
    }
  }
}