{
  "elos": [
    "0",
    "1500",
    "1630",
    "1760"
  ],
  "firstMonth": "2022-11",
  "0": {
    "2023-09": {
      "name": "Litwick",
      "percent": 0.01465,
      "usage": 83,
      "rank": 515
    },
    "2023-09-DLC1": {
      "name": "Litwick",
      "percent": 0.02156,
      "usage": 70,
      "rank": 495
    },
    "2023-10": {
      "name": "Litwick",
      "percent": 0.03366,
      "usage": 208,
      "rank": 468
    },
    "2023-11": {
      "name": "Litwick",
      "percent": 0.05748,
      "usage": 285,
      "rank": 436
    },
    "2023-12": {
      "name": "Litwick",
      "percent": 0.00952,
      "usage": 41,
      "rank": 675
    },
    "2023-12-DLC2": {
      "name": "Litwick",
      "percent": 0.0015,
      "usage": 3,
      "rank": 784
    },
    "2024-01": {
      "name": "Litwick",
      "percent": 0.01851,
      "usage": 91,
      "rank": 607
    },
    "2024-02": {
      "name": "Litwick",
      "percent": 0.01443,
      "usage": 66,
      "rank": 636
    },
    "2024-03": {
      "name": "Litwick",
      "percent": 0.01326,
      "usage": 63,
      "rank": 642
    },
    "2024-04": {
      "name": "Litwick",
      "percent": 0.00624,
      "usage": 28,
      "rank": 705
    },
    "2024-05": {
      "name": "Litwick",
      "percent": 0.02121,
      "usage": 45,
      "rank": 582
    },
    "2024-06": {
      "name": "Litwick",
      "percent": 0.0011,
      "usage": 4,
      "rank": 809
    }
  },
  "1500": {
    "2023-09": {
      "name": "Litwick",
      "percent": 0.0104,
      "usage": 83,
      "rank": 491
    },
    "2023-09-DLC1": {
      "name": "Litwick",
      "percent": 0.0174,
      "usage": 70,
      "rank": 454
    },
    "2023-10": {
      "name": "Litwick",
      "percent": 0.00209,
      "usage": 208,
      "rank": 607
    },
    "2023-11": {
      "name": "Litwick",
      "percent": 0.00332,
      "usage": 285,
      "rank": 590
    },
    "2023-12": {
      "name": "Litwick",
      "percent": 0.00376,
      "usage": 41,
      "rank": 676
    },
    "2023-12-DLC2": {
      "name": "Litwick",
      "percent": 0.00178,
      "usage": 3,
      "rank": 717
    },
    "2024-01": {
      "name": "Litwick",
      "percent": 0.00348,
      "usage": 91,
      "rank": 681
    },
    "2024-02": {
      "name": "Litwick",
      "percent": 0.00326,
      "usage": 66,
      "rank": 712
    },
    "2024-03": {
      "name": "Litwick",
      "percent": 0.00704,
      "usage": 63,
      "rank": 624
    },
    "2024-04": {
      "name": "Litwick",
      "percent": 0.00283,
      "usage": 28,
      "rank": 695
    },
    "2024-05": {
      "name": "Litwick",
      "percent": 0.00131,
      "usage": 45,
      "rank": 726
    },
    "2024-06": {
      "name": "Litwick",
      "percent": 0.00014,
      "usage": 4,
      "rank": 816
    }
  },
  "1630": {
    "2023-09": {
      "name": "Litwick",
      "percent": 0.00082,
      "usage": 83,
      "rank": 536
    },
    "2023-09-DLC1": {
      "name": "Litwick",
      "percent": 0.00147,
      "usage": 70,
      "rank": 489
    },
    "2023-10": {
      "name": "Litwick",
      "percent": 0.0001,
      "usage": 208,
      "rank": 618
    },
    "2023-11": {
      "name": "Litwick",
      "percent": 1e-05,
      "usage": 285,
      "rank": 650
    },
    "2023-12": {
      "name": "Litwick",
      "percent": 0.0006,
      "usage": 41,
      "rank": 651
    },
    "2023-12-DLC2": {
      "name": "Litwick",
      "percent": 0.00125,
      "usage": 3,
      "rank": 597
    },
    "2024-01": {
      "name": "Litwick",
      "percent": 0.00076,
      "usage": 91,
      "rank": 646
    },
    "2024-02": {
      "name": "Litwick",
      "percent": 0.00051,
      "usage": 66,
      "rank": 674
    },
    "2024-03": {
      "name": "Litwick",
      "percent": 0.00521,
      "usage": 63,
      "rank": 546
    },
    "2024-04": {
      "name": "Litwick",
      "percent": 0.00063,
      "usage": 28,
      "rank": 629
    },
    "2024-05": {
      "name": "Litwick",
      "percent": 9e-05,
      "usage": 45,
      "rank": 694
    },
    "2024-06": {
      "name": "Litwick",
      "percent": 4e-05,
      "usage": 4,
      "rank": 728
    }
  },
  "1760": {
    "2023-09": {
      "name": "Litwick",
      "percent": 6e-05,
      "usage": 83,
      "rank": 531
    },
    "2023-09-DLC1": {
      "name": "Litwick",
      "percent": 0.0001,
      "usage": 70,
      "rank": 488
    },
    "2023-10": {
      "name": "Litwick",
      "percent": 1e-05,
      "usage": 208,
      "rank": 589
    },
    "2023-11": {
      "name": "Litwick",
      "percent": 0.0,
      "usage": 285,
      "rank": 670
    },
    "2023-12": {
      "name": "Litwick",
      "percent": 0.00024,
      "usage": 41,
      "rank": 583
    },
    "2023-12-DLC2": {
      "name": "Litwick",
      "percent": 0.00053,
      "usage": 3,
      "rank": 517
    },
    "2024-01": {
      "name": "Litwick",
      "percent": 0.00015,
      "usage": 91,
      "rank": 597
    },
    "2024-02": {
      "name": "Litwick",
      "percent": 0.00012,
      "usage": 66,
      "rank": 625
    },
    "2024-03": {
      "name": "Litwick",
      "percent": 0.00062,
      "usage": 63,
      "rank": 544
    },
    "2024-04": {
      "name": "Litwick",
      "percent": 3e-05,
      "usage": 28,
      "rank": 618
    },
    "2024-05": {
      "name": "Litwick",
      "percent": 0.0,
      "usage": 45,
      "rank": 662
    },
    "2024-06": {
      "name": "Litwick",
      "percent": 0.0,
      "usage": 4,
      "rank": 696
    }
  }
}