{
  "elos": [
    "0",
    "1500",
    "1630",
    "1760"
  ],
  "firstMonth": "2022-11",
  "0": {
    "2023-09": {
      "name": "Ogerpon",
      "percent": 1.57406,
      "usage": 8917,
      "rank": 107
    },
    "2023-09-DLC1": {
      "name": "Ogerpon",
      "percent": 2.32935,
      "usage": 7564,
      "rank": 80
    },
    "2023-10": {
      "name": "Ogerpon",
      "percent": 1.12466,
      "usage": 6950,
      "rank": 129
    },
    "2023-11": {
      "name": "Ogerpon",
      "percent": 0.9537,
      "usage": 4729,
      "rank": 147
    },
    "2023-12": {
      "name": "Ogerpon",
      "percent": 0.70036,
      "usage": 3015,
      "rank": 191
    },
    "2023-12-DLC2": {
      "name": "Ogerpon",
      "percent": 0.59211,
      "usage": 1181,
      "rank": 221
    },
    "2024-01": {
      "name": "Ogerpon",
      "percent": 0.61932,
      "usage": 3045,
      "rank": 212
    },
    "2024-02": {
      "name": "Ogerpon",
      "percent": 0.51796,
      "usage": 2369,
      "rank": 250
    },
    "2024-03": {
      "name": "Ogerpon",
      "percent": 0.42401,
      "usage": 2015,
      "rank": 276
    },
    "2024-04": {
      "name": "Ogerpon",
      "percent": 0.3972,
      "usage": 1782,
      "rank": 289
    },
    "2024-05": {
      "name": "Ogerpon",
      "percent": 0.46091,
      "usage": 978,
      "rank": 254
    },
    "2024-06": {
      "name": "Ogerpon",
      "percent": 0.40728,
      "usage": 1487,
      "rank": 276
    }
  },
  "1500": {
    "2023-09": {
      "name": "Ogerpon",
      "percent": 1.46569,
      "usage": 8917,
      "rank": 107
    },
    "2023-09-DLC1": {
      "name": "Ogerpon",
      "percent": 2.23185,
      "usage": 7564,
      "rank": 83
    },
    "2023-10": {
      "name": "Ogerpon",
      "percent": 1.04491,
      "usage": 6950,
      "rank": 124
    },
    "2023-11": {
      "name": "Ogerpon",
      "percent": 0.96977,
      "usage": 4729,
      "rank": 131
    },
    "2023-12": {
      "name": "Ogerpon",
      "percent": 0.69257,
      "usage": 3015,
      "rank": 172
    },
    "2023-12-DLC2": {
      "name": "Ogerpon",
      "percent": 0.53147,
      "usage": 1181,
      "rank": 220
    },
    "2024-01": {
      "name": "Ogerpon",
      "percent": 0.59725,
      "usage": 3045,
      "rank": 202
    },
    "2024-02": {
      "name": "Ogerpon",
      "percent": 0.45386,
      "usage": 2369,
      "rank": 236
    },
    "2024-03": {
      "name": "Ogerpon",
      "percent": 0.3844,
      "usage": 2015,
      "rank": 251
    },
    "2024-04": {
      "name": "Ogerpon",
      "percent": 0.37649,
      "usage": 1782,
      "rank": 251
    },
    "2024-05": {
      "name": "Ogerpon",
      "percent": 0.45482,
      "usage": 978,
      "rank": 223
    },
    "2024-06": {
      "name": "Ogerpon",
      "percent": 0.36287,
      "usage": 1487,
      "rank": 245
    }
  },
  "1630": {
    "2023-09": {
      "name": "Ogerpon",
      "percent": 0.89171,
      "usage": 8917,
      "rank": 115
    },
    "2023-09-DLC1": {
      "name": "Ogerpon",
      "percent": 1.44456,
      "usage": 7564,
      "rank": 88
    },
    "2023-10": {
      "name": "Ogerpon",
      "percent": 0.66374,
      "usage": 6950,
      "rank": 126
    },
    "2023-11": {
      "name": "Ogerpon",
      "percent": 0.48195,
      "usage": 4729,
      "rank": 139
    },
    "2023-12": {
      "name": "Ogerpon",
      "percent": 0.30346,
      "usage": 3015,
      "rank": 188
    },
    "2023-12-DLC2": {
      "name": "Ogerpon",
      "percent": 0.27253,
      "usage": 1181,
      "rank": 205
    },
    "2024-01": {
      "name": "Ogerpon",
      "percent": 0.30295,
      "usage": 3045,
      "rank": 198
    },
    "2024-02": {
      "name": "Ogerpon",
      "percent": 0.20776,
      "usage": 2369,
      "rank": 225
    },
    "2024-03": {
      "name": "Ogerpon",
      "percent": 0.13859,
      "usage": 2015,
      "rank": 270
    },
    "2024-04": {
      "name": "Ogerpon",
      "percent": 0.21811,
      "usage": 1782,
      "rank": 212
    },
    "2024-05": {
      "name": "Ogerpon",
      "percent": 0.10547,
      "usage": 978,
      "rank": 276
    },
    "2024-06": {
      "name": "Ogerpon",
      "percent": 0.12704,
      "usage": 1487,
      "rank": 250
    }
  },
  "1760": {
    "2023-09": {
      "name": "Ogerpon",
      "percent": 0.20815,
      "usage": 8917,
      "rank": 152
    },
    "2023-09-DLC1": {
      "name": "Ogerpon",
      "percent": 0.3409,
      "usage": 7564,
      "rank": 122
    },
    "2023-10": {
      "name": "Ogerpon",
      "percent": 0.20552,
      "usage": 6950,
      "rank": 137
    },
    "2023-11": {
      "name": "Ogerpon",
      "percent": 0.08841,
      "usage": 4729,
      "rank": 173
    },
    "2023-12": {
      "name": "Ogerpon",
      "percent": 0.11704,
      "usage": 3015,
      "rank": 183
    },
    "2023-12-DLC2": {
      "name": "Ogerpon",
      "percent": 0.19285,
      "usage": 1181,
      "rank": 150
    },
    "2024-01": {
      "name": "Ogerpon",
      "percent": 0.07961,
      "usage": 3045,
      "rank": 202
    },
    "2024-02": {
      "name": "Ogerpon",
      "percent": 0.05207,
      "usage": 2369,
      "rank": 216
    },
    "2024-03": {
      "name": "Ogerpon",
      "percent": 0.02637,
      "usage": 2015,
      "rank": 281
    },
    "2024-04": {
      "name": "Ogerpon",
      "percent": 0.044,
      "usage": 1782,
      "rank": 214
    },
    "2024-05": {
      "name": "Ogerpon",
      "percent": 0.01365,
      "usage": 978,
      "rank": 309
    },
    "2024-06": {
      "name": "Ogerpon",
      "percent": 0.0237,
      "usage": 1487,
      "rank": 255
    }
  }
}