{
  "elos": [
    "0",
    "1500",
    "1630",
    "1760"
  ],
  "firstMonth": "2022-11",
  "0": {
    "2022-11": {
      "name": "Salamence",
      "percent": 1.07942,
      "usage": 6244,
      "rank": 99
    },
    "2022-12": {
      "name": "Salamence",
      "percent": 1.39479,
      "usage": 15233,
      "rank": 79
    },
    "2023-01": {
      "name": "Salamence",
      "percent": 1.95699,
      "usage": 15799,
      "rank": 71
    },
    "2023-02": {
      "name": "Salamence",
      "percent": 2.06011,
      "usage": 11963,
      "rank": 70
    },
    "2023-03": {
      "name": "Salamence",
      "percent": 2.19171,
      "usage": 12177,
      "rank": 71
    },
    "2023-04": {
      "name": "Salamence",
      "percent": 2.34427,
      "usage": 11073,
      "rank": 67
    },
    "2023-05": {
      "name": "Salamence",
      "percent": 2.58166,
      "usage": 12019,
      "rank": 62
    },
    "2023-06": {
      "name": "Salamence",
      "percent": 1.71757,
      "usage": 8129,
      "rank": 96
    },
    "2023-07": {
      "name": "Salamence",
      "percent": 2.02088,
      "usage": 9294,
      "rank": 83
    },
    "2023-08": {
      "name": "Salamence",
      "percent": 1.97696,
      "usage": 9485,
      "rank": 83
    },
    "2023-09": {
      "name": "Salamence",
      "percent": 1.77723,
      "usage": 10068,
      "rank": 94
    },
    "2023-09-DLC1": {
      "name": "Salamence",
      "percent": 1.53268,
      "usage": 4977,
      "rank": 113
    },
    "2023-10": {
      "name": "Salamence",
      "percent": 1.33632,
      "usage": 8258,
      "rank": 118
    },
    "2023-11": {
      "name": "Salamence",
      "percent": 1.63232,
      "usage": 8094,
      "rank": 102
    },
    "2023-12": {
      "name": "Salamence",
      "percent": 1.49504,
      "usage": 6436,
      "rank": 111
    },
    "2023-12-DLC2": {
      "name": "Salamence",
      "percent": 1.45045,
      "usage": 2893,
      "rank": 115
    },
    "2024-01": {
      "name": "Salamence",
      "percent": 1.21768,
      "usage": 5987,
      "rank": 136
    },
    "2024-02": {
      "name": "Salamence",
      "percent": 1.30528,
      "usage": 5970,
      "rank": 124
    },
    "2024-03": {
      "name": "Salamence",
      "percent": 1.35768,
      "usage": 6452,
      "rank": 119
    },
    "2024-04": {
      "name": "Salamence",
      "percent": 1.3969,
      "usage": 6267,
      "rank": 116
    },
    "2024-05": {
      "name": "Salamence",
      "percent": 1.39121,
      "usage": 2952,
      "rank": 112
    },
    "2024-06": {
      "name": "Salamence",
      "percent": 1.3577,
      "usage": 4957,
      "rank": 117
    }
  },
  "1500": {
    "2022-11": {
      "name": "Salamence",
      "percent": 1.07572,
      "usage": 6244,
      "rank": 97
    },
    "2022-12": {
      "name": "Salamence",
      "percent": 1.39132,
      "usage": 15233,
      "rank": 78
    },
    "2023-01": {
      "name": "Salamence",
      "percent": 1.95452,
      "usage": 15799,
      "rank": 71
    },
    "2023-02": {
      "name": "Salamence",
      "percent": 2.00239,
      "usage": 11963,
      "rank": 70
    },
    "2023-03": {
      "name": "Salamence",
      "percent": 2.11713,
      "usage": 12177,
      "rank": 73
    },
    "2023-04": {
      "name": "Salamence",
      "percent": 2.17947,
      "usage": 11073,
      "rank": 66
    },
    "2023-05": {
      "name": "Salamence",
      "percent": 2.50096,
      "usage": 12019,
      "rank": 60
    },
    "2023-06": {
      "name": "Salamence",
      "percent": 1.48628,
      "usage": 8129,
      "rank": 98
    },
    "2023-07": {
      "name": "Salamence",
      "percent": 1.77688,
      "usage": 9294,
      "rank": 84
    },
    "2023-08": {
      "name": "Salamence",
      "percent": 1.70726,
      "usage": 9485,
      "rank": 87
    },
    "2023-09": {
      "name": "Salamence",
      "percent": 1.65368,
      "usage": 10068,
      "rank": 92
    },
    "2023-09-DLC1": {
      "name": "Salamence",
      "percent": 1.44053,
      "usage": 4977,
      "rank": 110
    },
    "2023-10": {
      "name": "Salamence",
      "percent": 1.15348,
      "usage": 8258,
      "rank": 116
    },
    "2023-11": {
      "name": "Salamence",
      "percent": 1.16469,
      "usage": 8094,
      "rank": 113
    },
    "2023-12": {
      "name": "Salamence",
      "percent": 1.0233,
      "usage": 6436,
      "rank": 130
    },
    "2023-12-DLC2": {
      "name": "Salamence",
      "percent": 1.02742,
      "usage": 2893,
      "rank": 139
    },
    "2024-01": {
      "name": "Salamence",
      "percent": 1.0411,
      "usage": 5987,
      "rank": 136
    },
    "2024-02": {
      "name": "Salamence",
      "percent": 1.10763,
      "usage": 5970,
      "rank": 123
    },
    "2024-03": {
      "name": "Salamence",
      "percent": 1.14284,
      "usage": 6452,
      "rank": 123
    },
    "2024-04": {
      "name": "Salamence",
      "percent": 0.97036,
      "usage": 6267,
      "rank": 138
    },
    "2024-05": {
      "name": "Salamence",
      "percent": 1.14167,
      "usage": 2952,
      "rank": 118
    },
    "2024-06": {
      "name": "Salamence",
      "percent": 1.13022,
      "usage": 4957,
      "rank": 123
    }
  },
  "1630": {
    "2022-11": {
      "name": "Salamence",
      "percent": 0.7621,
      "usage": 6244,
      "rank": 95
    },
    "2022-12": {
      "name": "Salamence",
      "percent": 0.78573,
      "usage": 15233,
      "rank": 96
    },
    "2023-01": {
      "name": "Salamence",
      "percent": 2.06634,
      "usage": 15799,
      "rank": 59
    },
    "2023-02": {
      "name": "Salamence",
      "percent": 0.91205,
      "usage": 11963,
      "rank": 88
    },
    "2023-03": {
      "name": "Salamence",
      "percent": 1.65674,
      "usage": 12177,
      "rank": 72
    },
    "2023-04": {
      "name": "Salamence",
      "percent": 1.72365,
      "usage": 11073,
      "rank": 66
    },
    "2023-05": {
      "name": "Salamence",
      "percent": 1.07237,
      "usage": 12019,
      "rank": 83
    },
    "2023-06": {
      "name": "Salamence",
      "percent": 0.72156,
      "usage": 8129,
      "rank": 113
    },
    "2023-07": {
      "name": "Salamence",
      "percent": 1.11202,
      "usage": 9294,
      "rank": 90
    },
    "2023-08": {
      "name": "Salamence",
      "percent": 0.97857,
      "usage": 9485,
      "rank": 97
    },
    "2023-09": {
      "name": "Salamence",
      "percent": 0.91599,
      "usage": 10068,
      "rank": 109
    },
    "2023-09-DLC1": {
      "name": "Salamence",
      "percent": 0.59916,
      "usage": 4977,
      "rank": 151
    },
    "2023-10": {
      "name": "Salamence",
      "percent": 0.47577,
      "usage": 8258,
      "rank": 151
    },
    "2023-11": {
      "name": "Salamence",
      "percent": 0.34548,
      "usage": 8094,
      "rank": 171
    },
    "2023-12": {
      "name": "Salamence",
      "percent": 0.42595,
      "usage": 6436,
      "rank": 164
    },
    "2023-12-DLC2": {
      "name": "Salamence",
      "percent": 0.35405,
      "usage": 2893,
      "rank": 183
    },
    "2024-01": {
      "name": "Salamence",
      "percent": 0.52724,
      "usage": 5987,
      "rank": 148
    },
    "2024-02": {
      "name": "Salamence",
      "percent": 0.38225,
      "usage": 5970,
      "rank": 164
    },
    "2024-03": {
      "name": "Salamence",
      "percent": 0.31365,
      "usage": 6452,
      "rank": 191
    },
    "2024-04": {
      "name": "Salamence",
      "percent": 0.23486,
      "usage": 6267,
      "rank": 203
    },
    "2024-05": {
      "name": "Salamence",
      "percent": 0.30763,
      "usage": 2952,
      "rank": 165
    },
    "2024-06": {
      "name": "Salamence",
      "percent": 0.32169,
      "usage": 4957,
      "rank": 169
    }
  },
  "1760": {
    "2022-11": {
      "name": "Salamence",
      "percent": 0.30482,
      "usage": 6244,
      "rank": 117
    },
    "2022-12": {
      "name": "Salamence",