{
  "elos": [
    "0",
    "1500",
    "1630",
    "1760"
  ],
  "firstMonth": "2022-11",
  "0": {
    "2022-11": {
      "name": "Slaking",
      "percent": 0.51516,
      "usage": 2980,
      "rank": 146
    },
    "2022-12": {
      "name": "Slaking",
      "percent": 0.48501,
      "usage": 5297,
      "rank": 154
    },
    "2023-01": {
      "name": "Slaking",
      "percent": 0.69589,
      "usage": 5618,
      "rank": 138
    },
    "2023-02": {
      "name": "Slaking",
      "percent": 0.84054,
      "usage": 4881,
      "rank": 129
    },
    "2023-03": {
      "name": "Slaking",
      "percent": 0.77629,
      "usage": 4313,
      "rank": 131
    },
    "2023-04": {
      "name": "Slaking",
      "percent": 0.64445,
      "usage": 3044,
      "rank": 151
    },
    "2023-05": {
      "name": "Slaking",
      "percent": 0.72022,
      "usage": 3353,
      "rank": 150
    },
    "2023-06": {
      "name": "Slaking",
      "percent": 0.62753,
      "usage": 2970,
      "rank": 187
    },
    "2023-07": {
      "name": "Slaking",
      "percent": 0.61296,
      "usage": 2819,
      "rank": 188
    },
    "2023-08": {
      "name": "Slaking",
      "percent": 0.50294,
      "usage": 2413,
      "rank": 215
    },
    "2023-09": {
      "name": "Slaking",
      "percent": 0.41112,
      "usage": 2329,
      "rank": 264
    },
    "2023-09-DLC1": {
      "name": "Slaking",
      "percent": 0.4142,
      "usage": 1345,
      "rank": 259
    },
    "2023-10": {
      "name": "Slaking",
      "percent": 0.55488,
      "usage": 3429,
      "rank": 219
    },
    "2023-11": {
      "name": "Slaking",
      "percent": 0.51628,
      "usage": 2560,
      "rank": 227
    },
    "2023-12": {
      "name": "Slaking",
      "percent": 0.33775,
      "usage": 1454,
      "rank": 309
    },
    "2023-12-DLC2": {
      "name": "Slaking",
      "percent": 0.30282,
      "usage": 604,
      "rank": 339
    },
    "2024-01": {
      "name": "Slaking",
      "percent": 0.35572,
      "usage": 1749,
      "rank": 303
    },
    "2024-02": {
      "name": "Slaking",
      "percent": 0.31615,
      "usage": 1446,
      "rank": 323
    },
    "2024-03": {
      "name": "Slaking",
      "percent": 0.33269,
      "usage": 1581,
      "rank": 319
    },
    "2024-04": {
      "name": "Slaking",
      "percent": 0.51757,
      "usage": 2322,
      "rank": 241
    },
    "2024-05": {
      "name": "Slaking",
      "percent": 0.34592,
      "usage": 734,
      "rank": 304
    },
    "2024-06": {
      "name": "Slaking",
      "percent": 0.3829,
      "usage": 1398,
      "rank": 291
    }
  },
  "1500": {
    "2022-11": {
      "name": "Slaking",
      "percent": 0.49277,
      "usage": 2980,
      "rank": 147
    },
    "2022-12": {
      "name": "Slaking",
      "percent": 0.46911,
      "usage": 5297,
      "rank": 153
    },
    "2023-01": {
      "name": "Slaking",
      "percent": 0.66888,
      "usage": 5618,
      "rank": 138
    },
    "2023-02": {
      "name": "Slaking",
      "percent": 0.77901,
      "usage": 4881,
      "rank": 130
    },
    "2023-03": {
      "name": "Slaking",
      "percent": 0.68251,
      "usage": 4313,
      "rank": 135
    },
    "2023-04": {
      "name": "Slaking",
      "percent": 0.48422,
      "usage": 3044,
      "rank": 153
    },
    "2023-05": {
      "name": "Slaking",
      "percent": 0.46772,
      "usage": 3353,
      "rank": 163
    },
    "2023-06": {
      "name": "Slaking",
      "percent": 0.43066,
      "usage": 2970,
      "rank": 205
    },
    "2023-07": {
      "name": "Slaking",
      "percent": 0.48747,
      "usage": 2819,
      "rank": 187
    },
    "2023-08": {
      "name": "Slaking",
      "percent": 0.33215,
      "usage": 2413,
      "rank": 228
    },
    "2023-09": {
      "name": "Slaking",
      "percent": 0.31108,
      "usage": 2329,
      "rank": 269
    },
    "2023-09-DLC1": {
      "name": "Slaking",
      "percent": 0.32194,
      "usage": 1345,
      "rank": 260
    },
    "2023-10": {
      "name": "Slaking",
      "percent": 0.44531,
      "usage": 3429,
      "rank": 224
    },
    "2023-11": {
      "name": "Slaking",
      "percent": 0.38471,
      "usage": 2560,
      "rank": 230
    },
    "2023-12": {
      "name": "Slaking",
      "percent": 0.22843,
      "usage": 1454,
      "rank": 326
    },
    "2023-12-DLC2": {
      "name": "Slaking",
      "percent": 0.20045,
      "usage": 604,
      "rank": 349
    },
    "2024-01": {
      "name": "Slaking",
      "percent": 0.2334,
      "usage": 1749,
      "rank": 321
    },
    "2024-02": {
      "name": "Slaking",
      "percent": 0.25033,
      "usage": 1446,
      "rank": 312
    },
    "2024-03": {
      "name": "Slaking",
      "percent": 0.24902,
      "usage": 1581,
      "rank": 313
    },
    "2024-04": {
      "name": "Slaking",
      "percent": 0.25427,
      "usage": 2322,
      "rank": 313
    },
    "2024-05": {
      "name": "Slaking",
      "percent": 0.26043,
      "usage": 734,
      "rank": 298
    },
    "2024-06": {
      "name": "Slaking",
      "percent": 0.27787,
      "usage": 1398,
      "rank": 285
    }
  },
  "1630": {
    "2022-11": {
      "name": "Slaking",
      "percent": 0.07157,
      "usage": 2980,
      "rank": 176
    },
    "2022-12": {
      "name": "Slaking",
      "percent": 0.19106,
      "usage": 5297,
      "rank": 152
    },
    "2023-01": {
      "name": "Slaking",
      "percent": 0.18844,
      "usage": 5618,
      "rank": 156
    },
    "2023-02": {
      "name": "Slaking",
      "percent": 0.30729,
      "usage": 4881,
      "rank": 141
    },
    "2023-03": {
      "name": "Slaking",
      "percent": 0.19485,
      "usage": 4313,
      "rank": 156
    },
    "2023-04": {
      "name": "Slaking",
      "percent": 0.11551,
      "usage": 3044,
      "rank": 179
    },
    "2023-05": {
      "name": "Slaking",
      "percent": 0.1459,
      "usage": 3353,
      "rank": 207
    },
    "2023-06": {
      "name": "Slaking",
      "percent": 0.17142,
      "usage": 2970,
      "rank": 210
    },
    "2023-07": {
      "name": "Slaking",
      "percent": 0.21103,
      "usage": 2819,
      "rank": 194
    },
    "2023-08": {
      "name": "Slaking",
      "percent": 0.13632,
      "usage": 2413,
      "rank": 232
    },
    "2023-09": {
      "name": "Slaking",
      "percent": 0.16703,
      "usage": 2329,
      "rank": 249
    },
    "2023-09-DLC1": {
      "name": "Slaking",
      "percent": 0.1843,
      "usage": 1345,
      "rank": 241
    },
    "2023-10": {
      "name": "Slaking",
      "percent": 0.16916,
      "usage": 3429,
      "rank": 241
    },
    "2023-11": {
      "name": "Slaking",
      "percent": 0.14721,
      "usage": 2560,
      "rank": 238
    },
    "2023-12": {
      "name": "Slaking",
      "percent": 0.03151,
      "usage": 1454,
      "rank": 415
    },
    "2023-12-DLC2": {
      "name": "Slaking",
      "percent": 0.02479,
      "usage": 604,
      "rank": 426
    },
    "2024-01": {
      "name": "Slaking",
      "percent": 0.06427,
      "usage": 1749,
      "rank": 360
    },
    "2024-02": {
      "name": "Slaking",
      "percent": 0.10696,
      "usage": 1446,
      "rank": 293
    },
    "2024-03": {
      "name": "Slaking",
      "percent": 0.09266,
      "usage": 1581,
      "rank": 324
    },
    "2024-04": {
      "name": "Slaking",
      "percent": 0.05648,
      "usage": 2322,
      "rank": 347
    },
    "2024-05": {
      "name": "Slaking",
      "percent": 0.10539,
      "usage": 734,
      "rank": 277
    },
    "2024-06": {
      "name": "Slaking",
      "percent": 0.17806,
      "usage": 1398,
      "rank": 219
    }
  },
  "1760": {
    "2022-11": {
      "name": "Slaking",
      "percent": 0.09368,
      "usage": 2980,
      "rank": 140
    },
    "2022-12": {
      "name": "Slaking",
      "percent": 0.12423,
      "usage": 5297,
      "rank": 119
    },
    "2023-01": {
      "name": "Slaking",
      "percent": 0.0155,