{
  "elos": [
    "0",
    "1500",
    "1630",
    "1760"
  ],
  "firstMonth": "2022-11",
  "0": {
    "2023-12": {
      "name": "Solgaleo",
      "percent": 0.31174,
      "usage": 1342,
      "rank": 326
    },
    "2023-12-DLC2": {
      "name": "Solgaleo",
      "percent": 0.60214,
      "usage": 1201,
      "rank": 217
    },
    "2024-01": {
      "name": "Solgaleo",
      "percent": 0.65145,
      "usage": 3203,
      "rank": 203
    },
    "2024-02": {
      "name": "Solgaleo",
      "percent": 0.48516,
      "usage": 2219,
      "rank": 258
    },
    "2024-03": {
      "name": "Solgaleo",
      "percent": 0.50355,
      "usage": 2393,
      "rank": 245
    },
    "2024-04": {
      "name": "Solgaleo",
      "percent": 0.50865,
      "usage": 2282,
      "rank": 247
    },
    "2024-05": {
      "name": "Solgaleo",
      "percent": 0.4053,
      "usage": 860,
      "rank": 273
    },
    "2024-06": {
      "name": "Solgaleo",
      "percent": 0.4081,
      "usage": 1490,
      "rank": 274
    }
  },
  "1500": {
    "2023-12": {
      "name": "Solgaleo",
      "percent": 0.27432,
      "usage": 1342,
      "rank": 295
    },
    "2023-12-DLC2": {
      "name": "Solgaleo",
      "percent": 0.52777,
      "usage": 1201,
      "rank": 221
    },
    "2024-01": {
      "name": "Solgaleo",
      "percent": 0.40418,
      "usage": 3203,
      "rank": 247
    },
    "2024-02": {
      "name": "Solgaleo",
      "percent": 0.35975,
      "usage": 2219,
      "rank": 267
    },
    "2024-03": {
      "name": "Solgaleo",
      "percent": 0.34572,
      "usage": 2393,
      "rank": 264
    },
    "2024-04": {
      "name": "Solgaleo",
      "percent": 0.31542,
      "usage": 2282,
      "rank": 277
    },
    "2024-05": {
      "name": "Solgaleo",
      "percent": 0.2914,
      "usage": 860,
      "rank": 281
    },
    "2024-06": {
      "name": "Solgaleo",
      "percent": 0.31123,
      "usage": 1490,
      "rank": 270
    }
  },
  "1630": {
    "2023-12": {
      "name": "Solgaleo",
      "percent": 0.11425,
      "usage": 1342,
      "rank": 290
    },
    "2023-12-DLC2": {
      "name": "Solgaleo",
      "percent": 0.24622,
      "usage": 1201,
      "rank": 219
    },
    "2024-01": {
      "name": "Solgaleo",
      "percent": 0.19334,
      "usage": 3203,
      "rank": 241
    },
    "2024-02": {
      "name": "Solgaleo",
      "percent": 0.15055,
      "usage": 2219,
      "rank": 263
    },
    "2024-03": {
      "name": "Solgaleo",
      "percent": 0.1578,
      "usage": 2393,
      "rank": 252
    },
    "2024-04": {
      "name": "Solgaleo",
      "percent": 0.17361,
      "usage": 2282,
      "rank": 234
    },
    "2024-05": {
      "name": "Solgaleo",
      "percent": 0.10736,
      "usage": 860,
      "rank": 273
    },
    "2024-06": {
      "name": "Solgaleo",
      "percent": 0.1127,
      "usage": 1490,
      "rank": 277
    }
  },
  "1760": {
    "2023-12": {
      "name": "Solgaleo",
      "percent": 0.01351,
      "usage": 1342,
      "rank": 345
    },
    "2023-12-DLC2": {
      "name": "Solgaleo",
      "percent": 0.03019,
      "usage": 1201,
      "rank": 285
    },
    "2024-01": {
      "name": "Solgaleo",
      "percent": 0.0836,
      "usage": 3203,
      "rank": 197
    },
    "2024-02": {
      "name": "Solgaleo",
      "percent": 0.0229,
      "usage": 2219,
      "rank": 294
    },
    "2024-03": {
      "name": "Solgaleo",
      "percent": 0.0419,
      "usage": 2393,
      "rank": 239
    },
    "2024-04": {
      "name": "Solgaleo",
      "percent": 0.06625,
      "usage": 2282,
      "rank": 189
    },
    "2024-05": {
      "name": "Solgaleo",
      "percent": 0.02194,
      "usage": 860,
      "rank": 268
    },
    "2024-06": {
      "name": "Solgaleo",
      "percent": 0.12715,
      "usage": 1490,
      "rank": 147
    }
  }
}