{
  "elos": [
    "0",
    "1500",
    "1630",
    "1760"
  ],
  "firstMonth": "2022-11",
  "0": {
    "2022-11": {
      "name": "Vigoroth",
      "percent": 0.03285,
      "usage": 190,
      "rank": 291
    },
    "2022-12": {
      "name": "Vigoroth",
      "percent": 0.04935,
      "usage": 539,
      "rank": 269
    },
    "2023-01": {
      "name": "Vigoroth",
      "percent": 0.07494,
      "usage": 605,
      "rank": 256
    },
    "2023-02": {
      "name": "Vigoroth",
      "percent": 0.04994,
      "usage": 290,
      "rank": 285
    },
    "2023-03": {
      "name": "Vigoroth",
      "percent": 0.05076,
      "usage": 282,
      "rank": 287
    },
    "2023-04": {
      "name": "Vigoroth",
      "percent": 0.16111,
      "usage": 761,
      "rank": 238
    },
    "2023-05": {
      "name": "Vigoroth",
      "percent": 0.15616,
      "usage": 727,
      "rank": 263
    },
    "2023-06": {
      "name": "Vigoroth",
      "percent": 0.08071,
      "usage": 382,
      "rank": 353
    },
    "2023-07": {
      "name": "Vigoroth",
      "percent": 0.04501,
      "usage": 207,
      "rank": 381
    },
    "2023-08": {
      "name": "Vigoroth",
      "percent": 0.0792,
      "usage": 380,
      "rank": 356
    },
    "2023-09": {
      "name": "Vigoroth",
      "percent": 0.08508,
      "usage": 482,
      "rank": 408
    },
    "2023-09-DLC1": {
      "name": "Vigoroth",
      "percent": 0.07422,
      "usage": 241,
      "rank": 411
    },
    "2023-10": {
      "name": "Vigoroth",
      "percent": 0.07541,
      "usage": 466,
      "rank": 416
    },
    "2023-11": {
      "name": "Vigoroth",
      "percent": 0.08894,
      "usage": 441,
      "rank": 409
    },
    "2023-12": {
      "name": "Vigoroth",
      "percent": 0.06969,
      "usage": 300,
      "rank": 503
    },
    "2023-12-DLC2": {
      "name": "Vigoroth",
      "percent": 0.03861,
      "usage": 77,
      "rank": 541
    },
    "2024-01": {
      "name": "Vigoroth",
      "percent": 0.05797,
      "usage": 285,
      "rank": 518
    },
    "2024-02": {
      "name": "Vigoroth",
      "percent": 0.12747,
      "usage": 583,
      "rank": 444
    },
    "2024-03": {
      "name": "Vigoroth",
      "percent": 0.08123,
      "usage": 386,
      "rank": 492
    },
    "2024-04": {
      "name": "Vigoroth",
      "percent": 0.04703,
      "usage": 211,
      "rank": 529
    },
    "2024-05": {
      "name": "Vigoroth",
      "percent": 0.06692,
      "usage": 142,
      "rank": 499
    },
    "2024-06": {
      "name": "Vigoroth",
      "percent": 0.10463,
      "usage": 382,
      "rank": 463
    }
  },
  "1500": {
    "2022-11": {
      "name": "Vigoroth",
      "percent": 0.02914,
      "usage": 190,
      "rank": 291
    },
    "2022-12": {
      "name": "Vigoroth",
      "percent": 0.04691,
      "usage": 539,
      "rank": 268
    },
    "2023-01": {
      "name": "Vigoroth",
      "percent": 0.07171,
      "usage": 605,
      "rank": 253
    },
    "2023-02": {
      "name": "Vigoroth",
      "percent": 0.04865,
      "usage": 290,
      "rank": 279
    },
    "2023-03": {
      "name": "Vigoroth",
      "percent": 0.04367,
      "usage": 282,
      "rank": 283
    },
    "2023-04": {
      "name": "Vigoroth",
      "percent": 0.11084,
      "usage": 761,
      "rank": 229
    },
    "2023-05": {
      "name": "Vigoroth",
      "percent": 0.14967,
      "usage": 727,
      "rank": 250
    },
    "2023-06": {
      "name": "Vigoroth",
      "percent": 0.04855,
      "usage": 382,
      "rank": 351
    },
    "2023-07": {
      "name": "Vigoroth",
      "percent": 0.03573,
      "usage": 207,
      "rank": 365
    },
    "2023-08": {
      "name": "Vigoroth",
      "percent": 0.05297,
      "usage": 380,
      "rank": 349
    },
    "2023-09": {
      "name": "Vigoroth",
      "percent": 0.04731,
      "usage": 482,
      "rank": 415
    },
    "2023-09-DLC1": {
      "name": "Vigoroth",
      "percent": 0.04463,
      "usage": 241,
      "rank": 414
    },
    "2023-10": {
      "name": "Vigoroth",
      "percent": 0.07749,
      "usage": 466,
      "rank": 382
    },
    "2023-11": {
      "name": "Vigoroth",
      "percent": 0.03739,
      "usage": 441,
      "rank": 419
    },
    "2023-12": {
      "name": "Vigoroth",
      "percent": 0.04048,
      "usage": 300,
      "rank": 493
    },
    "2023-12-DLC2": {
      "name": "Vigoroth",
      "percent": 0.0192,
      "usage": 77,
      "rank": 534
    },
    "2024-01": {
      "name": "Vigoroth",
      "percent": 0.02122,
      "usage": 285,
      "rank": 542
    },
    "2024-02": {
      "name": "Vigoroth",
      "percent": 0.04207,
      "usage": 583,
      "rank": 495
    },
    "2024-03": {
      "name": "Vigoroth",
      "percent": 0.03785,
      "usage": 386,
      "rank": 502
    },
    "2024-04": {
      "name": "Vigoroth",
      "percent": 0.02301,
      "usage": 211,
      "rank": 527
    },
    "2024-05": {
      "name": "Vigoroth",
      "percent": 0.05667,
      "usage": 142,
      "rank": 471
    },
    "2024-06": {
      "name": "Vigoroth",
      "percent": 0.03845,
      "usage": 382,
      "rank": 496
    }
  },
  "1630": {
    "2022-11": {
      "name": "Vigoroth",
      "percent": 0.0,
      "usage": 190,
      "rank": 328
    },
    "2022-12": {
      "name": "Vigoroth",
      "percent": 0.0,
      "usage": 539,
      "rank": 351
    },
    "2023-01": {
      "name": "Vigoroth",
      "percent": 9e-05,
      "usage": 605,
      "rank": 320
    },
    "2023-02": {
      "name": "Vigoroth",
      "percent": 0.04693,
      "usage": 290,
      "rank": 224
    },
    "2023-03": {
      "name": "Vigoroth",
      "percent": 0.01553,
      "usage": 282,
      "rank": 267
    },
    "2023-04": {
      "name": "Vigoroth",
      "percent": 0.0507,
      "usage": 761,
      "rank": 219
    },
    "2023-05": {
      "name": "Vigoroth",
      "percent": 0.02282,
      "usage": 727,
      "rank": 316
    },
    "2023-06": {
      "name": "Vigoroth",
      "percent": 0.01635,
      "usage": 382,
      "rank": 346
    },
    "2023-07": {
      "name": "Vigoroth",
      "percent": 0.00692,
      "usage": 207,
      "rank": 382
    },
    "2023-08": {
      "name": "Vigoroth",
      "percent": 0.02352,
      "usage": 380,
      "rank": 327
    },
    "2023-09": {
      "name": "Vigoroth",
      "percent": 0.01286,
      "usage": 482,
      "rank": 414
    },
    "2023-09-DLC1": {
      "name": "Vigoroth",
      "percent": 0.01329,
      "usage": 241,
      "rank": 408
    },
    "2023-10": {
      "name": "Vigoroth",
      "percent": 0.01695,
      "usage": 466,
      "rank": 391
    },
    "2023-11": {
      "name": "Vigoroth",
      "percent": 0.00527,
      "usage": 441,
      "rank": 450
    },
    "2023-12": {
      "name": "Vigoroth",
      "percent": 0.00115,
      "usage": 300,
      "rank": 621
    },
    "2023-12-DLC2": {
      "name": "Vigoroth",
      "percent": 0.00153,
      "usage": 77,
      "rank": 586
    },
    "2024-01": {
      "name": "Vigoroth",
      "percent": 0.0085,
      "usage": 285,
      "rank": 505
    },
    "2024-02": {
      "name": "Vigoroth",
      "percent": 0.0122,
      "usage": 583,
      "rank": 477
    },
    "2024-03": {
      "name": "Vigoroth",
      "percent": 0.02035,
      "usage": 386,
      "rank": 452
    },
    "2024-04": {
      "name": "Vigoroth",
      "percent": 0.00034,
      "usage": 211,
      "rank": 646
    },
    "2024-05": {
      "name": "Vigoroth",
      "percent": 0.05896,
      "usage": 142,
      "rank": 342
    },
    "2024-06": {
      "name": "Vigoroth",
      "percent": 0.01203,
      "usage": 382,
      "rank": 458
    }
  },
  "1760": {
    "2022-11": {
      "name": "Vigoroth",
      "percent": 0.0,
      "usage": 190,
      "rank": 326
    },
    "2022-12": {
      "name": "Vigoroth",
      "percent": 0.0,
      "usage": 539,
      "rank": 347
    },
    "2023-01": {
      "name": "Vigoroth",
      "percent": 0.0,
      "usage": 605,