{
  "2022-11": {
    "name": "Drampa",
    "percent": 0.13231,
    "usage": 782,
    "rank": 470
  },
  "2022-12": {
    "name": "Drampa",
    "percent": 0.15315,
    "usage": 1882,
    "rank": 457
  },
  "2023-01": {
    "name": "Drampa",
    "percent": 0.17992,
    "usage": 2443,
    "rank": 425
  },
  "2023-02": {
    "name": "Drampa",
    "percent": 0.20012,
    "usage": 3123,
    "rank": 398
  },
  "2023-03": {
    "name": "Drampa",
    "percent": 0.15779,
    "usage": 2783,
    "rank": 434
  },
  "2023-04": {
    "name": "Drampa",
    "percent": 0.14954,
    "usage": 2632,
    "rank": 439
  },
  "2023-05": {
    "name": "Drampa",
    "percent": 0.17944,
    "usage": 3349,
    "rank": 407
  },
  "2023-06": {
    "name": "Drampa",
    "percent": 0.19395,
    "usage": 3261,
    "rank": 379
  },
  "2023-07": {
    "name": "Drampa",
    "percent": 0.17504,
    "usage": 2833,
    "rank": 405
  },
  "2023-08": {
    "name": "Drampa",
    "percent": 0.19762,
    "usage": 3636,
    "rank": 375
  },
  "2023-09": {
    "name": "Drampa",
    "percent": 0.16738,
    "usage": 2870,
    "rank": 413
  },
  "2023-09-DLC1": {
    "name": "Drampa",
    "percent": 0.17356,
    "usage": 1481,
    "rank": 399
  },
  "2023-10": {
    "name": "Drampa",
    "percent": 0.18774,
    "usage": 2960,
    "rank": 399
  },
  "2023-11": {
    "name": "Drampa",
    "percent": 0.17984,
    "usage": 2432,
    "rank": 423
  },
  "2023-12": {
    "name": "Drampa",
    "percent": 0.14178,
    "usage": 1813,
    "rank": 461
  },
  "2023-12-DLC2": {
    "name": "Drampa",
    "percent": 0.15004,
    "usage": 822,
    "rank": 438
  },
  "2024-01": {
    "name": "Drampa",
    "percent": 0.1942,
    "usage": 2397,
    "rank": 381
  },
  "2024-02": {
    "name": "Drampa",
    "percent": 0.20604,
    "usage": 2668,
    "rank": 362
  },
  "2024-03": {
    "name": "Drampa",
    "percent": 0.13419,
    "usage": 1806,
    "rank": 463
  },
  "2024-04": {
    "name": "Drampa",
    "percent": 0.14563,
    "usage": 1771,
    "rank": 455
  },
  "2024-05": {
    "name": "Drampa",
    "percent": 0.19661,
    "usage": 1176,
    "rank": 377
  },
  "2024-06": {
    "name": "Drampa",
    "percent": 0.15497,
    "usage": 2022,
    "rank": 394
  }
}