{
  "2022-11": {
    "name": "Girafarig",
    "percent": 0.02341,
    "usage": 1185,
    "rank": 228
  },
  "2022-12": {
    "name": "Girafarig",
    "percent": 0.02099,
    "usage": 1421,
    "rank": 231
  },
  "2023-01": {
    "name": "Girafarig",
    "percent": 0.02486,
    "usage": 1088,
    "rank": 236
  },
  "2023-02": {
    "name": "Girafarig",
    "percent": 0.02813,
    "usage": 825,
    "rank": 234
  },
  "2023-03": {
    "name": "Girafarig",
    "percent": 0.03903,
    "usage": 1180,
    "rank": 224
  },
  "2023-04": {
    "name": "Girafarig",
    "percent": 0.03939,
    "usage": 941,
    "rank": 231
  },
  "2023-05": {
    "name": "Girafarig",
    "percent": 0.02495,
    "usage": 640,
    "rank": 295
  },
  "2023-06": {
    "name": "Girafarig",
    "percent": 0.01358,
    "usage": 543,
    "rank": 298
  },
  "2023-07": {
    "name": "Girafarig",
    "percent": 0.02001,
    "usage": 535,
    "rank": 289
  },
  "2023-08": {
    "name": "Girafarig",
    "percent": 0.01668,
    "usage": 417,
    "rank": 296
  },
  "2023-09": {
    "name": "Girafarig",
    "percent": 0.01276,
    "usage": 488,
    "rank": 359
  },
  "2023-09-DLC1": {
    "name": "Girafarig",
    "percent": 0.00847,
    "usage": 204,
    "rank": 368
  },
  "2023-10": {
    "name": "Girafarig",
    "percent": 0.00784,
    "usage": 268,
    "rank": 378
  },
  "2023-11": {
    "name": "Girafarig",
    "percent": 0.01572,
    "usage": 421,
    "rank": 353
  },
  "2023-12": {
    "name": "Girafarig",
    "percent": 0.01066,
    "usage": 397,
    "rank": 437
  },
  "2023-12-DLC2": {
    "name": "Girafarig",
    "percent": 0.00832,
    "usage": 178,
    "rank": 441
  },
  "2024-01": {
    "name": "Girafarig",
    "percent": 0.01797,
    "usage": 676,
    "rank": 422
  },
  "2024-02": {
    "name": "Girafarig",
    "percent": 0.01155,
    "usage": 326,
    "rank": 448
  },
  "2024-03": {
    "name": "Girafarig",
    "percent": 0.01586,
    "usage": 422,
    "rank": 436
  },
  "2024-04": {
    "name": "Girafarig",
    "percent": 0.02062,
    "usage": 480,
    "rank": 425
  },
  "2024-05": {
    "name": "Girafarig",
    "percent": 0.02404,
    "usage": 256,
    "rank": 420
  },
  "2024-06": {
    "name": "Girafarig",
    "percent": 0.0285,
    "usage": 589,
    "rank": 414
  }
}