{
  "2023-09": {
    "name": "Manaphy",
    "percent": 0.34832,
    "usage": 5593,
    "rank": 121
  },
  "2023-09-DLC1": {
    "name": "Manaphy",
    "percent": 0.55684,
    "usage": 5170,
    "rank": 101
  },
  "2023-10": {
    "name": "Manaphy",
    "percent": 0.39626,
    "usage": 12213,
    "rank": 109
  },
  "2023-11": {
    "name": "Manaphy",
    "percent": 0.3246,
    "usage": 8754,
    "rank": 112
  },
  "2023-12": {
    "name": "Manaphy",
    "percent": 0.15662,
    "usage": 6975,
    "rank": 163
  },
  "2023-12-DLC2": {
    "name": "Manaphy",
    "percent": 0.08196,
    "usage": 2831,
    "rank": 202
  },
  "2024-01": {
    "name": "Manaphy",
    "percent": 0.73882,
    "usage": 5885,
    "rank": 88
  },
  "2024-02": {
    "name": "Manaphy",
    "percent": 0.05109,
    "usage": 5580,
    "rank": 217
  },
  "2024-03": {
    "name": "Manaphy",
    "percent": 0.06452,
    "usage": 6499,
    "rank": 205
  },
  "2024-04": {
    "name": "Manaphy",
    "percent": 0.02349,
    "usage": 6144,
    "rank": 267
  },
  "2024-05": {
    "name": "Manaphy",
    "percent": 0.11941,
    "usage": 2478,
    "rank": 149
  },
  "2024-06": {
    "name": "Manaphy",
    "percent": 0.07663,
    "usage": 6083,
    "rank": 171
  }
}