{
  "2023-05": {
    "name": "Zarude",
    "percent": 0.02385,
    "usage": 1629,
    "rank": 212
  },
  "2023-06": {
    "name": "Zarude",
    "percent": 0.22909,
    "usage": 19155,
    "rank": 115
  },
  "2023-07": {
    "name": "Zarude",
    "percent": 0.11347,
    "usage": 7515,
    "rank": 140
  },
  "2023-08": {
    "name": "Zarude",
    "percent": 0.11995,
    "usage": 6962,
    "rank": 126
  },
  "2023-09": {
    "name": "Zarude",
    "percent": 0.08622,
    "usage": 5510,
    "rank": 177
  },
  "2023-09-DLC1": {
    "name": "Zarude",
    "percent": 0.06319,
    "usage": 2848,
    "rank": 182
  },
  "2023-10": {
    "name": "Zarude",
    "percent": 0.32765,
    "usage": 4835,
    "rank": 109
  },
  "2023-11": {
    "name": "Zarude",
    "percent": 0.32252,
    "usage": 5963,
    "rank": 106
  },
  "2023-12": {
    "name": "Zarude",
    "percent": 0.05695,
    "usage": 3992,
    "rank": 216
  },
  "2023-12-DLC2": {
    "name": "Zarude",
    "percent": 0.05274,
    "usage": 1799,
    "rank": 205
  },
  "2024-01": {
    "name": "Zarude",
    "percent": 0.1045,
    "usage": 2961,
    "rank": 163
  },
  "2024-02": {
    "name": "Zarude",
    "percent": 0.07942,
    "usage": 3526,
    "rank": 175
  },
  "2024-03": {
    "name": "Zarude",
    "percent": 0.25672,
    "usage": 4185,
    "rank": 118
  },
  "2024-04": {
    "name": "Zarude",
    "percent": 0.08491,
    "usage": 3548,
    "rank": 178
  },
  "2024-05": {
    "name": "Zarude",
    "percent": 0.10114,
    "usage": 1738,
    "rank": 162
  },
  "2024-06": {
    "name": "Zarude",
    "percent": 0.04715,
    "usage": 3085,
    "rank": 209
  }
}