{
  "2022-11": {
    "name": "Kartana",
    "percent": 3.2386,
    "usage": 18836,
    "rank": 48
  },
  "2022-12": {
    "name": "Kartana",
    "percent": 3.06432,
    "usage": 36985,
    "rank": 46
  },
  "2023-01": {
    "name": "Kartana",
    "percent": 4.18064,
    "usage": 55408,
    "rank": 34
  },
  "2023-02": {
    "name": "Kartana",
    "percent": 5.76898,
    "usage": 85157,
    "rank": 30
  },
  "2023-03": {
    "name": "Kartana",
    "percent": 6.64078,
    "usage": 108311,
    "rank": 21
  },
  "2023-04": {
    "name": "Kartana",
    "percent": 5.8333,
    "usage": 92411,
    "rank": 31
  },
  "2023-05": {
    "name": "Kartana",
    "percent": 5.86699,
    "usage": 100464,
    "rank": 32
  },
  "2023-06": {
    "name": "Kartana",
    "percent": 4.60488,
    "usage": 71972,
    "rank": 39
  },
  "2023-07": {
    "name": "Kartana",
    "percent": 5.75529,
    "usage": 82056,
    "rank": 32
  },
  "2023-08": {
    "name": "Kartana",
    "percent": 6.45034,
    "usage": 105956,
    "rank": 31
  },
  "2023-09": {
    "name": "Kartana",
    "percent": 5.77166,
    "usage": 92104,
    "rank": 33
  },
  "2023-09-DLC1": {
    "name": "Kartana",
    "percent": 4.74031,
    "usage": 39642,
    "rank": 38
  },
  "2023-10": {
    "name": "Kartana",
    "percent": 4.18543,
    "usage": 63503,
    "rank": 38
  },
  "2023-11": {
    "name": "Kartana",
    "percent": 4.96408,
    "usage": 61638,
    "rank": 35
  },
  "2023-12": {
    "name": "Kartana",
    "percent": 5.3828,
    "usage": 63915,
    "rank": 34
  },
  "2023-12-DLC2": {
    "name": "Kartana",
    "percent": 4.32815,
    "usage": 23330,
    "rank": 45
  },
  "2024-01": {
    "name": "Kartana",
    "percent": 3.99675,
    "usage": 46458,
    "rank": 46
  },
  "2024-02": {
    "name": "Kartana",
    "percent": 3.93509,
    "usage": 50898,
    "rank": 48
  },
  "2024-03": {
    "name": "Kartana",
    "percent": 4.84272,
    "usage": 59744,
    "rank": 42
  },
  "2024-04": {
    "name": "Kartana",
    "percent": 5.64765,
    "usage": 63609,
    "rank": 35
  },
  "2024-05": {
    "name": "Kartana",
    "percent": 7.75507,
    "usage": 39156,
    "rank": 20
  },
  "2024-06": {
    "name": "Kartana",
    "percent": 6.55883,
    "usage": 77041,
    "rank": 26
  }
}