{
  "2022-11": {
    "name": "Tsareena",
    "percent": 0.33557,
    "usage": 2038,
    "rank": 318
  },
  "2022-12": {
    "name": "Tsareena",
    "percent": 0.49811,
    "usage": 6355,
    "rank": 256
  },
  "2023-01": {
    "name": "Tsareena",
    "percent": 0.43564,
    "usage": 6195,
    "rank": 257
  },
  "2023-02": {
    "name": "Tsareena",
    "percent": 0.60106,
    "usage": 10235,
    "rank": 208
  },
  "2023-03": {
    "name": "Tsareena",
    "percent": 0.38576,
    "usage": 8186,
    "rank": 243
  },
  "2023-04": {
    "name": "Tsareena",
    "percent": 0.37621,
    "usage": 8732,
    "rank": 219
  },
  "2023-05": {
    "name": "Tsareena",
    "percent": 0.39222,
    "usage": 9530,
    "rank": 210
  },
  "2023-06": {
    "name": "Tsareena",
    "percent": 0.25631,
    "usage": 6860,
    "rank": 251
  },
  "2023-07": {
    "name": "Tsareena",
    "percent": 0.28458,
    "usage": 6837,
    "rank": 248
  },
  "2023-08": {
    "name": "Tsareena",
    "percent": 0.27491,
    "usage": 8033,
    "rank": 245
  },
  "2023-09": {
    "name": "Tsareena",
    "percent": 0.1665,
    "usage": 5920,
    "rank": 314
  },
  "2023-09-DLC1": {
    "name": "Tsareena",
    "percent": 0.12002,
    "usage": 2598,
    "rank": 349
  },
  "2023-10": {
    "name": "Tsareena",
    "percent": 0.22941,
    "usage": 6045,
    "rank": 277
  },
  "2023-11": {
    "name": "Tsareena",
    "percent": 0.41863,
    "usage": 7175,
    "rank": 206
  },
  "2023-12": {
    "name": "Tsareena",
    "percent": 0.46119,
    "usage": 7148,
    "rank": 198
  },
  "2023-12-DLC2": {
    "name": "Tsareena",
    "percent": 0.3083,
    "usage": 2600,
    "rank": 232
  },
  "2024-01": {
    "name": "Tsareena",
    "percent": 0.162,
    "usage": 4146,
    "rank": 297
  },
  "2024-02": {
    "name": "Tsareena",
    "percent": 0.15881,
    "usage": 4151,
    "rank": 305
  },
  "2024-03": {
    "name": "Tsareena",
    "percent": 0.16881,
    "usage": 4949,
    "rank": 305
  },
  "2024-04": {
    "name": "Tsareena",
    "percent": 0.1311,
    "usage": 4855,
    "rank": 338
  },
  "2024-05": {
    "name": "Tsareena",
    "percent": 0.10871,
    "usage": 1966,
    "rank": 348
  },
  "2024-06": {
    "name": "Tsareena",
    "percent": 0.11885,
    "usage": 3704,
    "rank": 316
  }
}