{
  "2022-11": {
    "name": "Grimmsnarl",
    "percent": 3.73688,
    "usage": 21543,
    "rank": 40
  },
  "2022-12": {
    "name": "Grimmsnarl",
    "percent": 5.34578,
    "usage": 64922,
    "rank": 23
  },
  "2023-01": {
    "name": "Grimmsnarl",
    "percent": 5.18892,
    "usage": 70139,
    "rank": 29
  },
  "2023-02": {
    "name": "Grimmsnarl",
    "percent": 5.17024,
    "usage": 79592,
    "rank": 33
  },
  "2023-03": {
    "name": "Grimmsnarl",
    "percent": 4.58876,
    "usage": 80244,
    "rank": 37
  },
  "2023-04": {
    "name": "Grimmsnarl",
    "percent": 4.26182,
    "usage": 74776,
    "rank": 40
  },
  "2023-05": {
    "name": "Grimmsnarl",
    "percent": 3.36174,
    "usage": 68659,
    "rank": 42
  },
  "2023-06": {
    "name": "Grimmsnarl",
    "percent": 2.85356,
    "usage": 50624,
    "rank": 52
  },
  "2023-07": {
    "name": "Grimmsnarl",
    "percent": 2.98515,
    "usage": 53793,
    "rank": 46
  },
  "2023-08": {
    "name": "Grimmsnarl",
    "percent": 2.65495,
    "usage": 55375,
    "rank": 52
  },
  "2023-09": {
    "name": "Grimmsnarl",
    "percent": 3.47799,
    "usage": 60954,
    "rank": 43
  },
  "2023-09-DLC1": {
    "name": "Grimmsnarl",
    "percent": 3.5372,
    "usage": 30652,
    "rank": 42
  },
  "2023-10": {
    "name": "Grimmsnarl",
    "percent": 2.76329,
    "usage": 47372,
    "rank": 60
  },
  "2023-11": {
    "name": "Grimmsnarl",
    "percent": 2.9386,
    "usage": 44074,
    "rank": 58
  },
  "2023-12": {
    "name": "Grimmsnarl",
    "percent": 3.08055,
    "usage": 42599,
    "rank": 53
  },
  "2023-12-DLC2": {
    "name": "Grimmsnarl",
    "percent": 3.29803,
    "usage": 19562,
    "rank": 51
  },
  "2024-01": {
    "name": "Grimmsnarl",
    "percent": 2.85669,
    "usage": 38114,
    "rank": 59
  },
  "2024-02": {
    "name": "Grimmsnarl",
    "percent": 2.31837,
    "usage": 33475,
    "rank": 68
  },
  "2024-03": {
    "name": "Grimmsnarl",
    "percent": 2.65579,
    "usage": 36856,
    "rank": 62
  },
  "2024-04": {
    "name": "Grimmsnarl",
    "percent": 2.5028,
    "usage": 33728,
    "rank": 68
  },
  "2024-05": {
    "name": "Grimmsnarl",
    "percent": 3.09087,
    "usage": 16985,
    "rank": 56
  },
  "2024-06": {
    "name": "Grimmsnarl",
    "percent": 2.27924,
    "usage": 31412,
    "rank": 69
  }
}