{
  "2022-11": {
    "name": "Orbeetle",
    "percent": 0.0016,
    "usage": 799,
    "rank": 537
  },
  "2022-12": {
    "name": "Orbeetle",
    "percent": 0.03758,
    "usage": 2116,
    "rank": 381
  },
  "2023-01": {
    "name": "Orbeetle",
    "percent": 0.04138,
    "usage": 2228,
    "rank": 372
  },
  "2023-02": {
    "name": "Orbeetle",
    "percent": 0.02571,
    "usage": 3051,
    "rank": 435
  },
  "2023-03": {
    "name": "Orbeetle",
    "percent": 0.01729,
    "usage": 3530,
    "rank": 464
  },
  "2023-04": {
    "name": "Orbeetle",
    "percent": 0.01833,
    "usage": 3292,
    "rank": 468
  },
  "2023-05": {
    "name": "Orbeetle",
    "percent": 0.02422,
    "usage": 3189,
    "rank": 444
  },
  "2023-06": {
    "name": "Orbeetle",
    "percent": 0.02504,
    "usage": 3795,
    "rank": 411
  },
  "2023-07": {
    "name": "Orbeetle",
    "percent": 0.02904,
    "usage": 2742,
    "rank": 399
  },
  "2023-08": {
    "name": "Orbeetle",
    "percent": 0.02127,
    "usage": 2909,
    "rank": 441
  },
  "2023-09": {
    "name": "Orbeetle",
    "percent": 0.03537,
    "usage": 2942,
    "rank": 381
  },
  "2023-09-DLC1": {
    "name": "Orbeetle",
    "percent": 0.01056,
    "usage": 1419,
    "rank": 493
  },
  "2023-10": {
    "name": "Orbeetle",
    "percent": 0.02078,
    "usage": 2042,
    "rank": 444
  },
  "2023-11": {
    "name": "Orbeetle",
    "percent": 0.01307,
    "usage": 2067,
    "rank": 494
  },
  "2023-12": {
    "name": "Orbeetle",
    "percent": 0.00761,
    "usage": 1506,
    "rank": 554
  },
  "2023-12-DLC2": {
    "name": "Orbeetle",
    "percent": 0.00905,
    "usage": 812,
    "rank": 499
  },
  "2024-01": {
    "name": "Orbeetle",
    "percent": 0.0205,
    "usage": 2234,
    "rank": 426
  },
  "2024-02": {
    "name": "Orbeetle",
    "percent": 0.03049,
    "usage": 2058,
    "rank": 388
  },
  "2024-03": {
    "name": "Orbeetle",
    "percent": 0.01419,
    "usage": 1827,
    "rank": 492
  },
  "2024-04": {
    "name": "Orbeetle",
    "percent": 0.01906,
    "usage": 2102,
    "rank": 452
  },
  "2024-05": {
    "name": "Orbeetle",
    "percent": 0.02057,
    "usage": 765,
    "rank": 421
  },
  "2024-06": {
    "name": "Orbeetle",
    "percent": 0.01831,
    "usage": 1866,
    "rank": 424
  }
}