{
  "2022-11": {
    "name": "Scovillain",
    "percent": 2.26578,
    "usage": 114709,
    "rank": 60
  },
  "2022-12": {
    "name": "Scovillain",
    "percent": 1.74849,
    "usage": 118382,
    "rank": 56
  },
  "2023-01": {
    "name": "Scovillain",
    "percent": 1.21657,
    "usage": 53247,
    "rank": 73
  },
  "2023-02": {
    "name": "Scovillain",
    "percent": 1.23312,
    "usage": 36162,
    "rank": 75
  },
  "2023-03": {
    "name": "Scovillain",
    "percent": 2.0673,
    "usage": 62501,
    "rank": 51
  },
  "2023-04": {
    "name": "Scovillain",
    "percent": 0.89567,
    "usage": 21398,
    "rank": 86
  },
  "2023-05": {
    "name": "Scovillain",
    "percent": 0.49593,
    "usage": 12722,
    "rank": 139
  },
  "2023-06": {
    "name": "Scovillain",
    "percent": 0.21039,
    "usage": 8413,
    "rank": 178
  },
  "2023-07": {
    "name": "Scovillain",
    "percent": 0.24226,
    "usage": 6478,
    "rank": 166
  },
  "2023-08": {
    "name": "Scovillain",
    "percent": 0.27123,
    "usage": 6782,
    "rank": 158
  },
  "2023-09": {
    "name": "Scovillain",
    "percent": 0.21362,
    "usage": 8169,
    "rank": 205
  },
  "2023-09-DLC1": {
    "name": "Scovillain",
    "percent": 0.14847,
    "usage": 3578,
    "rank": 226
  },
  "2023-10": {
    "name": "Scovillain",
    "percent": 0.17737,
    "usage": 6063,
    "rank": 208
  },
  "2023-11": {
    "name": "Scovillain",
    "percent": 0.1744,
    "usage": 4672,
    "rank": 220
  },
  "2023-12": {
    "name": "Scovillain",
    "percent": 0.11022,
    "usage": 4105,
    "rank": 306
  },
  "2023-12-DLC2": {
    "name": "Scovillain",
    "percent": 0.08043,
    "usage": 1721,
    "rank": 310
  },
  "2024-01": {
    "name": "Scovillain",
    "percent": 0.10949,
    "usage": 4119,
    "rank": 289
  },
  "2024-02": {
    "name": "Scovillain",
    "percent": 0.1233,
    "usage": 3479,
    "rank": 287
  },
  "2024-03": {
    "name": "Scovillain",
    "percent": 0.11135,
    "usage": 2962,
    "rank": 301
  },
  "2024-04": {
    "name": "Scovillain",
    "percent": 0.17013,
    "usage": 3960,
    "rank": 255
  },
  "2024-05": {
    "name": "Scovillain",
    "percent": 0.22099,
    "usage": 2353,
    "rank": 238
  },
  "2024-06": {
    "name": "Scovillain",
    "percent": 0.20236,
    "usage": 4182,
    "rank": 249
  }
}