{
  "2022-11": {
    "name": "Tapu Fini",
    "percent": 2.17551,
    "usage": 12296,
    "rank": 74
  },
  "2022-12": {
    "name": "Tapu Fini",
    "percent": 2.25338,
    "usage": 26563,
    "rank": 67
  },
  "2023-01": {
    "name": "Tapu Fini",
    "percent": 2.50486,
    "usage": 32670,
    "rank": 59
  },
  "2023-02": {
    "name": "Tapu Fini",
    "percent": 2.28232,
    "usage": 32890,
    "rank": 61
  },
  "2023-03": {
    "name": "Tapu Fini",
    "percent": 2.57734,
    "usage": 39632,
    "rank": 56
  },
  "2023-04": {
    "name": "Tapu Fini",
    "percent": 3.00194,
    "usage": 40002,
    "rank": 52
  },
  "2023-05": {
    "name": "Tapu Fini",
    "percent": 2.61095,
    "usage": 37973,
    "rank": 52
  },
  "2023-06": {
    "name": "Tapu Fini",
    "percent": 2.44741,
    "usage": 32728,
    "rank": 56
  },
  "2023-07": {
    "name": "Tapu Fini",
    "percent": 3.02175,
    "usage": 37390,
    "rank": 43
  },
  "2023-08": {
    "name": "Tapu Fini",
    "percent": 2.90461,
    "usage": 42150,
    "rank": 50
  },
  "2023-09": {
    "name": "Tapu Fini",
    "percent": 2.48576,
    "usage": 33639,
    "rank": 58
  },
  "2023-09-DLC1": {
    "name": "Tapu Fini",
    "percent": 2.10262,
    "usage": 14171,
    "rank": 72
  },
  "2023-10": {
    "name": "Tapu Fini",
    "percent": 2.32974,
    "usage": 27632,
    "rank": 67
  },
  "2023-11": {
    "name": "Tapu Fini",
    "percent": 2.07073,
    "usage": 21331,
    "rank": 77
  },
  "2023-12": {
    "name": "Tapu Fini",
    "percent": 1.89931,
    "usage": 20017,
    "rank": 82
  },
  "2023-12-DLC2": {
    "name": "Tapu Fini",
    "percent": 1.82708,
    "usage": 8425,
    "rank": 86
  },
  "2024-01": {
    "name": "Tapu Fini",
    "percent": 2.80606,
    "usage": 25861,
    "rank": 62
  },
  "2024-02": {
    "name": "Tapu Fini",
    "percent": 3.21573,
    "usage": 32215,
    "rank": 55
  },
  "2024-03": {
    "name": "Tapu Fini",
    "percent": 2.57606,
    "usage": 27481,
    "rank": 66
  },
  "2024-04": {
    "name": "Tapu Fini",
    "percent": 2.61943,
    "usage": 25632,
    "rank": 66
  },
  "2024-05": {
    "name": "Tapu Fini",
    "percent": 2.54817,
    "usage": 12164,
    "rank": 67
  },
  "2024-06": {
    "name": "Tapu Fini",
    "percent": 2.7109,
    "usage": 28983,
    "rank": 60
  }
}