{
  "2022-11": {
    "name": "Orthworm",
    "percent": 2.2536,
    "usage": 6706,
    "rank": 51
  },
  "2022-12": {
    "name": "Orthworm",
    "percent": 2.18729,
    "usage": 9842,
    "rank": 46
  },
  "2023-01": {
    "name": "Orthworm",
    "percent": 1.70744,
    "usage": 5500,
    "rank": 59
  },
  "2023-02": {
    "name": "Orthworm",
    "percent": 2.85064,
    "usage": 6768,
    "rank": 46
  },
  "2023-03": {
    "name": "Orthworm",
    "percent": 2.23905,
    "usage": 5257,
    "rank": 54
  },
  "2023-04": {
    "name": "Orthworm",
    "percent": 2.6782,
    "usage": 5480,
    "rank": 42
  },
  "2023-05": {
    "name": "Orthworm",
    "percent": 2.13377,
    "usage": 4272,
    "rank": 52
  },
  "2023-06": {
    "name": "Orthworm",
    "percent": 1.16361,
    "usage": 3815,
    "rank": 74
  },
  "2023-07": {
    "name": "Orthworm",
    "percent": 1.24373,
    "usage": 2718,
    "rank": 71
  },
  "2023-08": {
    "name": "Orthworm",
    "percent": 1.07312,
    "usage": 2432,
    "rank": 78
  },
  "2023-09": {
    "name": "Orthworm",
    "percent": 0.65482,
    "usage": 2341,
    "rank": 108
  },
  "2023-09-DLC1": {
    "name": "Orthworm",
    "percent": 0.67257,
    "usage": 1241,
    "rank": 121
  },
  "2023-10": {
    "name": "Orthworm",
    "percent": 0.64167,
    "usage": 2239,
    "rank": 109
  },
  "2023-11": {
    "name": "Orthworm",
    "percent": 0.69543,
    "usage": 2214,
    "rank": 99
  },
  "2023-12": {
    "name": "Orthworm",
    "percent": 1.29978,
    "usage": 4370,
    "rank": 89
  },
  "2023-12-DLC2": {
    "name": "Orthworm",
    "percent": 1.85817,
    "usage": 2892,
    "rank": 69
  },
  "2024-01": {
    "name": "Orthworm",
    "percent": 1.33896,
    "usage": 4933,
    "rank": 89
  },
  "2024-02": {
    "name": "Orthworm",
    "percent": 1.09755,
    "usage": 3778,
    "rank": 90
  },
  "2024-03": {
    "name": "Orthworm",
    "percent": 0.77439,
    "usage": 3228,
    "rank": 101
  },
  "2024-04": {
    "name": "Orthworm",
    "percent": 0.53711,
    "usage": 2085,
    "rank": 124
  },
  "2024-05": {
    "name": "Orthworm",
    "percent": 0.82229,
    "usage": 1205,
    "rank": 99
  },
  "2024-06": {
    "name": "Orthworm",
    "percent": 0.87294,
    "usage": 2643,
    "rank": 102
  }
}