{
  "2022-11": {
    "name": "Appletun",
    "percent": 0.00065,
    "usage": 2346,
    "rank": 497
  },
  "2022-12": {
    "name": "Appletun",
    "percent": 0.01615,
    "usage": 5633,
    "rank": 327
  },
  "2023-01": {
    "name": "Appletun",
    "percent": 0.03347,
    "usage": 4583,
    "rank": 313
  },
  "2023-02": {
    "name": "Appletun",
    "percent": 0.00286,
    "usage": 4707,
    "rank": 517
  },
  "2023-03": {
    "name": "Appletun",
    "percent": 0.01784,
    "usage": 4776,
    "rank": 365
  },
  "2023-04": {
    "name": "Appletun",
    "percent": 0.00548,
    "usage": 3557,
    "rank": 485
  },
  "2023-05": {
    "name": "Appletun",
    "percent": 0.00579,
    "usage": 4334,
    "rank": 485
  },
  "2023-06": {
    "name": "Appletun",
    "percent": 0.01228,
    "usage": 3843,
    "rank": 359
  },
  "2023-07": {
    "name": "Appletun",
    "percent": 0.00208,
    "usage": 3488,
    "rank": 568
  },
  "2023-08": {
    "name": "Appletun",
    "percent": 0.00809,
    "usage": 3873,
    "rank": 440
  },
  "2023-09": {
    "name": "Appletun",
    "percent": 0.00751,
    "usage": 4461,
    "rank": 441
  },
  "2023-09-DLC1": {
    "name": "Appletun",
    "percent": 0.00367,
    "usage": 2140,
    "rank": 481
  },
  "2023-10": {
    "name": "Appletun",
    "percent": 0.00983,
    "usage": 3542,
    "rank": 424
  },
  "2023-11": {
    "name": "Appletun",
    "percent": 0.00348,
    "usage": 3014,
    "rank": 513
  },
  "2023-12": {
    "name": "Appletun",
    "percent": 0.00819,
    "usage": 2513,
    "rank": 429
  },
  "2023-12-DLC2": {
    "name": "Appletun",
    "percent": 0.01262,
    "usage": 989,
    "rank": 338
  },
  "2024-01": {
    "name": "Appletun",
    "percent": 0.00997,
    "usage": 2045,
    "rank": 386
  },
  "2024-02": {
    "name": "Appletun",
    "percent": 0.00286,
    "usage": 2154,
    "rank": 513
  },
  "2024-03": {
    "name": "Appletun",
    "percent": 0.00687,
    "usage": 1825,
    "rank": 447
  },
  "2024-04": {
    "name": "Appletun",
    "percent": 0.00123,
    "usage": 1772,
    "rank": 569
  },
  "2024-05": {
    "name": "Appletun",
    "percent": 0.00265,
    "usage": 792,
    "rank": 488
  },
  "2024-06": {
    "name": "Appletun",
    "percent": 0.00047,
    "usage": 1656,
    "rank": 608
  }
}