{
  "2023-01": {
    "name": "Greninja",
    "percent": 0.77271,
    "usage": 6817,
    "rank": 97
  },
  "2023-02": {
    "name": "Greninja",
    "percent": 2.40352,
    "usage": 38964,
    "rank": 53
  },
  "2023-03": {
    "name": "Greninja",
    "percent": 2.06668,
    "usage": 29635,
    "rank": 67
  },
  "2023-04": {
    "name": "Greninja",
    "percent": 2.70579,
    "usage": 24372,
    "rank": 50
  },
  "2023-05": {
    "name": "Greninja",
    "percent": 1.86093,
    "usage": 18804,
    "rank": 65
  },
  "2023-06": {
    "name": "Greninja",
    "percent": 1.64775,
    "usage": 16013,
    "rank": 68
  },
  "2023-07": {
    "name": "Greninja",
    "percent": 1.5706,
    "usage": 21723,
    "rank": 79
  },
  "2023-08": {
    "name": "Greninja",
    "percent": 2.31602,
    "usage": 29420,
    "rank": 55
  },
  "2023-09": {
    "name": "Greninja",
    "percent": 2.10422,
    "usage": 29048,
    "rank": 65
  },
  "2023-09-DLC1": {
    "name": "Greninja",
    "percent": 2.19114,
    "usage": 16450,
    "rank": 64
  },
  "2023-10": {
    "name": "Greninja",
    "percent": 1.94415,
    "usage": 31662,
    "rank": 68
  },
  "2023-11": {
    "name": "Greninja",
    "percent": 1.38815,
    "usage": 25784,
    "rank": 81
  },
  "2023-12": {
    "name": "Greninja",
    "percent": 1.24818,
    "usage": 21682,
    "rank": 93
  },
  "2023-12-DLC2": {
    "name": "Greninja",
    "percent": 1.19734,
    "usage": 8874,
    "rank": 99
  },
  "2024-01": {
    "name": "Greninja",
    "percent": 1.13702,
    "usage": 19198,
    "rank": 96
  },
  "2024-02": {
    "name": "Greninja",
    "percent": 0.9363,
    "usage": 17090,
    "rank": 103
  },
  "2024-03": {
    "name": "Greninja",
    "percent": 1.18265,
    "usage": 20715,
    "rank": 92
  },
  "2024-04": {
    "name": "Greninja",
    "percent": 0.85169,
    "usage": 18341,
    "rank": 101
  },
  "2024-05": {
    "name": "Greninja",
    "percent": 0.69356,
    "usage": 8919,
    "rank": 116
  },
  "2024-06": {
    "name": "Greninja",
    "percent": 0.85891,
    "usage": 13070,
    "rank": 97
  }
}