{
  "2023-09": {
    "name": "Probopass",
    "percent": 0.08913,
    "usage": 7241,
    "rank": 226
  },
  "2023-09-DLC1": {
    "name": "Probopass",
    "percent": 0.11335,
    "usage": 6063,
    "rank": 206
  },
  "2023-10": {
    "name": "Probopass",
    "percent": 0.02899,
    "usage": 2600,
    "rank": 280
  },
  "2023-11": {
    "name": "Probopass",
    "percent": 0.02219,
    "usage": 1776,
    "rank": 294
  },
  "2023-12": {
    "name": "Probopass",
    "percent": 0.02333,
    "usage": 1838,
    "rank": 355
  },
  "2023-12-DLC2": {
    "name": "Probopass",
    "percent": 0.01255,
    "usage": 686,
    "rank": 367
  },
  "2024-01": {
    "name": "Probopass",
    "percent": 0.01835,
    "usage": 1370,
    "rank": 363
  },
  "2024-02": {
    "name": "Probopass",
    "percent": 0.02382,
    "usage": 1518,
    "rank": 355
  },
  "2024-03": {
    "name": "Probopass",
    "percent": 0.03717,
    "usage": 1614,
    "rank": 319
  },
  "2024-04": {
    "name": "Probopass",
    "percent": 0.01351,
    "usage": 1334,
    "rank": 384
  },
  "2024-05": {
    "name": "Probopass",
    "percent": 1.05919,
    "usage": 10411,
    "rank": 85
  },
  "2024-06": {
    "name": "Probopass",
    "percent": 0.44308,
    "usage": 8837,
    "rank": 134
  }
}