{
  "2022-11": {
    "name": "Annihilape",
    "percent": 1.99416,
    "usage": 18666,
    "rank": 46
  },
  "2022-12": {
    "name": "Annihilape",
    "percent": 9.53432,
    "usage": 40418,
    "rank": 18
  },
  "2023-01": {
    "name": "Annihilape",
    "percent": 12.25784,
    "usage": 49506,
    "rank": 15
  },
  "2023-02": {
    "name": "Annihilape",
    "percent": 12.12409,
    "usage": 39904,
    "rank": 17
  },
  "2023-03": {
    "name": "Annihilape",
    "percent": 12.13321,
    "usage": 35052,
    "rank": 15
  },
  "2023-04": {
    "name": "Annihilape",
    "percent": 11.98319,
    "usage": 30972,
    "rank": 15
  },
  "2023-05": {
    "name": "Annihilape",
    "percent": 13.11459,
    "usage": 28525,
    "rank": 12
  },
  "2023-06": {
    "name": "Annihilape",
    "percent": 11.09656,
    "usage": 37000,
    "rank": 15
  },
  "2023-07": {
    "name": "Annihilape",
    "percent": 9.73096,
    "usage": 26605,
    "rank": 18
  },
  "2023-08": {
    "name": "Annihilape",
    "percent": 7.30713,
    "usage": 22989,
    "rank": 22
  },
  "2023-09": {
    "name": "Annihilape",
    "percent": 6.38716,
    "usage": 23201,
    "rank": 26
  },
  "2023-09-DLC1": {
    "name": "Annihilape",
    "percent": 6.14221,
    "usage": 12996,
    "rank": 27
  },
  "2023-10": {
    "name": "Annihilape",
    "percent": 5.29731,
    "usage": 27945,
    "rank": 29
  },
  "2023-11": {
    "name": "Annihilape",
    "percent": 5.74761,
    "usage": 26712,
    "rank": 27
  },
  "2023-12": {
    "name": "Annihilape",
    "percent": 2.83332,
    "usage": 25834,
    "rank": 47
  },
  "2023-12-DLC2": {
    "name": "Annihilape",
    "percent": 2.41845,
    "usage": 12019,
    "rank": 46
  },
  "2024-01": {
    "name": "Annihilape",
    "percent": 3.0431,
    "usage": 29599,
    "rank": 40
  },
  "2024-02": {
    "name": "Annihilape",
    "percent": 2.80186,
    "usage": 25228,
    "rank": 40
  },
  "2024-03": {
    "name": "Annihilape",
    "percent": 1.92776,
    "usage": 22782,
    "rank": 43
  },
  "2024-04": {
    "name": "Annihilape",
    "percent": 1.90651,
    "usage": 19845,
    "rank": 45
  },
  "2024-05": {
    "name": "Annihilape",
    "percent": 1.95991,
    "usage": 11439,
    "rank": 41
  },
  "2024-06": {
    "name": "Annihilape",
    "percent": 2.29849,
    "usage": 19806,
    "rank": 42
  }
}