{
  "2022-11": {
    "name": "Barraskewda",
    "percent": 1.47047,
    "usage": 4183,
    "rank": 74
  },
  "2022-12": {
    "name": "Barraskewda",
    "percent": 0.17969,
    "usage": 5607,
    "rank": 154
  },
  "2023-01": {
    "name": "Barraskewda",
    "percent": 0.83225,
    "usage": 5364,
    "rank": 96
  },
  "2023-02": {
    "name": "Barraskewda",
    "percent": 0.57862,
    "usage": 3866,
    "rank": 109
  },
  "2023-03": {
    "name": "Barraskewda",
    "percent": 0.28636,
    "usage": 2958,
    "rank": 137
  },
  "2023-04": {
    "name": "Barraskewda",
    "percent": 0.24197,
    "usage": 2545,
    "rank": 146
  },
  "2023-05": {
    "name": "Barraskewda",
    "percent": 0.32176,
    "usage": 2003,
    "rank": 154
  },
  "2023-06": {
    "name": "Barraskewda",
    "percent": 0.13793,
    "usage": 1613,
    "rank": 227
  },
  "2023-07": {
    "name": "Barraskewda",
    "percent": 0.29571,
    "usage": 1903,
    "rank": 166
  },
  "2023-08": {
    "name": "Barraskewda",
    "percent": 0.33044,
    "usage": 1978,
    "rank": 170
  },
  "2023-09": {
    "name": "Barraskewda",
    "percent": 0.32087,
    "usage": 2140,
    "rank": 194
  },
  "2023-09-DLC1": {
    "name": "Barraskewda",
    "percent": 0.2834,
    "usage": 1173,
    "rank": 211
  },
  "2023-10": {
    "name": "Barraskewda",
    "percent": 0.22144,
    "usage": 2358,
    "rank": 217
  },
  "2023-11": {
    "name": "Barraskewda",
    "percent": 0.26849,
    "usage": 1733,
    "rank": 191
  },
  "2023-12": {
    "name": "Barraskewda",
    "percent": 0.19916,
    "usage": 1771,
    "rank": 236
  },
  "2023-12-DLC2": {
    "name": "Barraskewda",
    "percent": 0.25532,
    "usage": 790,
    "rank": 214
  },
  "2024-01": {
    "name": "Barraskewda",
    "percent": 0.28539,
    "usage": 2154,
    "rank": 205
  },
  "2024-02": {
    "name": "Barraskewda",
    "percent": 0.32842,
    "usage": 3528,
    "rank": 177
  },
  "2024-03": {
    "name": "Barraskewda",
    "percent": 0.30802,
    "usage": 3751,
    "rank": 193
  },
  "2024-04": {
    "name": "Barraskewda",
    "percent": 0.23756,
    "usage": 1785,
    "rank": 201
  },
  "2024-05": {
    "name": "Barraskewda",
    "percent": 0.18451,
    "usage": 863,
    "rank": 219
  },
  "2024-06": {
    "name": "Barraskewda",
    "percent": 0.27937,
    "usage": 1781,
    "rank": 180
  }
}