{
  "2022-11": {
    "name": "Cofagrigus",
    "percent": 0.54041,
    "usage": 3229,
    "rank": 250
  },
  "2022-12": {
    "name": "Cofagrigus",
    "percent": 0.68012,
    "usage": 8651,
    "rank": 199
  },
  "2023-01": {
    "name": "Cofagrigus",
    "percent": 0.53955,
    "usage": 7578,
    "rank": 226
  },
  "2023-02": {
    "name": "Cofagrigus",
    "percent": 0.48833,
    "usage": 8236,
    "rank": 230
  },
  "2023-03": {
    "name": "Cofagrigus",
    "percent": 0.39405,
    "usage": 7976,
    "rank": 240
  },
  "2023-04": {
    "name": "Cofagrigus",
    "percent": 0.33503,
    "usage": 8085,
    "rank": 234
  },
  "2023-05": {
    "name": "Cofagrigus",
    "percent": 0.43524,
    "usage": 11102,
    "rank": 199
  },
  "2023-06": {
    "name": "Cofagrigus",
    "percent": 0.35337,
    "usage": 8641,
    "rank": 216
  },
  "2023-07": {
    "name": "Cofagrigus",
    "percent": 0.31529,
    "usage": 8011,
    "rank": 235
  },
  "2023-08": {
    "name": "Cofagrigus",
    "percent": 0.30042,
    "usage": 8435,
    "rank": 236
  },
  "2023-09": {
    "name": "Cofagrigus",
    "percent": 0.40018,
    "usage": 9220,
    "rank": 211
  },
  "2023-09-DLC1": {
    "name": "Cofagrigus",
    "percent": 0.43359,
    "usage": 4640,
    "rank": 200
  },
  "2023-10": {
    "name": "Cofagrigus",
    "percent": 0.35413,
    "usage": 9189,
    "rank": 229
  },
  "2023-11": {
    "name": "Cofagrigus",
    "percent": 0.40172,
    "usage": 8072,
    "rank": 212
  },
  "2023-12": {
    "name": "Cofagrigus",
    "percent": 0.27493,
    "usage": 5207,
    "rank": 258
  },
  "2023-12-DLC2": {
    "name": "Cofagrigus",
    "percent": 0.26152,
    "usage": 2022,
    "rank": 253
  },
  "2024-01": {
    "name": "Cofagrigus",
    "percent": 0.23795,
    "usage": 5319,
    "rank": 259
  },
  "2024-02": {
    "name": "Cofagrigus",
    "percent": 0.23205,
    "usage": 4826,
    "rank": 251
  },
  "2024-03": {
    "name": "Cofagrigus",
    "percent": 0.2855,
    "usage": 5798,
    "rank": 242
  },
  "2024-04": {
    "name": "Cofagrigus",
    "percent": 0.25502,
    "usage": 5216,
    "rank": 249
  },
  "2024-05": {
    "name": "Cofagrigus",
    "percent": 0.26426,
    "usage": 2681,
    "rank": 244
  },
  "2024-06": {
    "name": "Cofagrigus",
    "percent": 0.20147,
    "usage": 5831,
    "rank": 261
  }
}