{
  "2023-09": {
    "name": "Shaymin",
    "percent": 0.06515,
    "usage": 10117,
    "rank": 167
  },
  "2023-09-DLC1": {
    "name": "Shaymin",
    "percent": 0.0836,
    "usage": 8073,
    "rank": 147
  },
  "2023-10": {
    "name": "Shaymin",
    "percent": 0.03435,
    "usage": 4574,
    "rank": 169
  },
  "2023-11": {
    "name": "Shaymin",
    "percent": 0.02831,
    "usage": 2766,
    "rank": 184
  },
  "2023-12": {
    "name": "Shaymin",
    "percent": 0.00603,
    "usage": 2200,
    "rank": 297
  },
  "2023-12-DLC2": {
    "name": "Shaymin",
    "percent": 0.00064,
    "usage": 581,
    "rank": 367
  },
  "2024-01": {
    "name": "Shaymin",
    "percent": 0.00299,
    "usage": 1963,
    "rank": 316
  },
  "2024-02": {
    "name": "Shaymin",
    "percent": 0.16875,
    "usage": 2030,
    "rank": 121
  },
  "2024-03": {
    "name": "Shaymin",
    "percent": 0.00111,
    "usage": 1552,
    "rank": 347
  },
  "2024-04": {
    "name": "Shaymin",
    "percent": 0.00389,
    "usage": 1288,
    "rank": 289
  },
  "2024-05": {
    "name": "Shaymin",
    "percent": 0.00203,
    "usage": 1201,
    "rank": 310
  },
  "2024-06": {
    "name": "Shaymin",
    "percent": 0.00172,
    "usage": 1181,
    "rank": 332
  }
}