{
  "2022-11": {
    "name": "Quilava",
    "percent": 0.00465,
    "usage": 35,
    "rank": 786
  },
  "2022-12": {
    "name": "Quilava",
    "percent": 0.00707,
    "usage": 96,
    "rank": 747
  },
  "2023-01": {
    "name": "Quilava",
    "percent": 0.0099,
    "usage": 159,
    "rank": 707
  },
  "2023-02": {
    "name": "Quilava",
    "percent": 0.01116,
    "usage": 212,
    "rank": 698
  },
  "2023-03": {
    "name": "Quilava",
    "percent": 0.00957,
    "usage": 257,
    "rank": 695
  },
  "2023-04": {
    "name": "Quilava",
    "percent": 0.00382,
    "usage": 209,
    "rank": 701
  },
  "2023-05": {
    "name": "Quilava",
    "percent": 0.00117,
    "usage": 161,
    "rank": 844
  },
  "2023-06": {
    "name": "Quilava",
    "percent": 0.00188,
    "usage": 182,
    "rank": 761
  },
  "2023-07": {
    "name": "Quilava",
    "percent": 0.00137,
    "usage": 180,
    "rank": 818
  },
  "2023-08": {
    "name": "Quilava",
    "percent": 0.00079,
    "usage": 173,
    "rank": 880
  },
  "2023-09": {
    "name": "Quilava",
    "percent": 0.00178,
    "usage": 109,
    "rank": 764
  },
  "2023-09-DLC1": {
    "name": "Quilava",
    "percent": 0.00191,
    "usage": 49,
    "rank": 758
  },
  "2023-10": {
    "name": "Quilava",
    "percent": 0.00071,
    "usage": 69,
    "rank": 889
  },
  "2023-11": {
    "name": "Quilava",
    "percent": 0.00465,
    "usage": 220,
    "rank": 708
  },
  "2023-12": {
    "name": "Quilava",
    "percent": 0.00173,
    "usage": 63,
    "rank": 784
  },
  "2023-12-DLC2": {
    "name": "Quilava",
    "percent": 0.00317,
    "usage": 33,
    "rank": 724
  },
  "2024-01": {
    "name": "Quilava",
    "percent": 0.00365,
    "usage": 107,
    "rank": 730
  },
  "2024-02": {
    "name": "Quilava",
    "percent": 0.00155,
    "usage": 88,
    "rank": 797
  },
  "2024-03": {
    "name": "Quilava",
    "percent": 0.00306,
    "usage": 158,
    "rank": 741
  },
  "2024-04": {
    "name": "Quilava",
    "percent": 0.00155,
    "usage": 115,
    "rank": 797
  },
  "2024-05": {
    "name": "Quilava",
    "percent": 0.00096,
    "usage": 52,
    "rank": 823
  },
  "2024-06": {
    "name": "Quilava",
    "percent": 0.00151,
    "usage": 95,
    "rank": 752
  }
}