{
  "2022-11": {
    "name": "Foongus",
    "percent": 7.42518,
    "usage": 5619,
    "rank": 21
  },
  "2022-12": {
    "name": "Foongus",
    "percent": 5.33669,
    "usage": 6052,
    "rank": 28
  },
  "2023-01": {
    "name": "Foongus",
    "percent": 4.18801,
    "usage": 4175,
    "rank": 33
  },
  "2023-02": {
    "name": "Foongus",
    "percent": 7.22571,
    "usage": 4557,
    "rank": 22
  },
  "2023-03": {
    "name": "Foongus",
    "percent": 7.86223,
    "usage": 4082,
    "rank": 18
  },
  "2023-04": {
    "name": "Foongus",
    "percent": 8.12307,
    "usage": 3918,
    "rank": 19
  },
  "2023-05": {
    "name": "Foongus",
    "percent": 7.92043,
    "usage": 3939,
    "rank": 20
  },
  "2023-06": {
    "name": "Foongus",
    "percent": 8.21307,
    "usage": 3312,
    "rank": 20
  },
  "2023-07": {
    "name": "Foongus",
    "percent": 12.78115,
    "usage": 4731,
    "rank": 16
  },
  "2023-08": {
    "name": "Foongus",
    "percent": 13.29167,
    "usage": 6594,
    "rank": 13
  },
  "2023-09": {
    "name": "Foongus",
    "percent": 14.93165,
    "usage": 7621,
    "rank": 10
  },
  "2023-09-DLC1": {
    "name": "Foongus",
    "percent": 14.80877,
    "usage": 3936,
    "rank": 11
  },
  "2023-10": {
    "name": "Foongus",
    "percent": 22.95832,
    "usage": 12978,
    "rank": 5
  },
  "2023-11": {
    "name": "Foongus",
    "percent": 23.22106,
    "usage": 8192,
    "rank": 5
  },
  "2023-12": {
    "name": "Foongus",
    "percent": 20.78539,
    "usage": 7606,
    "rank": 5
  },
  "2023-12-DLC2": {
    "name": "Foongus",
    "percent": 18.90722,
    "usage": 3476,
    "rank": 6
  },
  "2024-01": {
    "name": "Foongus",
    "percent": 19.00157,
    "usage": 8266,
    "rank": 7
  },
  "2024-02": {
    "name": "Foongus",
    "percent": 17.23832,
    "usage": 5708,
    "rank": 9
  },
  "2024-03": {
    "name": "Foongus",
    "percent": 16.56479,
    "usage": 5785,
    "rank": 10
  },
  "2024-04": {
    "name": "Foongus",
    "percent": 13.40539,
    "usage": 6401,
    "rank": 11
  },
  "2024-05": {
    "name": "Foongus",
    "percent": 15.71918,
    "usage": 2189,
    "rank": 8
  },
  "2024-06": {
    "name": "Foongus",
    "percent": 11.9987,
    "usage": 3219,
    "rank": 12
  }
}