{
  "2022-11": {
    "name": "Azurill",
    "percent": 6.48835,
    "usage": 5002,
    "rank": 24
  },
  "2022-12": {
    "name": "Azurill",
    "percent": 3.32466,
    "usage": 4089,
    "rank": 42
  },
  "2023-01": {
    "name": "Azurill",
    "percent": 2.72068,
    "usage": 3003,
    "rank": 42
  },
  "2023-02": {
    "name": "Azurill",
    "percent": 3.30057,
    "usage": 2407,
    "rank": 43
  },
  "2023-03": {
    "name": "Azurill",
    "percent": 2.99565,
    "usage": 1917,
    "rank": 45
  },
  "2023-04": {
    "name": "Azurill",
    "percent": 1.96263,
    "usage": 1632,
    "rank": 53
  },
  "2023-05": {
    "name": "Azurill",
    "percent": 2.1651,
    "usage": 1803,
    "rank": 50
  },
  "2023-06": {
    "name": "Azurill",
    "percent": 1.9421,
    "usage": 1243,
    "rank": 56
  },
  "2023-07": {
    "name": "Azurill",
    "percent": 2.06618,
    "usage": 1313,
    "rank": 53
  },
  "2023-08": {
    "name": "Azurill",
    "percent": 1.40432,
    "usage": 1412,
    "rank": 65
  },
  "2023-09": {
    "name": "Azurill",
    "percent": 1.04713,
    "usage": 1103,
    "rank": 76
  },
  "2023-09-DLC1": {
    "name": "Azurill",
    "percent": 1.09332,
    "usage": 618,
    "rank": 76
  },
  "2023-10": {
    "name": "Azurill",
    "percent": 1.19611,
    "usage": 1465,
    "rank": 69
  },
  "2023-11": {
    "name": "Azurill",
    "percent": 1.34256,
    "usage": 1094,
    "rank": 66
  },
  "2023-12": {
    "name": "Azurill",
    "percent": 1.4124,
    "usage": 997,
    "rank": 70
  },
  "2023-12-DLC2": {
    "name": "Azurill",
    "percent": 1.3625,
    "usage": 490,
    "rank": 72
  },
  "2024-01": {
    "name": "Azurill",
    "percent": 1.12903,
    "usage": 1191,
    "rank": 79
  },
  "2024-02": {
    "name": "Azurill",
    "percent": 1.14193,
    "usage": 1010,
    "rank": 75
  },
  "2024-03": {
    "name": "Azurill",
    "percent": 1.19926,
    "usage": 924,
    "rank": 70
  },
  "2024-04": {
    "name": "Azurill",
    "percent": 1.04556,
    "usage": 1096,
    "rank": 72
  },
  "2024-05": {
    "name": "Azurill",
    "percent": 1.28927,
    "usage": 358,
    "rank": 73
  },
  "2024-06": {
    "name": "Azurill",
    "percent": 1.09874,
    "usage": 615,
    "rank": 78
  }
}