{
  "2023-09": {
    "name": "Yanmega",
    "percent": 0.21005,
    "usage": 38365,
    "rank": 135
  },
  "2023-09-DLC1": {
    "name": "Yanmega",
    "percent": 0.26599,
    "usage": 31232,
    "rank": 119
  },
  "2023-10": {
    "name": "Yanmega",
    "percent": 0.15193,
    "usage": 21753,
    "rank": 138
  },
  "2023-11": {
    "name": "Yanmega",
    "percent": 0.40086,
    "usage": 18593,
    "rank": 99
  },
  "2023-12": {
    "name": "Yanmega",
    "percent": 0.04199,
    "usage": 9592,
    "rank": 237
  },
  "2023-12-DLC2": {
    "name": "Yanmega",
    "percent": 0.00806,
    "usage": 3961,
    "rank": 300
  },
  "2024-01": {
    "name": "Yanmega",
    "percent": 0.02556,
    "usage": 10504,
    "rank": 256
  },
  "2024-02": {
    "name": "Yanmega",
    "percent": 0.02717,
    "usage": 10155,
    "rank": 239
  },
  "2024-03": {
    "name": "Yanmega",
    "percent": 0.05441,
    "usage": 11734,
    "rank": 198
  },
  "2024-04": {
    "name": "Yanmega",
    "percent": 0.02322,
    "usage": 9419,
    "rank": 253
  },
  "2024-05": {
    "name": "Yanmega",
    "percent": 0.03247,
    "usage": 5011,
    "rank": 233
  },
  "2024-06": {
    "name": "Yanmega",
    "percent": 0.11836,
    "usage": 10205,
    "rank": 160
  }
}