{
  "2023-12": {
    "name": "Granbull",
    "percent": 0.00147,
    "usage": 356,
    "rank": 486
  },
  "2023-12-DLC2": {
    "name": "Granbull",
    "percent": 0.00202,
    "usage": 323,
    "rank": 456
  },
  "2024-01": {
    "name": "Granbull",
    "percent": 0.00025,
    "usage": 497,
    "rank": 569
  },
  "2024-02": {
    "name": "Granbull",
    "percent": 0.00164,
    "usage": 439,
    "rank": 483
  },
  "2024-03": {
    "name": "Granbull",
    "percent": 0.0006,
    "usage": 266,
    "rank": 547
  },
  "2024-04": {
    "name": "Granbull",
    "percent": 0.00117,
    "usage": 191,
    "rank": 489
  },
  "2024-05": {
    "name": "Granbull",
    "percent": 0.00041,
    "usage": 179,
    "rank": 524
  },
  "2024-06": {
    "name": "Granbull",
    "percent": 0.00624,
    "usage": 250,
    "rank": 369
  }
}