{
  "2023-12": {
    "name": "Vileplume",
    "percent": 0.07135,
    "usage": 5460,
    "rank": 272
  },
  "2023-12-DLC2": {
    "name": "Vileplume",
    "percent": 0.10138,
    "usage": 4513,
    "rank": 229
  },
  "2024-01": {
    "name": "Vileplume",
    "percent": 0.06933,
    "usage": 5193,
    "rank": 254
  },
  "2024-02": {
    "name": "Vileplume",
    "percent": 0.05447,
    "usage": 3742,
    "rank": 285
  },
  "2024-03": {
    "name": "Vileplume",
    "percent": 0.17508,
    "usage": 6348,
    "rank": 197
  },
  "2024-04": {
    "name": "Vileplume",
    "percent": 0.25694,
    "usage": 8266,
    "rank": 169
  },
  "2024-05": {
    "name": "Vileplume",
    "percent": 0.13563,
    "usage": 3010,
    "rank": 224
  },
  "2024-06": {
    "name": "Vileplume",
    "percent": 0.18494,
    "usage": 6652,
    "rank": 196
  }
}