{
  "2023-03": {
    "name": "Decidueye",
    "percent": 1.50308,
    "usage": 8351,
    "rank": 88
  },
  "2023-04": {
    "name": "Decidueye",
    "percent": 2.11181,
    "usage": 9975,
    "rank": 71
  },
  "2023-05": {
    "name": "Decidueye",
    "percent": 1.8333,
    "usage": 8535,
    "rank": 80
  },
  "2023-06": {
    "name": "Decidueye",
    "percent": 1.13505,
    "usage": 5372,
    "rank": 126
  },
  "2023-07": {
    "name": "Decidueye",
    "percent": 1.12068,
    "usage": 5154,
    "rank": 128
  },
  "2023-08": {
    "name": "Decidueye",
    "percent": 0.92814,
    "usage": 4453,
    "rank": 146
  },
  "2023-09": {
    "name": "Decidueye",
    "percent": 0.66885,
    "usage": 3789,
    "rank": 193
  },
  "2023-09-DLC1": {
    "name": "Decidueye",
    "percent": 0.60297,
    "usage": 1958,
    "rank": 212
  },
  "2023-10": {
    "name": "Decidueye",
    "percent": 0.80199,
    "usage": 4956,
    "rank": 169
  },
  "2023-11": {
    "name": "Decidueye",
    "percent": 0.81979,
    "usage": 4065,
    "rank": 163
  },
  "2023-12": {
    "name": "Decidueye",
    "percent": 0.88922,
    "usage": 3828,
    "rank": 158
  },
  "2023-12-DLC2": {
    "name": "Decidueye",
    "percent": 0.90797,
    "usage": 1811,
    "rank": 167
  },
  "2024-01": {
    "name": "Decidueye",
    "percent": 0.79952,
    "usage": 3931,
    "rank": 178
  },
  "2024-02": {
    "name": "Decidueye",
    "percent": 0.80438,
    "usage": 3679,
    "rank": 182
  },
  "2024-03": {
    "name": "Decidueye",
    "percent": 0.76196,
    "usage": 3621,
    "rank": 186
  },
  "2024-04": {
    "name": "Decidueye",
    "percent": 0.78148,
    "usage": 3506,
    "rank": 180
  },
  "2024-05": {
    "name": "Decidueye",
    "percent": 0.6711,
    "usage": 1424,
    "rank": 196
  },
  "2024-06": {
    "name": "Decidueye",
    "percent": 0.69953,
    "usage": 2554,
    "rank": 191
  }
}