{
  "2022-11": {
    "name": "Gholdengo",
    "percent": 23.81862,
    "usage": 1205858,
    "rank": 1
  },
  "2022-12": {
    "name": "Gholdengo",
    "percent": 32.7488,
    "usage": 2217261,
    "rank": 1
  },
  "2023-01": {
    "name": "Gholdengo",
    "percent": 34.20038,
    "usage": 1496889,
    "rank": 2
  },
  "2023-02": {
    "name": "Gholdengo",
    "percent": 32.66727,
    "usage": 957990,
    "rank": 2
  },
  "2023-03": {
    "name": "Gholdengo",
    "percent": 23.88774,
    "usage": 722201,
    "rank": 3
  },
  "2023-04": {
    "name": "Gholdengo",
    "percent": 23.77067,
    "usage": 567895,
    "rank": 4
  },
  "2023-05": {
    "name": "Gholdengo",
    "percent": 22.89228,
    "usage": 587247,
    "rank": 3
  },
  "2023-06": {
    "name": "Gholdengo",
    "percent": 19.7028,
    "usage": 787861,
    "rank": 4
  },
  "2023-07": {
    "name": "Gholdengo",
    "percent": 22.02264,
    "usage": 588874,
    "rank": 5
  },
  "2023-08": {
    "name": "Gholdengo",
    "percent": 22.32662,
    "usage": 558261,
    "rank": 4
  },
  "2023-09": {
    "name": "Gholdengo",
    "percent": 18.67516,
    "usage": 714166,
    "rank": 3
  },
  "2023-09-DLC1": {
    "name": "Gholdengo",
    "percent": 16.96656,
    "usage": 408869,
    "rank": 4
  },
  "2023-10": {
    "name": "Gholdengo",
    "percent": 23.74183,
    "usage": 811549,
    "rank": 3
  },
  "2023-11": {
    "name": "Gholdengo",
    "percent": 25.27376,
    "usage": 677075,
    "rank": 3
  },
  "2023-12": {
    "name": "Gholdengo",
    "percent": 18.69113,
    "usage": 696151,
    "rank": 3
  },
  "2023-12-DLC2": {
    "name": "Gholdengo",
    "percent": 16.12052,
    "usage": 344952,
    "rank": 3
  },
  "2024-01": {
    "name": "Gholdengo",
    "percent": 15.93483,
    "usage": 599458,
    "rank": 3
  },
  "2024-02": {
    "name": "Gholdengo",
    "percent": 14.94105,
    "usage": 421558,
    "rank": 6
  },
  "2024-03": {
    "name": "Gholdengo",
    "percent": 16.50644,
    "usage": 439099,
    "rank": 4
  },
  "2024-04": {
    "name": "Gholdengo",
    "percent": 15.79407,
    "usage": 367632,
    "rank": 4
  },
  "2024-05": {
    "name": "Gholdengo",
    "percent": 16.03964,
    "usage": 170783,
    "rank": 4
  },
  "2024-06": {
    "name": "Gholdengo",
    "percent": 17.28326,
    "usage": 357180,
    "rank": 3
  }
}