{
  "2022-11": {
    "name": "Azumarill",
    "percent": 0.95175,
    "usage": 4696,
    "rank": 63
  },
  "2022-12": {
    "name": "Azumarill",
    "percent": 0.57543,
    "usage": 5055,
    "rank": 71
  },
  "2023-01": {
    "name": "Azumarill",
    "percent": 1.06002,
    "usage": 8123,
    "rank": 59
  },
  "2023-02": {
    "name": "Azumarill",
    "percent": 0.70176,
    "usage": 5937,
    "rank": 68
  },
  "2023-03": {
    "name": "Azumarill",
    "percent": 1.31795,
    "usage": 5491,
    "rank": 52
  },
  "2023-04": {
    "name": "Azumarill",
    "percent": 0.99456,
    "usage": 4844,
    "rank": 56
  },
  "2023-05": {
    "name": "Azumarill",
    "percent": 0.79133,
    "usage": 4276,
    "rank": 82
  },
  "2023-06": {
    "name": "Azumarill",
    "percent": 0.12801,
    "usage": 3114,
    "rank": 153
  },
  "2023-07": {
    "name": "Azumarill",
    "percent": 0.1571,
    "usage": 3284,
    "rank": 137
  },
  "2023-08": {
    "name": "Azumarill",
    "percent": 0.15586,
    "usage": 3073,
    "rank": 138
  },
  "2023-09": {
    "name": "Azumarill",
    "percent": 0.20781,
    "usage": 3276,
    "rank": 144
  },
  "2023-09-DLC1": {
    "name": "Azumarill",
    "percent": 0.22052,
    "usage": 1804,
    "rank": 143
  },
  "2023-10": {
    "name": "Azumarill",
    "percent": 0.12939,
    "usage": 2731,
    "rank": 156
  },
  "2023-11": {
    "name": "Azumarill",
    "percent": 0.15376,
    "usage": 3165,
    "rank": 145
  },
  "2023-12": {
    "name": "Azumarill",
    "percent": 0.11274,
    "usage": 2706,
    "rank": 180
  },
  "2023-12-DLC2": {
    "name": "Azumarill",
    "percent": 0.1127,
    "usage": 1180,
    "rank": 176
  },
  "2024-01": {
    "name": "Azumarill",
    "percent": 0.10996,
    "usage": 3437,
    "rank": 177
  },
  "2024-02": {
    "name": "Azumarill",
    "percent": 0.15103,
    "usage": 3099,
    "rank": 165
  },
  "2024-03": {
    "name": "Azumarill",
    "percent": 0.18796,
    "usage": 2954,
    "rank": 136
  },
  "2024-04": {
    "name": "Azumarill",
    "percent": 0.07737,
    "usage": 3021,
    "rank": 186
  },
  "2024-05": {
    "name": "Azumarill",
    "percent": 0.15538,
    "usage": 1452,
    "rank": 147
  },
  "2024-06": {
    "name": "Azumarill",
    "percent": 0.417,
    "usage": 3739,
    "rank": 95
  }
}