{
  "2022-11": {
    "name": "Azumarill",
    "percent": 0.36423,
    "usage": 4696,
    "rank": 70
  },
  "2022-12": {
    "name": "Azumarill",
    "percent": 0.04317,
    "usage": 5055,
    "rank": 109
  },
  "2023-01": {
    "name": "Azumarill",
    "percent": 0.47668,
    "usage": 8123,
    "rank": 65
  },
  "2023-02": {
    "name": "Azumarill",
    "percent": 0.32332,
    "usage": 5937,
    "rank": 76
  },
  "2023-03": {
    "name": "Azumarill",
    "percent": 0.47006,
    "usage": 5491,
    "rank": 68
  },
  "2023-04": {
    "name": "Azumarill",
    "percent": 0.33521,
    "usage": 4844,
    "rank": 72
  },
  "2023-05": {
    "name": "Azumarill",
    "percent": 0.6258,
    "usage": 4276,
    "rank": 78
  },
  "2023-06": {
    "name": "Azumarill",
    "percent": 0.02779,
    "usage": 3114,
    "rank": 164
  },
  "2023-07": {
    "name": "Azumarill",
    "percent": 0.03657,
    "usage": 3284,
    "rank": 141
  },
  "2023-08": {
    "name": "Azumarill",
    "percent": 0.05048,
    "usage": 3073,
    "rank": 133
  },
  "2023-09": {
    "name": "Azumarill",
    "percent": 0.08545,
    "usage": 3276,
    "rank": 140
  },
  "2023-09-DLC1": {
    "name": "Azumarill",
    "percent": 0.07078,
    "usage": 1804,
    "rank": 146
  },
  "2023-10": {
    "name": "Azumarill",
    "percent": 0.02721,
    "usage": 2731,
    "rank": 175
  },
  "2023-11": {
    "name": "Azumarill",
    "percent": 0.04502,
    "usage": 3165,
    "rank": 156
  },
  "2023-12": {
    "name": "Azumarill",
    "percent": 0.05157,
    "usage": 2706,
    "rank": 173
  },
  "2023-12-DLC2": {
    "name": "Azumarill",
    "percent": 0.07838,
    "usage": 1180,
    "rank": 148
  },
  "2024-01": {
    "name": "Azumarill",
    "percent": 0.08531,
    "usage": 3437,
    "rank": 140
  },
  "2024-02": {
    "name": "Azumarill",
    "percent": 0.17648,
    "usage": 3099,
    "rank": 111
  },
  "2024-03": {
    "name": "Azumarill",
    "percent": 0.17003,
    "usage": 2954,
    "rank": 107
  },
  "2024-04": {
    "name": "Azumarill",
    "percent": 0.0554,
    "usage": 3021,
    "rank": 154
  },
  "2024-05": {
    "name": "Azumarill",
    "percent": 0.09323,
    "usage": 1452,
    "rank": 122
  },
  "2024-06": {
    "name": "Azumarill",
    "percent": 0.61662,
    "usage": 3739,
    "rank": 68
  }
}