{
  "2022-11": {
    "name": "Mudsdale",
    "percent": 0.16096,
    "usage": 8149,
    "rank": 164
  },
  "2022-12": {
    "name": "Mudsdale",
    "percent": 0.1522,
    "usage": 10305,
    "rank": 165
  },
  "2023-01": {
    "name": "Mudsdale",
    "percent": 0.15705,
    "usage": 6874,
    "rank": 170
  },
  "2023-02": {
    "name": "Mudsdale",
    "percent": 0.19249,
    "usage": 5645,
    "rank": 155
  },
  "2023-03": {
    "name": "Mudsdale",
    "percent": 0.1669,
    "usage": 5046,
    "rank": 159
  },
  "2023-04": {
    "name": "Mudsdale",
    "percent": 0.27287,
    "usage": 6519,
    "rank": 139
  },
  "2023-05": {
    "name": "Mudsdale",
    "percent": 0.19702,
    "usage": 5054,
    "rank": 195
  },
  "2023-06": {
    "name": "Mudsdale",
    "percent": 0.10258,
    "usage": 4102,
    "rank": 211
  },
  "2023-07": {
    "name": "Mudsdale",
    "percent": 0.13459,
    "usage": 3599,
    "rank": 200
  },
  "2023-08": {
    "name": "Mudsdale",
    "percent": 0.1295,
    "usage": 3238,
    "rank": 206
  },
  "2023-09": {
    "name": "Mudsdale",
    "percent": 0.0774,
    "usage": 2960,
    "rank": 277
  },
  "2023-09-DLC1": {
    "name": "Mudsdale",
    "percent": 0.07764,
    "usage": 1871,
    "rank": 267
  },
  "2023-10": {
    "name": "Mudsdale",
    "percent": 0.09522,
    "usage": 3255,
    "rank": 262
  },
  "2023-11": {
    "name": "Mudsdale",
    "percent": 0.13236,
    "usage": 3546,
    "rank": 242
  },
  "2023-12": {
    "name": "Mudsdale",
    "percent": 0.10273,
    "usage": 3826,
    "rank": 314
  },
  "2023-12-DLC2": {
    "name": "Mudsdale",
    "percent": 0.07617,
    "usage": 1630,
    "rank": 314
  },
  "2024-01": {
    "name": "Mudsdale",
    "percent": 0.07802,
    "usage": 2935,
    "rank": 327
  },
  "2024-02": {
    "name": "Mudsdale",
    "percent": 0.07666,
    "usage": 2163,
    "rank": 332
  },
  "2024-03": {
    "name": "Mudsdale",
    "percent": 0.09195,
    "usage": 2446,
    "rank": 322
  },
  "2024-04": {
    "name": "Mudsdale",
    "percent": 0.12201,
    "usage": 2840,
    "rank": 293
  },
  "2024-05": {
    "name": "Mudsdale",
    "percent": 0.11129,
    "usage": 1185,
    "rank": 312
  },
  "2024-06": {
    "name": "Mudsdale",
    "percent": 0.12407,
    "usage": 2564,
    "rank": 306
  }
}