{
  "2022-11": {
    "name": "Mudsdale",
    "percent": 0.15521,
    "usage": 8149,
    "rank": 163
  },
  "2022-12": {
    "name": "Mudsdale",
    "percent": 0.14427,
    "usage": 10305,
    "rank": 163
  },
  "2023-01": {
    "name": "Mudsdale",
    "percent": 0.14259,
    "usage": 6874,
    "rank": 170
  },
  "2023-02": {
    "name": "Mudsdale",
    "percent": 0.17014,
    "usage": 5645,
    "rank": 154
  },
  "2023-03": {
    "name": "Mudsdale",
    "percent": 0.13573,
    "usage": 5046,
    "rank": 155
  },
  "2023-04": {
    "name": "Mudsdale",
    "percent": 0.21251,
    "usage": 6519,
    "rank": 128
  },
  "2023-05": {
    "name": "Mudsdale",
    "percent": 0.09343,
    "usage": 5054,
    "rank": 199
  },
  "2023-06": {
    "name": "Mudsdale",
    "percent": 0.05066,
    "usage": 4102,
    "rank": 208
  },
  "2023-07": {
    "name": "Mudsdale",
    "percent": 0.05772,
    "usage": 3599,
    "rank": 205
  },
  "2023-08": {
    "name": "Mudsdale",
    "percent": 0.0393,
    "usage": 3238,
    "rank": 220
  },
  "2023-09": {
    "name": "Mudsdale",
    "percent": 0.02613,
    "usage": 2960,
    "rank": 284
  },
  "2023-09-DLC1": {
    "name": "Mudsdale",
    "percent": 0.02249,
    "usage": 1871,
    "rank": 281
  },
  "2023-10": {
    "name": "Mudsdale",
    "percent": 0.03278,
    "usage": 3255,
    "rank": 273
  },
  "2023-11": {
    "name": "Mudsdale",
    "percent": 0.05797,
    "usage": 3546,
    "rank": 242
  },
  "2023-12": {
    "name": "Mudsdale",
    "percent": 0.03203,
    "usage": 3826,
    "rank": 332
  },
  "2023-12-DLC2": {
    "name": "Mudsdale",
    "percent": 0.02222,
    "usage": 1630,
    "rank": 339
  },
  "2024-01": {
    "name": "Mudsdale",
    "percent": 0.02896,
    "usage": 2935,
    "rank": 334
  },
  "2024-02": {
    "name": "Mudsdale",
    "percent": 0.02905,
    "usage": 2163,
    "rank": 336
  },
  "2024-03": {
    "name": "Mudsdale",
    "percent": 0.03654,
    "usage": 2446,
    "rank": 322
  },
  "2024-04": {
    "name": "Mudsdale",
    "percent": 0.05345,
    "usage": 2840,
    "rank": 288
  },
  "2024-05": {
    "name": "Mudsdale",
    "percent": 0.03056,
    "usage": 1185,
    "rank": 341
  },
  "2024-06": {
    "name": "Mudsdale",
    "percent": 0.04185,
    "usage": 2564,
    "rank": 322
  }
}