{
  "2022-11": {
    "name": "Piplup",
    "percent": 0.00294,
    "usage": 20,
    "rank": 837
  },
  "2022-12": {
    "name": "Piplup",
    "percent": 0.00695,
    "usage": 101,
    "rank": 750
  },
  "2023-01": {
    "name": "Piplup",
    "percent": 0.00666,
    "usage": 95,
    "rank": 761
  },
  "2023-02": {
    "name": "Piplup",
    "percent": 0.0205,
    "usage": 382,
    "rank": 646
  },
  "2023-03": {
    "name": "Piplup",
    "percent": 0.00953,
    "usage": 279,
    "rank": 698
  },
  "2023-04": {
    "name": "Piplup",
    "percent": 0.00109,
    "usage": 122,
    "rank": 852
  },
  "2023-05": {
    "name": "Piplup",
    "percent": 0.00084,
    "usage": 104,
    "rank": 877
  },
  "2023-06": {
    "name": "Piplup",
    "percent": 0.00028,
    "usage": 120,
    "rank": 977
  },
  "2023-07": {
    "name": "Piplup",
    "percent": 0.00077,
    "usage": 41,
    "rank": 880
  },
  "2023-08": {
    "name": "Piplup",
    "percent": 0.00179,
    "usage": 247,
    "rank": 774
  },
  "2023-09": {
    "name": "Piplup",
    "percent": 0.00097,
    "usage": 83,
    "rank": 841
  },
  "2023-09-DLC1": {
    "name": "Piplup",
    "percent": 0.00129,
    "usage": 61,
    "rank": 789
  },
  "2023-10": {
    "name": "Piplup",
    "percent": 0.0012,
    "usage": 92,
    "rank": 829
  },
  "2023-11": {
    "name": "Piplup",
    "percent": 0.0006,
    "usage": 84,
    "rank": 890
  },
  "2023-12": {
    "name": "Piplup",
    "percent": 0.00152,
    "usage": 70,
    "rank": 797
  },
  "2023-12-DLC2": {
    "name": "Piplup",
    "percent": 0.0,
    "usage": 23,
    "rank": 1040
  },
  "2024-01": {
    "name": "Piplup",
    "percent": 0.00118,
    "usage": 49,
    "rank": 818
  },
  "2024-02": {
    "name": "Piplup",
    "percent": 0.00449,
    "usage": 179,
    "rank": 694
  },
  "2024-03": {
    "name": "Piplup",
    "percent": 0.00365,
    "usage": 149,
    "rank": 719
  },
  "2024-04": {
    "name": "Piplup",
    "percent": 0.00241,
    "usage": 117,
    "rank": 756
  },
  "2024-05": {
    "name": "Piplup",
    "percent": 0.00176,
    "usage": 26,
    "rank": 766
  },
  "2024-06": {
    "name": "Piplup",
    "percent": 0.00094,
    "usage": 78,
    "rank": 795
  }
}