{
  "2022-11": {
    "name": "Dedenne",
    "percent": 0.05771,
    "usage": 186,
    "rank": 201
  },
  "2022-12": {
    "name": "Dedenne",
    "percent": 0.0815,
    "usage": 403,
    "rank": 197
  },
  "2023-01": {
    "name": "Dedenne",
    "percent": 0.10052,
    "usage": 349,
    "rank": 193
  },
  "2023-02": {
    "name": "Dedenne",
    "percent": 0.07716,
    "usage": 198,
    "rank": 200
  },
  "2023-03": {
    "name": "Dedenne",
    "percent": 0.04388,
    "usage": 110,
    "rank": 225
  },
  "2023-04": {
    "name": "Dedenne",
    "percent": 0.01334,
    "usage": 58,
    "rank": 249
  },
  "2023-05": {
    "name": "Dedenne",
    "percent": 0.03478,
    "usage": 99,
    "rank": 280
  },
  "2023-06": {
    "name": "Dedenne",
    "percent": 0.00897,
    "usage": 114,
    "rank": 337
  },
  "2023-07": {
    "name": "Dedenne",
    "percent": 0.01424,
    "usage": 74,
    "rank": 326
  },
  "2023-08": {
    "name": "Dedenne",
    "percent": 0.0302,
    "usage": 180,
    "rank": 284
  },
  "2023-09": {
    "name": "Dedenne",
    "percent": 0.16284,
    "usage": 334,
    "rank": 218
  },
  "2023-09-DLC1": {
    "name": "Dedenne",
    "percent": 0.24684,
    "usage": 238,
    "rank": 194
  },
  "2023-10": {
    "name": "Dedenne",
    "percent": 0.01717,
    "usage": 128,
    "rank": 366
  },
  "2023-11": {
    "name": "Dedenne",
    "percent": 0.01604,
    "usage": 141,
    "rank": 379
  },
  "2023-12": {
    "name": "Dedenne",
    "percent": 0.00608,
    "usage": 70,
    "rank": 519
  },
  "2023-12-DLC2": {
    "name": "Dedenne",
    "percent": 0.00421,
    "usage": 26,
    "rank": 537
  },
  "2024-01": {
    "name": "Dedenne",
    "percent": 0.02131,
    "usage": 334,
    "rank": 449
  },
  "2024-02": {
    "name": "Dedenne",
    "percent": 0.01384,
    "usage": 142,
    "rank": 462
  },
  "2024-03": {
    "name": "Dedenne",
    "percent": 0.00992,
    "usage": 61,
    "rank": 474
  },
  "2024-04": {
    "name": "Dedenne",
    "percent": 0.01926,
    "usage": 95,
    "rank": 432
  },
  "2024-05": {
    "name": "Dedenne",
    "percent": 0.02151,
    "usage": 75,
    "rank": 427
  },
  "2024-06": {
    "name": "Dedenne",
    "percent": 0.02676,
    "usage": 273,
    "rank": 419
  }
}