{
  "2022-11": {
    "name": "Golem",
    "percent": 0.14562,
    "usage": 899,
    "rank": 445
  },
  "2022-12": {
    "name": "Golem",
    "percent": 0.17149,
    "usage": 2207,
    "rank": 438
  },
  "2023-01": {
    "name": "Golem",
    "percent": 0.18592,
    "usage": 2692,
    "rank": 405
  },
  "2023-02": {
    "name": "Golem",
    "percent": 0.17112,
    "usage": 3058,
    "rank": 412
  },
  "2023-03": {
    "name": "Golem",
    "percent": 0.20788,
    "usage": 4200,
    "rank": 340
  },
  "2023-04": {
    "name": "Golem",
    "percent": 0.11467,
    "usage": 3491,
    "rank": 378
  },
  "2023-05": {
    "name": "Golem",
    "percent": 0.0945,
    "usage": 3331,
    "rank": 412
  },
  "2023-06": {
    "name": "Golem",
    "percent": 0.06887,
    "usage": 3553,
    "rank": 428
  },
  "2023-07": {
    "name": "Golem",
    "percent": 0.09153,
    "usage": 3432,
    "rank": 392
  },
  "2023-08": {
    "name": "Golem",
    "percent": 0.06555,
    "usage": 3448,
    "rank": 439
  },
  "2023-09": {
    "name": "Golem",
    "percent": 0.08096,
    "usage": 3167,
    "rank": 412
  },
  "2023-09-DLC1": {
    "name": "Golem",
    "percent": 0.08417,
    "usage": 1659,
    "rank": 395
  },
  "2023-10": {
    "name": "Golem",
    "percent": 0.11052,
    "usage": 3809,
    "rank": 373
  },
  "2023-11": {
    "name": "Golem",
    "percent": 0.09365,
    "usage": 2717,
    "rank": 412
  },
  "2023-12": {
    "name": "Golem",
    "percent": 0.09612,
    "usage": 2832,
    "rank": 393
  },
  "2023-12-DLC2": {
    "name": "Golem",
    "percent": 0.08915,
    "usage": 1063,
    "rank": 394
  },
  "2024-01": {
    "name": "Golem",
    "percent": 0.1143,
    "usage": 2711,
    "rank": 351
  },
  "2024-02": {
    "name": "Golem",
    "percent": 0.12328,
    "usage": 2813,
    "rank": 335
  },
  "2024-03": {
    "name": "Golem",
    "percent": 0.08682,
    "usage": 4168,
    "rank": 396
  },
  "2024-04": {
    "name": "Golem",
    "percent": 0.0611,
    "usage": 2728,
    "rank": 446
  },
  "2024-05": {
    "name": "Golem",
    "percent": 0.11635,
    "usage": 1498,
    "rank": 339
  },
  "2024-06": {
    "name": "Golem",
    "percent": 0.07037,
    "usage": 2651,
    "rank": 385
  }
}