{
  "2022-11": {
    "name": "Skiddo",
    "percent": 0.81878,
    "usage": 630,
    "rank": 90
  },
  "2022-12": {
    "name": "Skiddo",
    "percent": 0.84097,
    "usage": 945,
    "rank": 96
  },
  "2023-01": {
    "name": "Skiddo",
    "percent": 1.02476,
    "usage": 1018,
    "rank": 84
  },
  "2023-02": {
    "name": "Skiddo",
    "percent": 1.05156,
    "usage": 682,
    "rank": 89
  },
  "2023-03": {
    "name": "Skiddo",
    "percent": 0.99323,
    "usage": 540,
    "rank": 90
  },
  "2023-04": {
    "name": "Skiddo",
    "percent": 0.87879,
    "usage": 462,
    "rank": 92
  },
  "2023-05": {
    "name": "Skiddo",
    "percent": 0.7978,
    "usage": 430,
    "rank": 95
  },
  "2023-06": {
    "name": "Skiddo",
    "percent": 1.41314,
    "usage": 586,
    "rank": 83
  },
  "2023-07": {
    "name": "Skiddo",
    "percent": 1.40587,
    "usage": 591,
    "rank": 72
  },
  "2023-08": {
    "name": "Skiddo",
    "percent": 1.00643,
    "usage": 570,
    "rank": 85
  },
  "2023-09": {
    "name": "Skiddo",
    "percent": 0.81918,
    "usage": 468,
    "rank": 102
  },
  "2023-09-DLC1": {
    "name": "Skiddo",
    "percent": 0.53167,
    "usage": 160,
    "rank": 125
  },
  "2023-10": {
    "name": "Skiddo",
    "percent": 0.56508,
    "usage": 395,
    "rank": 123
  },
  "2023-11": {
    "name": "Skiddo",
    "percent": 0.92618,
    "usage": 412,
    "rank": 98
  },
  "2023-12": {
    "name": "Skiddo",
    "percent": 0.56719,
    "usage": 254,
    "rank": 134
  },
  "2023-12-DLC2": {
    "name": "Skiddo",
    "percent": 0.47274,
    "usage": 107,
    "rank": 145
  },
  "2024-01": {
    "name": "Skiddo",
    "percent": 0.69604,
    "usage": 381,
    "rank": 125
  },
  "2024-02": {
    "name": "Skiddo",
    "percent": 0.30303,
    "usage": 129,
    "rank": 161
  },
  "2024-03": {
    "name": "Skiddo",
    "percent": 0.42944,
    "usage": 193,
    "rank": 151
  },
  "2024-04": {
    "name": "Skiddo",
    "percent": 0.48506,
    "usage": 276,
    "rank": 129
  },
  "2024-05": {
    "name": "Skiddo",
    "percent": 0.79017,
    "usage": 137,
    "rank": 119
  },
  "2024-06": {
    "name": "Skiddo",
    "percent": 0.46809,
    "usage": 148,
    "rank": 135
  }
}