{
  "2022-11": {
    "name": "Conkeldurr",
    "percent": 0.06731,
    "usage": 4359,
    "rank": 282
  },
  "2022-12": {
    "name": "Conkeldurr",
    "percent": 0.12708,
    "usage": 10111,
    "rank": 199
  },
  "2023-01": {
    "name": "Conkeldurr",
    "percent": 0.07534,
    "usage": 9936,
    "rank": 247
  },
  "2023-02": {
    "name": "Conkeldurr",
    "percent": 0.1052,
    "usage": 10146,
    "rank": 243
  },
  "2023-03": {
    "name": "Conkeldurr",
    "percent": 0.65947,
    "usage": 11784,
    "rank": 124
  },
  "2023-04": {
    "name": "Conkeldurr",
    "percent": 0.18153,
    "usage": 12056,
    "rank": 192
  },
  "2023-05": {
    "name": "Conkeldurr",
    "percent": 0.11148,
    "usage": 13655,
    "rank": 234
  },
  "2023-06": {
    "name": "Conkeldurr",
    "percent": 0.10718,
    "usage": 11478,
    "rank": 206
  },
  "2023-07": {
    "name": "Conkeldurr",
    "percent": 0.09404,
    "usage": 11287,
    "rank": 225
  },
  "2023-08": {
    "name": "Conkeldurr",
    "percent": 0.07112,
    "usage": 10586,
    "rank": 244
  },
  "2023-09": {
    "name": "Conkeldurr",
    "percent": 0.10416,
    "usage": 10794,
    "rank": 217
  },
  "2023-09-DLC1": {
    "name": "Conkeldurr",
    "percent": 0.04508,
    "usage": 5429,
    "rank": 263
  },
  "2023-10": {
    "name": "Conkeldurr",
    "percent": 0.06529,
    "usage": 9679,
    "rank": 250
  },
  "2023-11": {
    "name": "Conkeldurr",
    "percent": 0.08312,
    "usage": 9571,
    "rank": 244
  },
  "2023-12": {
    "name": "Conkeldurr",
    "percent": 0.11214,
    "usage": 8854,
    "rank": 216
  },
  "2023-12-DLC2": {
    "name": "Conkeldurr",
    "percent": 0.11184,
    "usage": 3769,
    "rank": 196
  },
  "2024-01": {
    "name": "Conkeldurr",
    "percent": 0.05378,
    "usage": 7149,
    "rank": 245
  },
  "2024-02": {
    "name": "Conkeldurr",
    "percent": 0.08394,
    "usage": 7396,
    "rank": 227
  },
  "2024-03": {
    "name": "Conkeldurr",
    "percent": 0.07925,
    "usage": 7384,
    "rank": 243
  },
  "2024-04": {
    "name": "Conkeldurr",
    "percent": 0.05543,
    "usage": 7550,
    "rank": 246
  },
  "2024-05": {
    "name": "Conkeldurr",
    "percent": 0.03066,
    "usage": 3569,
    "rank": 289
  },
  "2024-06": {
    "name": "Conkeldurr",
    "percent": 0.03831,
    "usage": 7304,
    "rank": 264
  }
}