{
  "2022-11": {
    "name": "Floatzel",
    "percent": 0.0,
    "usage": 242,
    "rank": 222
  },
  "2022-12": {
    "name": "Floatzel",
    "percent": 0.03833,
    "usage": 895,
    "rank": 111
  },
  "2023-01": {
    "name": "Floatzel",
    "percent": 0.07618,
    "usage": 1855,
    "rank": 98
  },
  "2023-02": {
    "name": "Floatzel",
    "percent": 0.1638,
    "usage": 1015,
    "rank": 83
  },
  "2023-03": {
    "name": "Floatzel",
    "percent": 0.01913,
    "usage": 550,
    "rank": 132
  },
  "2023-04": {
    "name": "Floatzel",
    "percent": 0.06127,
    "usage": 663,
    "rank": 103
  },
  "2023-05": {
    "name": "Floatzel",
    "percent": 0.11682,
    "usage": 856,
    "rank": 126
  },
  "2023-06": {
    "name": "Floatzel",
    "percent": 0.01384,
    "usage": 726,
    "rank": 187
  },
  "2023-07": {
    "name": "Floatzel",
    "percent": 0.00923,
    "usage": 684,
    "rank": 180
  },
  "2023-08": {
    "name": "Floatzel",
    "percent": 0.00629,
    "usage": 490,
    "rank": 205
  },
  "2023-09": {
    "name": "Floatzel",
    "percent": 0.00741,
    "usage": 390,
    "rank": 239
  },
  "2023-09-DLC1": {
    "name": "Floatzel",
    "percent": 0.00446,
    "usage": 153,
    "rank": 265
  },
  "2023-10": {
    "name": "Floatzel",
    "percent": 0.00257,
    "usage": 502,
    "rank": 278
  },
  "2023-11": {
    "name": "Floatzel",
    "percent": 0.00116,
    "usage": 435,
    "rank": 322
  },
  "2023-12": {
    "name": "Floatzel",
    "percent": 0.00136,
    "usage": 570,
    "rank": 380
  },
  "2023-12-DLC2": {
    "name": "Floatzel",
    "percent": 0.00081,
    "usage": 245,
    "rank": 383
  },
  "2024-01": {
    "name": "Floatzel",
    "percent": 0.00703,
    "usage": 383,
    "rank": 277
  },
  "2024-02": {
    "name": "Floatzel",
    "percent": 0.00027,
    "usage": 429,
    "rank": 443
  },
  "2024-03": {
    "name": "Floatzel",
    "percent": 0.00289,
    "usage": 387,
    "rank": 311
  },
  "2024-04": {
    "name": "Floatzel",
    "percent": 0.00086,
    "usage": 268,
    "rank": 374
  },
  "2024-05": {
    "name": "Floatzel",
    "percent": 0.00113,
    "usage": 188,
    "rank": 347
  },
  "2024-06": {
    "name": "Floatzel",
    "percent": 0.00114,
    "usage": 324,
    "rank": 383
  }
}