{
  "2023-05": {
    "name": "Tornadus",
    "percent": 0.10073,
    "usage": 162,
    "rank": 215
  },
  "2023-06": {
    "name": "Tornadus",
    "percent": 0.12072,
    "usage": 615,
    "rank": 195
  },
  "2023-07": {
    "name": "Tornadus",
    "percent": 0.17659,
    "usage": 671,
    "rank": 180
  },
  "2023-08": {
    "name": "Tornadus",
    "percent": 0.32518,
    "usage": 816,
    "rank": 144
  },
  "2023-09": {
    "name": "Tornadus",
    "percent": 0.27251,
    "usage": 904,
    "rank": 173
  },
  "2023-09-DLC1": {
    "name": "Tornadus",
    "percent": 0.32234,
    "usage": 502,
    "rank": 174
  },
  "2023-10": {
    "name": "Tornadus",
    "percent": 0.21178,
    "usage": 709,
    "rank": 185
  },
  "2023-11": {
    "name": "Tornadus",
    "percent": 0.185,
    "usage": 660,
    "rank": 198
  },
  "2023-12": {
    "name": "Tornadus",
    "percent": 0.23275,
    "usage": 1052,
    "rank": 204
  },
  "2023-12-DLC2": {
    "name": "Tornadus",
    "percent": 0.18855,
    "usage": 382,
    "rank": 217
  },
  "2024-01": {
    "name": "Tornadus",
    "percent": 0.20459,
    "usage": 1152,
    "rank": 225
  },
  "2024-02": {
    "name": "Tornadus",
    "percent": 0.16294,
    "usage": 947,
    "rank": 240
  },
  "2024-03": {
    "name": "Tornadus",
    "percent": 0.16065,
    "usage": 1001,
    "rank": 219
  },
  "2024-04": {
    "name": "Tornadus",
    "percent": 0.17209,
    "usage": 864,
    "rank": 214
  },
  "2024-05": {
    "name": "Tornadus",
    "percent": 0.12004,
    "usage": 393,
    "rank": 263
  },
  "2024-06": {
    "name": "Tornadus",
    "percent": 0.22779,
    "usage": 987,
    "rank": 205
  }
}