{
  "2023-12": {
    "name": "Skarmory",
    "percent": 0.75582,
    "usage": 972,
    "rank": 71
  },
  "2023-12-DLC2": {
    "name": "Skarmory",
    "percent": 1.06433,
    "usage": 877,
    "rank": 61
  },
  "2024-01": {
    "name": "Skarmory",
    "percent": 1.61759,
    "usage": 3926,
    "rank": 47
  },
  "2024-02": {
    "name": "Skarmory",
    "percent": 0.44053,
    "usage": 2689,
    "rank": 76
  },
  "2024-03": {
    "name": "Skarmory",
    "percent": 1.53177,
    "usage": 4091,
    "rank": 43
  },
  "2024-04": {
    "name": "Skarmory",
    "percent": 2.26464,
    "usage": 4522,
    "rank": 38
  },
  "2024-05": {
    "name": "Skarmory",
    "percent": 0.75586,
    "usage": 2069,
    "rank": 55
  },
  "2024-06": {
    "name": "Skarmory",
    "percent": 2.16068,
    "usage": 3410,
    "rank": 41
  }
}