{
  "2022-11": {
    "name": "Ludicolo",
    "percent": 0.3331,
    "usage": 2041,
    "rank": 320
  },
  "2022-12": {
    "name": "Ludicolo",
    "percent": 0.43639,
    "usage": 5603,
    "rank": 271
  },
  "2023-01": {
    "name": "Ludicolo",
    "percent": 0.44968,
    "usage": 6387,
    "rank": 253
  },
  "2023-02": {
    "name": "Ludicolo",
    "percent": 0.44532,
    "usage": 7366,
    "rank": 245
  },
  "2023-03": {
    "name": "Ludicolo",
    "percent": 0.34048,
    "usage": 7396,
    "rank": 265
  },
  "2023-04": {
    "name": "Ludicolo",
    "percent": 0.25931,
    "usage": 7735,
    "rank": 261
  },
  "2023-05": {
    "name": "Ludicolo",
    "percent": 0.25002,
    "usage": 8262,
    "rank": 270
  },
  "2023-06": {
    "name": "Ludicolo",
    "percent": 0.26749,
    "usage": 7174,
    "rank": 243
  },
  "2023-07": {
    "name": "Ludicolo",
    "percent": 0.22967,
    "usage": 6913,
    "rank": 278
  },
  "2023-08": {
    "name": "Ludicolo",
    "percent": 0.25658,
    "usage": 7666,
    "rank": 256
  },
  "2023-09": {
    "name": "Ludicolo",
    "percent": 0.22373,
    "usage": 7241,
    "rank": 267
  },
  "2023-09-DLC1": {
    "name": "Ludicolo",
    "percent": 0.2014,
    "usage": 3830,
    "rank": 277
  },
  "2023-10": {
    "name": "Ludicolo",
    "percent": 0.24393,
    "usage": 7081,
    "rank": 267
  },
  "2023-11": {
    "name": "Ludicolo",
    "percent": 0.20573,
    "usage": 5874,
    "rank": 298
  },
  "2023-12": {
    "name": "Ludicolo",
    "percent": 0.24261,
    "usage": 5890,
    "rank": 270
  },
  "2023-12-DLC2": {
    "name": "Ludicolo",
    "percent": 0.30222,
    "usage": 2877,
    "rank": 236
  },
  "2024-01": {
    "name": "Ludicolo",
    "percent": 0.18489,
    "usage": 4697,
    "rank": 281
  },
  "2024-02": {
    "name": "Ludicolo",
    "percent": 0.15895,
    "usage": 5513,
    "rank": 304
  },
  "2024-03": {
    "name": "Ludicolo",
    "percent": 0.13308,
    "usage": 3998,
    "rank": 340
  },
  "2024-04": {
    "name": "Ludicolo",
    "percent": 0.12959,
    "usage": 3615,
    "rank": 339
  },
  "2024-05": {
    "name": "Ludicolo",
    "percent": 0.12927,
    "usage": 1625,
    "rank": 319
  },
  "2024-06": {
    "name": "Ludicolo",
    "percent": 0.1196,
    "usage": 4059,
    "rank": 315
  }
}