{
  "2022-11": {
    "name": "Magnemite",
    "percent": 9.75376,
    "usage": 6246,
    "rank": 19
  },
  "2022-12": {
    "name": "Magnemite",
    "percent": 10.19623,
    "usage": 13200,
    "rank": 16
  },
  "2023-01": {
    "name": "Magnemite",
    "percent": 7.80825,
    "usage": 12801,
    "rank": 19
  },
  "2023-02": {
    "name": "Magnemite",
    "percent": 7.546,
    "usage": 8948,
    "rank": 21
  },
  "2023-03": {
    "name": "Magnemite",
    "percent": 5.7855,
    "usage": 7009,
    "rank": 29
  },
  "2023-04": {
    "name": "Magnemite",
    "percent": 7.97967,
    "usage": 5289,
    "rank": 22
  },
  "2023-05": {
    "name": "Magnemite",
    "percent": 14.7153,
    "usage": 5747,
    "rank": 15
  },
  "2023-06": {
    "name": "Magnemite",
    "percent": 6.46697,
    "usage": 3217,
    "rank": 26
  },
  "2023-07": {
    "name": "Magnemite",
    "percent": 7.49304,
    "usage": 3371,
    "rank": 22
  },
  "2023-08": {
    "name": "Magnemite",
    "percent": 2.11965,
    "usage": 3761,
    "rank": 36
  },
  "2023-09": {
    "name": "Magnemite",
    "percent": 10.2542,
    "usage": 4117,
    "rank": 19
  },
  "2023-09-DLC1": {
    "name": "Magnemite",
    "percent": 11.01677,
    "usage": 2201,
    "rank": 18
  },
  "2023-10": {
    "name": "Magnemite",
    "percent": 7.44896,
    "usage": 7203,
    "rank": 20
  },
  "2023-11": {
    "name": "Magnemite",
    "percent": 6.43983,
    "usage": 5505,
    "rank": 24
  },
  "2023-12": {
    "name": "Magnemite",
    "percent": 10.75349,
    "usage": 4170,
    "rank": 19
  },
  "2023-12-DLC2": {
    "name": "Magnemite",
    "percent": 13.41996,
    "usage": 1588,
    "rank": 15
  },
  "2024-01": {
    "name": "Magnemite",
    "percent": 8.37833,
    "usage": 3226,
    "rank": 21
  },
  "2024-02": {
    "name": "Magnemite",
    "percent": 1.84444,
    "usage": 2264,
    "rank": 43
  },
  "2024-03": {
    "name": "Magnemite",
    "percent": 0.77513,
    "usage": 1956,
    "rank": 57
  },
  "2024-04": {
    "name": "Magnemite",
    "percent": 1.09634,
    "usage": 1961,
    "rank": 50
  },
  "2024-05": {
    "name": "Magnemite",
    "percent": 0.76105,
    "usage": 822,
    "rank": 61
  },
  "2024-06": {
    "name": "Magnemite",
    "percent": 3.18772,
    "usage": 1188,
    "rank": 36
  }
}