{
  "2023-12": {
    "name": "Inkay",
    "percent": 0.00027,
    "usage": 10,
    "rank": 710
  },
  "2023-12-DLC2": {
    "name": "Inkay",
    "percent": 0.00047,
    "usage": 10,
    "rank": 638
  },
  "2024-01": {
    "name": "Inkay",
    "percent": 0.00072,
    "usage": 27,
    "rank": 644
  },
  "2024-02": {
    "name": "Inkay",
    "percent": 0.00057,
    "usage": 16,
    "rank": 675
  },
  "2024-03": {
    "name": "Inkay",
    "percent": 0.00109,
    "usage": 29,
    "rank": 608
  },
  "2024-04": {
    "name": "Inkay",
    "percent": 0.00103,
    "usage": 24,
    "rank": 626
  },
  "2024-05": {
    "name": "Inkay",
    "percent": 0.00122,
    "usage": 13,
    "rank": 615
  },
  "2024-06": {
    "name": "Inkay",
    "percent": 0.00053,
    "usage": 11,
    "rank": 695
  }
}