{
  "2022-11": {
    "name": "Rotom-Wash",
    "percent": 0.39679,
    "usage": 3798,
    "rank": 121
  },
  "2022-12": {
    "name": "Rotom-Wash",
    "percent": 1.1244,
    "usage": 10315,
    "rank": 80
  },
  "2023-01": {
    "name": "Rotom-Wash",
    "percent": 1.52266,
    "usage": 17950,
    "rank": 67
  },
  "2023-02": {
    "name": "Rotom-Wash",
    "percent": 1.84004,
    "usage": 14567,
    "rank": 60
  },
  "2023-03": {
    "name": "Rotom-Wash",
    "percent": 2.37447,
    "usage": 11905,
    "rank": 62
  },
  "2023-04": {
    "name": "Rotom-Wash",
    "percent": 2.02743,
    "usage": 11298,
    "rank": 61
  },
  "2023-05": {
    "name": "Rotom-Wash",
    "percent": 1.98142,
    "usage": 12695,
    "rank": 62
  },
  "2023-06": {
    "name": "Rotom-Wash",
    "percent": 0.8285,
    "usage": 7668,
    "rank": 105
  },
  "2023-07": {
    "name": "Rotom-Wash",
    "percent": 0.75897,
    "usage": 8535,
    "rank": 107
  },
  "2023-08": {
    "name": "Rotom-Wash",
    "percent": 0.8781,
    "usage": 8527,
    "rank": 102
  },
  "2023-09": {
    "name": "Rotom-Wash",
    "percent": 0.69286,
    "usage": 9398,
    "rank": 131
  },
  "2023-09-DLC1": {
    "name": "Rotom-Wash",
    "percent": 0.76384,
    "usage": 4819,
    "rank": 130
  },
  "2023-10": {
    "name": "Rotom-Wash",
    "percent": 0.40829,
    "usage": 6073,
    "rank": 163
  },
  "2023-11": {
    "name": "Rotom-Wash",
    "percent": 0.44839,
    "usage": 5143,
    "rank": 148
  },
  "2023-12": {
    "name": "Rotom-Wash",
    "percent": 0.53523,
    "usage": 4099,
    "rank": 148
  },
  "2023-12-DLC2": {
    "name": "Rotom-Wash",
    "percent": 0.64716,
    "usage": 1809,
    "rank": 138
  },
  "2024-01": {
    "name": "Rotom-Wash",
    "percent": 0.46666,
    "usage": 4571,
    "rank": 162
  },
  "2024-02": {
    "name": "Rotom-Wash",
    "percent": 0.40671,
    "usage": 4134,
    "rank": 161
  },
  "2024-03": {
    "name": "Rotom-Wash",
    "percent": 0.37688,
    "usage": 4548,
    "rank": 169
  },
  "2024-04": {
    "name": "Rotom-Wash",
    "percent": 0.34191,
    "usage": 4126,
    "rank": 173
  },
  "2024-05": {
    "name": "Rotom-Wash",
    "percent": 0.52752,
    "usage": 1922,
    "rank": 129
  },
  "2024-06": {
    "name": "Rotom-Wash",
    "percent": 0.4387,
    "usage": 4082,
    "rank": 140
  }
}