{
  "2022-11": {
    "name": "Persian",
    "percent": 0.03704,
    "usage": 1875,
    "rank": 219
  },
  "2022-12": {
    "name": "Persian",
    "percent": 0.04611,
    "usage": 3122,
    "rank": 214
  },
  "2023-01": {
    "name": "Persian",
    "percent": 0.04606,
    "usage": 2016,
    "rank": 216
  },
  "2023-02": {
    "name": "Persian",
    "percent": 0.06469,
    "usage": 1897,
    "rank": 206
  },
  "2023-03": {
    "name": "Persian",
    "percent": 0.05888,
    "usage": 1780,
    "rank": 204
  },
  "2023-04": {
    "name": "Persian",
    "percent": 0.08108,
    "usage": 1937,
    "rank": 199
  },
  "2023-05": {
    "name": "Persian",
    "percent": 0.06233,
    "usage": 1599,
    "rank": 257
  },
  "2023-06": {
    "name": "Persian",
    "percent": 0.03154,
    "usage": 1261,
    "rank": 267
  },
  "2023-07": {
    "name": "Persian",
    "percent": 0.03886,
    "usage": 1039,
    "rank": 265
  },
  "2023-08": {
    "name": "Persian",
    "percent": 0.03971,
    "usage": 993,
    "rank": 267
  },
  "2023-09": {
    "name": "Persian",
    "percent": 0.02743,
    "usage": 1049,
    "rank": 329
  },
  "2023-09-DLC1": {
    "name": "Persian",
    "percent": 0.02224,
    "usage": 536,
    "rank": 332
  },
  "2023-10": {
    "name": "Persian",
    "percent": 0.02326,
    "usage": 795,
    "rank": 340
  },
  "2023-11": {
    "name": "Persian",
    "percent": 0.03169,
    "usage": 849,
    "rank": 330
  },
  "2023-12": {
    "name": "Persian",
    "percent": 0.0287,
    "usage": 1069,
    "rank": 398
  },
  "2023-12-DLC2": {
    "name": "Persian",
    "percent": 0.02477,
    "usage": 530,
    "rank": 394
  },
  "2024-01": {
    "name": "Persian",
    "percent": 0.01765,
    "usage": 664,
    "rank": 424
  },
  "2024-02": {
    "name": "Persian",
    "percent": 0.02871,
    "usage": 810,
    "rank": 402
  },
  "2024-03": {
    "name": "Persian",
    "percent": 0.03395,
    "usage": 903,
    "rank": 399
  },
  "2024-04": {
    "name": "Persian",
    "percent": 0.03849,
    "usage": 896,
    "rank": 389
  },
  "2024-05": {
    "name": "Persian",
    "percent": 0.05579,
    "usage": 594,
    "rank": 369
  },
  "2024-06": {
    "name": "Persian",
    "percent": 0.05608,
    "usage": 1159,
    "rank": 374
  }
}