{
  "elos": [
    "0",
    "1500",
    "1630",
    "1760"
  ],
  "firstMonth": "2022-11",
  "0": {
    "2023-12": {
      "name": "Cobalion",
      "percent": 0.07518,
      "usage": 254,
      "rank": 403
    },
    "2023-12-DLC2": {
      "name": "Cobalion",
      "percent": 0.13328,
      "usage": 230,
      "rank": 327
    },
    "2024-01": {
      "name": "Cobalion",
      "percent": 0.05068,
      "usage": 188,
      "rank": 441
    },
    "2024-02": {
      "name": "Cobalion",
      "percent": 0.06066,
      "usage": 207,
      "rank": 426
    },
    "2024-03": {
      "name": "Cobalion",
      "percent": 0.03377,
      "usage": 129,
      "rank": 457
    },
    "2024-04": {
      "name": "Cobalion",
      "percent": 0.04795,
      "usage": 153,
      "rank": 436
    },
    "2024-05": {
      "name": "Cobalion",
      "percent": 0.10714,
      "usage": 171,
      "rank": 362
    },
    "2024-06": {
      "name": "Cobalion",
      "percent": 0.19574,
      "usage": 584,
      "rank": 305
    }
  },
  "1500": {
    "2023-12": {
      "name": "Cobalion",
      "percent": 0.02968,
      "usage": 254,
      "rank": 431
    },
    "2023-12-DLC2": {
      "name": "Cobalion",
      "percent": 0.05428,
      "usage": 230,
      "rank": 352
    },
    "2024-01": {
      "name": "Cobalion",
      "percent": 0.01807,
      "usage": 188,
      "rank": 459
    },
    "2024-02": {
      "name": "Cobalion",
      "percent": 0.03534,
      "usage": 207,
      "rank": 396
    },
    "2024-03": {
      "name": "Cobalion",
      "percent": 0.02341,
      "usage": 129,
      "rank": 410
    },
    "2024-04": {
      "name": "Cobalion",
      "percent": 0.03444,
      "usage": 153,
      "rank": 392
    },
    "2024-05": {
      "name": "Cobalion",
      "percent": 0.02996,
      "usage": 171,
      "rank": 406
    },
    "2024-06": {
      "name": "Cobalion",
      "percent": 0.10164,
      "usage": 584,
      "rank": 304
    }
  },
  "1630": {
    "2023-12": {
      "name": "Cobalion",
      "percent": 0.00435,
      "usage": 254,
      "rank": 427
    },
    "2023-12-DLC2": {
      "name": "Cobalion",
      "percent": 0.00789,
      "usage": 230,
      "rank": 372
    },
    "2024-01": {
      "name": "Cobalion",
      "percent": 0.00338,
      "usage": 188,
      "rank": 446
    },
    "2024-02": {
      "name": "Cobalion",
      "percent": 0.00773,
      "usage": 207,
      "rank": 363
    },
    "2024-03": {
      "name": "Cobalion",
      "percent": 0.01513,
      "usage": 129,
      "rank": 304
    },
    "2024-04": {
      "name": "Cobalion",
      "percent": 0.02692,
      "usage": 153,
      "rank": 248
    },
    "2024-05": {
      "name": "Cobalion",
      "percent": 0.00325,
      "usage": 171,
      "rank": 422
    },
    "2024-06": {
      "name": "Cobalion",
      "percent": 0.02288,
      "usage": 584,
      "rank": 297
    }
  },
  "1760": {
    "2023-12": {
      "name": "Cobalion",
      "percent": 0.0008,
      "usage": 254,
      "rank": 416
    },
    "2023-12-DLC2": {
      "name": "Cobalion",
      "percent": 0.00138,
      "usage": 230,
      "rank": 358
    },
    "2024-01": {
      "name": "Cobalion",
      "percent": 0.00087,
      "usage": 188,
      "rank": 403
    },
    "2024-02": {
      "name": "Cobalion",
      "percent": 0.00152,
      "usage": 207,
      "rank": 347
    },
    "2024-03": {
      "name": "Cobalion",
      "percent": 0.00444,
      "usage": 129,
      "rank": 275
    },
    "2024-04": {
      "name": "Cobalion",
      "percent": 0.00601,
      "usage": 153,
      "rank": 238
    },
    "2024-05": {
      "name": "Cobalion",
      "percent": 9e-05,
      "usage": 171,
      "rank": 454
    },
    "2024-06": {
      "name": "Cobalion",
      "percent": 0.01255,
      "usage": 584,
      "rank": 229
    }
  }
}