{
  "elos": [
    "0",
    "1500",
    "1630",
    "1760"
  ],
  "firstMonth": "2022-11",
  "0": {
    "2023-09": {
      "name": "Furret",
      "percent": 0.13984,
      "usage": 310,
      "rank": 288
    },
    "2023-09-DLC1": {
      "name": "Furret",
      "percent": 0.21313,
      "usage": 271,
      "rank": 253
    },
    "2023-10": {
      "name": "Furret",
      "percent": 0.12164,
      "usage": 320,
      "rank": 297
    },
    "2023-11": {
      "name": "Furret",
      "percent": 0.15264,
      "usage": 407,
      "rank": 290
    },
    "2023-12": {
      "name": "Furret",
      "percent": 0.1184,
      "usage": 400,
      "rank": 361
    },
    "2023-12-DLC2": {
      "name": "Furret",
      "percent": 0.05215,
      "usage": 90,
      "rank": 426
    },
    "2024-01": {
      "name": "Furret",
      "percent": 0.06793,
      "usage": 252,
      "rank": 419
    },
    "2024-02": {
      "name": "Furret",
      "percent": 0.03048,
      "usage": 104,
      "rank": 477
    },
    "2024-03": {
      "name": "Furret",
      "percent": 0.04005,
      "usage": 153,
      "rank": 442
    },
    "2024-04": {
      "name": "Furret",
      "percent": 0.03792,
      "usage": 121,
      "rank": 455
    },
    "2024-05": {
      "name": "Furret",
      "percent": 0.12029,
      "usage": 192,
      "rank": 353
    },
    "2024-06": {
      "name": "Furret",
      "percent": 0.07608,
      "usage": 227,
      "rank": 403
    }
  },
  "1500": {
    "2023-09": {
      "name": "Furret",
      "percent": 0.05543,
      "usage": 310,
      "rank": 303
    },
    "2023-09-DLC1": {
      "name": "Furret",
      "percent": 0.08553,
      "usage": 271,
      "rank": 279
    },
    "2023-10": {
      "name": "Furret",
      "percent": 0.06945,
      "usage": 320,
      "rank": 280
    },
    "2023-11": {
      "name": "Furret",
      "percent": 0.09743,
      "usage": 407,
      "rank": 266
    },
    "2023-12": {
      "name": "Furret",
      "percent": 0.07095,
      "usage": 400,
      "rank": 341
    },
    "2023-12-DLC2": {
      "name": "Furret",
      "percent": 0.02419,
      "usage": 90,
      "rank": 424
    },
    "2024-01": {
      "name": "Furret",
      "percent": 0.03052,
      "usage": 252,
      "rank": 417
    },
    "2024-02": {
      "name": "Furret",
      "percent": 0.01533,
      "usage": 104,
      "rank": 453
    },
    "2024-03": {
      "name": "Furret",
      "percent": 0.02032,
      "usage": 153,
      "rank": 422
    },
    "2024-04": {
      "name": "Furret",
      "percent": 0.02035,
      "usage": 121,
      "rank": 428
    },
    "2024-05": {
      "name": "Furret",
      "percent": 0.02626,
      "usage": 192,
      "rank": 415
    },
    "2024-06": {
      "name": "Furret",
      "percent": 0.02614,
      "usage": 227,
      "rank": 428
    }
  },
  "1630": {
    "2023-09": {
      "name": "Furret",
      "percent": 0.00571,
      "usage": 310,
      "rank": 334
    },
    "2023-09-DLC1": {
      "name": "Furret",
      "percent": 0.00994,
      "usage": 271,
      "rank": 312
    },
    "2023-10": {
      "name": "Furret",
      "percent": 0.01306,
      "usage": 320,
      "rank": 286
    },
    "2023-11": {
      "name": "Furret",
      "percent": 0.01276,
      "usage": 407,
      "rank": 293
    },
    "2023-12": {
      "name": "Furret",
      "percent": 0.00817,
      "usage": 400,
      "rank": 385
    },
    "2023-12-DLC2": {
      "name": "Furret",
      "percent": 0.00096,
      "usage": 90,
      "rank": 493
    },
    "2024-01": {
      "name": "Furret",
      "percent": 0.00442,
      "usage": 252,
      "rank": 432
    },
    "2024-02": {
      "name": "Furret",
      "percent": 0.00149,
      "usage": 104,
      "rank": 469
    },
    "2024-03": {
      "name": "Furret",
      "percent": 0.00186,
      "usage": 153,
      "rank": 451
    },
    "2024-04": {
      "name": "Furret",
      "percent": 0.00125,
      "usage": 121,
      "rank": 468
    },
    "2024-05": {
      "name": "Furret",
      "percent": 0.00172,
      "usage": 192,
      "rank": 450
    },
    "2024-06": {
      "name": "Furret",
      "percent": 0.00216,
      "usage": 227,
      "rank": 454
    }
  },
  "1760": {
    "2023-09": {
      "name": "Furret",
      "percent": 0.00037,
      "usage": 310,
      "rank": 363
    },
    "2023-09-DLC1": {
      "name": "Furret",
      "percent": 0.00066,
      "usage": 271,
      "rank": 341
    },
    "2023-10": {
      "name": "Furret",
      "percent": 0.00263,
      "usage": 320,
      "rank": 275
    },
    "2023-11": {
      "name": "Furret",
      "percent": 0.00173,
      "usage": 407,
      "rank": 298
    },
    "2023-12": {
      "name": "Furret",
      "percent": 0.0013,
      "usage": 400,
      "rank": 383
    },
    "2023-12-DLC2": {
      "name": "Furret",
      "percent": 8e-05,
      "usage": 90,
      "rank": 475
    },
    "2024-01": {
      "name": "Furret",
      "percent": 0.00019,
      "usage": 252,
      "rank": 478
    },
    "2024-02": {
      "name": "Furret",
      "percent": 2e-05,
      "usage": 104,
      "rank": 530
    },
    "2024-03": {
      "name": "Furret",
      "percent": 7e-05,
      "usage": 153,
      "rank": 485
    },
    "2024-04": {
      "name": "Furret",
      "percent": 1e-05,
      "usage": 121,
      "rank": 558
    },
    "2024-05": {
      "name": "Furret",
      "percent": 6e-05,
      "usage": 192,
      "rank": 471
    },
    "2024-06": {
      "name": "Furret",
      "percent": 0.00012,
      "usage": 227,
      "rank": 471
    }
  }
}