{
  "elos": [
    "0",
    "1500",
    "1630",
    "1760"
  ],
  "firstMonth": "2022-11",
  "0": {
    "2022-11": {
      "name": "Garchomp",
      "percent": 3.86591,
      "usage": 11348,
      "rank": 35
    },
    "2022-12": {
      "name": "Garchomp",
      "percent": 5.74913,
      "usage": 24994,
      "rank": 31
    },
    "2023-01": {
      "name": "Garchomp",
      "percent": 5.94668,
      "usage": 18152,
      "rank": 29
    },
    "2023-02": {
      "name": "Garchomp",
      "percent": 5.81287,
      "usage": 13283,
      "rank": 28
    },
    "2023-03": {
      "name": "Garchomp",
      "percent": 4.9937,
      "usage": 10857,
      "rank": 31
    },
    "2023-04": {
      "name": "Garchomp",
      "percent": 5.23203,
      "usage": 9996,
      "rank": 32
    },
    "2023-05": {
      "name": "Garchomp",
      "percent": 4.86817,
      "usage": 8453,
      "rank": 33
    },
    "2023-06": {
      "name": "Garchomp",
      "percent": 3.01117,
      "usage": 8594,
      "rank": 51
    },
    "2023-07": {
      "name": "Garchomp",
      "percent": 3.29775,
      "usage": 7166,
      "rank": 44
    },
    "2023-08": {
      "name": "Garchomp",
      "percent": 3.0693,
      "usage": 6537,
      "rank": 49
    },
    "2023-09": {
      "name": "Garchomp",
      "percent": 3.65166,
      "usage": 8095,
      "rank": 41
    },
    "2023-09-DLC1": {
      "name": "Garchomp",
      "percent": 3.49576,
      "usage": 4445,
      "rank": 46
    },
    "2023-10": {
      "name": "Garchomp",
      "percent": 3.06107,
      "usage": 8053,
      "rank": 50
    },
    "2023-11": {
      "name": "Garchomp",
      "percent": 3.21512,
      "usage": 8573,
      "rank": 49
    },
    "2023-12": {
      "name": "Garchomp",
      "percent": 3.23615,
      "usage": 10933,
      "rank": 48
    },
    "2023-12-DLC2": {
      "name": "Garchomp",
      "percent": 2.77575,
      "usage": 4790,
      "rank": 53
    },
    "2024-01": {
      "name": "Garchomp",
      "percent": 2.64499,
      "usage": 9812,
      "rank": 58
    },
    "2024-02": {
      "name": "Garchomp",
      "percent": 2.83663,
      "usage": 9680,
      "rank": 51
    },
    "2024-03": {
      "name": "Garchomp",
      "percent": 2.36419,
      "usage": 9031,
      "rank": 53
    },
    "2024-04": {
      "name": "Garchomp",
      "percent": 2.99531,
      "usage": 9557,
      "rank": 48
    },
    "2024-05": {
      "name": "Garchomp",
      "percent": 3.0468,
      "usage": 4863,
      "rank": 50
    },
    "2024-06": {
      "name": "Garchomp",
      "percent": 3.00953,
      "usage": 8979,
      "rank": 49
    }
  },
  "1500": {
    "2022-11": {
      "name": "Garchomp",
      "percent": 3.84403,
      "usage": 11348,
      "rank": 36
    },
    "2022-12": {
      "name": "Garchomp",
      "percent": 5.67098,
      "usage": 24994,
      "rank": 31
    },
    "2023-01": {
      "name": "Garchomp",
      "percent": 5.75031,
      "usage": 18152,
      "rank": 28
    },
    "2023-02": {
      "name": "Garchomp",
      "percent": 5.49722,
      "usage": 13283,
      "rank": 29
    },
    "2023-03": {
      "name": "Garchomp",
      "percent": 4.67026,
      "usage": 10857,
      "rank": 34
    },
    "2023-04": {
      "name": "Garchomp",
      "percent": 4.30213,
      "usage": 9996,
      "rank": 32
    },
    "2023-05": {
      "name": "Garchomp",
      "percent": 3.6547,
      "usage": 8453,
      "rank": 38
    },
    "2023-06": {
      "name": "Garchomp",
      "percent": 1.80281,
      "usage": 8594,
      "rank": 59
    },
    "2023-07": {
      "name": "Garchomp",
      "percent": 1.92913,
      "usage": 7166,
      "rank": 56
    },
    "2023-08": {
      "name": "Garchomp",
      "percent": 1.71867,
      "usage": 6537,
      "rank": 62
    },
    "2023-09": {
      "name": "Garchomp",
      "percent": 2.14414,
      "usage": 8095,
      "rank": 56
    },
    "2023-09-DLC1": {
      "name": "Garchomp",
      "percent": 2.27465,
      "usage": 4445,
      "rank": 58
    },
    "2023-10": {
      "name": "Garchomp",
      "percent": 1.64516,
      "usage": 8053,
      "rank": 64
    },
    "2023-11": {
      "name": "Garchomp",
      "percent": 1.96373,
      "usage": 8573,
      "rank": 65
    },
    "2023-12": {
      "name": "Garchomp",
      "percent": 2.00081,
      "usage": 10933,
      "rank": 69
    },
    "2023-12-DLC2": {
      "name": "Garchomp",
      "percent": 1.64268,
      "usage": 4790,
      "rank": 77
    },
    "2024-01": {
      "name": "Garchomp",
      "percent": 1.48686,
      "usage": 9812,
      "rank": 79
    },
    "2024-02": {
      "name": "Garchomp",
      "percent": 1.44413,
      "usage": 9680,
      "rank": 76
    },
    "2024-03": {
      "name": "Garchomp",
      "percent": 1.11213,
      "usage": 9031,
      "rank": 81
    },
    "2024-04": {
      "name": "Garchomp",
      "percent": 1.62453,
      "usage": 9557,
      "rank": 65
    },
    "2024-05": {
      "name": "Garchomp",
      "percent": 1.68783,
      "usage": 4863,
      "rank": 66
    },
    "2024-06": {
      "name": "Garchomp",
      "percent": 1.55549,
      "usage": 8979,
      "rank": 74
    }
  },
  "1630": {
    "2022-11": {
      "name": "Garchomp",
      "percent": 0.75468,
      "usage": 11348,
      "rank": 70
    },
    "2022-12": {
      "name": "Garchomp",
      "percent": 4.98475,
      "usage": 24994,
      "rank": 25
    },
    "2023-01": {
      "name": "Garchomp",
      "percent": 4.38263,
      "usage": 18152,
      "rank": 33
    },
    "2023-02": {
      "name": "Garchomp",
      "percent": 3.18548,
      "usage": 13283,
      "rank": 34
    },
    "2023-03": {
      "name": "Garchomp",
      "percent": 2.36687,
      "usage": 10857,
      "rank": 41
    },
    "2023-04": {
      "name": "Garchomp",
      "percent": 2.86221,
      "usage": 9996,
      "rank": 34
    },
    "2023-05": {
      "name": "Garchomp",
      "percent": 2.33816,
      "usage": 8453,
      "rank": 47
    },
    "2023-06": {
      "name": "Garchomp",
      "percent": 0.57782,
      "usage": 8594,
      "rank": 87
    },
    "2023-07": {
      "name": "Garchomp",
      "percent": 0.7807,
      "usage": 7166,
      "rank": 73
    },
    "2023-08": {
      "name": "Garchomp",
      "percent": 0.47878,
      "usage": 6537,
      "rank": 91
    },
    "2023-09": {
      "name": "Garchomp",
      "percent": 0.55438,
      "usage": 8095,
      "rank": 91
    },
    "2023-09-DLC1": {
      "name": "Garchomp",
      "percent": 0.63945,
      "usage": 4445,
      "rank": 84
    },
    "2023-10": {
      "name": "Garchomp",
      "percent": 0.52892,
      "usage": 8053,
      "rank": 90
    },
    "2023-11": {
      "name": "Garchomp",
      "percent": 0.49986,
      "usage": 8573,
      "rank": 90
    },
    "2023-12": {
      "name": "Garchomp",
      "percent": 0.57398,
      "usage": 10933,
      "rank": 98
    },
    "2023-12-DLC2": {
      "name": "Garchomp",
      "percent": 0.38578,
      "usage": 4790,
      "rank": 114
    },
    "2024-01": {
      "name": "Garchomp",
      "percent": 0.32319,
      "usage": 9812,
      "rank": 123
    },
    "2024-02": {
      "name": "Garchomp",
      "percent": 0.3438,
      "usage": 9680,
      "rank": 113
    },
    "2024-03": {
      "name": "Garchomp",
      "percent": 0.25867,
      "usage": 9031,
      "rank": 116
    },
    "2024-04": {
      "name": "Garchomp",
      "percent": 0.49496,
      "usage": 9557,
      "rank": 88
    },
    "2024-05": {
      "name": "Garchomp",
      "percent": 0.33044,
      "usage": 4863,
      "rank": 104
    },
    "2024-06": {
      "name": "Garchomp",
      "percent": 0.38763,
      "usage": 8979,
      "rank": 99
    }
  },
  "1760": {
    "2022-11": {
      "name": "Garchomp",
      "percent": 1.56301,
      "usage": 11348,
      "rank": 51
    },
    "2022-12": {
      "name": "Garchomp",
      "percent": 1.87532,
      "usage": 24994,
      "rank": 43
    },
    "2023-01": {
      "name": "Garchomp",