{
  "elos": [
    "0",
    "1500",
    "1630",
    "1760"
  ],
  "firstMonth": "2022-11",
  "0": {
    "2022-11": {
      "name": "Garganacl",
      "percent": 3.97527,
      "usage": 11669,
      "rank": 34
    },
    "2022-12": {
      "name": "Garganacl",
      "percent": 6.15466,
      "usage": 26757,
      "rank": 30
    },
    "2023-01": {
      "name": "Garganacl",
      "percent": 7.83663,
      "usage": 23921,
      "rank": 24
    },
    "2023-02": {
      "name": "Garganacl",
      "percent": 8.24997,
      "usage": 18852,
      "rank": 20
    },
    "2023-03": {
      "name": "Garganacl",
      "percent": 6.43197,
      "usage": 13984,
      "rank": 24
    },
    "2023-04": {
      "name": "Garganacl",
      "percent": 6.38511,
      "usage": 12199,
      "rank": 24
    },
    "2023-05": {
      "name": "Garganacl",
      "percent": 5.86853,
      "usage": 10190,
      "rank": 26
    },
    "2023-06": {
      "name": "Garganacl",
      "percent": 2.38329,
      "usage": 6802,
      "rank": 59
    },
    "2023-07": {
      "name": "Garganacl",
      "percent": 2.57202,
      "usage": 5589,
      "rank": 57
    },
    "2023-08": {
      "name": "Garganacl",
      "percent": 3.08527,
      "usage": 6571,
      "rank": 48
    },
    "2023-09": {
      "name": "Garganacl",
      "percent": 3.35032,
      "usage": 7427,
      "rank": 46
    },
    "2023-09-DLC1": {
      "name": "Garganacl",
      "percent": 2.70853,
      "usage": 3444,
      "rank": 57
    },
    "2023-10": {
      "name": "Garganacl",
      "percent": 2.32212,
      "usage": 6109,
      "rank": 64
    },
    "2023-11": {
      "name": "Garganacl",
      "percent": 2.46882,
      "usage": 6583,
      "rank": 63
    },
    "2023-12": {
      "name": "Garganacl",
      "percent": 2.62254,
      "usage": 8860,
      "rank": 59
    },
    "2023-12-DLC2": {
      "name": "Garganacl",
      "percent": 2.13194,
      "usage": 3679,
      "rank": 74
    },
    "2024-01": {
      "name": "Garganacl",
      "percent": 1.60769,
      "usage": 5964,
      "rank": 92
    },
    "2024-02": {
      "name": "Garganacl",
      "percent": 2.11165,
      "usage": 7206,
      "rank": 68
    },
    "2024-03": {
      "name": "Garganacl",
      "percent": 1.8825,
      "usage": 7191,
      "rank": 67
    },
    "2024-04": {
      "name": "Garganacl",
      "percent": 2.70665,
      "usage": 8636,
      "rank": 55
    },
    "2024-05": {
      "name": "Garganacl",
      "percent": 2.34008,
      "usage": 3735,
      "rank": 61
    },
    "2024-06": {
      "name": "Garganacl",
      "percent": 2.68441,
      "usage": 8009,
      "rank": 55
    }
  },
  "1500": {
    "2022-11": {
      "name": "Garganacl",
      "percent": 3.89079,
      "usage": 11669,
      "rank": 35
    },
    "2022-12": {
      "name": "Garganacl",
      "percent": 6.06151,
      "usage": 26757,
      "rank": 30
    },
    "2023-01": {
      "name": "Garganacl",
      "percent": 7.72763,
      "usage": 23921,
      "rank": 23
    },
    "2023-02": {
      "name": "Garganacl",
      "percent": 7.99415,
      "usage": 18852,
      "rank": 21
    },
    "2023-03": {
      "name": "Garganacl",
      "percent": 5.88236,
      "usage": 13984,
      "rank": 25
    },
    "2023-04": {
      "name": "Garganacl",
      "percent": 5.3361,
      "usage": 12199,
      "rank": 28
    },
    "2023-05": {
      "name": "Garganacl",
      "percent": 4.87065,
      "usage": 10190,
      "rank": 31
    },
    "2023-06": {
      "name": "Garganacl",
      "percent": 1.73169,
      "usage": 6802,
      "rank": 60
    },
    "2023-07": {
      "name": "Garganacl",
      "percent": 1.64439,
      "usage": 5589,
      "rank": 63
    },
    "2023-08": {
      "name": "Garganacl",
      "percent": 2.0558,
      "usage": 6571,
      "rank": 56
    },
    "2023-09": {
      "name": "Garganacl",
      "percent": 2.10049,
      "usage": 7427,
      "rank": 58
    },
    "2023-09-DLC1": {
      "name": "Garganacl",
      "percent": 1.74934,
      "usage": 3444,
      "rank": 64
    },
    "2023-10": {
      "name": "Garganacl",
      "percent": 1.70919,
      "usage": 6109,
      "rank": 63
    },
    "2023-11": {
      "name": "Garganacl",
      "percent": 1.90932,
      "usage": 6583,
      "rank": 66
    },
    "2023-12": {
      "name": "Garganacl",
      "percent": 1.89451,
      "usage": 8860,
      "rank": 72
    },
    "2023-12-DLC2": {
      "name": "Garganacl",
      "percent": 1.37975,
      "usage": 3679,
      "rank": 86
    },
    "2024-01": {
      "name": "Garganacl",
      "percent": 1.1712,
      "usage": 5964,
      "rank": 96
    },
    "2024-02": {
      "name": "Garganacl",
      "percent": 1.55393,
      "usage": 7206,
      "rank": 71
    },
    "2024-03": {
      "name": "Garganacl",
      "percent": 1.33703,
      "usage": 7191,
      "rank": 68
    },
    "2024-04": {
      "name": "Garganacl",
      "percent": 2.03148,
      "usage": 8636,
      "rank": 56
    },
    "2024-05": {
      "name": "Garganacl",
      "percent": 1.62616,
      "usage": 3735,
      "rank": 68
    },
    "2024-06": {
      "name": "Garganacl",
      "percent": 2.13233,
      "usage": 8009,
      "rank": 61
    }
  },
  "1630": {
    "2022-11": {
      "name": "Garganacl",
      "percent": 3.60025,
      "usage": 11669,
      "rank": 32
    },
    "2022-12": {
      "name": "Garganacl",
      "percent": 2.81346,
      "usage": 26757,
      "rank": 40
    },
    "2023-01": {
      "name": "Garganacl",
      "percent": 6.87783,
      "usage": 23921,
      "rank": 21
    },
    "2023-02": {
      "name": "Garganacl",
      "percent": 7.0397,
      "usage": 18852,
      "rank": 23
    },
    "2023-03": {
      "name": "Garganacl",
      "percent": 3.81976,
      "usage": 13984,
      "rank": 29
    },
    "2023-04": {
      "name": "Garganacl",
      "percent": 3.66137,
      "usage": 12199,
      "rank": 30
    },
    "2023-05": {
      "name": "Garganacl",
      "percent": 3.32504,
      "usage": 10190,
      "rank": 36
    },
    "2023-06": {
      "name": "Garganacl",
      "percent": 0.98748,
      "usage": 6802,
      "rank": 69
    },
    "2023-07": {
      "name": "Garganacl",
      "percent": 0.78651,
      "usage": 5589,
      "rank": 72
    },
    "2023-08": {
      "name": "Garganacl",
      "percent": 1.03878,
      "usage": 6571,
      "rank": 61
    },
    "2023-09": {
      "name": "Garganacl",
      "percent": 0.82969,
      "usage": 7427,
      "rank": 77
    },
    "2023-09-DLC1": {
      "name": "Garganacl",
      "percent": 0.84821,
      "usage": 3444,
      "rank": 78
    },
    "2023-10": {
      "name": "Garganacl",
      "percent": 0.45963,
      "usage": 6109,
      "rank": 95
    },
    "2023-11": {
      "name": "Garganacl",
      "percent": 0.91012,
      "usage": 6583,
      "rank": 69
    },
    "2023-12": {
      "name": "Garganacl",
      "percent": 0.84739,
      "usage": 8860,
      "rank": 79
    },
    "2023-12-DLC2": {
      "name": "Garganacl",
      "percent": 0.66493,
      "usage": 3679,
      "rank": 89
    },
    "2024-01": {
      "name": "Garganacl",
      "percent": 0.53611,
      "usage": 5964,
      "rank": 100
    },
    "2024-02": {
      "name": "Garganacl",
      "percent": 0.78556,
      "usage": 7206,
      "rank": 74
    },
    "2024-03": {
      "name": "Garganacl",
      "percent": 1.01606,
      "usage": 7191,
      "rank": 58
    },
    "2024-04": {
      "name": "Garganacl",
      "percent": 0.89745,
      "usage": 8636,
      "rank": 65
    },
    "2024-05": {
      "name": "Garganacl",
      "percent": 0.38069,
      "usage": 3735,
      "rank": 97
    },
    "2024-06": {
      "name": "Garganacl",
      "percent": 0.94562,
      "usage": 8009,
      "rank": 69
    }
  },
  "1760": {
    "2022-11": {
      "name": "Garganacl",
      "percent": 2.55249,
      "usage": 11669,
      "rank": 39
    },
    "2022-12": {
      "name": "Garganacl",
      "percent": 3.18103,
      "usage": 26757,