{
  "elos": [
    "0",
    "1500",
    "1630",
    "1760"
  ],
  "firstMonth": "2022-11",
  "0": {
    "2023-12": {
      "name": "Iron Boulder",
      "percent": 1.63894,
      "usage": 5537,
      "rank": 86
    },
    "2023-12-DLC2": {
      "name": "Iron Boulder",
      "percent": 2.66739,
      "usage": 4603,
      "rank": 56
    },
    "2024-01": {
      "name": "Iron Boulder",
      "percent": 1.68937,
      "usage": 6267,
      "rank": 83
    },
    "2024-02": {
      "name": "Iron Boulder",
      "percent": 1.02535,
      "usage": 3499,
      "rank": 112
    },
    "2024-03": {
      "name": "Iron Boulder",
      "percent": 0.64504,
      "usage": 2464,
      "rank": 138
    },
    "2024-04": {
      "name": "Iron Boulder",
      "percent": 0.45571,
      "usage": 1454,
      "rank": 174
    },
    "2024-05": {
      "name": "Iron Boulder",
      "percent": 0.46802,
      "usage": 747,
      "rank": 175
    },
    "2024-06": {
      "name": "Iron Boulder",
      "percent": 0.42433,
      "usage": 1266,
      "rank": 194
    }
  },
  "1500": {
    "2023-12": {
      "name": "Iron Boulder",
      "percent": 1.33821,
      "usage": 5537,
      "rank": 88
    },
    "2023-12-DLC2": {
      "name": "Iron Boulder",
      "percent": 2.13229,
      "usage": 4603,
      "rank": 65
    },
    "2024-01": {
      "name": "Iron Boulder",
      "percent": 1.42576,
      "usage": 6267,
      "rank": 81
    },
    "2024-02": {
      "name": "Iron Boulder",
      "percent": 0.81172,
      "usage": 3499,
      "rank": 107
    },
    "2024-03": {
      "name": "Iron Boulder",
      "percent": 0.47904,
      "usage": 2464,
      "rank": 127
    },
    "2024-04": {
      "name": "Iron Boulder",
      "percent": 0.36793,
      "usage": 1454,
      "rank": 151
    },
    "2024-05": {
      "name": "Iron Boulder",
      "percent": 0.32065,
      "usage": 747,
      "rank": 166
    },
    "2024-06": {
      "name": "Iron Boulder",
      "percent": 0.40565,
      "usage": 1266,
      "rank": 154
    }
  },
  "1630": {
    "2023-12": {
      "name": "Iron Boulder",
      "percent": 0.70572,
      "usage": 5537,
      "rank": 86
    },
    "2023-12-DLC2": {
      "name": "Iron Boulder",
      "percent": 1.00651,
      "usage": 4603,
      "rank": 74
    },
    "2024-01": {
      "name": "Iron Boulder",
      "percent": 0.58256,
      "usage": 6267,
      "rank": 95
    },
    "2024-02": {
      "name": "Iron Boulder",
      "percent": 0.33571,
      "usage": 3499,
      "rank": 116
    },
    "2024-03": {
      "name": "Iron Boulder",
      "percent": 0.17595,
      "usage": 2464,
      "rank": 141
    },
    "2024-04": {
      "name": "Iron Boulder",
      "percent": 0.16692,
      "usage": 1454,
      "rank": 143
    },
    "2024-05": {
      "name": "Iron Boulder",
      "percent": 0.1137,
      "usage": 747,
      "rank": 164
    },
    "2024-06": {
      "name": "Iron Boulder",
      "percent": 0.12109,
      "usage": 1266,
      "rank": 165
    }
  },
  "1760": {
    "2023-12": {
      "name": "Iron Boulder",
      "percent": 0.33619,
      "usage": 5537,
      "rank": 100
    },
    "2023-12-DLC2": {
      "name": "Iron Boulder",
      "percent": 0.37482,
      "usage": 4603,
      "rank": 89
    },
    "2024-01": {
      "name": "Iron Boulder",
      "percent": 0.19626,
      "usage": 6267,
      "rank": 109
    },
    "2024-02": {
      "name": "Iron Boulder",
      "percent": 0.06967,
      "usage": 3499,
      "rank": 145
    },
    "2024-03": {
      "name": "Iron Boulder",
      "percent": 0.04272,
      "usage": 2464,
      "rank": 150
    },
    "2024-04": {
      "name": "Iron Boulder",
      "percent": 0.04846,
      "usage": 1454,
      "rank": 157
    },
    "2024-05": {
      "name": "Iron Boulder",
      "percent": 0.01379,
      "usage": 747,
      "rank": 194
    },
    "2024-06": {
      "name": "Iron Boulder",
      "percent": 0.02736,
      "usage": 1266,
      "rank": 188
    }
  }
}