{
  "elos": [
    "0",
    "1500",
    "1630",
    "1760"
  ],
  "firstMonth": "2022-11",
  "0": {
    "2022-11": {
      "name": "Jolteon",
      "percent": 0.2262,
      "usage": 664,
      "rank": 142
    },
    "2022-12": {
      "name": "Jolteon",
      "percent": 0.32111,
      "usage": 1396,
      "rank": 128
    },
    "2023-01": {
      "name": "Jolteon",
      "percent": 0.31319,
      "usage": 956,
      "rank": 141
    },
    "2023-02": {
      "name": "Jolteon",
      "percent": 0.31552,
      "usage": 721,
      "rank": 145
    },
    "2023-03": {
      "name": "Jolteon",
      "percent": 0.34358,
      "usage": 747,
      "rank": 129
    },
    "2023-04": {
      "name": "Jolteon",
      "percent": 0.39361,
      "usage": 752,
      "rank": 129
    },
    "2023-05": {
      "name": "Jolteon",
      "percent": 0.36743,
      "usage": 638,
      "rank": 152
    },
    "2023-06": {
      "name": "Jolteon",
      "percent": 0.17519,
      "usage": 500,
      "rank": 220
    },
    "2023-07": {
      "name": "Jolteon",
      "percent": 0.18638,
      "usage": 405,
      "rank": 215
    },
    "2023-08": {
      "name": "Jolteon",
      "percent": 0.29768,
      "usage": 634,
      "rank": 181
    },
    "2023-09": {
      "name": "Jolteon",
      "percent": 0.29006,
      "usage": 643,
      "rank": 211
    },
    "2023-09-DLC1": {
      "name": "Jolteon",
      "percent": 0.32402,
      "usage": 412,
      "rank": 209
    },
    "2023-10": {
      "name": "Jolteon",
      "percent": 0.42953,
      "usage": 1130,
      "rank": 166
    },
    "2023-11": {
      "name": "Jolteon",
      "percent": 0.38816,
      "usage": 1035,
      "rank": 177
    },
    "2023-12": {
      "name": "Jolteon",
      "percent": 0.36378,
      "usage": 1229,
      "rank": 208
    },
    "2023-12-DLC2": {
      "name": "Jolteon",
      "percent": 0.3135,
      "usage": 541,
      "rank": 221
    },
    "2024-01": {
      "name": "Jolteon",
      "percent": 0.32968,
      "usage": 1223,
      "rank": 221
    },
    "2024-02": {
      "name": "Jolteon",
      "percent": 0.34051,
      "usage": 1162,
      "rank": 215
    },
    "2024-03": {
      "name": "Jolteon",
      "percent": 0.26624,
      "usage": 1017,
      "rank": 228
    },
    "2024-04": {
      "name": "Jolteon",
      "percent": 0.35071,
      "usage": 1119,
      "rank": 207
    },
    "2024-05": {
      "name": "Jolteon",
      "percent": 0.35399,
      "usage": 565,
      "rank": 208
    },
    "2024-06": {
      "name": "Jolteon",
      "percent": 0.41629,
      "usage": 1242,
      "rank": 196
    }
  },
  "1500": {
    "2022-11": {
      "name": "Jolteon",
      "percent": 0.21155,
      "usage": 664,
      "rank": 143
    },
    "2022-12": {
      "name": "Jolteon",
      "percent": 0.30008,
      "usage": 1396,
      "rank": 129
    },
    "2023-01": {
      "name": "Jolteon",
      "percent": 0.27997,
      "usage": 956,
      "rank": 141
    },
    "2023-02": {
      "name": "Jolteon",
      "percent": 0.27508,
      "usage": 721,
      "rank": 145
    },
    "2023-03": {
      "name": "Jolteon",
      "percent": 0.25985,
      "usage": 747,
      "rank": 137
    },
    "2023-04": {
      "name": "Jolteon",
      "percent": 0.15286,
      "usage": 752,
      "rank": 146
    },
    "2023-05": {
      "name": "Jolteon",
      "percent": 0.1856,
      "usage": 638,
      "rank": 172
    },
    "2023-06": {
      "name": "Jolteon",
      "percent": 0.07311,
      "usage": 500,
      "rank": 226
    },
    "2023-07": {
      "name": "Jolteon",
      "percent": 0.09607,
      "usage": 405,
      "rank": 209
    },
    "2023-08": {
      "name": "Jolteon",
      "percent": 0.10588,
      "usage": 634,
      "rank": 204
    },
    "2023-09": {
      "name": "Jolteon",
      "percent": 0.16191,
      "usage": 643,
      "rank": 220
    },
    "2023-09-DLC1": {
      "name": "Jolteon",
      "percent": 0.1612,
      "usage": 412,
      "rank": 224
    },
    "2023-10": {
      "name": "Jolteon",
      "percent": 0.23045,
      "usage": 1130,
      "rank": 180
    },
    "2023-11": {
      "name": "Jolteon",
      "percent": 0.22941,
      "usage": 1035,
      "rank": 184
    },
    "2023-12": {
      "name": "Jolteon",
      "percent": 0.17727,
      "usage": 1229,
      "rank": 230
    },
    "2023-12-DLC2": {
      "name": "Jolteon",
      "percent": 0.13132,
      "usage": 541,
      "rank": 260
    },
    "2024-01": {
      "name": "Jolteon",
      "percent": 0.17715,
      "usage": 1223,
      "rank": 242
    },
    "2024-02": {
      "name": "Jolteon",
      "percent": 0.19096,
      "usage": 1162,
      "rank": 212
    },
    "2024-03": {
      "name": "Jolteon",
      "percent": 0.09097,
      "usage": 1017,
      "rank": 296
    },
    "2024-04": {
      "name": "Jolteon",
      "percent": 0.13528,
      "usage": 1119,
      "rank": 245
    },
    "2024-05": {
      "name": "Jolteon",
      "percent": 0.11371,
      "usage": 565,
      "rank": 274
    },
    "2024-06": {
      "name": "Jolteon",
      "percent": 0.17134,
      "usage": 1242,
      "rank": 242
    }
  },
  "1630": {
    "2022-11": {
      "name": "Jolteon",
      "percent": 0.03139,
      "usage": 664,
      "rank": 131
    },
    "2022-12": {
      "name": "Jolteon",
      "percent": 0.07652,
      "usage": 1396,
      "rank": 132
    },
    "2023-01": {
      "name": "Jolteon",
      "percent": 0.00246,
      "usage": 956,
      "rank": 202
    },
    "2023-02": {
      "name": "Jolteon",
      "percent": 0.01647,
      "usage": 721,
      "rank": 173
    },
    "2023-03": {
      "name": "Jolteon",
      "percent": 0.03547,
      "usage": 747,
      "rank": 158
    },
    "2023-04": {
      "name": "Jolteon",
      "percent": 0.02807,
      "usage": 752,
      "rank": 165
    },
    "2023-05": {
      "name": "Jolteon",
      "percent": 0.04396,
      "usage": 638,
      "rank": 199
    },
    "2023-06": {
      "name": "Jolteon",
      "percent": 0.01571,
      "usage": 500,
      "rank": 231
    },
    "2023-07": {
      "name": "Jolteon",
      "percent": 0.02456,
      "usage": 405,
      "rank": 209
    },
    "2023-08": {
      "name": "Jolteon",
      "percent": 0.01302,
      "usage": 634,
      "rank": 234
    },
    "2023-09": {
      "name": "Jolteon",
      "percent": 0.03267,
      "usage": 643,
      "rank": 244
    },
    "2023-09-DLC1": {
      "name": "Jolteon",
      "percent": 0.0447,
      "usage": 412,
      "rank": 230
    },
    "2023-10": {
      "name": "Jolteon",
      "percent": 0.04394,
      "usage": 1130,
      "rank": 210
    },
    "2023-11": {
      "name": "Jolteon",
      "percent": 0.04166,
      "usage": 1035,
      "rank": 221
    },
    "2023-12": {
      "name": "Jolteon",
      "percent": 0.01979,
      "usage": 1229,
      "rank": 323
    },
    "2023-12-DLC2": {
      "name": "Jolteon",
      "percent": 0.01601,
      "usage": 541,
      "rank": 317
    },
    "2024-01": {
      "name": "Jolteon",
      "percent": 0.04536,
      "usage": 1223,
      "rank": 247
    },
    "2024-02": {
      "name": "Jolteon",
      "percent": 0.03946,
      "usage": 1162,
      "rank": 239
    },
    "2024-03": {
      "name": "Jolteon",
      "percent": 0.00754,
      "usage": 1017,
      "rank": 364
    },
    "2024-04": {
      "name": "Jolteon",
      "percent": 0.02061,
      "usage": 1119,
      "rank": 273
    },
    "2024-05": {
      "name": "Jolteon",
      "percent": 0.01399,
      "usage": 565,
      "rank": 313
    },
    "2024-06": {
      "name": "Jolteon",
      "percent": 0.03034,
      "usage": 1242,
      "rank": 267
    }
  },
  "1760": {
    "2022-11": {
      "name": "Jolteon",
      "percent": 0.01049,
      "usage": 664,
      "rank": 122
    },
    "2022-12": {
      "name": "Jolteon",
      "percent": 0.01163,
      "usage": 1396,
      "rank": 139
    },
    "2023-01": {
      "name": "Jolteon",
      "percent": 6e-05,
      "usage": 956,
      "rank": 201
    },