{
  "elos": [
    "0",
    "1500",
    "1630",
    "1760"
  ],
  "firstMonth": "2022-11",
  "0": {
    "2022-11": {
      "name": "Krookodile",
      "percent": 0.23813,
      "usage": 699,
      "rank": 139
    },
    "2022-12": {
      "name": "Krookodile",
      "percent": 0.32985,
      "usage": 1434,
      "rank": 125
    },
    "2023-01": {
      "name": "Krookodile",
      "percent": 0.46291,
      "usage": 1413,
      "rank": 119
    },
    "2023-02": {
      "name": "Krookodile",
      "percent": 0.46037,
      "usage": 1052,
      "rank": 118
    },
    "2023-03": {
      "name": "Krookodile",
      "percent": 0.5455,
      "usage": 1186,
      "rank": 109
    },
    "2023-04": {
      "name": "Krookodile",
      "percent": 0.50143,
      "usage": 958,
      "rank": 115
    },
    "2023-05": {
      "name": "Krookodile",
      "percent": 0.46246,
      "usage": 803,
      "rank": 135
    },
    "2023-06": {
      "name": "Krookodile",
      "percent": 0.30974,
      "usage": 884,
      "rank": 168
    },
    "2023-07": {
      "name": "Krookodile",
      "percent": 0.39024,
      "usage": 848,
      "rank": 157
    },
    "2023-08": {
      "name": "Krookodile",
      "percent": 0.40426,
      "usage": 861,
      "rank": 153
    },
    "2023-09": {
      "name": "Krookodile",
      "percent": 0.4696,
      "usage": 1041,
      "rank": 160
    },
    "2023-09-DLC1": {
      "name": "Krookodile",
      "percent": 0.60321,
      "usage": 767,
      "rank": 151
    },
    "2023-10": {
      "name": "Krookodile",
      "percent": 0.41775,
      "usage": 1099,
      "rank": 172
    },
    "2023-11": {
      "name": "Krookodile",
      "percent": 0.35778,
      "usage": 954,
      "rank": 187
    },
    "2023-12": {
      "name": "Krookodile",
      "percent": 0.37503,
      "usage": 1267,
      "rank": 200
    },
    "2023-12-DLC2": {
      "name": "Krookodile",
      "percent": 0.29264,
      "usage": 505,
      "rank": 230
    },
    "2024-01": {
      "name": "Krookodile",
      "percent": 0.45287,
      "usage": 1680,
      "rank": 181
    },
    "2024-02": {
      "name": "Krookodile",
      "percent": 0.44337,
      "usage": 1513,
      "rank": 180
    },
    "2024-03": {
      "name": "Krookodile",
      "percent": 0.39137,
      "usage": 1495,
      "rank": 186
    },
    "2024-04": {
      "name": "Krookodile",
      "percent": 0.55694,
      "usage": 1777,
      "rank": 152
    },
    "2024-05": {
      "name": "Krookodile",
      "percent": 0.56701,
      "usage": 905,
      "rank": 156
    },
    "2024-06": {
      "name": "Krookodile",
      "percent": 0.45383,
      "usage": 1354,
      "rank": 184
    }
  },
  "1500": {
    "2022-11": {
      "name": "Krookodile",
      "percent": 0.22109,
      "usage": 699,
      "rank": 140
    },
    "2022-12": {
      "name": "Krookodile",
      "percent": 0.30304,
      "usage": 1434,
      "rank": 128
    },
    "2023-01": {
      "name": "Krookodile",
      "percent": 0.42639,
      "usage": 1413,
      "rank": 119
    },
    "2023-02": {
      "name": "Krookodile",
      "percent": 0.39571,
      "usage": 1052,
      "rank": 124
    },
    "2023-03": {
      "name": "Krookodile",
      "percent": 0.45447,
      "usage": 1186,
      "rank": 114
    },
    "2023-04": {
      "name": "Krookodile",
      "percent": 0.20925,
      "usage": 958,
      "rank": 133
    },
    "2023-05": {
      "name": "Krookodile",
      "percent": 0.23381,
      "usage": 803,
      "rank": 156
    },
    "2023-06": {
      "name": "Krookodile",
      "percent": 0.09752,
      "usage": 884,
      "rank": 211
    },
    "2023-07": {
      "name": "Krookodile",
      "percent": 0.17377,
      "usage": 848,
      "rank": 182
    },
    "2023-08": {
      "name": "Krookodile",
      "percent": 0.12972,
      "usage": 861,
      "rank": 191
    },
    "2023-09": {
      "name": "Krookodile",
      "percent": 0.25417,
      "usage": 1041,
      "rank": 178
    },
    "2023-09-DLC1": {
      "name": "Krookodile",
      "percent": 0.32827,
      "usage": 767,
      "rank": 172
    },
    "2023-10": {
      "name": "Krookodile",
      "percent": 0.18253,
      "usage": 1099,
      "rank": 201
    },
    "2023-11": {
      "name": "Krookodile",
      "percent": 0.18323,
      "usage": 954,
      "rank": 199
    },
    "2023-12": {
      "name": "Krookodile",
      "percent": 0.17764,
      "usage": 1267,
      "rank": 229
    },
    "2023-12-DLC2": {
      "name": "Krookodile",
      "percent": 0.12094,
      "usage": 505,
      "rank": 272
    },
    "2024-01": {
      "name": "Krookodile",
      "percent": 0.28563,
      "usage": 1680,
      "rank": 185
    },
    "2024-02": {
      "name": "Krookodile",
      "percent": 0.1716,
      "usage": 1513,
      "rank": 226
    },
    "2024-03": {
      "name": "Krookodile",
      "percent": 0.17156,
      "usage": 1495,
      "rank": 208
    },
    "2024-04": {
      "name": "Krookodile",
      "percent": 0.17078,
      "usage": 1777,
      "rank": 216
    },
    "2024-05": {
      "name": "Krookodile",
      "percent": 0.17179,
      "usage": 905,
      "rank": 222
    },
    "2024-06": {
      "name": "Krookodile",
      "percent": 0.21995,
      "usage": 1354,
      "rank": 212
    }
  },
  "1630": {
    "2022-11": {
      "name": "Krookodile",
      "percent": 0.17743,
      "usage": 699,
      "rank": 101
    },
    "2022-12": {
      "name": "Krookodile",
      "percent": 0.39211,
      "usage": 1434,
      "rank": 79
    },
    "2023-01": {
      "name": "Krookodile",
      "percent": 0.34589,
      "usage": 1413,
      "rank": 80
    },
    "2023-02": {
      "name": "Krookodile",
      "percent": 0.06305,
      "usage": 1052,
      "rank": 138
    },
    "2023-03": {
      "name": "Krookodile",
      "percent": 0.04525,
      "usage": 1186,
      "rank": 146
    },
    "2023-04": {
      "name": "Krookodile",
      "percent": 0.03407,
      "usage": 958,
      "rank": 160
    },
    "2023-05": {
      "name": "Krookodile",
      "percent": 0.05354,
      "usage": 803,
      "rank": 188
    },
    "2023-06": {
      "name": "Krookodile",
      "percent": 0.01796,
      "usage": 884,
      "rank": 229
    },
    "2023-07": {
      "name": "Krookodile",
      "percent": 0.02727,
      "usage": 848,
      "rank": 203
    },
    "2023-08": {
      "name": "Krookodile",
      "percent": 0.01744,
      "usage": 861,
      "rank": 222
    },
    "2023-09": {
      "name": "Krookodile",
      "percent": 0.03815,
      "usage": 1041,
      "rank": 236
    },
    "2023-09-DLC1": {
      "name": "Krookodile",
      "percent": 0.04012,
      "usage": 767,
      "rank": 239
    },
    "2023-10": {
      "name": "Krookodile",
      "percent": 0.01879,
      "usage": 1099,
      "rank": 261
    },
    "2023-11": {
      "name": "Krookodile",
      "percent": 0.0388,
      "usage": 954,
      "rank": 228
    },
    "2023-12": {
      "name": "Krookodile",
      "percent": 0.04946,
      "usage": 1267,
      "rank": 239
    },
    "2023-12-DLC2": {
      "name": "Krookodile",
      "percent": 0.02594,
      "usage": 505,
      "rank": 285
    },
    "2024-01": {
      "name": "Krookodile",
      "percent": 0.03729,
      "usage": 1680,
      "rank": 271
    },
    "2024-02": {
      "name": "Krookodile",
      "percent": 0.02314,
      "usage": 1513,
      "rank": 283
    },
    "2024-03": {
      "name": "Krookodile",
      "percent": 0.02038,
      "usage": 1495,
      "rank": 275
    },
    "2024-04": {
      "name": "Krookodile",
      "percent": 0.04019,
      "usage": 1777,
      "rank": 228
    },
    "2024-05": {
      "name": "Krookodile",
      "percent": 0.02631,
      "usage": 905,
      "rank": 260
    },
    "2024-06": {
      "name": "Krookodile",
      "percent": 0.03709,
      "usage": 1354,
      "rank": 253
    }
  },
  "1760": {
    "2022-11": {
      "name": "Krookodile",
      "percent": 0.05451,
      "usage": 699,
      "rank": 102
    },