{
  "elos": [
    "0",
    "1500",
    "1630",
    "1760"
  ],
  "firstMonth": "2022-11",
  "0": {
    "2023-05": {
      "name": "Mewtwo",
      "percent": 0.55518,
      "usage": 964,
      "rank": 123
    },
    "2023-06": {
      "name": "Mewtwo",
      "percent": 4.17654,
      "usage": 11920,
      "rank": 39
    },
    "2023-07": {
      "name": "Mewtwo",
      "percent": 5.9503,
      "usage": 12930,
      "rank": 25
    },
    "2023-08": {
      "name": "Mewtwo",
      "percent": 7.9045,
      "usage": 16835,
      "rank": 21
    },
    "2023-09": {
      "name": "Mewtwo",
      "percent": 5.86521,
      "usage": 13002,
      "rank": 27
    },
    "2023-09-DLC1": {
      "name": "Mewtwo",
      "percent": 4.96642,
      "usage": 6315,
      "rank": 33
    },
    "2023-10": {
      "name": "Mewtwo",
      "percent": 4.951,
      "usage": 13025,
      "rank": 37
    },
    "2023-11": {
      "name": "Mewtwo",
      "percent": 4.95713,
      "usage": 13218,
      "rank": 35
    },
    "2023-12": {
      "name": "Mewtwo",
      "percent": 3.75888,
      "usage": 12699,
      "rank": 43
    },
    "2023-12-DLC2": {
      "name": "Mewtwo",
      "percent": 3.37842,
      "usage": 5830,
      "rank": 44
    },
    "2024-01": {
      "name": "Mewtwo",
      "percent": 3.40705,
      "usage": 12639,
      "rank": 44
    },
    "2024-02": {
      "name": "Mewtwo",
      "percent": 3.17187,
      "usage": 10824,
      "rank": 47
    },
    "2024-03": {
      "name": "Mewtwo",
      "percent": 2.76891,
      "usage": 10577,
      "rank": 50
    },
    "2024-04": {
      "name": "Mewtwo",
      "percent": 3.12537,
      "usage": 9972,
      "rank": 46
    },
    "2024-05": {
      "name": "Mewtwo",
      "percent": 3.44966,
      "usage": 5506,
      "rank": 40
    },
    "2024-06": {
      "name": "Mewtwo",
      "percent": 3.35744,
      "usage": 10017,
      "rank": 40
    }
  },
  "1500": {
    "2023-05": {
      "name": "Mewtwo",
      "percent": 0.48989,
      "usage": 964,
      "rank": 114
    },
    "2023-06": {
      "name": "Mewtwo",
      "percent": 3.70756,
      "usage": 11920,
      "rank": 43
    },
    "2023-07": {
      "name": "Mewtwo",
      "percent": 5.73829,
      "usage": 12930,
      "rank": 27
    },
    "2023-08": {
      "name": "Mewtwo",
      "percent": 8.34538,
      "usage": 16835,
      "rank": 21
    },
    "2023-09": {
      "name": "Mewtwo",
      "percent": 6.19931,
      "usage": 13002,
      "rank": 27
    },
    "2023-09-DLC1": {
      "name": "Mewtwo",
      "percent": 5.2566,
      "usage": 6315,
      "rank": 31
    },
    "2023-10": {
      "name": "Mewtwo",
      "percent": 5.01847,
      "usage": 13025,
      "rank": 35
    },
    "2023-11": {
      "name": "Mewtwo",
      "percent": 4.96237,
      "usage": 13218,
      "rank": 36
    },
    "2023-12": {
      "name": "Mewtwo",
      "percent": 3.88143,
      "usage": 12699,
      "rank": 39
    },
    "2023-12-DLC2": {
      "name": "Mewtwo",
      "percent": 3.50245,
      "usage": 5830,
      "rank": 40
    },
    "2024-01": {
      "name": "Mewtwo",
      "percent": 3.20319,
      "usage": 12639,
      "rank": 42
    },
    "2024-02": {
      "name": "Mewtwo",
      "percent": 2.90293,
      "usage": 10824,
      "rank": 48
    },
    "2024-03": {
      "name": "Mewtwo",
      "percent": 2.13981,
      "usage": 10577,
      "rank": 51
    },
    "2024-04": {
      "name": "Mewtwo",
      "percent": 2.5924,
      "usage": 9972,
      "rank": 49
    },
    "2024-05": {
      "name": "Mewtwo",
      "percent": 2.71353,
      "usage": 5506,
      "rank": 48
    },
    "2024-06": {
      "name": "Mewtwo",
      "percent": 2.81818,
      "usage": 10017,
      "rank": 46
    }
  },
  "1630": {
    "2023-05": {
      "name": "Mewtwo",
      "percent": 0.5009,
      "usage": 964,
      "rank": 99
    },
    "2023-06": {
      "name": "Mewtwo",
      "percent": 2.91601,
      "usage": 11920,
      "rank": 45
    },
    "2023-07": {
      "name": "Mewtwo",
      "percent": 5.35566,
      "usage": 12930,
      "rank": 27
    },
    "2023-08": {
      "name": "Mewtwo",
      "percent": 8.28789,
      "usage": 16835,
      "rank": 20
    },
    "2023-09": {
      "name": "Mewtwo",
      "percent": 6.32176,
      "usage": 13002,
      "rank": 27
    },
    "2023-09-DLC1": {
      "name": "Mewtwo",
      "percent": 5.28756,
      "usage": 6315,
      "rank": 32
    },
    "2023-10": {
      "name": "Mewtwo",
      "percent": 5.41274,
      "usage": 13025,
      "rank": 26
    },
    "2023-11": {
      "name": "Mewtwo",
      "percent": 5.50723,
      "usage": 13218,
      "rank": 28
    },
    "2023-12": {
      "name": "Mewtwo",
      "percent": 3.78037,
      "usage": 12699,
      "rank": 36
    },
    "2023-12-DLC2": {
      "name": "Mewtwo",
      "percent": 3.38194,
      "usage": 5830,
      "rank": 37
    },
    "2024-01": {
      "name": "Mewtwo",
      "percent": 3.08088,
      "usage": 12639,
      "rank": 39
    },
    "2024-02": {
      "name": "Mewtwo",
      "percent": 2.24279,
      "usage": 10824,
      "rank": 45
    },
    "2024-03": {
      "name": "Mewtwo",
      "percent": 1.13166,
      "usage": 10577,
      "rank": 51
    },
    "2024-04": {
      "name": "Mewtwo",
      "percent": 1.23313,
      "usage": 9972,
      "rank": 52
    },
    "2024-05": {
      "name": "Mewtwo",
      "percent": 1.32733,
      "usage": 5506,
      "rank": 51
    },
    "2024-06": {
      "name": "Mewtwo",
      "percent": 1.84425,
      "usage": 10017,
      "rank": 47
    }
  },
  "1760": {
    "2023-05": {
      "name": "Mewtwo",
      "percent": 0.46818,
      "usage": 964,
      "rank": 86
    },
    "2023-06": {
      "name": "Mewtwo",
      "percent": 2.97675,
      "usage": 11920,
      "rank": 43
    },
    "2023-07": {
      "name": "Mewtwo",
      "percent": 4.588,
      "usage": 12930,
      "rank": 30
    },
    "2023-08": {
      "name": "Mewtwo",
      "percent": 6.01238,
      "usage": 16835,
      "rank": 26
    },
    "2023-09": {
      "name": "Mewtwo",
      "percent": 3.81465,
      "usage": 13002,
      "rank": 32
    },
    "2023-09-DLC1": {
      "name": "Mewtwo",
      "percent": 3.50862,
      "usage": 6315,
      "rank": 36
    },
    "2023-10": {
      "name": "Mewtwo",
      "percent": 3.81473,
      "usage": 13025,
      "rank": 34
    },
    "2023-11": {
      "name": "Mewtwo",
      "percent": 4.71284,
      "usage": 13218,
      "rank": 32
    },
    "2023-12": {
      "name": "Mewtwo",
      "percent": 3.03054,
      "usage": 12699,
      "rank": 42
    },
    "2023-12-DLC2": {
      "name": "Mewtwo",
      "percent": 2.73152,
      "usage": 5830,
      "rank": 38
    },
    "2024-01": {
      "name": "Mewtwo",
      "percent": 1.6909,
      "usage": 12639,
      "rank": 46
    },
    "2024-02": {
      "name": "Mewtwo",
      "percent": 1.41192,
      "usage": 10824,
      "rank": 46
    },
    "2024-03": {
      "name": "Mewtwo",
      "percent": 0.50016,
      "usage": 10577,
      "rank": 72
    },
    "2024-04": {
      "name": "Mewtwo",
      "percent": 0.56554,
      "usage": 9972,
      "rank": 63
    },
    "2024-05": {
      "name": "Mewtwo",
      "percent": 0.66364,
      "usage": 5506,
      "rank": 61
    },
    "2024-06": {
      "name": "Mewtwo",
      "percent": 0.91201,
      "usage": 10017,
      "rank": 57
    }
  }
}