{
  "elos": [
    "0",
    "1500",
    "1630",
    "1760"
  ],
  "firstMonth": "2022-11",
  "0": {
    "2023-12": {
      "name": "Minior",
      "percent": 0.30103,
      "usage": 1017,
      "rank": 231
    },
    "2023-12-DLC2": {
      "name": "Minior",
      "percent": 0.503,
      "usage": 868,
      "rank": 166
    },
    "2024-01": {
      "name": "Minior",
      "percent": 0.60491,
      "usage": 2244,
      "rank": 157
    },
    "2024-02": {
      "name": "Minior",
      "percent": 0.36337,
      "usage": 1240,
      "rank": 207
    },
    "2024-03": {
      "name": "Minior",
      "percent": 0.32331,
      "usage": 1235,
      "rank": 207
    },
    "2024-04": {
      "name": "Minior",
      "percent": 0.31592,
      "usage": 1008,
      "rank": 217
    },
    "2024-05": {
      "name": "Minior",
      "percent": 0.30637,
      "usage": 489,
      "rank": 226
    },
    "2024-06": {
      "name": "Minior",
      "percent": 0.30501,
      "usage": 910,
      "rank": 234
    }
  },
  "1500": {
    "2023-12": {
      "name": "Minior",
      "percent": 0.18018,
      "usage": 1017,
      "rank": 228
    },
    "2023-12-DLC2": {
      "name": "Minior",
      "percent": 0.2674,
      "usage": 868,
      "rank": 184
    },
    "2024-01": {
      "name": "Minior",
      "percent": 0.28322,
      "usage": 2244,
      "rank": 189
    },
    "2024-02": {
      "name": "Minior",
      "percent": 0.17416,
      "usage": 1240,
      "rank": 224
    },
    "2024-03": {
      "name": "Minior",
      "percent": 0.1479,
      "usage": 1235,
      "rank": 228
    },
    "2024-04": {
      "name": "Minior",
      "percent": 0.17336,
      "usage": 1008,
      "rank": 213
    },
    "2024-05": {
      "name": "Minior",
      "percent": 0.23011,
      "usage": 489,
      "rank": 197
    },
    "2024-06": {
      "name": "Minior",
      "percent": 0.22075,
      "usage": 910,
      "rank": 211
    }
  },
  "1630": {
    "2023-12": {
      "name": "Minior",
      "percent": 0.06341,
      "usage": 1017,
      "rank": 216
    },
    "2023-12-DLC2": {
      "name": "Minior",
      "percent": 0.06928,
      "usage": 868,
      "rank": 206
    },
    "2024-01": {
      "name": "Minior",
      "percent": 0.0791,
      "usage": 2244,
      "rank": 199
    },
    "2024-02": {
      "name": "Minior",
      "percent": 0.03279,
      "usage": 1240,
      "rank": 251
    },
    "2024-03": {
      "name": "Minior",
      "percent": 0.03114,
      "usage": 1235,
      "rank": 238
    },
    "2024-04": {
      "name": "Minior",
      "percent": 0.01708,
      "usage": 1008,
      "rank": 288
    },
    "2024-05": {
      "name": "Minior",
      "percent": 0.04461,
      "usage": 489,
      "rank": 220
    },
    "2024-06": {
      "name": "Minior",
      "percent": 0.03714,
      "usage": 910,
      "rank": 252
    }
  },
  "1760": {
    "2023-12": {
      "name": "Minior",
      "percent": 0.01713,
      "usage": 1017,
      "rank": 225
    },
    "2023-12-DLC2": {
      "name": "Minior",
      "percent": 0.01576,
      "usage": 868,
      "rank": 217
    },
    "2024-01": {
      "name": "Minior",
      "percent": 0.0104,
      "usage": 2244,
      "rank": 240
    },
    "2024-02": {
      "name": "Minior",
      "percent": 0.00384,
      "usage": 1240,
      "rank": 290
    },
    "2024-03": {
      "name": "Minior",
      "percent": 0.00241,
      "usage": 1235,
      "rank": 322
    },
    "2024-04": {
      "name": "Minior",
      "percent": 0.0042,
      "usage": 1008,
      "rank": 260
    },
    "2024-05": {
      "name": "Minior",
      "percent": 0.00963,
      "usage": 489,
      "rank": 214
    },
    "2024-06": {
      "name": "Minior",
      "percent": 0.01233,
      "usage": 910,
      "rank": 231
    }
  }
}