{
  "elos": [
    "0",
    "1500",
    "1630",
    "1760"
  ],
  "firstMonth": "2022-11",
  "0": {
    "2022-11": {
      "name": "Mismagius",
      "percent": 0.15637,
      "usage": 459,
      "rank": 156
    },
    "2022-12": {
      "name": "Mismagius",
      "percent": 0.14468,
      "usage": 629,
      "rank": 166
    },
    "2023-01": {
      "name": "Mismagius",
      "percent": 0.13989,
      "usage": 427,
      "rank": 182
    },
    "2023-02": {
      "name": "Mismagius",
      "percent": 0.16936,
      "usage": 387,
      "rank": 174
    },
    "2023-03": {
      "name": "Mismagius",
      "percent": 0.11591,
      "usage": 252,
      "rank": 191
    },
    "2023-04": {
      "name": "Mismagius",
      "percent": 0.19157,
      "usage": 366,
      "rank": 164
    },
    "2023-05": {
      "name": "Mismagius",
      "percent": 0.23612,
      "usage": 410,
      "rank": 185
    },
    "2023-06": {
      "name": "Mismagius",
      "percent": 0.07043,
      "usage": 201,
      "rank": 282
    },
    "2023-07": {
      "name": "Mismagius",
      "percent": 0.14726,
      "usage": 320,
      "rank": 232
    },
    "2023-08": {
      "name": "Mismagius",
      "percent": 0.07512,
      "usage": 160,
      "rank": 287
    },
    "2023-09": {
      "name": "Mismagius",
      "percent": 0.12495,
      "usage": 277,
      "rank": 301
    },
    "2023-09-DLC1": {
      "name": "Mismagius",
      "percent": 0.13527,
      "usage": 172,
      "rank": 297
    },
    "2023-10": {
      "name": "Mismagius",
      "percent": 0.1395,
      "usage": 367,
      "rank": 283
    },
    "2023-11": {
      "name": "Mismagius",
      "percent": 0.23364,
      "usage": 623,
      "rank": 239
    },
    "2023-12": {
      "name": "Mismagius",
      "percent": 0.11781,
      "usage": 398,
      "rank": 362
    },
    "2023-12-DLC2": {
      "name": "Mismagius",
      "percent": 0.0904,
      "usage": 156,
      "rank": 381
    },
    "2024-01": {
      "name": "Mismagius",
      "percent": 0.09004,
      "usage": 334,
      "rank": 390
    },
    "2024-02": {
      "name": "Mismagius",
      "percent": 0.16527,
      "usage": 564,
      "rank": 311
    },
    "2024-03": {
      "name": "Mismagius",
      "percent": 0.13639,
      "usage": 521,
      "rank": 329
    },
    "2024-04": {
      "name": "Mismagius",
      "percent": 0.09152,
      "usage": 292,
      "rank": 376
    },
    "2024-05": {
      "name": "Mismagius",
      "percent": 0.06203,
      "usage": 99,
      "rank": 415
    },
    "2024-06": {
      "name": "Mismagius",
      "percent": 0.12703,
      "usage": 379,
      "rank": 363
    }
  },
  "1500": {
    "2022-11": {
      "name": "Mismagius",
      "percent": 0.14545,
      "usage": 459,
      "rank": 158
    },
    "2022-12": {
      "name": "Mismagius",
      "percent": 0.12934,
      "usage": 629,
      "rank": 167
    },
    "2023-01": {
      "name": "Mismagius",
      "percent": 0.12304,
      "usage": 427,
      "rank": 182
    },
    "2023-02": {
      "name": "Mismagius",
      "percent": 0.13605,
      "usage": 387,
      "rank": 179
    },
    "2023-03": {
      "name": "Mismagius",
      "percent": 0.09114,
      "usage": 252,
      "rank": 191
    },
    "2023-04": {
      "name": "Mismagius",
      "percent": 0.07019,
      "usage": 366,
      "rank": 176
    },
    "2023-05": {
      "name": "Mismagius",
      "percent": 0.13565,
      "usage": 410,
      "rank": 192
    },
    "2023-06": {
      "name": "Mismagius",
      "percent": 0.02224,
      "usage": 201,
      "rank": 290
    },
    "2023-07": {
      "name": "Mismagius",
      "percent": 0.05271,
      "usage": 320,
      "rank": 251
    },
    "2023-08": {
      "name": "Mismagius",
      "percent": 0.02833,
      "usage": 160,
      "rank": 291
    },
    "2023-09": {
      "name": "Mismagius",
      "percent": 0.05965,
      "usage": 277,
      "rank": 297
    },
    "2023-09-DLC1": {
      "name": "Mismagius",
      "percent": 0.06992,
      "usage": 172,
      "rank": 294
    },
    "2023-10": {
      "name": "Mismagius",
      "percent": 0.08825,
      "usage": 367,
      "rank": 257
    },
    "2023-11": {
      "name": "Mismagius",
      "percent": 0.07725,
      "usage": 623,
      "rank": 282
    },
    "2023-12": {
      "name": "Mismagius",
      "percent": 0.04558,
      "usage": 398,
      "rank": 389
    },
    "2023-12-DLC2": {
      "name": "Mismagius",
      "percent": 0.05185,
      "usage": 156,
      "rank": 357
    },
    "2024-01": {
      "name": "Mismagius",
      "percent": 0.02174,
      "usage": 334,
      "rank": 447
    },
    "2024-02": {
      "name": "Mismagius",
      "percent": 0.08308,
      "usage": 564,
      "rank": 303
    },
    "2024-03": {
      "name": "Mismagius",
      "percent": 0.0249,
      "usage": 521,
      "rank": 407
    },
    "2024-04": {
      "name": "Mismagius",
      "percent": 0.02742,
      "usage": 292,
      "rank": 407
    },
    "2024-05": {
      "name": "Mismagius",
      "percent": 0.02661,
      "usage": 99,
      "rank": 414
    },
    "2024-06": {
      "name": "Mismagius",
      "percent": 0.04844,
      "usage": 379,
      "rank": 375
    }
  },
  "1630": {
    "2022-11": {
      "name": "Mismagius",
      "percent": 0.0,
      "usage": 459,
      "rank": 323
    },
    "2022-12": {
      "name": "Mismagius",
      "percent": 0.05214,
      "usage": 629,
      "rank": 142
    },
    "2023-01": {
      "name": "Mismagius",
      "percent": 0.02129,
      "usage": 427,
      "rank": 159
    },
    "2023-02": {
      "name": "Mismagius",
      "percent": 0.02157,
      "usage": 387,
      "rank": 165
    },
    "2023-03": {
      "name": "Mismagius",
      "percent": 0.00139,
      "usage": 252,
      "rank": 264
    },
    "2023-04": {
      "name": "Mismagius",
      "percent": 0.01747,
      "usage": 366,
      "rank": 182
    },
    "2023-05": {
      "name": "Mismagius",
      "percent": 0.02669,
      "usage": 410,
      "rank": 232
    },
    "2023-06": {
      "name": "Mismagius",
      "percent": 0.00273,
      "usage": 201,
      "rank": 299
    },
    "2023-07": {
      "name": "Mismagius",
      "percent": 0.01071,
      "usage": 320,
      "rank": 245
    },
    "2023-08": {
      "name": "Mismagius",
      "percent": 0.00457,
      "usage": 160,
      "rank": 282
    },
    "2023-09": {
      "name": "Mismagius",
      "percent": 0.00757,
      "usage": 277,
      "rank": 323
    },
    "2023-09-DLC1": {
      "name": "Mismagius",
      "percent": 0.00762,
      "usage": 172,
      "rank": 327
    },
    "2023-10": {
      "name": "Mismagius",
      "percent": 0.01775,
      "usage": 367,
      "rank": 269
    },
    "2023-11": {
      "name": "Mismagius",
      "percent": 0.00727,
      "usage": 623,
      "rank": 325
    },
    "2023-12": {
      "name": "Mismagius",
      "percent": 0.00417,
      "usage": 398,
      "rank": 435
    },
    "2023-12-DLC2": {
      "name": "Mismagius",
      "percent": 0.00368,
      "usage": 156,
      "rank": 428
    },
    "2024-01": {
      "name": "Mismagius",
      "percent": 0.00426,
      "usage": 334,
      "rank": 434
    },
    "2024-02": {
      "name": "Mismagius",
      "percent": 0.01457,
      "usage": 564,
      "rank": 317
    },
    "2024-03": {
      "name": "Mismagius",
      "percent": 0.00099,
      "usage": 521,
      "rank": 485
    },
    "2024-04": {
      "name": "Mismagius",
      "percent": 0.00162,
      "usage": 292,
      "rank": 454
    },
    "2024-05": {
      "name": "Mismagius",
      "percent": 0.01229,
      "usage": 99,
      "rank": 322
    },
    "2024-06": {
      "name": "Mismagius",
      "percent": 0.00691,
      "usage": 379,
      "rank": 390
    }
  },
  "1760": {
    "2022-11": {
      "name": "Mismagius",
      "percent": 0.0,
      "usage": 459,
      "rank": 323
    },
    "2022-12": {
      "name": "Mismagius",
      "percent": 0.01125,
      "usage": 629,
      "rank": 140
    },