{
  "elos": [
    "0",
    "1500",
    "1630",
    "1760"
  ],
  "firstMonth": "2022-11",
  "0": {
    "2023-05": {
      "name": "Rayquaza",
      "percent": 1.57454,
      "usage": 2734,
      "rank": 68
    },
    "2023-06": {
      "name": "Rayquaza",
      "percent": 10.84988,
      "usage": 30966,
      "rank": 12
    },
    "2023-07": {
      "name": "Rayquaza",
      "percent": 14.71192,
      "usage": 31969,
      "rank": 6
    },
    "2023-08": {
      "name": "Rayquaza",
      "percent": 11.42643,
      "usage": 24336,
      "rank": 11
    },
    "2023-09": {
      "name": "Rayquaza",
      "percent": 9.02156,
      "usage": 19999,
      "rank": 13
    },
    "2023-09-DLC1": {
      "name": "Rayquaza",
      "percent": 8.23175,
      "usage": 10467,
      "rank": 15
    },
    "2023-10": {
      "name": "Rayquaza",
      "percent": 8.30894,
      "usage": 21859,
      "rank": 15
    },
    "2023-11": {
      "name": "Rayquaza",
      "percent": 7.99862,
      "usage": 21328,
      "rank": 15
    },
    "2023-12": {
      "name": "Rayquaza",
      "percent": 5.76664,
      "usage": 19482,
      "rank": 25
    },
    "2023-12-DLC2": {
      "name": "Rayquaza",
      "percent": 5.10645,
      "usage": 8812,
      "rank": 25
    },
    "2024-01": {
      "name": "Rayquaza",
      "percent": 5.51883,
      "usage": 20473,
      "rank": 23
    },
    "2024-02": {
      "name": "Rayquaza",
      "percent": 5.59121,
      "usage": 19080,
      "rank": 24
    },
    "2024-03": {
      "name": "Rayquaza",
      "percent": 7.13235,
      "usage": 27245,
      "rank": 15
    },
    "2024-04": {
      "name": "Rayquaza",
      "percent": 7.34111,
      "usage": 23423,
      "rank": 13
    },
    "2024-05": {
      "name": "Rayquaza",
      "percent": 6.71261,
      "usage": 10714,
      "rank": 16
    },
    "2024-06": {
      "name": "Rayquaza",
      "percent": 6.22888,
      "usage": 18584,
      "rank": 19
    }
  },
  "1500": {
    "2023-05": {
      "name": "Rayquaza",
      "percent": 1.87653,
      "usage": 2734,
      "rank": 58
    },
    "2023-06": {
      "name": "Rayquaza",
      "percent": 12.21739,
      "usage": 30966,
      "rank": 14
    },
    "2023-07": {
      "name": "Rayquaza",
      "percent": 17.55629,
      "usage": 31969,
      "rank": 5
    },
    "2023-08": {
      "name": "Rayquaza",
      "percent": 13.30452,
      "usage": 24336,
      "rank": 13
    },
    "2023-09": {
      "name": "Rayquaza",
      "percent": 10.72336,
      "usage": 19999,
      "rank": 13
    },
    "2023-09-DLC1": {
      "name": "Rayquaza",
      "percent": 10.23431,
      "usage": 10467,
      "rank": 14
    },
    "2023-10": {
      "name": "Rayquaza",
      "percent": 9.57922,
      "usage": 21859,
      "rank": 13
    },
    "2023-11": {
      "name": "Rayquaza",
      "percent": 9.29807,
      "usage": 21328,
      "rank": 14
    },
    "2023-12": {
      "name": "Rayquaza",
      "percent": 6.36824,
      "usage": 19482,
      "rank": 23
    },
    "2023-12-DLC2": {
      "name": "Rayquaza",
      "percent": 5.22517,
      "usage": 8812,
      "rank": 28
    },
    "2024-01": {
      "name": "Rayquaza",
      "percent": 5.89648,
      "usage": 20473,
      "rank": 22
    },
    "2024-02": {
      "name": "Rayquaza",
      "percent": 5.84404,
      "usage": 19080,
      "rank": 24
    },
    "2024-03": {
      "name": "Rayquaza",
      "percent": 7.92967,
      "usage": 27245,
      "rank": 16
    },
    "2024-04": {
      "name": "Rayquaza",
      "percent": 8.11398,
      "usage": 23423,
      "rank": 15
    },
    "2024-05": {
      "name": "Rayquaza",
      "percent": 6.79587,
      "usage": 10714,
      "rank": 22
    },
    "2024-06": {
      "name": "Rayquaza",
      "percent": 6.54917,
      "usage": 18584,
      "rank": 21
    }
  },
  "1630": {
    "2023-05": {
      "name": "Rayquaza",
      "percent": 2.39131,
      "usage": 2734,
      "rank": 45
    },
    "2023-06": {
      "name": "Rayquaza",
      "percent": 13.14201,
      "usage": 30966,
      "rank": 10
    },
    "2023-07": {
      "name": "Rayquaza",
      "percent": 20.75065,
      "usage": 31969,
      "rank": 6
    },
    "2023-08": {
      "name": "Rayquaza",
      "percent": 15.95674,
      "usage": 24336,
      "rank": 12
    },
    "2023-09": {
      "name": "Rayquaza",
      "percent": 14.3201,
      "usage": 19999,
      "rank": 11
    },
    "2023-09-DLC1": {
      "name": "Rayquaza",
      "percent": 14.36119,
      "usage": 10467,
      "rank": 10
    },
    "2023-10": {
      "name": "Rayquaza",
      "percent": 12.64382,
      "usage": 21859,
      "rank": 13
    },
    "2023-11": {
      "name": "Rayquaza",
      "percent": 12.13627,
      "usage": 21328,
      "rank": 13
    },
    "2023-12": {
      "name": "Rayquaza",
      "percent": 7.38365,
      "usage": 19482,
      "rank": 22
    },
    "2023-12-DLC2": {
      "name": "Rayquaza",
      "percent": 5.59433,
      "usage": 8812,
      "rank": 27
    },
    "2024-01": {
      "name": "Rayquaza",
      "percent": 5.89256,
      "usage": 20473,
      "rank": 24
    },
    "2024-02": {
      "name": "Rayquaza",
      "percent": 5.85442,
      "usage": 19080,
      "rank": 21
    },
    "2024-03": {
      "name": "Rayquaza",
      "percent": 7.11857,
      "usage": 27245,
      "rank": 19
    },
    "2024-04": {
      "name": "Rayquaza",
      "percent": 7.80203,
      "usage": 23423,
      "rank": 18
    },
    "2024-05": {
      "name": "Rayquaza",
      "percent": 5.93279,
      "usage": 10714,
      "rank": 24
    },
    "2024-06": {
      "name": "Rayquaza",
      "percent": 5.92823,
      "usage": 18584,
      "rank": 23
    }
  },
  "1760": {
    "2023-05": {
      "name": "Rayquaza",
      "percent": 3.39338,
      "usage": 2734,
      "rank": 35
    },
    "2023-06": {
      "name": "Rayquaza",
      "percent": 11.03024,
      "usage": 30966,
      "rank": 16
    },
    "2023-07": {
      "name": "Rayquaza",
      "percent": 15.52182,
      "usage": 31969,
      "rank": 13
    },
    "2023-08": {
      "name": "Rayquaza",
      "percent": 12.9941,
      "usage": 24336,
      "rank": 14
    },
    "2023-09": {
      "name": "Rayquaza",
      "percent": 14.57884,
      "usage": 19999,
      "rank": 11
    },
    "2023-09-DLC1": {
      "name": "Rayquaza",
      "percent": 14.88518,
      "usage": 10467,
      "rank": 10
    },
    "2023-10": {
      "name": "Rayquaza",
      "percent": 10.34137,
      "usage": 21859,
      "rank": 19
    },
    "2023-11": {
      "name": "Rayquaza",
      "percent": 10.65302,
      "usage": 21328,
      "rank": 18
    },
    "2023-12": {
      "name": "Rayquaza",
      "percent": 6.56538,
      "usage": 19482,
      "rank": 25
    },
    "2023-12-DLC2": {
      "name": "Rayquaza",
      "percent": 5.14185,
      "usage": 8812,
      "rank": 29
    },
    "2024-01": {
      "name": "Rayquaza",
      "percent": 6.15673,
      "usage": 20473,
      "rank": 23
    },
    "2024-02": {
      "name": "Rayquaza",
      "percent": 3.74995,
      "usage": 19080,
      "rank": 30
    },
    "2024-03": {
      "name": "Rayquaza",
      "percent": 4.66819,
      "usage": 27245,
      "rank": 27
    },
    "2024-04": {
      "name": "Rayquaza",
      "percent": 5.0258,
      "usage": 23423,
      "rank": 28
    },
    "2024-05": {
      "name": "Rayquaza",
      "percent": 4.27128,
      "usage": 10714,
      "rank": 29
    },
    "2024-06": {
      "name": "Rayquaza",
      "percent": 3.43173,
      "usage": 18584,
      "rank": 34
    }
  }
}