{
  "elos": [
    "0",
    "1500",
    "1630",
    "1760"
  ],
  "firstMonth": "2022-11",
  "0": {
    "2023-12": {
      "name": "Reuniclus",
      "percent": 0.23561,
      "usage": 796,
      "rank": 264
    },
    "2023-12-DLC2": {
      "name": "Reuniclus",
      "percent": 0.41607,
      "usage": 718,
      "rank": 188
    },
    "2024-01": {
      "name": "Reuniclus",
      "percent": 0.37901,
      "usage": 1406,
      "rank": 206
    },
    "2024-02": {
      "name": "Reuniclus",
      "percent": 0.2019,
      "usage": 689,
      "rank": 288
    },
    "2024-03": {
      "name": "Reuniclus",
      "percent": 0.22173,
      "usage": 847,
      "rank": 258
    },
    "2024-04": {
      "name": "Reuniclus",
      "percent": 0.16799,
      "usage": 536,
      "rank": 308
    },
    "2024-05": {
      "name": "Reuniclus",
      "percent": 0.2055,
      "usage": 328,
      "rank": 274
    },
    "2024-06": {
      "name": "Reuniclus",
      "percent": 0.24334,
      "usage": 726,
      "rank": 271
    }
  },
  "1500": {
    "2023-12": {
      "name": "Reuniclus",
      "percent": 0.08059,
      "usage": 796,
      "rank": 317
    },
    "2023-12-DLC2": {
      "name": "Reuniclus",
      "percent": 0.13376,
      "usage": 718,
      "rank": 258
    },
    "2024-01": {
      "name": "Reuniclus",
      "percent": 0.17972,
      "usage": 1406,
      "rank": 239
    },
    "2024-02": {
      "name": "Reuniclus",
      "percent": 0.12419,
      "usage": 689,
      "rank": 274
    },
    "2024-03": {
      "name": "Reuniclus",
      "percent": 0.13549,
      "usage": 847,
      "rank": 235
    },
    "2024-04": {
      "name": "Reuniclus",
      "percent": 0.08072,
      "usage": 536,
      "rank": 307
    },
    "2024-05": {
      "name": "Reuniclus",
      "percent": 0.11442,
      "usage": 328,
      "rank": 273
    },
    "2024-06": {
      "name": "Reuniclus",
      "percent": 0.09368,
      "usage": 726,
      "rank": 313
    }
  },
  "1630": {
    "2023-12": {
      "name": "Reuniclus",
      "percent": 0.02821,
      "usage": 796,
      "rank": 292
    },
    "2023-12-DLC2": {
      "name": "Reuniclus",
      "percent": 0.04821,
      "usage": 718,
      "rank": 232
    },
    "2024-01": {
      "name": "Reuniclus",
      "percent": 0.12964,
      "usage": 1406,
      "rank": 169
    },
    "2024-02": {
      "name": "Reuniclus",
      "percent": 0.0381,
      "usage": 689,
      "rank": 243
    },
    "2024-03": {
      "name": "Reuniclus",
      "percent": 0.04877,
      "usage": 847,
      "rank": 207
    },
    "2024-04": {
      "name": "Reuniclus",
      "percent": 0.01262,
      "usage": 536,
      "rank": 315
    },
    "2024-05": {
      "name": "Reuniclus",
      "percent": 0.04295,
      "usage": 328,
      "rank": 223
    },
    "2024-06": {
      "name": "Reuniclus",
      "percent": 0.01532,
      "usage": 726,
      "rank": 328
    }
  },
  "1760": {
    "2023-12": {
      "name": "Reuniclus",
      "percent": 0.01225,
      "usage": 796,
      "rank": 247
    },
    "2023-12-DLC2": {
      "name": "Reuniclus",
      "percent": 0.0207,
      "usage": 718,
      "rank": 205
    },
    "2024-01": {
      "name": "Reuniclus",
      "percent": 0.01025,
      "usage": 1406,
      "rank": 242
    },
    "2024-02": {
      "name": "Reuniclus",
      "percent": 0.0194,
      "usage": 689,
      "rank": 204
    },
    "2024-03": {
      "name": "Reuniclus",
      "percent": 0.02139,
      "usage": 847,
      "rank": 187
    },
    "2024-04": {
      "name": "Reuniclus",
      "percent": 0.00077,
      "usage": 536,
      "rank": 381
    },
    "2024-05": {
      "name": "Reuniclus",
      "percent": 0.00521,
      "usage": 328,
      "rank": 252
    },
    "2024-06": {
      "name": "Reuniclus",
      "percent": 0.00185,
      "usage": 726,
      "rank": 346
    }
  }
}