{
  "elos": [
    "0",
    "1500",
    "1630",
    "1760"
  ],
  "firstMonth": "2022-11",
  "0": {
    "2023-09": {
      "name": "Torterra",
      "percent": 1.65509,
      "usage": 3669,
      "rank": 79
    },
    "2023-09-DLC1": {
      "name": "Torterra",
      "percent": 2.75021,
      "usage": 3497,
      "rank": 56
    },
    "2023-10": {
      "name": "Torterra",
      "percent": 1.1278,
      "usage": 2967,
      "rank": 92
    },
    "2023-11": {
      "name": "Torterra",
      "percent": 0.80856,
      "usage": 2156,
      "rank": 115
    },
    "2023-12": {
      "name": "Torterra",
      "percent": 0.61212,
      "usage": 2068,
      "rank": 148
    },
    "2023-12-DLC2": {
      "name": "Torterra",
      "percent": 0.45664,
      "usage": 788,
      "rank": 175
    },
    "2024-01": {
      "name": "Torterra",
      "percent": 0.74913,
      "usage": 2779,
      "rank": 144
    },
    "2024-02": {
      "name": "Torterra",
      "percent": 0.64293,
      "usage": 2194,
      "rank": 153
    },
    "2024-03": {
      "name": "Torterra",
      "percent": 0.54949,
      "usage": 2099,
      "rank": 154
    },
    "2024-04": {
      "name": "Torterra",
      "percent": 0.66162,
      "usage": 2111,
      "rank": 141
    },
    "2024-05": {
      "name": "Torterra",
      "percent": 0.54758,
      "usage": 874,
      "rank": 158
    },
    "2024-06": {
      "name": "Torterra",
      "percent": 0.51315,
      "usage": 1531,
      "rank": 173
    }
  },
  "1500": {
    "2023-09": {
      "name": "Torterra",
      "percent": 1.10669,
      "usage": 3669,
      "rank": 85
    },
    "2023-09-DLC1": {
      "name": "Torterra",
      "percent": 1.85664,
      "usage": 3497,
      "rank": 63
    },
    "2023-10": {
      "name": "Torterra",
      "percent": 0.5778,
      "usage": 2967,
      "rank": 112
    },
    "2023-11": {
      "name": "Torterra",
      "percent": 0.3599,
      "usage": 2156,
      "rank": 146
    },
    "2023-12": {
      "name": "Torterra",
      "percent": 0.36518,
      "usage": 2068,
      "rank": 159
    },
    "2023-12-DLC2": {
      "name": "Torterra",
      "percent": 0.29721,
      "usage": 788,
      "rank": 176
    },
    "2024-01": {
      "name": "Torterra",
      "percent": 0.44479,
      "usage": 2779,
      "rank": 150
    },
    "2024-02": {
      "name": "Torterra",
      "percent": 0.26311,
      "usage": 2194,
      "rank": 190
    },
    "2024-03": {
      "name": "Torterra",
      "percent": 0.24502,
      "usage": 2099,
      "rank": 175
    },
    "2024-04": {
      "name": "Torterra",
      "percent": 0.36223,
      "usage": 2111,
      "rank": 153
    },
    "2024-05": {
      "name": "Torterra",
      "percent": 0.34946,
      "usage": 874,
      "rank": 156
    },
    "2024-06": {
      "name": "Torterra",
      "percent": 0.22724,
      "usage": 1531,
      "rank": 206
    }
  },
  "1630": {
    "2023-09": {
      "name": "Torterra",
      "percent": 0.35963,
      "usage": 3669,
      "rank": 105
    },
    "2023-09-DLC1": {
      "name": "Torterra",
      "percent": 0.60717,
      "usage": 3497,
      "rank": 88
    },
    "2023-10": {
      "name": "Torterra",
      "percent": 0.12083,
      "usage": 2967,
      "rank": 159
    },
    "2023-11": {
      "name": "Torterra",
      "percent": 0.0723,
      "usage": 2156,
      "rank": 182
    },
    "2023-12": {
      "name": "Torterra",
      "percent": 0.10691,
      "usage": 2068,
      "rank": 182
    },
    "2023-12-DLC2": {
      "name": "Torterra",
      "percent": 0.11073,
      "usage": 788,
      "rank": 178
    },
    "2024-01": {
      "name": "Torterra",
      "percent": 0.08988,
      "usage": 2779,
      "rank": 191
    },
    "2024-02": {
      "name": "Torterra",
      "percent": 0.03578,
      "usage": 2194,
      "rank": 246
    },
    "2024-03": {
      "name": "Torterra",
      "percent": 0.03234,
      "usage": 2099,
      "rank": 234
    },
    "2024-04": {
      "name": "Torterra",
      "percent": 0.05702,
      "usage": 2111,
      "rank": 200
    },
    "2024-05": {
      "name": "Torterra",
      "percent": 0.0731,
      "usage": 874,
      "rank": 191
    },
    "2024-06": {
      "name": "Torterra",
      "percent": 0.04353,
      "usage": 1531,
      "rank": 242
    }
  },
  "1760": {
    "2023-09": {
      "name": "Torterra",
      "percent": 0.09709,
      "usage": 3669,
      "rank": 130
    },
    "2023-09-DLC1": {
      "name": "Torterra",
      "percent": 0.16148,
      "usage": 3497,
      "rank": 116
    },
    "2023-10": {
      "name": "Torterra",
      "percent": 0.02241,
      "usage": 2967,
      "rank": 182
    },
    "2023-11": {
      "name": "Torterra",
      "percent": 0.01265,
      "usage": 2156,
      "rank": 214
    },
    "2023-12": {
      "name": "Torterra",
      "percent": 0.01589,
      "usage": 2068,
      "rank": 229
    },
    "2023-12-DLC2": {
      "name": "Torterra",
      "percent": 0.01349,
      "usage": 788,
      "rank": 221
    },
    "2024-01": {
      "name": "Torterra",
      "percent": 0.01761,
      "usage": 2779,
      "rank": 211
    },
    "2024-02": {
      "name": "Torterra",
      "percent": 0.00734,
      "usage": 2194,
      "rank": 250
    },
    "2024-03": {
      "name": "Torterra",
      "percent": 0.00436,
      "usage": 2099,
      "rank": 277
    },
    "2024-04": {
      "name": "Torterra",
      "percent": 0.01089,
      "usage": 2111,
      "rank": 211
    },
    "2024-05": {
      "name": "Torterra",
      "percent": 0.00826,
      "usage": 874,
      "rank": 226
    },
    "2024-06": {
      "name": "Torterra",
      "percent": 0.02148,
      "usage": 1531,
      "rank": 204
    }
  }
}