{
  "elos": [
    "0",
    "1500",
    "1630",
    "1760"
  ],
  "firstMonth": "2022-11",
  "0": {
    "2022-11": {
      "name": "Tropius",
      "percent": 0.05655,
      "usage": 166,
      "rank": 204
    },
    "2022-12": {
      "name": "Tropius",
      "percent": 0.09017,
      "usage": 392,
      "rank": 197
    },
    "2023-01": {
      "name": "Tropius",
      "percent": 0.13432,
      "usage": 410,
      "rank": 184
    },
    "2023-02": {
      "name": "Tropius",
      "percent": 0.20568,
      "usage": 470,
      "rank": 164
    },
    "2023-03": {
      "name": "Tropius",
      "percent": 0.14121,
      "usage": 307,
      "rank": 179
    },
    "2023-04": {
      "name": "Tropius",
      "percent": 0.16592,
      "usage": 317,
      "rank": 170
    },
    "2023-05": {
      "name": "Tropius",
      "percent": 0.26204,
      "usage": 455,
      "rank": 176
    },
    "2023-06": {
      "name": "Tropius",
      "percent": 0.13349,
      "usage": 381,
      "rank": 235
    },
    "2023-07": {
      "name": "Tropius",
      "percent": 0.14496,
      "usage": 315,
      "rank": 236
    },
    "2023-08": {
      "name": "Tropius",
      "percent": 0.13616,
      "usage": 290,
      "rank": 242
    },
    "2023-09": {
      "name": "Tropius",
      "percent": 0.13984,
      "usage": 310,
      "rank": 289
    },
    "2023-09-DLC1": {
      "name": "Tropius",
      "percent": 0.17145,
      "usage": 218,
      "rank": 275
    },
    "2023-10": {
      "name": "Tropius",
      "percent": 0.12506,
      "usage": 329,
      "rank": 295
    },
    "2023-11": {
      "name": "Tropius",
      "percent": 0.39191,
      "usage": 1045,
      "rank": 175
    },
    "2023-12": {
      "name": "Tropius",
      "percent": 0.19713,
      "usage": 666,
      "rank": 285
    },
    "2023-12-DLC2": {
      "name": "Tropius",
      "percent": 0.09967,
      "usage": 172,
      "rank": 373
    },
    "2024-01": {
      "name": "Tropius",
      "percent": 0.28035,
      "usage": 1040,
      "rank": 245
    },
    "2024-02": {
      "name": "Tropius",
      "percent": 0.20454,
      "usage": 698,
      "rank": 285
    },
    "2024-03": {
      "name": "Tropius",
      "percent": 0.25655,
      "usage": 980,
      "rank": 237
    },
    "2024-04": {
      "name": "Tropius",
      "percent": 0.30025,
      "usage": 958,
      "rank": 226
    },
    "2024-05": {
      "name": "Tropius",
      "percent": 0.31765,
      "usage": 507,
      "rank": 223
    },
    "2024-06": {
      "name": "Tropius",
      "percent": 0.31071,
      "usage": 927,
      "rank": 231
    }
  },
  "1500": {
    "2022-11": {
      "name": "Tropius",
      "percent": 0.04906,
      "usage": 166,
      "rank": 204
    },
    "2022-12": {
      "name": "Tropius",
      "percent": 0.08306,
      "usage": 392,
      "rank": 195
    },
    "2023-01": {
      "name": "Tropius",
      "percent": 0.12049,
      "usage": 410,
      "rank": 183
    },
    "2023-02": {
      "name": "Tropius",
      "percent": 0.16794,
      "usage": 470,
      "rank": 165
    },
    "2023-03": {
      "name": "Tropius",
      "percent": 0.10549,
      "usage": 307,
      "rank": 181
    },
    "2023-04": {
      "name": "Tropius",
      "percent": 0.08757,
      "usage": 317,
      "rank": 166
    },
    "2023-05": {
      "name": "Tropius",
      "percent": 0.17616,
      "usage": 455,
      "rank": 175
    },
    "2023-06": {
      "name": "Tropius",
      "percent": 0.05385,
      "usage": 381,
      "rank": 241
    },
    "2023-07": {
      "name": "Tropius",
      "percent": 0.08012,
      "usage": 315,
      "rank": 222
    },
    "2023-08": {
      "name": "Tropius",
      "percent": 0.04751,
      "usage": 290,
      "rank": 255
    },
    "2023-09": {
      "name": "Tropius",
      "percent": 0.07549,
      "usage": 310,
      "rank": 281
    },
    "2023-09-DLC1": {
      "name": "Tropius",
      "percent": 0.08383,
      "usage": 218,
      "rank": 281
    },
    "2023-10": {
      "name": "Tropius",
      "percent": 0.03176,
      "usage": 329,
      "rank": 326
    },
    "2023-11": {
      "name": "Tropius",
      "percent": 0.16854,
      "usage": 1045,
      "rank": 210
    },
    "2023-12": {
      "name": "Tropius",
      "percent": 0.0905,
      "usage": 666,
      "rank": 301
    },
    "2023-12-DLC2": {
      "name": "Tropius",
      "percent": 0.04542,
      "usage": 172,
      "rank": 376
    },
    "2024-01": {
      "name": "Tropius",
      "percent": 0.15867,
      "usage": 1040,
      "rank": 252
    },
    "2024-02": {
      "name": "Tropius",
      "percent": 0.07051,
      "usage": 698,
      "rank": 328
    },
    "2024-03": {
      "name": "Tropius",
      "percent": 0.10227,
      "usage": 980,
      "rank": 277
    },
    "2024-04": {
      "name": "Tropius",
      "percent": 0.12728,
      "usage": 958,
      "rank": 257
    },
    "2024-05": {
      "name": "Tropius",
      "percent": 0.14652,
      "usage": 507,
      "rank": 242
    },
    "2024-06": {
      "name": "Tropius",
      "percent": 0.18721,
      "usage": 927,
      "rank": 226
    }
  },
  "1630": {
    "2022-11": {
      "name": "Tropius",
      "percent": 0.00111,
      "usage": 166,
      "rank": 159
    },
    "2022-12": {
      "name": "Tropius",
      "percent": 0.15142,
      "usage": 392,
      "rank": 111
    },
    "2023-01": {
      "name": "Tropius",
      "percent": 0.19899,
      "usage": 410,
      "rank": 99
    },
    "2023-02": {
      "name": "Tropius",
      "percent": 0.0312,
      "usage": 470,
      "rank": 155
    },
    "2023-03": {
      "name": "Tropius",
      "percent": 0.02005,
      "usage": 307,
      "rank": 177
    },
    "2023-04": {
      "name": "Tropius",
      "percent": 0.02283,
      "usage": 317,
      "rank": 169
    },
    "2023-05": {
      "name": "Tropius",
      "percent": 0.04268,
      "usage": 455,
      "rank": 203
    },
    "2023-06": {
      "name": "Tropius",
      "percent": 0.00616,
      "usage": 381,
      "rank": 267
    },
    "2023-07": {
      "name": "Tropius",
      "percent": 0.01178,
      "usage": 315,
      "rank": 237
    },
    "2023-08": {
      "name": "Tropius",
      "percent": 0.00444,
      "usage": 290,
      "rank": 283
    },
    "2023-09": {
      "name": "Tropius",
      "percent": 0.00991,
      "usage": 310,
      "rank": 306
    },
    "2023-09-DLC1": {
      "name": "Tropius",
      "percent": 0.00985,
      "usage": 218,
      "rank": 314
    },
    "2023-10": {
      "name": "Tropius",
      "percent": 0.00171,
      "usage": 329,
      "rank": 369
    },
    "2023-11": {
      "name": "Tropius",
      "percent": 0.02629,
      "usage": 1045,
      "rank": 254
    },
    "2023-12": {
      "name": "Tropius",
      "percent": 0.03096,
      "usage": 666,
      "rank": 285
    },
    "2023-12-DLC2": {
      "name": "Tropius",
      "percent": 0.00367,
      "usage": 172,
      "rank": 429
    },
    "2024-01": {
      "name": "Tropius",
      "percent": 0.03365,
      "usage": 1040,
      "rank": 276
    },
    "2024-02": {
      "name": "Tropius",
      "percent": 0.00724,
      "usage": 698,
      "rank": 369
    },
    "2024-03": {
      "name": "Tropius",
      "percent": 0.00934,
      "usage": 980,
      "rank": 348
    },
    "2024-04": {
      "name": "Tropius",
      "percent": 0.00701,
      "usage": 958,
      "rank": 378
    },
    "2024-05": {
      "name": "Tropius",
      "percent": 0.01753,
      "usage": 507,
      "rank": 292
    },
    "2024-06": {
      "name": "Tropius",
      "percent": 0.00588,
      "usage": 927,
      "rank": 402
    }
  },
  "1760": {
    "2022-11": {
      "name": "Tropius",
      "percent": 6e-05,
      "usage": 166,
      "rank": 154
    },
    "2022-12": {
      "name": "Tropius",
      "percent": 0.07744,
      "usage": 392,
      "rank": 95
    },
    "2023-01": {
      "name": "Tropius",
      "percent": 0.10732,
      "usage": 410,
      "rank": 88
    },