{
  "2023-09": {
    "name": "Snorlax",
    "percent": 1.43637,
    "usage": 8137,
    "rank": 114
  },
  "2023-09-DLC1": {
    "name": "Snorlax",
    "percent": 2.18584,
    "usage": 7098,
    "rank": 84
  },
  "2023-10": {
    "name": "Snorlax",
    "percent": 2.07973,
    "usage": 12852,
    "rank": 82
  },
  "2023-11": {
    "name": "Snorlax",
    "percent": 1.92999,
    "usage": 9570,
    "rank": 87
  },
  "2023-12": {
    "name": "Snorlax",
    "percent": 1.92293,
    "usage": 8278,
    "rank": 85
  },
  "2023-12-DLC2": {
    "name": "Snorlax",
    "percent": 1.35218,
    "usage": 2697,
    "rank": 124
  },
  "2024-01": {
    "name": "Snorlax",
    "percent": 1.64663,
    "usage": 8096,
    "rank": 100
  },
  "2024-02": {
    "name": "Snorlax",
    "percent": 1.81078,
    "usage": 8282,
    "rank": 89
  },
  "2024-03": {
    "name": "Snorlax",
    "percent": 1.71057,
    "usage": 8129,
    "rank": 92
  },
  "2024-04": {
    "name": "Snorlax",
    "percent": 1.6432,
    "usage": 7372,
    "rank": 99
  },
  "2024-05": {
    "name": "Snorlax",
    "percent": 1.9671,
    "usage": 4174,
    "rank": 79
  },
  "2024-06": {
    "name": "Snorlax",
    "percent": 1.74526,
    "usage": 6372,
    "rank": 93
  }
}