{
  "2023-09": {
    "name": "Ludicolo",
    "percent": 0.00256,
    "usage": 361,
    "rank": 288
  },
  "2023-09-DLC1": {
    "name": "Ludicolo",
    "percent": 0.00338,
    "usage": 319,
    "rank": 278
  },
  "2023-10": {
    "name": "Ludicolo",
    "percent": 0.00189,
    "usage": 635,
    "rank": 295
  },
  "2023-11": {
    "name": "Ludicolo",
    "percent": 0.0001,
    "usage": 590,
    "rank": 404
  },
  "2023-12": {
    "name": "Ludicolo",
    "percent": 0.0081,
    "usage": 640,
    "rank": 272
  },
  "2023-12-DLC2": {
    "name": "Ludicolo",
    "percent": 0.00064,
    "usage": 297,
    "rank": 400
  },
  "2024-01": {
    "name": "Ludicolo",
    "percent": 0.00345,
    "usage": 567,
    "rank": 317
  },
  "2024-02": {
    "name": "Ludicolo",
    "percent": 0.00142,
    "usage": 488,
    "rank": 353
  },
  "2024-03": {
    "name": "Ludicolo",
    "percent": 0.0139,
    "usage": 749,
    "rank": 210
  },
  "2024-04": {
    "name": "Ludicolo",
    "percent": 0.00078,
    "usage": 610,
    "rank": 380
  },
  "2024-05": {
    "name": "Ludicolo",
    "percent": 0.00077,
    "usage": 375,
    "rank": 370
  },
  "2024-06": {
    "name": "Ludicolo",
    "percent": 0.01373,
    "usage": 779,
    "rank": 224
  }
}