{
  "2022-11": {
    "name": "Komala",
    "percent": 0.0494,
    "usage": 145,
    "rank": 211
  },
  "2022-12": {
    "name": "Komala",
    "percent": 0.07752,
    "usage": 337,
    "rank": 201
  },
  "2023-01": {
    "name": "Komala",
    "percent": 0.07797,
    "usage": 238,
    "rank": 212
  },
  "2023-02": {
    "name": "Komala",
    "percent": 0.12691,
    "usage": 290,
    "rank": 190
  },
  "2023-03": {
    "name": "Komala",
    "percent": 0.11775,
    "usage": 256,
    "rank": 190
  },
  "2023-04": {
    "name": "Komala",
    "percent": 0.09317,
    "usage": 178,
    "rank": 204
  },
  "2023-05": {
    "name": "Komala",
    "percent": 0.08005,
    "usage": 139,
    "rank": 261
  },
  "2023-06": {
    "name": "Komala",
    "percent": 0.03539,
    "usage": 101,
    "rank": 317
  },
  "2023-07": {
    "name": "Komala",
    "percent": 0.03267,
    "usage": 71,
    "rank": 336
  },
  "2023-08": {
    "name": "Komala",
    "percent": 0.04695,
    "usage": 100,
    "rank": 312
  },
  "2023-09": {
    "name": "Komala",
    "percent": 0.02301,
    "usage": 51,
    "rank": 405
  },
  "2023-09-DLC1": {
    "name": "Komala",
    "percent": 0.01809,
    "usage": 23,
    "rank": 415
  },
  "2023-10": {
    "name": "Komala",
    "percent": 0.02661,
    "usage": 70,
    "rank": 399
  },
  "2023-11": {
    "name": "Komala",
    "percent": 0.15076,
    "usage": 402,
    "rank": 291
  },
  "2023-12": {
    "name": "Komala",
    "percent": 0.06808,
    "usage": 230,
    "rank": 420
  },
  "2023-12-DLC2": {
    "name": "Komala",
    "percent": 0.01912,
    "usage": 33,
    "rank": 507
  },
  "2024-01": {
    "name": "Komala",
    "percent": 0.05095,
    "usage": 189,
    "rank": 439
  },
  "2024-02": {
    "name": "Komala",
    "percent": 0.04777,
    "usage": 163,
    "rank": 445
  },
  "2024-03": {
    "name": "Komala",
    "percent": 0.06833,
    "usage": 261,
    "rank": 397
  },
  "2024-04": {
    "name": "Komala",
    "percent": 0.01724,
    "usage": 55,
    "rank": 513
  },
  "2024-05": {
    "name": "Komala",
    "percent": 0.03321,
    "usage": 53,
    "rank": 470
  },
  "2024-06": {
    "name": "Komala",
    "percent": 0.02648,
    "usage": 79,
    "rank": 502
  }
}