{
  "2023-05": {
    "name": "Kleavor",
    "percent": 0.40199,
    "usage": 698,
    "rank": 146
  },
  "2023-06": {
    "name": "Kleavor",
    "percent": 1.60124,
    "usage": 4570,
    "rank": 74
  },
  "2023-07": {
    "name": "Kleavor",
    "percent": 0.87345,
    "usage": 1898,
    "rank": 102
  },
  "2023-08": {
    "name": "Kleavor",
    "percent": 0.60475,
    "usage": 1288,
    "rank": 127
  },
  "2023-09": {
    "name": "Kleavor",
    "percent": 0.78943,
    "usage": 1750,
    "rank": 123
  },
  "2023-09-DLC1": {
    "name": "Kleavor",
    "percent": 0.83128,
    "usage": 1057,
    "rank": 124
  },
  "2023-10": {
    "name": "Kleavor",
    "percent": 0.56561,
    "usage": 1488,
    "rank": 141
  },
  "2023-11": {
    "name": "Kleavor",
    "percent": 0.78644,
    "usage": 2097,
    "rank": 118
  },
  "2023-12": {
    "name": "Kleavor",
    "percent": 0.66392,
    "usage": 2243,
    "rank": 144
  },
  "2023-12-DLC2": {
    "name": "Kleavor",
    "percent": 0.616,
    "usage": 1063,
    "rank": 149
  },
  "2024-01": {
    "name": "Kleavor",
    "percent": 0.5394,
    "usage": 2001,
    "rank": 165
  },
  "2024-02": {
    "name": "Kleavor",
    "percent": 0.57084,
    "usage": 1948,
    "rank": 159
  },
  "2024-03": {
    "name": "Kleavor",
    "percent": 0.44268,
    "usage": 1691,
    "rank": 176
  },
  "2024-04": {
    "name": "Kleavor",
    "percent": 0.43972,
    "usage": 1403,
    "rank": 182
  },
  "2024-05": {
    "name": "Kleavor",
    "percent": 0.33958,
    "usage": 542,
    "rank": 214
  },
  "2024-06": {
    "name": "Kleavor",
    "percent": 0.61236,
    "usage": 1827,
    "rank": 152
  }
}