{
  "2023-04": {
    "name": "Inteleon",
    "percent": 0.04993,
    "usage": 174,
    "rank": 193
  },
  "2023-05": {
    "name": "Inteleon",
    "percent": 0.67695,
    "usage": 1917,
    "rank": 101
  },
  "2023-06": {
    "name": "Inteleon",
    "percent": 0.06143,
    "usage": 588,
    "rank": 236
  },
  "2023-07": {
    "name": "Inteleon",
    "percent": 0.0992,
    "usage": 842,
    "rank": 205
  },
  "2023-08": {
    "name": "Inteleon",
    "percent": 0.07313,
    "usage": 524,
    "rank": 228
  },
  "2023-09": {
    "name": "Inteleon",
    "percent": 0.0864,
    "usage": 422,
    "rank": 271
  },
  "2023-09-DLC1": {
    "name": "Inteleon",
    "percent": 0.07463,
    "usage": 224,
    "rank": 288
  },
  "2023-10": {
    "name": "Inteleon",
    "percent": 0.07194,
    "usage": 547,
    "rank": 274
  },
  "2023-11": {
    "name": "Inteleon",
    "percent": 0.11735,
    "usage": 682,
    "rank": 247
  },
  "2023-12": {
    "name": "Inteleon",
    "percent": 0.09938,
    "usage": 1138,
    "rank": 295
  },
  "2023-12-DLC2": {
    "name": "Inteleon",
    "percent": 0.09718,
    "usage": 528,
    "rank": 295
  },
  "2024-01": {
    "name": "Inteleon",
    "percent": 0.1076,
    "usage": 780,
    "rank": 298
  },
  "2024-02": {
    "name": "Inteleon",
    "percent": 0.09534,
    "usage": 779,
    "rank": 296
  },
  "2024-03": {
    "name": "Inteleon",
    "percent": 0.08267,
    "usage": 859,
    "rank": 305
  },
  "2024-04": {
    "name": "Inteleon",
    "percent": 0.08468,
    "usage": 897,
    "rank": 299
  },
  "2024-05": {
    "name": "Inteleon",
    "percent": 0.11816,
    "usage": 520,
    "rank": 267
  },
  "2024-06": {
    "name": "Inteleon",
    "percent": 0.11252,
    "usage": 841,
    "rank": 292
  }
}