{
  "2023-12": {
    "name": "Iron Crown",
    "percent": 0.72373,
    "usage": 3134,
    "rank": 111
  },
  "2023-12-DLC2": {
    "name": "Iron Crown",
    "percent": 1.19091,
    "usage": 2633,
    "rank": 90
  },
  "2024-01": {
    "name": "Iron Crown",
    "percent": 0.64759,
    "usage": 3012,
    "rank": 129
  },
  "2024-02": {
    "name": "Iron Crown",
    "percent": 0.29804,
    "usage": 1255,
    "rank": 181
  },
  "2024-03": {
    "name": "Iron Crown",
    "percent": 0.345,
    "usage": 1788,
    "rank": 152
  },
  "2024-04": {
    "name": "Iron Crown",
    "percent": 0.27385,
    "usage": 1006,
    "rank": 180
  },
  "2024-05": {
    "name": "Iron Crown",
    "percent": 0.33163,
    "usage": 633,
    "rank": 163
  },
  "2024-06": {
    "name": "Iron Crown",
    "percent": 0.23022,
    "usage": 756,
    "rank": 203
  }
}