{
  "2022-11": {
    "name": "Wooper",
    "percent": 0.0,
    "usage": 200,
    "rank": 660
  },
  "2022-12": {
    "name": "Wooper",
    "percent": 0.00147,
    "usage": 535,
    "rank": 597
  },
  "2023-01": {
    "name": "Wooper",
    "percent": 0.00025,
    "usage": 402,
    "rank": 672
  },
  "2023-02": {
    "name": "Wooper",
    "percent": 0.0013,
    "usage": 559,
    "rank": 660
  },
  "2023-03": {
    "name": "Wooper",
    "percent": 0.00141,
    "usage": 614,
    "rank": 665
  },
  "2023-04": {
    "name": "Wooper",
    "percent": 0.00117,
    "usage": 502,
    "rank": 676
  },
  "2023-05": {
    "name": "Wooper",
    "percent": 0.00114,
    "usage": 619,
    "rank": 692
  },
  "2023-06": {
    "name": "Wooper",
    "percent": 0.00065,
    "usage": 652,
    "rank": 711
  },
  "2023-07": {
    "name": "Wooper",
    "percent": 0.00047,
    "usage": 402,
    "rank": 751
  },
  "2023-08": {
    "name": "Wooper",
    "percent": 0.00068,
    "usage": 338,
    "rank": 726
  },
  "2023-09": {
    "name": "Wooper",
    "percent": 0.0002,
    "usage": 360,
    "rank": 790
  },
  "2023-09-DLC1": {
    "name": "Wooper",
    "percent": 0.00021,
    "usage": 165,
    "rank": 749
  },
  "2023-10": {
    "name": "Wooper",
    "percent": 0.0023,
    "usage": 319,
    "rank": 647
  },
  "2023-11": {
    "name": "Wooper",
    "percent": 0.00054,
    "usage": 329,
    "rank": 733
  },
  "2023-12": {
    "name": "Wooper",
    "percent": 0.0001,
    "usage": 277,
    "rank": 826
  },
  "2023-12-DLC2": {
    "name": "Wooper",
    "percent": 4e-05,
    "usage": 146,
    "rank": 808
  },
  "2024-01": {
    "name": "Wooper",
    "percent": 0.0003,
    "usage": 263,
    "rank": 776
  },
  "2024-02": {
    "name": "Wooper",
    "percent": 0.00089,
    "usage": 246,
    "rank": 707
  },
  "2024-03": {
    "name": "Wooper",
    "percent": 0.00067,
    "usage": 245,
    "rank": 736
  },
  "2024-04": {
    "name": "Wooper",
    "percent": 0.00013,
    "usage": 120,
    "rank": 808
  },
  "2024-05": {
    "name": "Wooper",
    "percent": 1e-05,
    "usage": 84,
    "rank": 866
  },
  "2024-06": {
    "name": "Wooper",
    "percent": 0.0007,
    "usage": 103,
    "rank": 698
  }
}