{
  "2022-11": {
    "name": "Sandile",
    "percent": 0.01625,
    "usage": 94,
    "rank": 321
  },
  "2022-12": {
    "name": "Sandile",
    "percent": 0.00613,
    "usage": 67,
    "rank": 385
  },
  "2023-01": {
    "name": "Sandile",
    "percent": 0.00595,
    "usage": 48,
    "rank": 404
  },
  "2023-02": {
    "name": "Sandile",
    "percent": 0.00792,
    "usage": 46,
    "rank": 396
  },
  "2023-03": {
    "name": "Sandile",
    "percent": 0.03348,
    "usage": 186,
    "rank": 298
  },
  "2023-04": {
    "name": "Sandile",
    "percent": 0.03303,
    "usage": 156,
    "rank": 298
  },
  "2023-05": {
    "name": "Sandile",
    "percent": 0.02363,
    "usage": 110,
    "rank": 400
  },
  "2023-06": {
    "name": "Sandile",
    "percent": 0.02451,
    "usage": 116,
    "rank": 407
  },
  "2023-07": {
    "name": "Sandile",
    "percent": 0.00913,
    "usage": 42,
    "rank": 498
  },
  "2023-08": {
    "name": "Sandile",
    "percent": 0.0248,
    "usage": 119,
    "rank": 419
  },
  "2023-09": {
    "name": "Sandile",
    "percent": 0.02471,
    "usage": 140,
    "rank": 480
  },
  "2023-09-DLC1": {
    "name": "Sandile",
    "percent": 0.03357,
    "usage": 109,
    "rank": 465
  },
  "2023-10": {
    "name": "Sandile",
    "percent": 0.01117,
    "usage": 69,
    "rank": 562
  },
  "2023-11": {
    "name": "Sandile",
    "percent": 0.02198,
    "usage": 109,
    "rank": 509
  },
  "2023-12": {
    "name": "Sandile",
    "percent": 0.09176,
    "usage": 395,
    "rank": 479
  },
  "2023-12-DLC2": {
    "name": "Sandile",
    "percent": 0.14389,
    "usage": 287,
    "rank": 440
  },
  "2024-01": {
    "name": "Sandile",
    "percent": 0.06285,
    "usage": 309,
    "rank": 512
  },
  "2024-02": {
    "name": "Sandile",
    "percent": 0.04373,
    "usage": 200,
    "rank": 535
  },
  "2024-03": {
    "name": "Sandile",
    "percent": 0.03262,
    "usage": 155,
    "rank": 560
  },
  "2024-04": {
    "name": "Sandile",
    "percent": 0.04079,
    "usage": 183,
    "rank": 542
  },
  "2024-05": {
    "name": "Sandile",
    "percent": 0.00518,
    "usage": 11,
    "rank": 699
  },
  "2024-06": {
    "name": "Sandile",
    "percent": 0.02657,
    "usage": 97,
    "rank": 569
  }
}