{
  "2022-11": {
    "name": "Jumpluff",
    "percent": 0.15638,
    "usage": 7917,
    "rank": 169
  },
  "2022-12": {
    "name": "Jumpluff",
    "percent": 0.12727,
    "usage": 8617,
    "rank": 173
  },
  "2023-01": {
    "name": "Jumpluff",
    "percent": 0.13224,
    "usage": 5788,
    "rank": 181
  },
  "2023-02": {
    "name": "Jumpluff",
    "percent": 0.11863,
    "usage": 3479,
    "rank": 185
  },
  "2023-03": {
    "name": "Jumpluff",
    "percent": 0.12079,
    "usage": 3652,
    "rank": 177
  },
  "2023-04": {
    "name": "Jumpluff",
    "percent": 0.10167,
    "usage": 2429,
    "rank": 193
  },
  "2023-05": {
    "name": "Jumpluff",
    "percent": 0.12412,
    "usage": 3184,
    "rank": 223
  },
  "2023-06": {
    "name": "Jumpluff",
    "percent": 0.08155,
    "usage": 3261,
    "rank": 223
  },
  "2023-07": {
    "name": "Jumpluff",
    "percent": 0.0908,
    "usage": 2428,
    "rank": 222
  },
  "2023-08": {
    "name": "Jumpluff",
    "percent": 0.07651,
    "usage": 1913,
    "rank": 234
  },
  "2023-09": {
    "name": "Jumpluff",
    "percent": 0.07102,
    "usage": 2716,
    "rank": 281
  },
  "2023-09-DLC1": {
    "name": "Jumpluff",
    "percent": 0.06573,
    "usage": 1584,
    "rank": 280
  },
  "2023-10": {
    "name": "Jumpluff",
    "percent": 0.07059,
    "usage": 2413,
    "rank": 281
  },
  "2023-11": {
    "name": "Jumpluff",
    "percent": 0.09119,
    "usage": 2443,
    "rank": 274
  },
  "2023-12": {
    "name": "Jumpluff",
    "percent": 0.05491,
    "usage": 2045,
    "rank": 358
  },
  "2023-12-DLC2": {
    "name": "Jumpluff",
    "percent": 0.03617,
    "usage": 774,
    "rank": 366
  },
  "2024-01": {
    "name": "Jumpluff",
    "percent": 0.04926,
    "usage": 1853,
    "rank": 359
  },
  "2024-02": {
    "name": "Jumpluff",
    "percent": 0.03434,
    "usage": 969,
    "rank": 396
  },
  "2024-03": {
    "name": "Jumpluff",
    "percent": 0.05507,
    "usage": 1465,
    "rank": 367
  },
  "2024-04": {
    "name": "Jumpluff",
    "percent": 0.05027,
    "usage": 1170,
    "rank": 375
  },
  "2024-05": {
    "name": "Jumpluff",
    "percent": 0.05288,
    "usage": 563,
    "rank": 379
  },
  "2024-06": {
    "name": "Jumpluff",
    "percent": 0.05516,
    "usage": 1140,
    "rank": 375
  }
}