{
  "2022-11": {
    "name": "Jumpluff",
    "percent": 0.05391,
    "usage": 7917,
    "rank": 156
  },
  "2022-12": {
    "name": "Jumpluff",
    "percent": 0.00494,
    "usage": 8617,
    "rank": 199
  },
  "2023-01": {
    "name": "Jumpluff",
    "percent": 0.01074,
    "usage": 5788,
    "rank": 176
  },
  "2023-02": {
    "name": "Jumpluff",
    "percent": 0.02066,
    "usage": 3479,
    "rank": 168
  },
  "2023-03": {
    "name": "Jumpluff",
    "percent": 0.01145,
    "usage": 3652,
    "rank": 188
  },
  "2023-04": {
    "name": "Jumpluff",
    "percent": 0.00675,
    "usage": 2429,
    "rank": 203
  },
  "2023-05": {
    "name": "Jumpluff",
    "percent": 0.00738,
    "usage": 3184,
    "rank": 249
  },
  "2023-06": {
    "name": "Jumpluff",
    "percent": 0.01187,
    "usage": 3261,
    "rank": 215
  },
  "2023-07": {
    "name": "Jumpluff",
    "percent": 0.00468,
    "usage": 2428,
    "rank": 250
  },
  "2023-08": {
    "name": "Jumpluff",
    "percent": 0.00381,
    "usage": 1913,
    "rank": 243
  },
  "2023-09": {
    "name": "Jumpluff",
    "percent": 0.0088,
    "usage": 2716,
    "rank": 272
  },
  "2023-09-DLC1": {
    "name": "Jumpluff",
    "percent": 0.01168,
    "usage": 1584,
    "rank": 253
  },
  "2023-10": {
    "name": "Jumpluff",
    "percent": 0.0016,
    "usage": 2413,
    "rank": 318
  },
  "2023-11": {
    "name": "Jumpluff",
    "percent": 0.00223,
    "usage": 2443,
    "rank": 314
  },
  "2023-12": {
    "name": "Jumpluff",
    "percent": 0.00085,
    "usage": 2045,
    "rank": 414
  },
  "2023-12-DLC2": {
    "name": "Jumpluff",
    "percent": 0.0002,
    "usage": 774,
    "rank": 447
  },
  "2024-01": {
    "name": "Jumpluff",
    "percent": 0.00423,
    "usage": 1853,
    "rank": 350
  },
  "2024-02": {
    "name": "Jumpluff",
    "percent": 0.00036,
    "usage": 969,
    "rank": 449
  },
  "2024-03": {
    "name": "Jumpluff",
    "percent": 0.00359,
    "usage": 1465,
    "rank": 361
  },
  "2024-04": {
    "name": "Jumpluff",
    "percent": 0.00069,
    "usage": 1170,
    "rank": 422
  },
  "2024-05": {
    "name": "Jumpluff",
    "percent": 0.00186,
    "usage": 563,
    "rank": 374
  },
  "2024-06": {
    "name": "Jumpluff",
    "percent": 0.00135,
    "usage": 1140,
    "rank": 397
  }
}