{
  "2022-11": {
    "name": "Turtonator",
    "percent": 0.12182,
    "usage": 720,
    "rank": 483
  },
  "2022-12": {
    "name": "Turtonator",
    "percent": 0.18627,
    "usage": 2289,
    "rank": 435
  },
  "2023-01": {
    "name": "Turtonator",
    "percent": 0.17034,
    "usage": 2313,
    "rank": 433
  },
  "2023-02": {
    "name": "Turtonator",
    "percent": 0.16161,
    "usage": 2522,
    "rank": 444
  },
  "2023-03": {
    "name": "Turtonator",
    "percent": 0.16074,
    "usage": 2835,
    "rank": 431
  },
  "2023-04": {
    "name": "Turtonator",
    "percent": 0.20186,
    "usage": 3553,
    "rank": 380
  },
  "2023-05": {
    "name": "Turtonator",
    "percent": 0.17333,
    "usage": 3235,
    "rank": 414
  },
  "2023-06": {
    "name": "Turtonator",
    "percent": 0.14262,
    "usage": 2398,
    "rank": 434
  },
  "2023-07": {
    "name": "Turtonator",
    "percent": 0.1662,
    "usage": 2690,
    "rank": 420
  },
  "2023-08": {
    "name": "Turtonator",
    "percent": 0.18241,
    "usage": 3356,
    "rank": 390
  },
  "2023-09": {
    "name": "Turtonator",
    "percent": 0.22436,
    "usage": 3847,
    "rank": 362
  },
  "2023-09-DLC1": {
    "name": "Turtonator",
    "percent": 0.25805,
    "usage": 2202,
    "rank": 332
  },
  "2023-10": {
    "name": "Turtonator",
    "percent": 0.18349,
    "usage": 2893,
    "rank": 403
  },
  "2023-11": {
    "name": "Turtonator",
    "percent": 0.22258,
    "usage": 3010,
    "rank": 372
  },
  "2023-12": {
    "name": "Turtonator",
    "percent": 0.20723,
    "usage": 2650,
    "rank": 383
  },
  "2023-12-DLC2": {
    "name": "Turtonator",
    "percent": 0.15351,
    "usage": 841,
    "rank": 430
  },
  "2024-01": {
    "name": "Turtonator",
    "percent": 0.17103,
    "usage": 2111,
    "rank": 414
  },
  "2024-02": {
    "name": "Turtonator",
    "percent": 0.18481,
    "usage": 2393,
    "rank": 383
  },
  "2024-03": {
    "name": "Turtonator",
    "percent": 0.14608,
    "usage": 1966,
    "rank": 439
  },
  "2024-04": {
    "name": "Turtonator",
    "percent": 0.1805,
    "usage": 2195,
    "rank": 405
  },
  "2024-05": {
    "name": "Turtonator",
    "percent": 0.1916,
    "usage": 1146,
    "rank": 383
  },
  "2024-06": {
    "name": "Turtonator",
    "percent": 0.17788,
    "usage": 2321,
    "rank": 372
  }
}