{
  "2022-11": {
    "name": "Grafaiai",
    "percent": 1.72419,
    "usage": 91912,
    "rank": 68
  },
  "2022-12": {
    "name": "Grafaiai",
    "percent": 1.17072,
    "usage": 83458,
    "rank": 70
  },
  "2023-01": {
    "name": "Grafaiai",
    "percent": 1.00047,
    "usage": 46685,
    "rank": 76
  },
  "2023-02": {
    "name": "Grafaiai",
    "percent": 0.89738,
    "usage": 29884,
    "rank": 85
  },
  "2023-03": {
    "name": "Grafaiai",
    "percent": 0.72618,
    "usage": 26842,
    "rank": 82
  },
  "2023-04": {
    "name": "Grafaiai",
    "percent": 0.49083,
    "usage": 20953,
    "rank": 97
  },
  "2023-05": {
    "name": "Grafaiai",
    "percent": 0.36651,
    "usage": 16076,
    "rank": 131
  },
  "2023-06": {
    "name": "Grafaiai",
    "percent": 0.22615,
    "usage": 15185,
    "rank": 141
  },
  "2023-07": {
    "name": "Grafaiai",
    "percent": 0.26985,
    "usage": 12405,
    "rank": 134
  },
  "2023-08": {
    "name": "Grafaiai",
    "percent": 0.26056,
    "usage": 12371,
    "rank": 135
  },
  "2023-09": {
    "name": "Grafaiai",
    "percent": 0.20896,
    "usage": 14551,
    "rank": 173
  },
  "2023-09-DLC1": {
    "name": "Grafaiai",
    "percent": 0.18159,
    "usage": 8004,
    "rank": 176
  },
  "2023-10": {
    "name": "Grafaiai",
    "percent": 0.1866,
    "usage": 12843,
    "rank": 167
  },
  "2023-11": {
    "name": "Grafaiai",
    "percent": 0.23835,
    "usage": 14470,
    "rank": 154
  },
  "2023-12": {
    "name": "Grafaiai",
    "percent": 0.13056,
    "usage": 11815,
    "rank": 226
  },
  "2023-12-DLC2": {
    "name": "Grafaiai",
    "percent": 0.10111,
    "usage": 5457,
    "rank": 230
  },
  "2024-01": {
    "name": "Grafaiai",
    "percent": 0.09778,
    "usage": 10333,
    "rank": 238
  },
  "2024-02": {
    "name": "Grafaiai",
    "percent": 0.1267,
    "usage": 10219,
    "rank": 218
  },
  "2024-03": {
    "name": "Grafaiai",
    "percent": 0.13866,
    "usage": 9205,
    "rank": 214
  },
  "2024-04": {
    "name": "Grafaiai",
    "percent": 0.17548,
    "usage": 11015,
    "rank": 192
  },
  "2024-05": {
    "name": "Grafaiai",
    "percent": 0.18567,
    "usage": 4394,
    "rank": 199
  },
  "2024-06": {
    "name": "Grafaiai",
    "percent": 0.19037,
    "usage": 9644,
    "rank": 194
  }
}