{
  "2022-11": {
    "name": "Grafaiai",
    "percent": 0.45276,
    "usage": 91912,
    "rank": 99
  },
  "2022-12": {
    "name": "Grafaiai",
    "percent": 0.0922,
    "usage": 83458,
    "rank": 105
  },
  "2023-01": {
    "name": "Grafaiai",
    "percent": 0.02366,
    "usage": 46685,
    "rank": 140
  },
  "2023-02": {
    "name": "Grafaiai",
    "percent": 0.02496,
    "usage": 29884,
    "rank": 130
  },
  "2023-03": {
    "name": "Grafaiai",
    "percent": 0.02884,
    "usage": 26842,
    "rank": 126
  },
  "2023-04": {
    "name": "Grafaiai",
    "percent": 0.15955,
    "usage": 20953,
    "rank": 95
  },
  "2023-05": {
    "name": "Grafaiai",
    "percent": 0.05487,
    "usage": 16076,
    "rank": 161
  },
  "2023-06": {
    "name": "Grafaiai",
    "percent": 0.04243,
    "usage": 15185,
    "rank": 160
  },
  "2023-07": {
    "name": "Grafaiai",
    "percent": 0.01706,
    "usage": 12405,
    "rank": 183
  },
  "2023-08": {
    "name": "Grafaiai",
    "percent": 0.04453,
    "usage": 12371,
    "rank": 143
  },
  "2023-09": {
    "name": "Grafaiai",
    "percent": 0.03993,
    "usage": 14551,
    "rank": 188
  },
  "2023-09-DLC1": {
    "name": "Grafaiai",
    "percent": 0.01717,
    "usage": 8004,
    "rank": 206
  },
  "2023-10": {
    "name": "Grafaiai",
    "percent": 0.01418,
    "usage": 12843,
    "rank": 207
  },
  "2023-11": {
    "name": "Grafaiai",
    "percent": 0.03394,
    "usage": 14470,
    "rank": 175
  },
  "2023-12": {
    "name": "Grafaiai",
    "percent": 0.08578,
    "usage": 11815,
    "rank": 166
  },
  "2023-12-DLC2": {
    "name": "Grafaiai",
    "percent": 0.04001,
    "usage": 5457,
    "rank": 179
  },
  "2024-01": {
    "name": "Grafaiai",
    "percent": 0.0543,
    "usage": 10333,
    "rank": 175
  },
  "2024-02": {
    "name": "Grafaiai",
    "percent": 0.00859,
    "usage": 10219,
    "rank": 244
  },
  "2024-03": {
    "name": "Grafaiai",
    "percent": 0.00198,
    "usage": 9205,
    "rank": 316
  },
  "2024-04": {
    "name": "Grafaiai",
    "percent": 0.00642,
    "usage": 11015,
    "rank": 261
  },
  "2024-05": {
    "name": "Grafaiai",
    "percent": 0.01731,
    "usage": 4394,
    "rank": 216
  },
  "2024-06": {
    "name": "Grafaiai",
    "percent": 0.07236,
    "usage": 9644,
    "rank": 151
  }
}