{
  "2023-09": {
    "name": "Mightyena",
    "percent": 0.09764,
    "usage": 3734,
    "rank": 259
  },
  "2023-09-DLC1": {
    "name": "Mightyena",
    "percent": 0.12399,
    "usage": 2988,
    "rank": 241
  },
  "2023-10": {
    "name": "Mightyena",
    "percent": 0.03443,
    "usage": 1177,
    "rank": 316
  },
  "2023-11": {
    "name": "Mightyena",
    "percent": 0.0436,
    "usage": 1168,
    "rank": 316
  },
  "2023-12": {
    "name": "Mightyena",
    "percent": 0.02199,
    "usage": 819,
    "rank": 410
  },
  "2023-12-DLC2": {
    "name": "Mightyena",
    "percent": 0.01771,
    "usage": 379,
    "rank": 411
  },
  "2024-01": {
    "name": "Mightyena",
    "percent": 0.03001,
    "usage": 1129,
    "rank": 390
  },
  "2024-02": {
    "name": "Mightyena",
    "percent": 0.02392,
    "usage": 675,
    "rank": 411
  },
  "2024-03": {
    "name": "Mightyena",
    "percent": 0.04425,
    "usage": 1177,
    "rank": 383
  },
  "2024-04": {
    "name": "Mightyena",
    "percent": 0.03463,
    "usage": 806,
    "rank": 396
  },
  "2024-05": {
    "name": "Mightyena",
    "percent": 0.04621,
    "usage": 492,
    "rank": 388
  },
  "2024-06": {
    "name": "Mightyena",
    "percent": 0.03344,
    "usage": 691,
    "rank": 406
  }
}