{
  "elos": [
    "0",
    "1500",
    "1630",
    "1760"
  ],
  "firstMonth": "2022-11",
  "0": {
    "2023-12": {
      "name": "Archaludon",
      "percent": 2.93828,
      "usage": 12649,
      "rank": 52
    },
    "2023-12-DLC2": {
      "name": "Archaludon",
      "percent": 5.74262,
      "usage": 11454,
      "rank": 14
    },
    "2024-01": {
      "name": "Archaludon",
      "percent": 4.45948,
      "usage": 21926,
      "rank": 24
    },
    "2024-02": {
      "name": "Archaludon",
      "percent": 3.57368,
      "usage": 16345,
      "rank": 35
    },
    "2024-03": {
      "name": "Archaludon",
      "percent": 3.6989,
      "usage": 17578,
      "rank": 31
    },
    "2024-04": {
      "name": "Archaludon",
      "percent": 3.20037,
      "usage": 14358,
      "rank": 47
    },
    "2024-05": {
      "name": "Archaludon",
      "percent": 3.05104,
      "usage": 6474,
      "rank": 46
    },
    "2024-06": {
      "name": "Archaludon",
      "percent": 2.93889,
      "usage": 10730,
      "rank": 51
    }
  },
  "1500": {
    "2023-12": {
      "name": "Archaludon",
      "percent": 2.6803,
      "usage": 12649,
      "rank": 60
    },
    "2023-12-DLC2": {
      "name": "Archaludon",
      "percent": 5.18086,
      "usage": 11454,
      "rank": 20
    },
    "2024-01": {
      "name": "Archaludon",
      "percent": 4.06953,
      "usage": 21926,
      "rank": 31
    },
    "2024-02": {
      "name": "Archaludon",
      "percent": 3.21048,
      "usage": 16345,
      "rank": 45
    },
    "2024-03": {
      "name": "Archaludon",
      "percent": 3.60749,
      "usage": 17578,
      "rank": 37
    },
    "2024-04": {
      "name": "Archaludon",
      "percent": 3.07796,
      "usage": 14358,
      "rank": 47
    },
    "2024-05": {
      "name": "Archaludon",
      "percent": 3.09204,
      "usage": 6474,
      "rank": 48
    },
    "2024-06": {
      "name": "Archaludon",
      "percent": 2.90495,
      "usage": 10730,
      "rank": 49
    }
  },
  "1630": {
    "2023-12": {
      "name": "Archaludon",
      "percent": 1.26978,
      "usage": 12649,
      "rank": 91
    },
    "2023-12-DLC2": {
      "name": "Archaludon",
      "percent": 2.42106,
      "usage": 11454,
      "rank": 55
    },
    "2024-01": {
      "name": "Archaludon",
      "percent": 1.96455,
      "usage": 21926,
      "rank": 65
    },
    "2024-02": {
      "name": "Archaludon",
      "percent": 1.50816,
      "usage": 16345,
      "rank": 78
    },
    "2024-03": {
      "name": "Archaludon",
      "percent": 1.84871,
      "usage": 17578,
      "rank": 67
    },
    "2024-04": {
      "name": "Archaludon",
      "percent": 1.67166,
      "usage": 14358,
      "rank": 67
    },
    "2024-05": {
      "name": "Archaludon",
      "percent": 1.45584,
      "usage": 6474,
      "rank": 73
    },
    "2024-06": {
      "name": "Archaludon",
      "percent": 1.64134,
      "usage": 10730,
      "rank": 65
    }
  },
  "1760": {
    "2023-12": {
      "name": "Archaludon",
      "percent": 0.40207,
      "usage": 12649,
      "rank": 104
    },
    "2023-12-DLC2": {
      "name": "Archaludon",
      "percent": 0.82492,
      "usage": 11454,
      "rank": 76
    },
    "2024-01": {
      "name": "Archaludon",
      "percent": 0.83466,
      "usage": 21926,
      "rank": 77
    },
    "2024-02": {
      "name": "Archaludon",
      "percent": 0.58991,
      "usage": 16345,
      "rank": 76
    },
    "2024-03": {
      "name": "Archaludon",
      "percent": 0.69985,
      "usage": 17578,
      "rank": 77
    },
    "2024-04": {
      "name": "Archaludon",
      "percent": 0.45472,
      "usage": 14358,
      "rank": 84
    },
    "2024-05": {
      "name": "Archaludon",
      "percent": 0.35882,
      "usage": 6474,
      "rank": 92
    },
    "2024-06": {
      "name": "Archaludon",
      "percent": 0.36494,
      "usage": 10730,
      "rank": 89
    }
  }
}