{
  "elos": [
    "0",
    "1500",
    "1630",
    "1760"
  ],
  "firstMonth": "2022-11",
  "0": {
    "2023-05": {
      "name": "Basculegion",
      "percent": 0.52733,
      "usage": 2455,
      "rank": 176
    },
    "2023-06": {
      "name": "Basculegion",
      "percent": 7.29287,
      "usage": 34516,
      "rank": 12
    },
    "2023-07": {
      "name": "Basculegion",
      "percent": 4.0796,
      "usage": 18762,
      "rank": 37
    },
    "2023-08": {
      "name": "Basculegion",
      "percent": 3.49537,
      "usage": 16770,
      "rank": 48
    },
    "2023-09": {
      "name": "Basculegion",
      "percent": 2.9114,
      "usage": 16493,
      "rank": 55
    },
    "2023-09-DLC1": {
      "name": "Basculegion",
      "percent": 2.6142,
      "usage": 8489,
      "rank": 67
    },
    "2023-10": {
      "name": "Basculegion",
      "percent": 2.66552,
      "usage": 16472,
      "rank": 64
    },
    "2023-11": {
      "name": "Basculegion",
      "percent": 2.28896,
      "usage": 11350,
      "rank": 75
    },
    "2023-12": {
      "name": "Basculegion",
      "percent": 2.57102,
      "usage": 11068,
      "rank": 61
    },
    "2023-12-DLC2": {
      "name": "Basculegion",
      "percent": 2.65773,
      "usage": 5301,
      "rank": 59
    },
    "2024-01": {
      "name": "Basculegion",
      "percent": 2.63062,
      "usage": 12934,
      "rank": 61
    },
    "2024-02": {
      "name": "Basculegion",
      "percent": 2.4409,
      "usage": 11164,
      "rank": 64
    },
    "2024-03": {
      "name": "Basculegion",
      "percent": 2.44917,
      "usage": 11639,
      "rank": 63
    },
    "2024-04": {
      "name": "Basculegion",
      "percent": 2.36205,
      "usage": 10597,
      "rank": 67
    },
    "2024-05": {
      "name": "Basculegion",
      "percent": 2.92002,
      "usage": 6196,
      "rank": 52
    },
    "2024-06": {
      "name": "Basculegion",
      "percent": 2.5883,
      "usage": 9450,
      "rank": 60
    }
  },
  "1500": {
    "2023-05": {
      "name": "Basculegion",
      "percent": 0.61956,
      "usage": 2455,
      "rank": 143
    },
    "2023-06": {
      "name": "Basculegion",
      "percent": 8.50815,
      "usage": 34516,
      "rank": 8
    },
    "2023-07": {
      "name": "Basculegion",
      "percent": 4.97314,
      "usage": 18762,
      "rank": 31
    },
    "2023-08": {
      "name": "Basculegion",
      "percent": 4.06888,
      "usage": 16770,
      "rank": 41
    },
    "2023-09": {
      "name": "Basculegion",
      "percent": 3.46074,
      "usage": 16493,
      "rank": 47
    },
    "2023-09-DLC1": {
      "name": "Basculegion",
      "percent": 3.01361,
      "usage": 8489,
      "rank": 53
    },
    "2023-10": {
      "name": "Basculegion",
      "percent": 3.25066,
      "usage": 16472,
      "rank": 52
    },
    "2023-11": {
      "name": "Basculegion",
      "percent": 2.588,
      "usage": 11350,
      "rank": 67
    },
    "2023-12": {
      "name": "Basculegion",
      "percent": 3.48278,
      "usage": 11068,
      "rank": 43
    },
    "2023-12-DLC2": {
      "name": "Basculegion",
      "percent": 3.76524,
      "usage": 5301,
      "rank": 33
    },
    "2024-01": {
      "name": "Basculegion",
      "percent": 3.28123,
      "usage": 12934,
      "rank": 46
    },
    "2024-02": {
      "name": "Basculegion",
      "percent": 3.14911,
      "usage": 11164,
      "rank": 48
    },
    "2024-03": {
      "name": "Basculegion",
      "percent": 2.84705,
      "usage": 11639,
      "rank": 56
    },
    "2024-04": {
      "name": "Basculegion",
      "percent": 2.97135,
      "usage": 10597,
      "rank": 52
    },
    "2024-05": {
      "name": "Basculegion",
      "percent": 3.81193,
      "usage": 6196,
      "rank": 35
    },
    "2024-06": {
      "name": "Basculegion",
      "percent": 3.32065,
      "usage": 9450,
      "rank": 42
    }
  },
  "1630": {
    "2023-05": {
      "name": "Basculegion",
      "percent": 0.78315,
      "usage": 2455,
      "rank": 101
    },
    "2023-06": {
      "name": "Basculegion",
      "percent": 8.38827,
      "usage": 34516,
      "rank": 15
    },
    "2023-07": {
      "name": "Basculegion",
      "percent": 4.13332,
      "usage": 18762,
      "rank": 32
    },
    "2023-08": {
      "name": "Basculegion",
      "percent": 3.64621,
      "usage": 16770,
      "rank": 34
    },
    "2023-09": {
      "name": "Basculegion",
      "percent": 3.42254,
      "usage": 16493,
      "rank": 37
    },
    "2023-09-DLC1": {
      "name": "Basculegion",
      "percent": 2.82534,
      "usage": 8489,
      "rank": 50
    },
    "2023-10": {
      "name": "Basculegion",
      "percent": 3.14806,
      "usage": 16472,
      "rank": 44
    },
    "2023-11": {
      "name": "Basculegion",
      "percent": 2.1828,
      "usage": 11350,
      "rank": 57
    },
    "2023-12": {
      "name": "Basculegion",
      "percent": 3.69606,
      "usage": 11068,
      "rank": 32
    },
    "2023-12-DLC2": {
      "name": "Basculegion",
      "percent": 4.39956,
      "usage": 5301,
      "rank": 26
    },
    "2024-01": {
      "name": "Basculegion",
      "percent": 2.96656,
      "usage": 12934,
      "rank": 45
    },
    "2024-02": {
      "name": "Basculegion",
      "percent": 3.11802,
      "usage": 11164,
      "rank": 40
    },
    "2024-03": {
      "name": "Basculegion",
      "percent": 2.2773,
      "usage": 11639,
      "rank": 57
    },
    "2024-04": {
      "name": "Basculegion",
      "percent": 3.35583,
      "usage": 10597,
      "rank": 35
    },
    "2024-05": {
      "name": "Basculegion",
      "percent": 3.57035,
      "usage": 6196,
      "rank": 29
    },
    "2024-06": {
      "name": "Basculegion",
      "percent": 3.07387,
      "usage": 9450,
      "rank": 37
    }
  },
  "1760": {
    "2023-05": {
      "name": "Basculegion",
      "percent": 0.49168,
      "usage": 2455,
      "rank": 91
    },
    "2023-06": {
      "name": "Basculegion",
      "percent": 3.85336,
      "usage": 34516,
      "rank": 28
    },
    "2023-07": {
      "name": "Basculegion",
      "percent": 2.40889,
      "usage": 18762,
      "rank": 35
    },
    "2023-08": {
      "name": "Basculegion",
      "percent": 1.83658,
      "usage": 16770,
      "rank": 41
    },
    "2023-09": {
      "name": "Basculegion",
      "percent": 1.14728,
      "usage": 16493,
      "rank": 64
    },
    "2023-09-DLC1": {
      "name": "Basculegion",
      "percent": 1.17364,
      "usage": 8489,
      "rank": 56
    },
    "2023-10": {
      "name": "Basculegion",
      "percent": 1.1411,
      "usage": 16472,
      "rank": 60
    },
    "2023-11": {
      "name": "Basculegion",
      "percent": 0.8752,
      "usage": 11350,
      "rank": 69
    },
    "2023-12": {
      "name": "Basculegion",
      "percent": 4.40017,
      "usage": 11068,
      "rank": 28
    },
    "2023-12-DLC2": {
      "name": "Basculegion",
      "percent": 5.16439,
      "usage": 5301,
      "rank": 25
    },
    "2024-01": {
      "name": "Basculegion",
      "percent": 1.6899,
      "usage": 12934,
      "rank": 55
    },
    "2024-02": {
      "name": "Basculegion",
      "percent": 2.79703,
      "usage": 11164,
      "rank": 36
    },
    "2024-03": {
      "name": "Basculegion",
      "percent": 1.57179,
      "usage": 11639,
      "rank": 48
    },
    "2024-04": {
      "name": "Basculegion",
      "percent": 2.61946,
      "usage": 10597,
      "rank": 38
    },
    "2024-05": {
      "name": "Basculegion",
      "percent": 1.33269,
      "usage": 6196,
      "rank": 50
    },
    "2024-06": {
      "name": "Basculegion",
      "percent": 2.42451,
      "usage": 9450,
      "rank": 37
    }
  }
}