{
  "elos": [
    "0",
    "1500",
    "1630",
    "1760"
  ],
  "firstMonth": "2022-11",
  "0": {
    "2022-11": {
      "name": "Crocalor",
      "percent": 0.05394,
      "usage": 312,
      "rank": 265
    },
    "2022-12": {
      "name": "Crocalor",
      "percent": 0.04377,
      "usage": 478,
      "rank": 274
    },
    "2023-01": {
      "name": "Crocalor",
      "percent": 0.04868,
      "usage": 393,
      "rank": 278
    },
    "2023-02": {
      "name": "Crocalor",
      "percent": 0.05562,
      "usage": 323,
      "rank": 278
    },
    "2023-03": {
      "name": "Crocalor",
      "percent": 0.07289,
      "usage": 405,
      "rank": 272
    },
    "2023-04": {
      "name": "Crocalor",
      "percent": 0.04277,
      "usage": 202,
      "rank": 289
    },
    "2023-05": {
      "name": "Crocalor",
      "percent": 0.0711,
      "usage": 331,
      "rank": 310
    },
    "2023-06": {
      "name": "Crocalor",
      "percent": 0.07522,
      "usage": 356,
      "rank": 356
    },
    "2023-07": {
      "name": "Crocalor",
      "percent": 0.0324,
      "usage": 149,
      "rank": 398
    },
    "2023-08": {
      "name": "Crocalor",
      "percent": 0.04731,
      "usage": 227,
      "rank": 380
    },
    "2023-09": {
      "name": "Crocalor",
      "percent": 0.02277,
      "usage": 129,
      "rank": 487
    },
    "2023-09-DLC1": {
      "name": "Crocalor",
      "percent": 0.02402,
      "usage": 78,
      "rank": 487
    },
    "2023-10": {
      "name": "Crocalor",
      "percent": 0.01505,
      "usage": 93,
      "rank": 536
    },
    "2023-11": {
      "name": "Crocalor",
      "percent": 0.02097,
      "usage": 104,
      "rank": 512
    },
    "2023-12": {
      "name": "Crocalor",
      "percent": 0.00743,
      "usage": 32,
      "rank": 711
    },
    "2023-12-DLC2": {
      "name": "Crocalor",
      "percent": 0.00602,
      "usage": 12,
      "rank": 700
    },
    "2024-01": {
      "name": "Crocalor",
      "percent": 0.01505,
      "usage": 74,
      "rank": 632
    },
    "2024-02": {
      "name": "Crocalor",
      "percent": 0.01793,
      "usage": 82,
      "rank": 613
    },
    "2024-03": {
      "name": "Crocalor",
      "percent": 0.03093,
      "usage": 147,
      "rank": 564
    },
    "2024-04": {
      "name": "Crocalor",
      "percent": 0.05149,
      "usage": 231,
      "rank": 522
    },
    "2024-05": {
      "name": "Crocalor",
      "percent": 0.00943,
      "usage": 20,
      "rank": 651
    },
    "2024-06": {
      "name": "Crocalor",
      "percent": 0.01534,
      "usage": 56,
      "rank": 615
    }
  },
  "1500": {
    "2022-11": {
      "name": "Crocalor",
      "percent": 0.04938,
      "usage": 312,
      "rank": 262
    },
    "2022-12": {
      "name": "Crocalor",
      "percent": 0.04059,
      "usage": 478,
      "rank": 274
    },
    "2023-01": {
      "name": "Crocalor",
      "percent": 0.04899,
      "usage": 393,
      "rank": 272
    },
    "2023-02": {
      "name": "Crocalor",
      "percent": 0.05783,
      "usage": 323,
      "rank": 272
    },
    "2023-03": {
      "name": "Crocalor",
      "percent": 0.07659,
      "usage": 405,
      "rank": 260
    },
    "2023-04": {
      "name": "Crocalor",
      "percent": 0.04973,
      "usage": 202,
      "rank": 265
    },
    "2023-05": {
      "name": "Crocalor",
      "percent": 0.08732,
      "usage": 331,
      "rank": 282
    },
    "2023-06": {
      "name": "Crocalor",
      "percent": 0.07609,
      "usage": 356,
      "rank": 327
    },
    "2023-07": {
      "name": "Crocalor",
      "percent": 0.0224,
      "usage": 149,
      "rank": 387
    },
    "2023-08": {
      "name": "Crocalor",
      "percent": 0.03966,
      "usage": 227,
      "rank": 364
    },
    "2023-09": {
      "name": "Crocalor",
      "percent": 0.01554,
      "usage": 129,
      "rank": 462
    },
    "2023-09-DLC1": {
      "name": "Crocalor",
      "percent": 0.01226,
      "usage": 78,
      "rank": 479
    },
    "2023-10": {
      "name": "Crocalor",
      "percent": 0.01561,
      "usage": 93,
      "rank": 460
    },
    "2023-11": {
      "name": "Crocalor",
      "percent": 0.01883,
      "usage": 104,
      "rank": 456
    },
    "2023-12": {
      "name": "Crocalor",
      "percent": 0.00938,
      "usage": 32,
      "rank": 592
    },
    "2023-12-DLC2": {
      "name": "Crocalor",
      "percent": 0.01013,
      "usage": 12,
      "rank": 588
    },
    "2024-01": {
      "name": "Crocalor",
      "percent": 0.01264,
      "usage": 74,
      "rank": 577
    },
    "2024-02": {
      "name": "Crocalor",
      "percent": 0.01273,
      "usage": 82,
      "rank": 574
    },
    "2024-03": {
      "name": "Crocalor",
      "percent": 0.02527,
      "usage": 147,
      "rank": 537
    },
    "2024-04": {
      "name": "Crocalor",
      "percent": 0.0652,
      "usage": 231,
      "rank": 460
    },
    "2024-05": {
      "name": "Crocalor",
      "percent": 0.01171,
      "usage": 20,
      "rank": 570
    },
    "2024-06": {
      "name": "Crocalor",
      "percent": 0.00424,
      "usage": 56,
      "rank": 650
    }
  },
  "1630": {
    "2022-11": {
      "name": "Crocalor",
      "percent": 0.0,
      "usage": 312,
      "rank": 273
    },
    "2022-12": {
      "name": "Crocalor",
      "percent": 0.00076,
      "usage": 478,
      "rank": 274
    },
    "2023-01": {
      "name": "Crocalor",
      "percent": 0.04169,
      "usage": 393,
      "rank": 222
    },
    "2023-02": {
      "name": "Crocalor",
      "percent": 0.03019,
      "usage": 323,
      "rank": 242
    },
    "2023-03": {
      "name": "Crocalor",
      "percent": 0.04382,
      "usage": 405,
      "rank": 218
    },
    "2023-04": {
      "name": "Crocalor",
      "percent": 0.0652,
      "usage": 202,
      "rank": 212
    },
    "2023-05": {
      "name": "Crocalor",
      "percent": 0.0594,
      "usage": 331,
      "rank": 272
    },
    "2023-06": {
      "name": "Crocalor",
      "percent": 0.02811,
      "usage": 356,
      "rank": 316
    },
    "2023-07": {
      "name": "Crocalor",
      "percent": 0.00773,
      "usage": 149,
      "rank": 377
    },
    "2023-08": {
      "name": "Crocalor",
      "percent": 0.01759,
      "usage": 227,
      "rank": 340
    },
    "2023-09": {
      "name": "Crocalor",
      "percent": 0.00815,
      "usage": 129,
      "rank": 432
    },
    "2023-09-DLC1": {
      "name": "Crocalor",
      "percent": 0.00654,
      "usage": 78,
      "rank": 438
    },
    "2023-10": {
      "name": "Crocalor",
      "percent": 0.00487,
      "usage": 93,
      "rank": 454
    },
    "2023-11": {
      "name": "Crocalor",
      "percent": 0.03715,
      "usage": 104,
      "rank": 340
    },
    "2023-12": {
      "name": "Crocalor",
      "percent": 0.00916,
      "usage": 32,
      "rank": 491
    },
    "2023-12-DLC2": {
      "name": "Crocalor",
      "percent": 0.01242,
      "usage": 12,
      "rank": 466
    },
    "2024-01": {
      "name": "Crocalor",
      "percent": 0.00529,
      "usage": 74,
      "rank": 531
    },
    "2024-02": {
      "name": "Crocalor",
      "percent": 0.0088,
      "usage": 82,
      "rank": 499
    },
    "2024-03": {
      "name": "Crocalor",
      "percent": 0.02663,
      "usage": 147,
      "rank": 432
    },
    "2024-04": {
      "name": "Crocalor",
      "percent": 0.01141,
      "usage": 231,
      "rank": 478
    },
    "2024-05": {
      "name": "Crocalor",
      "percent": 0.01121,
      "usage": 20,
      "rank": 477
    },
    "2024-06": {
      "name": "Crocalor",
      "percent": 0.00059,
      "usage": 56,
      "rank": 628
    }
  },
  "1760": {
    "2022-11": {
      "name": "Crocalor",
      "percent": 0.0,
      "usage": 312,
      "rank": 422
    },
    "2022-12": {
      "name": "Crocalor",
      "percent": 0.0,
      "usage": 478,
      "rank": 297
    },
    "2023-01": {
      "name": "Crocalor",
      "percent": 0.065,
      "usage": 393,
      "rank": 144
    },