{
  "elos": [
    "0",
    "1500",
    "1630",
    "1760"
  ],
  "firstMonth": "2022-11",
  "0": {
    "2023-12": {
      "name": "Granbull",
      "percent": 0.0827,
      "usage": 356,
      "rank": 491
    },
    "2023-12-DLC2": {
      "name": "Granbull",
      "percent": 0.16194,
      "usage": 323,
      "rank": 428
    },
    "2024-01": {
      "name": "Granbull",
      "percent": 0.10108,
      "usage": 497,
      "rank": 466
    },
    "2024-02": {
      "name": "Granbull",
      "percent": 0.09598,
      "usage": 439,
      "rank": 478
    },
    "2024-03": {
      "name": "Granbull",
      "percent": 0.05597,
      "usage": 266,
      "rank": 520
    },
    "2024-04": {
      "name": "Granbull",
      "percent": 0.04257,
      "usage": 191,
      "rank": 539
    },
    "2024-05": {
      "name": "Granbull",
      "percent": 0.08436,
      "usage": 179,
      "rank": 478
    },
    "2024-06": {
      "name": "Granbull",
      "percent": 0.06847,
      "usage": 250,
      "rank": 501
    }
  },
  "1500": {
    "2023-12": {
      "name": "Granbull",
      "percent": 0.0431,
      "usage": 356,
      "rank": 486
    },
    "2023-12-DLC2": {
      "name": "Granbull",
      "percent": 0.08144,
      "usage": 323,
      "rank": 440
    },
    "2024-01": {
      "name": "Granbull",
      "percent": 0.05035,
      "usage": 497,
      "rank": 483
    },
    "2024-02": {
      "name": "Granbull",
      "percent": 0.05481,
      "usage": 439,
      "rank": 473
    },
    "2024-03": {
      "name": "Granbull",
      "percent": 0.03011,
      "usage": 266,
      "rank": 521
    },
    "2024-04": {
      "name": "Granbull",
      "percent": 0.02118,
      "usage": 191,
      "rank": 533
    },
    "2024-05": {
      "name": "Granbull",
      "percent": 0.06619,
      "usage": 179,
      "rank": 462
    },
    "2024-06": {
      "name": "Granbull",
      "percent": 0.05433,
      "usage": 250,
      "rank": 477
    }
  },
  "1630": {
    "2023-12": {
      "name": "Granbull",
      "percent": 0.00854,
      "usage": 356,
      "rank": 495
    },
    "2023-12-DLC2": {
      "name": "Granbull",
      "percent": 0.01389,
      "usage": 323,
      "rank": 458
    },
    "2024-01": {
      "name": "Granbull",
      "percent": 0.00498,
      "usage": 497,
      "rank": 532
    },
    "2024-02": {
      "name": "Granbull",
      "percent": 0.02026,
      "usage": 439,
      "rank": 434
    },
    "2024-03": {
      "name": "Granbull",
      "percent": 0.00279,
      "usage": 266,
      "rank": 585
    },
    "2024-04": {
      "name": "Granbull",
      "percent": 0.00603,
      "usage": 191,
      "rank": 516
    },
    "2024-05": {
      "name": "Granbull",
      "percent": 0.01317,
      "usage": 179,
      "rank": 463
    },
    "2024-06": {
      "name": "Granbull",
      "percent": 0.02746,
      "usage": 250,
      "rank": 402
    }
  },
  "1760": {
    "2023-12": {
      "name": "Granbull",
      "percent": 0.00147,
      "usage": 356,
      "rank": 486
    },
    "2023-12-DLC2": {
      "name": "Granbull",
      "percent": 0.00202,
      "usage": 323,
      "rank": 456
    },
    "2024-01": {
      "name": "Granbull",
      "percent": 0.00025,
      "usage": 497,
      "rank": 569
    },
    "2024-02": {
      "name": "Granbull",
      "percent": 0.00164,
      "usage": 439,
      "rank": 483
    },
    "2024-03": {
      "name": "Granbull",
      "percent": 0.0006,
      "usage": 266,
      "rank": 547
    },
    "2024-04": {
      "name": "Granbull",
      "percent": 0.00117,
      "usage": 191,
      "rank": 489
    },
    "2024-05": {
      "name": "Granbull",
      "percent": 0.00041,
      "usage": 179,
      "rank": 524
    },
    "2024-06": {
      "name": "Granbull",
      "percent": 0.00624,
      "usage": 250,
      "rank": 369
    }
  }
}