{
  "elos": [
    "0",
    "1500",
    "1630",
    "1760"
  ],
  "firstMonth": "2022-11",
  "0": {
    "2022-11": {
      "name": "Hattrem",
      "percent": 0.01331,
      "usage": 77,
      "rank": 334
    },
    "2022-12": {
      "name": "Hattrem",
      "percent": 0.0185,
      "usage": 202,
      "rank": 320
    },
    "2023-01": {
      "name": "Hattrem",
      "percent": 0.01734,
      "usage": 140,
      "rank": 329
    },
    "2023-02": {
      "name": "Hattrem",
      "percent": 0.02928,
      "usage": 170,
      "rank": 306
    },
    "2023-03": {
      "name": "Hattrem",
      "percent": 0.01656,
      "usage": 92,
      "rank": 347
    },
    "2023-04": {
      "name": "Hattrem",
      "percent": 0.02456,
      "usage": 116,
      "rank": 323
    },
    "2023-05": {
      "name": "Hattrem",
      "percent": 0.01568,
      "usage": 73,
      "rank": 439
    },
    "2023-06": {
      "name": "Hattrem",
      "percent": 0.04627,
      "usage": 219,
      "rank": 378
    },
    "2023-07": {
      "name": "Hattrem",
      "percent": 0.04588,
      "usage": 211,
      "rank": 380
    },
    "2023-08": {
      "name": "Hattrem",
      "percent": 0.0619,
      "usage": 297,
      "rank": 365
    },
    "2023-09": {
      "name": "Hattrem",
      "percent": 0.05808,
      "usage": 329,
      "rank": 426
    },
    "2023-09-DLC1": {
      "name": "Hattrem",
      "percent": 0.03511,
      "usage": 114,
      "rank": 463
    },
    "2023-10": {
      "name": "Hattrem",
      "percent": 0.05049,
      "usage": 312,
      "rank": 437
    },
    "2023-11": {
      "name": "Hattrem",
      "percent": 0.03489,
      "usage": 173,
      "rank": 472
    },
    "2023-12": {
      "name": "Hattrem",
      "percent": 0.03252,
      "usage": 140,
      "rank": 551
    },
    "2023-12-DLC2": {
      "name": "Hattrem",
      "percent": 0.0351,
      "usage": 70,
      "rank": 550
    },
    "2024-01": {
      "name": "Hattrem",
      "percent": 0.0242,
      "usage": 119,
      "rank": 584
    },
    "2024-02": {
      "name": "Hattrem",
      "percent": 0.02536,
      "usage": 116,
      "rank": 579
    },
    "2024-03": {
      "name": "Hattrem",
      "percent": 0.04482,
      "usage": 213,
      "rank": 536
    },
    "2024-04": {
      "name": "Hattrem",
      "percent": 0.06085,
      "usage": 273,
      "rank": 508
    },
    "2024-05": {
      "name": "Hattrem",
      "percent": 0.1428,
      "usage": 303,
      "rank": 432
    },
    "2024-06": {
      "name": "Hattrem",
      "percent": 0.13558,
      "usage": 495,
      "rank": 439
    }
  },
  "1500": {
    "2022-11": {
      "name": "Hattrem",
      "percent": 0.01234,
      "usage": 77,
      "rank": 329
    },
    "2022-12": {
      "name": "Hattrem",
      "percent": 0.0175,
      "usage": 202,
      "rank": 316
    },
    "2023-01": {
      "name": "Hattrem",
      "percent": 0.01684,
      "usage": 140,
      "rank": 324
    },
    "2023-02": {
      "name": "Hattrem",
      "percent": 0.02747,
      "usage": 170,
      "rank": 298
    },
    "2023-03": {
      "name": "Hattrem",
      "percent": 0.01496,
      "usage": 92,
      "rank": 330
    },
    "2023-04": {
      "name": "Hattrem",
      "percent": 0.0178,
      "usage": 116,
      "rank": 296
    },
    "2023-05": {
      "name": "Hattrem",
      "percent": 0.00947,
      "usage": 73,
      "rank": 420
    },
    "2023-06": {
      "name": "Hattrem",
      "percent": 0.02831,
      "usage": 219,
      "rank": 372
    },
    "2023-07": {
      "name": "Hattrem",
      "percent": 0.02852,
      "usage": 211,
      "rank": 376
    },
    "2023-08": {
      "name": "Hattrem",
      "percent": 0.03769,
      "usage": 297,
      "rank": 366
    },
    "2023-09": {
      "name": "Hattrem",
      "percent": 0.05065,
      "usage": 329,
      "rank": 413
    },
    "2023-09-DLC1": {
      "name": "Hattrem",
      "percent": 0.03772,
      "usage": 114,
      "rank": 421
    },
    "2023-10": {
      "name": "Hattrem",
      "percent": 0.02367,
      "usage": 312,
      "rank": 442
    },
    "2023-11": {
      "name": "Hattrem",
      "percent": 0.02039,
      "usage": 173,
      "rank": 455
    },
    "2023-12": {
      "name": "Hattrem",
      "percent": 0.01512,
      "usage": 140,
      "rank": 559
    },
    "2023-12-DLC2": {
      "name": "Hattrem",
      "percent": 0.00637,
      "usage": 70,
      "rank": 612
    },
    "2024-01": {
      "name": "Hattrem",
      "percent": 0.02714,
      "usage": 119,
      "rank": 530
    },
    "2024-02": {
      "name": "Hattrem",
      "percent": 0.0224,
      "usage": 116,
      "rank": 536
    },
    "2024-03": {
      "name": "Hattrem",
      "percent": 0.03025,
      "usage": 213,
      "rank": 520
    },
    "2024-04": {
      "name": "Hattrem",
      "percent": 0.04091,
      "usage": 273,
      "rank": 493
    },
    "2024-05": {
      "name": "Hattrem",
      "percent": 0.05719,
      "usage": 303,
      "rank": 470
    },
    "2024-06": {
      "name": "Hattrem",
      "percent": 0.05828,
      "usage": 495,
      "rank": 468
    }
  },
  "1630": {
    "2022-11": {
      "name": "Hattrem",
      "percent": 0.00113,
      "usage": 77,
      "rank": 259
    },
    "2022-12": {
      "name": "Hattrem",
      "percent": 0.00051,
      "usage": 202,
      "rank": 276
    },
    "2023-01": {
      "name": "Hattrem",
      "percent": 6e-05,
      "usage": 140,
      "rank": 325
    },
    "2023-02": {
      "name": "Hattrem",
      "percent": 0.00849,
      "usage": 170,
      "rank": 276
    },
    "2023-03": {
      "name": "Hattrem",
      "percent": 0.03593,
      "usage": 92,
      "rank": 232
    },
    "2023-04": {
      "name": "Hattrem",
      "percent": 0.0039,
      "usage": 116,
      "rank": 308
    },
    "2023-05": {
      "name": "Hattrem",
      "percent": 0.00109,
      "usage": 73,
      "rank": 443
    },
    "2023-06": {
      "name": "Hattrem",
      "percent": 0.0106,
      "usage": 219,
      "rank": 358
    },
    "2023-07": {
      "name": "Hattrem",
      "percent": 0.03006,
      "usage": 211,
      "rank": 325
    },
    "2023-08": {
      "name": "Hattrem",
      "percent": 0.01473,
      "usage": 297,
      "rank": 352
    },
    "2023-09": {
      "name": "Hattrem",
      "percent": 0.01483,
      "usage": 329,
      "rank": 404
    },
    "2023-09-DLC1": {
      "name": "Hattrem",
      "percent": 0.01171,
      "usage": 114,
      "rank": 415
    },
    "2023-10": {
      "name": "Hattrem",
      "percent": 0.00232,
      "usage": 312,
      "rank": 486
    },
    "2023-11": {
      "name": "Hattrem",
      "percent": 0.01481,
      "usage": 173,
      "rank": 400
    },
    "2023-12": {
      "name": "Hattrem",
      "percent": 0.02848,
      "usage": 140,
      "rank": 421
    },
    "2023-12-DLC2": {
      "name": "Hattrem",
      "percent": 0.00343,
      "usage": 70,
      "rank": 544
    },
    "2024-01": {
      "name": "Hattrem",
      "percent": 0.01278,
      "usage": 119,
      "rank": 480
    },
    "2024-02": {
      "name": "Hattrem",
      "percent": 0.00299,
      "usage": 116,
      "rank": 566
    },
    "2024-03": {
      "name": "Hattrem",
      "percent": 0.00319,
      "usage": 213,
      "rank": 575
    },
    "2024-04": {
      "name": "Hattrem",
      "percent": 0.0019,
      "usage": 273,
      "rank": 575
    },
    "2024-05": {
      "name": "Hattrem",
      "percent": 0.00091,
      "usage": 303,
      "rank": 604
    },
    "2024-06": {
      "name": "Hattrem",
      "percent": 0.00017,
      "usage": 495,
      "rank": 682
    }
  },
  "1760": {
    "2022-11": {
      "name": "Hattrem",
      "percent": 0.0,
      "usage": 77,
      "rank": 270
    },
    "2022-12": {
      "name": "Hattrem",
      "percent": 0.0,
      "usage": 202,
      "rank": 302
    },
    "2023-01": {
      "name": "Hattrem",
      "percent": 0.0,
      "usage": 140,
      "rank": 351
    },
    "2023-02": {
      "name": "Hattrem",