{
  "elos": [
    "0",
    "1500",
    "1630",
    "1760"
  ],
  "firstMonth": "2022-11",
  "0": {
    "2023-05": {
      "name": "Heatran",
      "percent": 0.03759,
      "usage": 175,
      "rank": 363
    },
    "2023-06": {
      "name": "Heatran",
      "percent": 1.08032,
      "usage": 5113,
      "rank": 130
    },
    "2023-07": {
      "name": "Heatran",
      "percent": 1.41292,
      "usage": 6498,
      "rank": 110
    },
    "2023-08": {
      "name": "Heatran",
      "percent": 1.25516,
      "usage": 6022,
      "rank": 114
    },
    "2023-09": {
      "name": "Heatran",
      "percent": 1.19489,
      "usage": 6769,
      "rank": 134
    },
    "2023-09-DLC1": {
      "name": "Heatran",
      "percent": 1.08707,
      "usage": 3530,
      "rank": 141
    },
    "2023-10": {
      "name": "Heatran",
      "percent": 0.90523,
      "usage": 5594,
      "rank": 152
    },
    "2023-11": {
      "name": "Heatran",
      "percent": 1.33062,
      "usage": 6598,
      "rank": 116
    },
    "2023-12": {
      "name": "Heatran",
      "percent": 1.09921,
      "usage": 4732,
      "rank": 138
    },
    "2023-12-DLC2": {
      "name": "Heatran",
      "percent": 0.82875,
      "usage": 1653,
      "rank": 180
    },
    "2024-01": {
      "name": "Heatran",
      "percent": 0.74094,
      "usage": 3643,
      "rank": 186
    },
    "2024-02": {
      "name": "Heatran",
      "percent": 0.84461,
      "usage": 3863,
      "rank": 178
    },
    "2024-03": {
      "name": "Heatran",
      "percent": 0.99469,
      "usage": 4727,
      "rank": 151
    },
    "2024-04": {
      "name": "Heatran",
      "percent": 0.9228,
      "usage": 4140,
      "rank": 158
    },
    "2024-05": {
      "name": "Heatran",
      "percent": 0.93831,
      "usage": 1991,
      "rank": 155
    },
    "2024-06": {
      "name": "Heatran",
      "percent": 1.02656,
      "usage": 3748,
      "rank": 150
    }
  },
  "1500": {
    "2023-05": {
      "name": "Heatran",
      "percent": 0.03513,
      "usage": 175,
      "rank": 338
    },
    "2023-06": {
      "name": "Heatran",
      "percent": 1.08232,
      "usage": 5113,
      "rank": 116
    },
    "2023-07": {
      "name": "Heatran",
      "percent": 1.30112,
      "usage": 6498,
      "rank": 105
    },
    "2023-08": {
      "name": "Heatran",
      "percent": 1.28349,
      "usage": 6022,
      "rank": 107
    },
    "2023-09": {
      "name": "Heatran",
      "percent": 1.09223,
      "usage": 6769,
      "rank": 129
    },
    "2023-09-DLC1": {
      "name": "Heatran",
      "percent": 0.9608,
      "usage": 3530,
      "rank": 140
    },
    "2023-10": {
      "name": "Heatran",
      "percent": 0.87036,
      "usage": 5594,
      "rank": 145
    },
    "2023-11": {
      "name": "Heatran",
      "percent": 1.21589,
      "usage": 6598,
      "rank": 111
    },
    "2023-12": {
      "name": "Heatran",
      "percent": 1.03979,
      "usage": 4732,
      "rank": 129
    },
    "2023-12-DLC2": {
      "name": "Heatran",
      "percent": 0.78621,
      "usage": 1653,
      "rank": 165
    },
    "2024-01": {
      "name": "Heatran",
      "percent": 0.65691,
      "usage": 3643,
      "rank": 185
    },
    "2024-02": {
      "name": "Heatran",
      "percent": 0.73904,
      "usage": 3863,
      "rank": 176
    },
    "2024-03": {
      "name": "Heatran",
      "percent": 0.97669,
      "usage": 4727,
      "rank": 133
    },
    "2024-04": {
      "name": "Heatran",
      "percent": 0.79975,
      "usage": 4140,
      "rank": 155
    },
    "2024-05": {
      "name": "Heatran",
      "percent": 0.83854,
      "usage": 1991,
      "rank": 147
    },
    "2024-06": {
      "name": "Heatran",
      "percent": 1.0248,
      "usage": 3748,
      "rank": 129
    }
  },
  "1630": {
    "2023-05": {
      "name": "Heatran",
      "percent": 0.06167,
      "usage": 175,
      "rank": 268
    },
    "2023-06": {
      "name": "Heatran",
      "percent": 0.83309,
      "usage": 5113,
      "rank": 104
    },
    "2023-07": {
      "name": "Heatran",
      "percent": 0.73122,
      "usage": 6498,
      "rank": 110
    },
    "2023-08": {
      "name": "Heatran",
      "percent": 1.00895,
      "usage": 6022,
      "rank": 96
    },
    "2023-09": {
      "name": "Heatran",
      "percent": 0.74468,
      "usage": 6769,
      "rank": 126
    },
    "2023-09-DLC1": {
      "name": "Heatran",
      "percent": 0.67327,
      "usage": 3530,
      "rank": 142
    },
    "2023-10": {
      "name": "Heatran",
      "percent": 0.57458,
      "usage": 5594,
      "rank": 136
    },
    "2023-11": {
      "name": "Heatran",
      "percent": 0.65698,
      "usage": 6598,
      "rank": 121
    },
    "2023-12": {
      "name": "Heatran",
      "percent": 0.68338,
      "usage": 4732,
      "rank": 132
    },
    "2023-12-DLC2": {
      "name": "Heatran",
      "percent": 0.36947,
      "usage": 1653,
      "rank": 178
    },
    "2024-01": {
      "name": "Heatran",
      "percent": 0.26569,
      "usage": 3643,
      "rank": 215
    },
    "2024-02": {
      "name": "Heatran",
      "percent": 0.31179,
      "usage": 3863,
      "rank": 181
    },
    "2024-03": {
      "name": "Heatran",
      "percent": 0.52497,
      "usage": 4727,
      "rank": 138
    },
    "2024-04": {
      "name": "Heatran",
      "percent": 0.45284,
      "usage": 4140,
      "rank": 138
    },
    "2024-05": {
      "name": "Heatran",
      "percent": 0.40315,
      "usage": 1991,
      "rank": 147
    },
    "2024-06": {
      "name": "Heatran",
      "percent": 0.68765,
      "usage": 3748,
      "rank": 108
    }
  },
  "1760": {
    "2023-05": {
      "name": "Heatran",
      "percent": 0.0514,
      "usage": 175,
      "rank": 200
    },
    "2023-06": {
      "name": "Heatran",
      "percent": 0.4395,
      "usage": 5113,
      "rank": 94
    },
    "2023-07": {
      "name": "Heatran",
      "percent": 0.39307,
      "usage": 6498,
      "rank": 96
    },
    "2023-08": {
      "name": "Heatran",
      "percent": 0.727,
      "usage": 6022,
      "rank": 68
    },
    "2023-09": {
      "name": "Heatran",
      "percent": 0.26627,
      "usage": 6769,
      "rank": 137
    },
    "2023-09-DLC1": {
      "name": "Heatran",
      "percent": 0.13816,
      "usage": 3530,
      "rank": 182
    },
    "2023-10": {
      "name": "Heatran",
      "percent": 0.32405,
      "usage": 5594,
      "rank": 118
    },
    "2023-11": {
      "name": "Heatran",
      "percent": 0.52112,
      "usage": 6598,
      "rank": 95
    },
    "2023-12": {
      "name": "Heatran",
      "percent": 0.10955,
      "usage": 4732,
      "rank": 186
    },
    "2023-12-DLC2": {
      "name": "Heatran",
      "percent": 0.07522,
      "usage": 1653,
      "rank": 210
    },
    "2024-01": {
      "name": "Heatran",
      "percent": 0.05711,
      "usage": 3643,
      "rank": 226
    },
    "2024-02": {
      "name": "Heatran",
      "percent": 0.08657,
      "usage": 3863,
      "rank": 185
    },
    "2024-03": {
      "name": "Heatran",
      "percent": 0.16546,
      "usage": 4727,
      "rank": 151
    },
    "2024-04": {
      "name": "Heatran",
      "percent": 0.25992,
      "usage": 4140,
      "rank": 111
    },
    "2024-05": {
      "name": "Heatran",
      "percent": 0.06687,
      "usage": 1991,
      "rank": 181
    },
    "2024-06": {
      "name": "Heatran",
      "percent": 0.07877,
      "usage": 3748,
      "rank": 169
    }
  }
}