{
  "elos": [
    "0",
    "1500",
    "1630",
    "1760"
  ],
  "firstMonth": "2022-11",
  "0": {
    "2023-12": {
      "name": "Hitmonlee",
      "percent": 0.3345,
      "usage": 1440,
      "rank": 310
    },
    "2023-12-DLC2": {
      "name": "Hitmonlee",
      "percent": 0.65328,
      "usage": 1303,
      "rank": 206
    },
    "2024-01": {
      "name": "Hitmonlee",
      "percent": 0.65023,
      "usage": 3197,
      "rank": 204
    },
    "2024-02": {
      "name": "Hitmonlee",
      "percent": 0.66401,
      "usage": 3037,
      "rank": 207
    },
    "2024-03": {
      "name": "Hitmonlee",
      "percent": 0.81646,
      "usage": 3880,
      "rank": 177
    },
    "2024-04": {
      "name": "Hitmonlee",
      "percent": 1.06813,
      "usage": 4792,
      "rank": 143
    },
    "2024-05": {
      "name": "Hitmonlee",
      "percent": 1.39309,
      "usage": 2956,
      "rank": 111
    },
    "2024-06": {
      "name": "Hitmonlee",
      "percent": 1.29881,
      "usage": 4742,
      "rank": 122
    }
  },
  "1500": {
    "2023-12": {
      "name": "Hitmonlee",
      "percent": 0.29203,
      "usage": 1440,
      "rank": 284
    },
    "2023-12-DLC2": {
      "name": "Hitmonlee",
      "percent": 0.58011,
      "usage": 1303,
      "rank": 207
    },
    "2024-01": {
      "name": "Hitmonlee",
      "percent": 0.53655,
      "usage": 3197,
      "rank": 211
    },
    "2024-02": {
      "name": "Hitmonlee",
      "percent": 0.56136,
      "usage": 3037,
      "rank": 204
    },
    "2024-03": {
      "name": "Hitmonlee",
      "percent": 0.67239,
      "usage": 3880,
      "rank": 185
    },
    "2024-04": {
      "name": "Hitmonlee",
      "percent": 0.64829,
      "usage": 4792,
      "rank": 182
    },
    "2024-05": {
      "name": "Hitmonlee",
      "percent": 0.97767,
      "usage": 2956,
      "rank": 137
    },
    "2024-06": {
      "name": "Hitmonlee",
      "percent": 1.02299,
      "usage": 4742,
      "rank": 130
    }
  },
  "1630": {
    "2023-12": {
      "name": "Hitmonlee",
      "percent": 0.19473,
      "usage": 1440,
      "rank": 240
    },
    "2023-12-DLC2": {
      "name": "Hitmonlee",
      "percent": 0.41142,
      "usage": 1303,
      "rank": 168
    },
    "2024-01": {
      "name": "Hitmonlee",
      "percent": 0.33693,
      "usage": 3197,
      "rank": 187
    },
    "2024-02": {
      "name": "Hitmonlee",
      "percent": 0.21282,
      "usage": 3037,
      "rank": 222
    },
    "2024-03": {
      "name": "Hitmonlee",
      "percent": 0.38136,
      "usage": 3880,
      "rank": 168
    },
    "2024-04": {
      "name": "Hitmonlee",
      "percent": 0.31815,
      "usage": 4792,
      "rank": 182
    },
    "2024-05": {
      "name": "Hitmonlee",
      "percent": 0.4992,
      "usage": 2956,
      "rank": 135
    },
    "2024-06": {
      "name": "Hitmonlee",
      "percent": 0.38261,
      "usage": 4742,
      "rank": 150
    }
  },
  "1760": {
    "2023-12": {
      "name": "Hitmonlee",
      "percent": 0.02651,
      "usage": 1440,
      "rank": 289
    },
    "2023-12-DLC2": {
      "name": "Hitmonlee",
      "percent": 0.05875,
      "usage": 1303,
      "rank": 228
    },
    "2024-01": {
      "name": "Hitmonlee",
      "percent": 0.06837,
      "usage": 3197,
      "rank": 215
    },
    "2024-02": {
      "name": "Hitmonlee",
      "percent": 0.02916,
      "usage": 3037,
      "rank": 272
    },
    "2024-03": {
      "name": "Hitmonlee",
      "percent": 0.04777,
      "usage": 3880,
      "rank": 229
    },
    "2024-04": {
      "name": "Hitmonlee",
      "percent": 0.07873,
      "usage": 4792,
      "rank": 182
    },
    "2024-05": {
      "name": "Hitmonlee",
      "percent": 0.12164,
      "usage": 2956,
      "rank": 146
    },
    "2024-06": {
      "name": "Hitmonlee",
      "percent": 0.06052,
      "usage": 4742,
      "rank": 185
    }
  }
}