{
  "elos": [
    "0",
    "1500",
    "1630",
    "1760"
  ],
  "firstMonth": "2022-11",
  "0": {
    "2022-11": {
      "name": "Iron Bundle",
      "percent": 4.88851,
      "usage": 28278,
      "rank": 30
    },
    "2022-12": {
      "name": "Iron Bundle",
      "percent": 8.2632,
      "usage": 90245,
      "rank": 22
    },
    "2023-01": {
      "name": "Iron Bundle",
      "percent": 7.43766,
      "usage": 60045,
      "rank": 24
    },
    "2023-02": {
      "name": "Iron Bundle",
      "percent": 7.66821,
      "usage": 44529,
      "rank": 22
    },
    "2023-03": {
      "name": "Iron Bundle",
      "percent": 7.47812,
      "usage": 41548,
      "rank": 25
    },
    "2023-04": {
      "name": "Iron Bundle",
      "percent": 8.24505,
      "usage": 38945,
      "rank": 19
    },
    "2023-05": {
      "name": "Iron Bundle",
      "percent": 7.85537,
      "usage": 36571,
      "rank": 20
    },
    "2023-06": {
      "name": "Iron Bundle",
      "percent": 4.29446,
      "usage": 20325,
      "rank": 39
    },
    "2023-07": {
      "name": "Iron Bundle",
      "percent": 3.64102,
      "usage": 16745,
      "rank": 48
    },
    "2023-08": {
      "name": "Iron Bundle",
      "percent": 3.69754,
      "usage": 17740,
      "rank": 43
    },
    "2023-09": {
      "name": "Iron Bundle",
      "percent": 3.06532,
      "usage": 17365,
      "rank": 52
    },
    "2023-09-DLC1": {
      "name": "Iron Bundle",
      "percent": 2.6607,
      "usage": 8640,
      "rank": 65
    },
    "2023-10": {
      "name": "Iron Bundle",
      "percent": 2.5639,
      "usage": 15844,
      "rank": 69
    },
    "2023-11": {
      "name": "Iron Bundle",
      "percent": 2.43941,
      "usage": 12096,
      "rank": 70
    },
    "2023-12": {
      "name": "Iron Bundle",
      "percent": 2.86162,
      "usage": 12319,
      "rank": 54
    },
    "2023-12-DLC2": {
      "name": "Iron Bundle",
      "percent": 3.01269,
      "usage": 6009,
      "rank": 47
    },
    "2024-01": {
      "name": "Iron Bundle",
      "percent": 2.64892,
      "usage": 13024,
      "rank": 58
    },
    "2024-02": {
      "name": "Iron Bundle",
      "percent": 1.94437,
      "usage": 8893,
      "rank": 82
    },
    "2024-03": {
      "name": "Iron Bundle",
      "percent": 2.16846,
      "usage": 10305,
      "rank": 73
    },
    "2024-04": {
      "name": "Iron Bundle",
      "percent": 1.65234,
      "usage": 7413,
      "rank": 98
    },
    "2024-05": {
      "name": "Iron Bundle",
      "percent": 1.46661,
      "usage": 3112,
      "rank": 106
    },
    "2024-06": {
      "name": "Iron Bundle",
      "percent": 1.68007,
      "usage": 6134,
      "rank": 97
    }
  },
  "1500": {
    "2022-11": {
      "name": "Iron Bundle",
      "percent": 5.11408,
      "usage": 28278,
      "rank": 28
    },
    "2022-12": {
      "name": "Iron Bundle",
      "percent": 8.63195,
      "usage": 90245,
      "rank": 22
    },
    "2023-01": {
      "name": "Iron Bundle",
      "percent": 7.83769,
      "usage": 60045,
      "rank": 22
    },
    "2023-02": {
      "name": "Iron Bundle",
      "percent": 8.29276,
      "usage": 44529,
      "rank": 21
    },
    "2023-03": {
      "name": "Iron Bundle",
      "percent": 8.4979,
      "usage": 41548,
      "rank": 22
    },
    "2023-04": {
      "name": "Iron Bundle",
      "percent": 10.88718,
      "usage": 38945,
      "rank": 13
    },
    "2023-05": {
      "name": "Iron Bundle",
      "percent": 10.36967,
      "usage": 36571,
      "rank": 13
    },
    "2023-06": {
      "name": "Iron Bundle",
      "percent": 5.13538,
      "usage": 20325,
      "rank": 29
    },
    "2023-07": {
      "name": "Iron Bundle",
      "percent": 4.54073,
      "usage": 16745,
      "rank": 36
    },
    "2023-08": {
      "name": "Iron Bundle",
      "percent": 4.70279,
      "usage": 17740,
      "rank": 34
    },
    "2023-09": {
      "name": "Iron Bundle",
      "percent": 3.88488,
      "usage": 17365,
      "rank": 42
    },
    "2023-09-DLC1": {
      "name": "Iron Bundle",
      "percent": 3.37357,
      "usage": 8640,
      "rank": 50
    },
    "2023-10": {
      "name": "Iron Bundle",
      "percent": 3.309,
      "usage": 15844,
      "rank": 49
    },
    "2023-11": {
      "name": "Iron Bundle",
      "percent": 3.01412,
      "usage": 12096,
      "rank": 54
    },
    "2023-12": {
      "name": "Iron Bundle",
      "percent": 3.45137,
      "usage": 12319,
      "rank": 45
    },
    "2023-12-DLC2": {
      "name": "Iron Bundle",
      "percent": 3.65976,
      "usage": 6009,
      "rank": 35
    },
    "2024-01": {
      "name": "Iron Bundle",
      "percent": 3.20352,
      "usage": 13024,
      "rank": 48
    },
    "2024-02": {
      "name": "Iron Bundle",
      "percent": 2.26894,
      "usage": 8893,
      "rank": 72
    },
    "2024-03": {
      "name": "Iron Bundle",
      "percent": 2.7107,
      "usage": 10305,
      "rank": 62
    },
    "2024-04": {
      "name": "Iron Bundle",
      "percent": 1.96826,
      "usage": 7413,
      "rank": 79
    },
    "2024-05": {
      "name": "Iron Bundle",
      "percent": 1.73233,
      "usage": 3112,
      "rank": 89
    },
    "2024-06": {
      "name": "Iron Bundle",
      "percent": 2.23098,
      "usage": 6134,
      "rank": 71
    }
  },
  "1630": {
    "2022-11": {
      "name": "Iron Bundle",
      "percent": 4.76042,
      "usage": 28278,
      "rank": 30
    },
    "2022-12": {
      "name": "Iron Bundle",
      "percent": 19.64365,
      "usage": 90245,
      "rank": 5
    },
    "2023-01": {
      "name": "Iron Bundle",
      "percent": 15.77009,
      "usage": 60045,
      "rank": 8
    },
    "2023-02": {
      "name": "Iron Bundle",
      "percent": 15.66784,
      "usage": 44529,
      "rank": 8
    },
    "2023-03": {
      "name": "Iron Bundle",
      "percent": 16.734,
      "usage": 41548,
      "rank": 6
    },
    "2023-04": {
      "name": "Iron Bundle",
      "percent": 19.70545,
      "usage": 38945,
      "rank": 6
    },
    "2023-05": {
      "name": "Iron Bundle",
      "percent": 19.45821,
      "usage": 36571,
      "rank": 6
    },
    "2023-06": {
      "name": "Iron Bundle",
      "percent": 4.98301,
      "usage": 20325,
      "rank": 27
    },
    "2023-07": {
      "name": "Iron Bundle",
      "percent": 4.89566,
      "usage": 16745,
      "rank": 27
    },
    "2023-08": {
      "name": "Iron Bundle",
      "percent": 5.4142,
      "usage": 17740,
      "rank": 24
    },
    "2023-09": {
      "name": "Iron Bundle",
      "percent": 4.03499,
      "usage": 17365,
      "rank": 31
    },
    "2023-09-DLC1": {
      "name": "Iron Bundle",
      "percent": 3.40581,
      "usage": 8640,
      "rank": 39
    },
    "2023-10": {
      "name": "Iron Bundle",
      "percent": 3.07817,
      "usage": 15844,
      "rank": 46
    },
    "2023-11": {
      "name": "Iron Bundle",
      "percent": 2.89064,
      "usage": 12096,
      "rank": 46
    },
    "2023-12": {
      "name": "Iron Bundle",
      "percent": 2.82802,
      "usage": 12319,
      "rank": 45
    },
    "2023-12-DLC2": {
      "name": "Iron Bundle",
      "percent": 2.94338,
      "usage": 6009,
      "rank": 41
    },
    "2024-01": {
      "name": "Iron Bundle",
      "percent": 2.47882,
      "usage": 13024,
      "rank": 53
    },
    "2024-02": {
      "name": "Iron Bundle",
      "percent": 1.91621,
      "usage": 8893,
      "rank": 60
    },
    "2024-03": {
      "name": "Iron Bundle",
      "percent": 3.35423,
      "usage": 10305,
      "rank": 35
    },
    "2024-04": {
      "name": "Iron Bundle",
      "percent": 2.28083,
      "usage": 7413,
      "rank": 54
    },
    "2024-05": {
      "name": "Iron Bundle",
      "percent": 1.51728,
      "usage": 3112,
      "rank": 70
    },
    "2024-06": {
      "name": "Iron Bundle",
      "percent": 2.91022,
      "usage": 6134,
      "rank": 39
    }
  },
  "1760": {
    "2022-11": {
      "name": "Iron Bundle",