{
  "elos": [
    "0",
    "1500",
    "1630",
    "1760"
  ],
  "firstMonth": "2022-11",
  "0": {
    "2022-11": {
      "name": "Lechonk",
      "percent": 0.66159,
      "usage": 3827,
      "rank": 131
    },
    "2022-12": {
      "name": "Lechonk",
      "percent": 1.48673,
      "usage": 16237,
      "rank": 74
    },
    "2023-01": {
      "name": "Lechonk",
      "percent": 1.39884,
      "usage": 11293,
      "rank": 87
    },
    "2023-02": {
      "name": "Lechonk",
      "percent": 0.99605,
      "usage": 5784,
      "rank": 118
    },
    "2023-03": {
      "name": "Lechonk",
      "percent": 0.75703,
      "usage": 4206,
      "rank": 134
    },
    "2023-04": {
      "name": "Lechonk",
      "percent": 0.76935,
      "usage": 3634,
      "rank": 137
    },
    "2023-05": {
      "name": "Lechonk",
      "percent": 1.03576,
      "usage": 4822,
      "rank": 115
    },
    "2023-06": {
      "name": "Lechonk",
      "percent": 0.4997,
      "usage": 2365,
      "rank": 211
    },
    "2023-07": {
      "name": "Lechonk",
      "percent": 0.86584,
      "usage": 3982,
      "rank": 155
    },
    "2023-08": {
      "name": "Lechonk",
      "percent": 0.69282,
      "usage": 3324,
      "rank": 175
    },
    "2023-09": {
      "name": "Lechonk",
      "percent": 0.55199,
      "usage": 3127,
      "rank": 222
    },
    "2023-09-DLC1": {
      "name": "Lechonk",
      "percent": 0.49827,
      "usage": 1618,
      "rank": 233
    },
    "2023-10": {
      "name": "Lechonk",
      "percent": 0.75036,
      "usage": 4637,
      "rank": 176
    },
    "2023-11": {
      "name": "Lechonk",
      "percent": 0.87928,
      "usage": 4360,
      "rank": 154
    },
    "2023-12": {
      "name": "Lechonk",
      "percent": 0.57818,
      "usage": 2489,
      "rank": 217
    },
    "2023-12-DLC2": {
      "name": "Lechonk",
      "percent": 0.37703,
      "usage": 752,
      "rank": 299
    },
    "2024-01": {
      "name": "Lechonk",
      "percent": 0.31871,
      "usage": 1567,
      "rank": 324
    },
    "2024-02": {
      "name": "Lechonk",
      "percent": 0.32293,
      "usage": 1477,
      "rank": 320
    },
    "2024-03": {
      "name": "Lechonk",
      "percent": 0.343,
      "usage": 1630,
      "rank": 314
    },
    "2024-04": {
      "name": "Lechonk",
      "percent": 0.27104,
      "usage": 1216,
      "rank": 354
    },
    "2024-05": {
      "name": "Lechonk",
      "percent": 0.24129,
      "usage": 512,
      "rank": 365
    },
    "2024-06": {
      "name": "Lechonk",
      "percent": 0.18844,
      "usage": 688,
      "rank": 399
    }
  },
  "1500": {
    "2022-11": {
      "name": "Lechonk",
      "percent": 0.60533,
      "usage": 3827,
      "rank": 135
    },
    "2022-12": {
      "name": "Lechonk",
      "percent": 1.24582,
      "usage": 16237,
      "rank": 85
    },
    "2023-01": {
      "name": "Lechonk",
      "percent": 1.14649,
      "usage": 11293,
      "rank": 100
    },
    "2023-02": {
      "name": "Lechonk",
      "percent": 0.79899,
      "usage": 5784,
      "rank": 129
    },
    "2023-03": {
      "name": "Lechonk",
      "percent": 0.55121,
      "usage": 4206,
      "rank": 151
    },
    "2023-04": {
      "name": "Lechonk",
      "percent": 0.34583,
      "usage": 3634,
      "rank": 175
    },
    "2023-05": {
      "name": "Lechonk",
      "percent": 0.41747,
      "usage": 4822,
      "rank": 172
    },
    "2023-06": {
      "name": "Lechonk",
      "percent": 0.22409,
      "usage": 2365,
      "rank": 267
    },
    "2023-07": {
      "name": "Lechonk",
      "percent": 0.33305,
      "usage": 3982,
      "rank": 227
    },
    "2023-08": {
      "name": "Lechonk",
      "percent": 0.29802,
      "usage": 3324,
      "rank": 241
    },
    "2023-09": {
      "name": "Lechonk",
      "percent": 0.22576,
      "usage": 3127,
      "rank": 302
    },
    "2023-09-DLC1": {
      "name": "Lechonk",
      "percent": 0.19346,
      "usage": 1618,
      "rank": 311
    },
    "2023-10": {
      "name": "Lechonk",
      "percent": 0.28002,
      "usage": 4637,
      "rank": 272
    },
    "2023-11": {
      "name": "Lechonk",
      "percent": 0.35997,
      "usage": 4360,
      "rank": 240
    },
    "2023-12": {
      "name": "Lechonk",
      "percent": 0.25574,
      "usage": 2489,
      "rank": 306
    },
    "2023-12-DLC2": {
      "name": "Lechonk",
      "percent": 0.15788,
      "usage": 752,
      "rank": 384
    },
    "2024-01": {
      "name": "Lechonk",
      "percent": 0.13204,
      "usage": 1567,
      "rank": 401
    },
    "2024-02": {
      "name": "Lechonk",
      "percent": 0.12504,
      "usage": 1477,
      "rank": 402
    },
    "2024-03": {
      "name": "Lechonk",
      "percent": 0.12703,
      "usage": 1630,
      "rank": 409
    },
    "2024-04": {
      "name": "Lechonk",
      "percent": 0.12706,
      "usage": 1216,
      "rank": 399
    },
    "2024-05": {
      "name": "Lechonk",
      "percent": 0.08517,
      "usage": 512,
      "rank": 434
    },
    "2024-06": {
      "name": "Lechonk",
      "percent": 0.05766,
      "usage": 688,
      "rank": 471
    }
  },
  "1630": {
    "2022-11": {
      "name": "Lechonk",
      "percent": 0.0257,
      "usage": 3827,
      "rank": 205
    },
    "2022-12": {
      "name": "Lechonk",
      "percent": 0.16603,
      "usage": 16237,
      "rank": 159
    },
    "2023-01": {
      "name": "Lechonk",
      "percent": 0.06656,
      "usage": 11293,
      "rank": 200
    },
    "2023-02": {
      "name": "Lechonk",
      "percent": 0.0976,
      "usage": 5784,
      "rank": 193
    },
    "2023-03": {
      "name": "Lechonk",
      "percent": 0.04832,
      "usage": 4206,
      "rank": 212
    },
    "2023-04": {
      "name": "Lechonk",
      "percent": 0.05465,
      "usage": 3634,
      "rank": 216
    },
    "2023-05": {
      "name": "Lechonk",
      "percent": 0.09111,
      "usage": 4822,
      "rank": 242
    },
    "2023-06": {
      "name": "Lechonk",
      "percent": 0.06628,
      "usage": 2365,
      "rank": 275
    },
    "2023-07": {
      "name": "Lechonk",
      "percent": 0.04514,
      "usage": 3982,
      "rank": 300
    },
    "2023-08": {
      "name": "Lechonk",
      "percent": 0.0448,
      "usage": 3324,
      "rank": 299
    },
    "2023-09": {
      "name": "Lechonk",
      "percent": 0.03798,
      "usage": 3127,
      "rank": 362
    },
    "2023-09-DLC1": {
      "name": "Lechonk",
      "percent": 0.03254,
      "usage": 1618,
      "rank": 362
    },
    "2023-10": {
      "name": "Lechonk",
      "percent": 0.0496,
      "usage": 4637,
      "rank": 332
    },
    "2023-11": {
      "name": "Lechonk",
      "percent": 0.04752,
      "usage": 4360,
      "rank": 325
    },
    "2023-12": {
      "name": "Lechonk",
      "percent": 0.04352,
      "usage": 2489,
      "rank": 385
    },
    "2023-12-DLC2": {
      "name": "Lechonk",
      "percent": 0.03664,
      "usage": 752,
      "rank": 398
    },
    "2024-01": {
      "name": "Lechonk",
      "percent": 0.02935,
      "usage": 1567,
      "rank": 417
    },
    "2024-02": {
      "name": "Lechonk",
      "percent": 0.0293,
      "usage": 1477,
      "rank": 410
    },
    "2024-03": {
      "name": "Lechonk",
      "percent": 0.01018,
      "usage": 1630,
      "rank": 495
    },
    "2024-04": {
      "name": "Lechonk",
      "percent": 0.01688,
      "usage": 1216,
      "rank": 444
    },
    "2024-05": {
      "name": "Lechonk",
      "percent": 0.01008,
      "usage": 512,
      "rank": 482
    },
    "2024-06": {
      "name": "Lechonk",
      "percent": 0.00675,
      "usage": 688,
      "rank": 504
    }
  },
  "1760": {
    "2022-11": {
      "name": "Lechonk",
      "percent": 0.00388,
      "usage": 3827,
      "rank": 213
    },
    "2022-12": {
      "name": "Lechonk",
      "percent": 0.02777,
      "usage": 16237,
      "rank": 169
    },
    "2023-01": {
      "name": "Lechonk",
      "percent": 0.01005,