{
  "elos": [
    "0",
    "1500",
    "1630",
    "1760"
  ],
  "firstMonth": "2022-11",
  "0": {
    "2022-11": {
      "name": "Persian",
      "percent": 0.09041,
      "usage": 523,
      "rank": 244
    },
    "2022-12": {
      "name": "Persian",
      "percent": 0.0933,
      "usage": 1019,
      "rank": 240
    },
    "2023-01": {
      "name": "Persian",
      "percent": 0.15645,
      "usage": 1263,
      "rank": 232
    },
    "2023-02": {
      "name": "Persian",
      "percent": 0.23799,
      "usage": 1382,
      "rank": 217
    },
    "2023-03": {
      "name": "Persian",
      "percent": 0.15155,
      "usage": 842,
      "rank": 240
    },
    "2023-04": {
      "name": "Persian",
      "percent": 0.1211,
      "usage": 572,
      "rank": 248
    },
    "2023-05": {
      "name": "Persian",
      "percent": 0.18322,
      "usage": 853,
      "rank": 253
    },
    "2023-06": {
      "name": "Persian",
      "percent": 0.10712,
      "usage": 507,
      "rank": 336
    },
    "2023-07": {
      "name": "Persian",
      "percent": 0.14677,
      "usage": 675,
      "rank": 329
    },
    "2023-08": {
      "name": "Persian",
      "percent": 0.20801,
      "usage": 998,
      "rank": 304
    },
    "2023-09": {
      "name": "Persian",
      "percent": 0.10821,
      "usage": 613,
      "rank": 395
    },
    "2023-09-DLC1": {
      "name": "Persian",
      "percent": 0.08561,
      "usage": 278,
      "rank": 403
    },
    "2023-10": {
      "name": "Persian",
      "percent": 0.10842,
      "usage": 670,
      "rank": 395
    },
    "2023-11": {
      "name": "Persian",
      "percent": 0.09196,
      "usage": 456,
      "rank": 404
    },
    "2023-12": {
      "name": "Persian",
      "percent": 0.1705,
      "usage": 734,
      "rank": 423
    },
    "2023-12-DLC2": {
      "name": "Persian",
      "percent": 0.184,
      "usage": 367,
      "rank": 411
    },
    "2024-01": {
      "name": "Persian",
      "percent": 0.16169,
      "usage": 795,
      "rank": 418
    },
    "2024-02": {
      "name": "Persian",
      "percent": 0.10385,
      "usage": 475,
      "rank": 469
    },
    "2024-03": {
      "name": "Persian",
      "percent": 0.109,
      "usage": 518,
      "rank": 461
    },
    "2024-04": {
      "name": "Persian",
      "percent": 0.08203,
      "usage": 368,
      "rank": 485
    },
    "2024-05": {
      "name": "Persian",
      "percent": 0.09001,
      "usage": 191,
      "rank": 472
    },
    "2024-06": {
      "name": "Persian",
      "percent": 0.14626,
      "usage": 534,
      "rank": 425
    }
  },
  "1500": {
    "2022-11": {
      "name": "Persian",
      "percent": 0.08444,
      "usage": 523,
      "rank": 242
    },
    "2022-12": {
      "name": "Persian",
      "percent": 0.08888,
      "usage": 1019,
      "rank": 240
    },
    "2023-01": {
      "name": "Persian",
      "percent": 0.14946,
      "usage": 1263,
      "rank": 232
    },
    "2023-02": {
      "name": "Persian",
      "percent": 0.22807,
      "usage": 1382,
      "rank": 216
    },
    "2023-03": {
      "name": "Persian",
      "percent": 0.12521,
      "usage": 842,
      "rank": 244
    },
    "2023-04": {
      "name": "Persian",
      "percent": 0.0683,
      "usage": 572,
      "rank": 253
    },
    "2023-05": {
      "name": "Persian",
      "percent": 0.13525,
      "usage": 853,
      "rank": 268
    },
    "2023-06": {
      "name": "Persian",
      "percent": 0.06432,
      "usage": 507,
      "rank": 338
    },
    "2023-07": {
      "name": "Persian",
      "percent": 0.10423,
      "usage": 675,
      "rank": 320
    },
    "2023-08": {
      "name": "Persian",
      "percent": 0.08453,
      "usage": 998,
      "rank": 331
    },
    "2023-09": {
      "name": "Persian",
      "percent": 0.0564,
      "usage": 613,
      "rank": 403
    },
    "2023-09-DLC1": {
      "name": "Persian",
      "percent": 0.04755,
      "usage": 278,
      "rank": 406
    },
    "2023-10": {
      "name": "Persian",
      "percent": 0.07229,
      "usage": 670,
      "rank": 388
    },
    "2023-11": {
      "name": "Persian",
      "percent": 0.04441,
      "usage": 456,
      "rank": 411
    },
    "2023-12": {
      "name": "Persian",
      "percent": 0.09007,
      "usage": 734,
      "rank": 431
    },
    "2023-12-DLC2": {
      "name": "Persian",
      "percent": 0.11572,
      "usage": 367,
      "rank": 414
    },
    "2024-01": {
      "name": "Persian",
      "percent": 0.07673,
      "usage": 795,
      "rank": 444
    },
    "2024-02": {
      "name": "Persian",
      "percent": 0.04575,
      "usage": 475,
      "rank": 490
    },
    "2024-03": {
      "name": "Persian",
      "percent": 0.05051,
      "usage": 518,
      "rank": 475
    },
    "2024-04": {
      "name": "Persian",
      "percent": 0.05204,
      "usage": 368,
      "rank": 475
    },
    "2024-05": {
      "name": "Persian",
      "percent": 0.05655,
      "usage": 191,
      "rank": 472
    },
    "2024-06": {
      "name": "Persian",
      "percent": 0.10502,
      "usage": 534,
      "rank": 407
    }
  },
  "1630": {
    "2022-11": {
      "name": "Persian",
      "percent": 0.00445,
      "usage": 523,
      "rank": 241
    },
    "2022-12": {
      "name": "Persian",
      "percent": 0.03978,
      "usage": 1019,
      "rank": 219
    },
    "2023-01": {
      "name": "Persian",
      "percent": 0.02075,
      "usage": 1263,
      "rank": 250
    },
    "2023-02": {
      "name": "Persian",
      "percent": 0.12683,
      "usage": 1382,
      "rank": 179
    },
    "2023-03": {
      "name": "Persian",
      "percent": 0.01611,
      "usage": 842,
      "rank": 266
    },
    "2023-04": {
      "name": "Persian",
      "percent": 0.02264,
      "usage": 572,
      "rank": 258
    },
    "2023-05": {
      "name": "Persian",
      "percent": 0.0593,
      "usage": 853,
      "rank": 273
    },
    "2023-06": {
      "name": "Persian",
      "percent": 0.01609,
      "usage": 507,
      "rank": 347
    },
    "2023-07": {
      "name": "Persian",
      "percent": 0.03724,
      "usage": 675,
      "rank": 314
    },
    "2023-08": {
      "name": "Persian",
      "percent": 0.01304,
      "usage": 998,
      "rank": 357
    },
    "2023-09": {
      "name": "Persian",
      "percent": 0.0153,
      "usage": 613,
      "rank": 403
    },
    "2023-09-DLC1": {
      "name": "Persian",
      "percent": 0.01415,
      "usage": 278,
      "rank": 405
    },
    "2023-10": {
      "name": "Persian",
      "percent": 0.01452,
      "usage": 670,
      "rank": 400
    },
    "2023-11": {
      "name": "Persian",
      "percent": 0.0175,
      "usage": 456,
      "rank": 393
    },
    "2023-12": {
      "name": "Persian",
      "percent": 0.01374,
      "usage": 734,
      "rank": 467
    },
    "2023-12-DLC2": {
      "name": "Persian",
      "percent": 0.01956,
      "usage": 367,
      "rank": 436
    },
    "2024-01": {
      "name": "Persian",
      "percent": 0.04288,
      "usage": 795,
      "rank": 394
    },
    "2024-02": {
      "name": "Persian",
      "percent": 0.01068,
      "usage": 475,
      "rank": 491
    },
    "2024-03": {
      "name": "Persian",
      "percent": 0.01174,
      "usage": 518,
      "rank": 485
    },
    "2024-04": {
      "name": "Persian",
      "percent": 0.00914,
      "usage": 368,
      "rank": 495
    },
    "2024-05": {
      "name": "Persian",
      "percent": 0.01175,
      "usage": 191,
      "rank": 472
    },
    "2024-06": {
      "name": "Persian",
      "percent": 0.01677,
      "usage": 534,
      "rank": 437
    }
  },
  "1760": {
    "2022-11": {
      "name": "Persian",
      "percent": 0.00099,
      "usage": 523,
      "rank": 229
    },
    "2022-12": {
      "name": "Persian",
      "percent": 0.01915,
      "usage": 1019,
      "rank": 183
    },
    "2023-01": {
      "name": "Persian",
      "percent": 0.00015,
      "usage": 1263,
      "rank": 277
    },