{
  "elos": [
    "0",
    "1500",
    "1630",
    "1760"
  ],
  "firstMonth": "2022-11",
  "0": {
    "2023-12": {
      "name": "Rampardos",
      "percent": 0.27504,
      "usage": 1184,
      "rank": 358
    },
    "2023-12-DLC2": {
      "name": "Rampardos",
      "percent": 0.51741,
      "usage": 1032,
      "rank": 241
    },
    "2024-01": {
      "name": "Rampardos",
      "percent": 0.33579,
      "usage": 1651,
      "rank": 313
    },
    "2024-02": {
      "name": "Rampardos",
      "percent": 0.24663,
      "usage": 1128,
      "rank": 368
    },
    "2024-03": {
      "name": "Rampardos",
      "percent": 0.27082,
      "usage": 1287,
      "rank": 357
    },
    "2024-04": {
      "name": "Rampardos",
      "percent": 0.25433,
      "usage": 1141,
      "rank": 369
    },
    "2024-05": {
      "name": "Rampardos",
      "percent": 0.20312,
      "usage": 431,
      "rank": 390
    },
    "2024-06": {
      "name": "Rampardos",
      "percent": 0.20022,
      "usage": 731,
      "rank": 386
    }
  },
  "1500": {
    "2023-12": {
      "name": "Rampardos",
      "percent": 0.19611,
      "usage": 1184,
      "rank": 356
    },
    "2023-12-DLC2": {
      "name": "Rampardos",
      "percent": 0.35577,
      "usage": 1032,
      "rank": 263
    },
    "2024-01": {
      "name": "Rampardos",
      "percent": 0.25848,
      "usage": 1651,
      "rank": 307
    },
    "2024-02": {
      "name": "Rampardos",
      "percent": 0.16261,
      "usage": 1128,
      "rank": 374
    },
    "2024-03": {
      "name": "Rampardos",
      "percent": 0.21082,
      "usage": 1287,
      "rank": 340
    },
    "2024-04": {
      "name": "Rampardos",
      "percent": 0.17932,
      "usage": 1141,
      "rank": 362
    },
    "2024-05": {
      "name": "Rampardos",
      "percent": 0.13083,
      "usage": 431,
      "rank": 393
    },
    "2024-06": {
      "name": "Rampardos",
      "percent": 0.12405,
      "usage": 731,
      "rank": 391
    }
  },
  "1630": {
    "2023-12": {
      "name": "Rampardos",
      "percent": 0.05102,
      "usage": 1184,
      "rank": 371
    },
    "2023-12-DLC2": {
      "name": "Rampardos",
      "percent": 0.08549,
      "usage": 1032,
      "rank": 325
    },
    "2024-01": {
      "name": "Rampardos",
      "percent": 0.05682,
      "usage": 1651,
      "rank": 374
    },
    "2024-02": {
      "name": "Rampardos",
      "percent": 0.06387,
      "usage": 1128,
      "rank": 350
    },
    "2024-03": {
      "name": "Rampardos",
      "percent": 0.14265,
      "usage": 1287,
      "rank": 267
    },
    "2024-04": {
      "name": "Rampardos",
      "percent": 0.05417,
      "usage": 1141,
      "rank": 353
    },
    "2024-05": {
      "name": "Rampardos",
      "percent": 0.0624,
      "usage": 431,
      "rank": 334
    },
    "2024-06": {
      "name": "Rampardos",
      "percent": 0.05928,
      "usage": 731,
      "rank": 336
    }
  },
  "1760": {
    "2023-12": {
      "name": "Rampardos",
      "percent": 0.00425,
      "usage": 1184,
      "rank": 429
    },
    "2023-12-DLC2": {
      "name": "Rampardos",
      "percent": 0.00774,
      "usage": 1032,
      "rank": 376
    },
    "2024-01": {
      "name": "Rampardos",
      "percent": 0.00756,
      "usage": 1651,
      "rank": 393
    },
    "2024-02": {
      "name": "Rampardos",
      "percent": 0.01461,
      "usage": 1128,
      "rank": 326
    },
    "2024-03": {
      "name": "Rampardos",
      "percent": 0.0807,
      "usage": 1287,
      "rank": 187
    },
    "2024-04": {
      "name": "Rampardos",
      "percent": 0.01126,
      "usage": 1141,
      "rank": 335
    },
    "2024-05": {
      "name": "Rampardos",
      "percent": 0.03329,
      "usage": 431,
      "rank": 217
    },
    "2024-06": {
      "name": "Rampardos",
      "percent": 0.01262,
      "usage": 731,
      "rank": 308
    }
  }
}