{
  "elos": [
    "0",
    "1500",
    "1630",
    "1760"
  ],
  "firstMonth": "2022-11",
  "0": {
    "2022-11": {
      "name": "Skeledirge",
      "percent": 9.75317,
      "usage": 56418,
      "rank": 16
    },
    "2022-12": {
      "name": "Skeledirge",
      "percent": 11.43278,
      "usage": 124861,
      "rank": 11
    },
    "2023-01": {
      "name": "Skeledirge",
      "percent": 11.01584,
      "usage": 88932,
      "rank": 12
    },
    "2023-02": {
      "name": "Skeledirge",
      "percent": 9.90398,
      "usage": 57512,
      "rank": 16
    },
    "2023-03": {
      "name": "Skeledirge",
      "percent": 9.41155,
      "usage": 52290,
      "rank": 15
    },
    "2023-04": {
      "name": "Skeledirge",
      "percent": 8.11421,
      "usage": 38327,
      "rank": 20
    },
    "2023-05": {
      "name": "Skeledirge",
      "percent": 7.90027,
      "usage": 36780,
      "rank": 19
    },
    "2023-06": {
      "name": "Skeledirge",
      "percent": 5.69447,
      "usage": 26951,
      "rank": 23
    },
    "2023-07": {
      "name": "Skeledirge",
      "percent": 5.40707,
      "usage": 24867,
      "rank": 23
    },
    "2023-08": {
      "name": "Skeledirge",
      "percent": 5.89856,
      "usage": 28300,
      "rank": 23
    },
    "2023-09": {
      "name": "Skeledirge",
      "percent": 5.07804,
      "usage": 28767,
      "rank": 26
    },
    "2023-09-DLC1": {
      "name": "Skeledirge",
      "percent": 4.49671,
      "usage": 14602,
      "rank": 30
    },
    "2023-10": {
      "name": "Skeledirge",
      "percent": 4.37775,
      "usage": 27053,
      "rank": 29
    },
    "2023-11": {
      "name": "Skeledirge",
      "percent": 4.54142,
      "usage": 22519,
      "rank": 26
    },
    "2023-12": {
      "name": "Skeledirge",
      "percent": 4.26398,
      "usage": 18356,
      "rank": 25
    },
    "2023-12-DLC2": {
      "name": "Skeledirge",
      "percent": 3.92668,
      "usage": 7832,
      "rank": 27
    },
    "2024-01": {
      "name": "Skeledirge",
      "percent": 4.33399,
      "usage": 21309,
      "rank": 25
    },
    "2024-02": {
      "name": "Skeledirge",
      "percent": 4.22304,
      "usage": 19315,
      "rank": 25
    },
    "2024-03": {
      "name": "Skeledirge",
      "percent": 4.32977,
      "usage": 20576,
      "rank": 26
    },
    "2024-04": {
      "name": "Skeledirge",
      "percent": 4.23417,
      "usage": 18996,
      "rank": 27
    },
    "2024-05": {
      "name": "Skeledirge",
      "percent": 3.60432,
      "usage": 7648,
      "rank": 35
    },
    "2024-06": {
      "name": "Skeledirge",
      "percent": 4.27002,
      "usage": 15590,
      "rank": 24
    }
  },
  "1500": {
    "2022-11": {
      "name": "Skeledirge",
      "percent": 9.86762,
      "usage": 56418,
      "rank": 17
    },
    "2022-12": {
      "name": "Skeledirge",
      "percent": 11.67388,
      "usage": 124861,
      "rank": 11
    },
    "2023-01": {
      "name": "Skeledirge",
      "percent": 11.24909,
      "usage": 88932,
      "rank": 12
    },
    "2023-02": {
      "name": "Skeledirge",
      "percent": 10.29238,
      "usage": 57512,
      "rank": 15
    },
    "2023-03": {
      "name": "Skeledirge",
      "percent": 9.69696,
      "usage": 52290,
      "rank": 14
    },
    "2023-04": {
      "name": "Skeledirge",
      "percent": 8.73813,
      "usage": 38327,
      "rank": 19
    },
    "2023-05": {
      "name": "Skeledirge",
      "percent": 8.59918,
      "usage": 36780,
      "rank": 20
    },
    "2023-06": {
      "name": "Skeledirge",
      "percent": 6.12458,
      "usage": 26951,
      "rank": 22
    },
    "2023-07": {
      "name": "Skeledirge",
      "percent": 6.42263,
      "usage": 24867,
      "rank": 20
    },
    "2023-08": {
      "name": "Skeledirge",
      "percent": 7.03909,
      "usage": 28300,
      "rank": 18
    },
    "2023-09": {
      "name": "Skeledirge",
      "percent": 5.83555,
      "usage": 28767,
      "rank": 20
    },
    "2023-09-DLC1": {
      "name": "Skeledirge",
      "percent": 5.1177,
      "usage": 14602,
      "rank": 24
    },
    "2023-10": {
      "name": "Skeledirge",
      "percent": 5.0448,
      "usage": 27053,
      "rank": 25
    },
    "2023-11": {
      "name": "Skeledirge",
      "percent": 5.37325,
      "usage": 22519,
      "rank": 22
    },
    "2023-12": {
      "name": "Skeledirge",
      "percent": 4.84815,
      "usage": 18356,
      "rank": 22
    },
    "2023-12-DLC2": {
      "name": "Skeledirge",
      "percent": 4.42785,
      "usage": 7832,
      "rank": 26
    },
    "2024-01": {
      "name": "Skeledirge",
      "percent": 5.08337,
      "usage": 21309,
      "rank": 23
    },
    "2024-02": {
      "name": "Skeledirge",
      "percent": 4.72534,
      "usage": 19315,
      "rank": 25
    },
    "2024-03": {
      "name": "Skeledirge",
      "percent": 5.18313,
      "usage": 20576,
      "rank": 19
    },
    "2024-04": {
      "name": "Skeledirge",
      "percent": 5.17887,
      "usage": 18996,
      "rank": 19
    },
    "2024-05": {
      "name": "Skeledirge",
      "percent": 4.12364,
      "usage": 7648,
      "rank": 30
    },
    "2024-06": {
      "name": "Skeledirge",
      "percent": 4.7781,
      "usage": 15590,
      "rank": 21
    }
  },
  "1630": {
    "2022-11": {
      "name": "Skeledirge",
      "percent": 8.66846,
      "usage": 56418,
      "rank": 19
    },
    "2022-12": {
      "name": "Skeledirge",
      "percent": 16.53549,
      "usage": 124861,
      "rank": 8
    },
    "2023-01": {
      "name": "Skeledirge",
      "percent": 12.30548,
      "usage": 88932,
      "rank": 13
    },
    "2023-02": {
      "name": "Skeledirge",
      "percent": 12.08354,
      "usage": 57512,
      "rank": 14
    },
    "2023-03": {
      "name": "Skeledirge",
      "percent": 9.17871,
      "usage": 52290,
      "rank": 20
    },
    "2023-04": {
      "name": "Skeledirge",
      "percent": 8.23185,
      "usage": 38327,
      "rank": 19
    },
    "2023-05": {
      "name": "Skeledirge",
      "percent": 9.03665,
      "usage": 36780,
      "rank": 19
    },
    "2023-06": {
      "name": "Skeledirge",
      "percent": 7.80904,
      "usage": 26951,
      "rank": 18
    },
    "2023-07": {
      "name": "Skeledirge",
      "percent": 8.73651,
      "usage": 24867,
      "rank": 12
    },
    "2023-08": {
      "name": "Skeledirge",
      "percent": 8.61622,
      "usage": 28300,
      "rank": 13
    },
    "2023-09": {
      "name": "Skeledirge",
      "percent": 6.80532,
      "usage": 28767,
      "rank": 16
    },
    "2023-09-DLC1": {
      "name": "Skeledirge",
      "percent": 6.01795,
      "usage": 14602,
      "rank": 18
    },
    "2023-10": {
      "name": "Skeledirge",
      "percent": 6.40268,
      "usage": 27053,
      "rank": 17
    },
    "2023-11": {
      "name": "Skeledirge",
      "percent": 6.50686,
      "usage": 22519,
      "rank": 20
    },
    "2023-12": {
      "name": "Skeledirge",
      "percent": 5.80821,
      "usage": 18356,
      "rank": 19
    },
    "2023-12-DLC2": {
      "name": "Skeledirge",
      "percent": 5.68967,
      "usage": 7832,
      "rank": 20
    },
    "2024-01": {
      "name": "Skeledirge",
      "percent": 5.88976,
      "usage": 21309,
      "rank": 19
    },
    "2024-02": {
      "name": "Skeledirge",
      "percent": 5.32067,
      "usage": 19315,
      "rank": 20
    },
    "2024-03": {
      "name": "Skeledirge",
      "percent": 6.75516,
      "usage": 20576,
      "rank": 14
    },
    "2024-04": {
      "name": "Skeledirge",
      "percent": 6.50186,
      "usage": 18996,
      "rank": 17
    },
    "2024-05": {
      "name": "Skeledirge",
      "percent": 4.7255,
      "usage": 7648,
      "rank": 23
    },
    "2024-06": {
      "name": "Skeledirge",
      "percent": 5.52459,
      "usage": 15590,
      "rank": 21
    }
  },
  "1760": {
    "2022-11": {
      "name": "Skeledirge",
      "percent": 8.3604,
      "usage": 56418,