{
  "elos": [
    "0",
    "1500",
    "1630",
    "1760"
  ],
  "firstMonth": "2022-11",
  "0": {
    "2022-11": {
      "name": "Sylveon",
      "percent": 0.99886,
      "usage": 5778,
      "rank": 104
    },
    "2022-12": {
      "name": "Sylveon",
      "percent": 1.3687,
      "usage": 14948,
      "rank": 80
    },
    "2023-01": {
      "name": "Sylveon",
      "percent": 1.63023,
      "usage": 13161,
      "rank": 78
    },
    "2023-02": {
      "name": "Sylveon",
      "percent": 2.02912,
      "usage": 11783,
      "rank": 71
    },
    "2023-03": {
      "name": "Sylveon",
      "percent": 1.89833,
      "usage": 10547,
      "rank": 77
    },
    "2023-04": {
      "name": "Sylveon",
      "percent": 2.35824,
      "usage": 11139,
      "rank": 66
    },
    "2023-05": {
      "name": "Sylveon",
      "percent": 2.24099,
      "usage": 10433,
      "rank": 70
    },
    "2023-06": {
      "name": "Sylveon",
      "percent": 1.85512,
      "usage": 8780,
      "rank": 90
    },
    "2023-07": {
      "name": "Sylveon",
      "percent": 1.74408,
      "usage": 8021,
      "rank": 93
    },
    "2023-08": {
      "name": "Sylveon",
      "percent": 1.75018,
      "usage": 8397,
      "rank": 93
    },
    "2023-09": {
      "name": "Sylveon",
      "percent": 1.42984,
      "usage": 8100,
      "rank": 115
    },
    "2023-09-DLC1": {
      "name": "Sylveon",
      "percent": 1.21918,
      "usage": 3959,
      "rank": 128
    },
    "2023-10": {
      "name": "Sylveon",
      "percent": 1.44215,
      "usage": 8912,
      "rank": 111
    },
    "2023-11": {
      "name": "Sylveon",
      "percent": 1.60792,
      "usage": 7973,
      "rank": 103
    },
    "2023-12": {
      "name": "Sylveon",
      "percent": 1.38029,
      "usage": 5942,
      "rank": 118
    },
    "2023-12-DLC2": {
      "name": "Sylveon",
      "percent": 1.22985,
      "usage": 2453,
      "rank": 137
    },
    "2024-01": {
      "name": "Sylveon",
      "percent": 1.20263,
      "usage": 5913,
      "rank": 137
    },
    "2024-02": {
      "name": "Sylveon",
      "percent": 1.25303,
      "usage": 5731,
      "rank": 127
    },
    "2024-03": {
      "name": "Sylveon",
      "percent": 1.18282,
      "usage": 5621,
      "rank": 133
    },
    "2024-04": {
      "name": "Sylveon",
      "percent": 1.22817,
      "usage": 5510,
      "rank": 129
    },
    "2024-05": {
      "name": "Sylveon",
      "percent": 1.39639,
      "usage": 2963,
      "rank": 110
    },
    "2024-06": {
      "name": "Sylveon",
      "percent": 1.37714,
      "usage": 5028,
      "rank": 115
    }
  },
  "1500": {
    "2022-11": {
      "name": "Sylveon",
      "percent": 0.97287,
      "usage": 5778,
      "rank": 105
    },
    "2022-12": {
      "name": "Sylveon",
      "percent": 1.33452,
      "usage": 14948,
      "rank": 81
    },
    "2023-01": {
      "name": "Sylveon",
      "percent": 1.58907,
      "usage": 13161,
      "rank": 78
    },
    "2023-02": {
      "name": "Sylveon",
      "percent": 2.00153,
      "usage": 11783,
      "rank": 71
    },
    "2023-03": {
      "name": "Sylveon",
      "percent": 1.7991,
      "usage": 10547,
      "rank": 80
    },
    "2023-04": {
      "name": "Sylveon",
      "percent": 1.88828,
      "usage": 11139,
      "rank": 73
    },
    "2023-05": {
      "name": "Sylveon",
      "percent": 1.76944,
      "usage": 10433,
      "rank": 77
    },
    "2023-06": {
      "name": "Sylveon",
      "percent": 1.44936,
      "usage": 8780,
      "rank": 99
    },
    "2023-07": {
      "name": "Sylveon",
      "percent": 1.41896,
      "usage": 8021,
      "rank": 100
    },
    "2023-08": {
      "name": "Sylveon",
      "percent": 1.45572,
      "usage": 8397,
      "rank": 98
    },
    "2023-09": {
      "name": "Sylveon",
      "percent": 1.03887,
      "usage": 8100,
      "rank": 139
    },
    "2023-09-DLC1": {
      "name": "Sylveon",
      "percent": 0.92563,
      "usage": 3959,
      "rank": 146
    },
    "2023-10": {
      "name": "Sylveon",
      "percent": 1.03698,
      "usage": 8912,
      "rank": 125
    },
    "2023-11": {
      "name": "Sylveon",
      "percent": 1.08114,
      "usage": 7973,
      "rank": 118
    },
    "2023-12": {
      "name": "Sylveon",
      "percent": 0.84163,
      "usage": 5942,
      "rank": 145
    },
    "2023-12-DLC2": {
      "name": "Sylveon",
      "percent": 0.76389,
      "usage": 2453,
      "rank": 169
    },
    "2024-01": {
      "name": "Sylveon",
      "percent": 0.73411,
      "usage": 5913,
      "rank": 168
    },
    "2024-02": {
      "name": "Sylveon",
      "percent": 0.69686,
      "usage": 5731,
      "rank": 181
    },
    "2024-03": {
      "name": "Sylveon",
      "percent": 0.73776,
      "usage": 5621,
      "rank": 168
    },
    "2024-04": {
      "name": "Sylveon",
      "percent": 0.7348,
      "usage": 5510,
      "rank": 165
    },
    "2024-05": {
      "name": "Sylveon",
      "percent": 0.81478,
      "usage": 2963,
      "rank": 149
    },
    "2024-06": {
      "name": "Sylveon",
      "percent": 0.83943,
      "usage": 5028,
      "rank": 152
    }
  },
  "1630": {
    "2022-11": {
      "name": "Sylveon",
      "percent": 0.6392,
      "usage": 5778,
      "rank": 104
    },
    "2022-12": {
      "name": "Sylveon",
      "percent": 0.70464,
      "usage": 14948,
      "rank": 97
    },
    "2023-01": {
      "name": "Sylveon",
      "percent": 0.72182,
      "usage": 13161,
      "rank": 99
    },
    "2023-02": {
      "name": "Sylveon",
      "percent": 1.17097,
      "usage": 11783,
      "rank": 75
    },
    "2023-03": {
      "name": "Sylveon",
      "percent": 1.37591,
      "usage": 10547,
      "rank": 80
    },
    "2023-04": {
      "name": "Sylveon",
      "percent": 1.23255,
      "usage": 11139,
      "rank": 76
    },
    "2023-05": {
      "name": "Sylveon",
      "percent": 0.98651,
      "usage": 10433,
      "rank": 87
    },
    "2023-06": {
      "name": "Sylveon",
      "percent": 0.57689,
      "usage": 8780,
      "rank": 122
    },
    "2023-07": {
      "name": "Sylveon",
      "percent": 0.40192,
      "usage": 8021,
      "rank": 152
    },
    "2023-08": {
      "name": "Sylveon",
      "percent": 0.50042,
      "usage": 8397,
      "rank": 138
    },
    "2023-09": {
      "name": "Sylveon",
      "percent": 0.31539,
      "usage": 8100,
      "rank": 197
    },
    "2023-09-DLC1": {
      "name": "Sylveon",
      "percent": 0.28617,
      "usage": 3959,
      "rank": 210
    },
    "2023-10": {
      "name": "Sylveon",
      "percent": 0.30004,
      "usage": 8912,
      "rank": 196
    },
    "2023-11": {
      "name": "Sylveon",
      "percent": 0.32829,
      "usage": 7973,
      "rank": 178
    },
    "2023-12": {
      "name": "Sylveon",
      "percent": 0.18259,
      "usage": 5942,
      "rank": 248
    },
    "2023-12-DLC2": {
      "name": "Sylveon",
      "percent": 0.17439,
      "usage": 2453,
      "rank": 261
    },
    "2024-01": {
      "name": "Sylveon",
      "percent": 0.27897,
      "usage": 5913,
      "rank": 207
    },
    "2024-02": {
      "name": "Sylveon",
      "percent": 0.21696,
      "usage": 5731,
      "rank": 219
    },
    "2024-03": {
      "name": "Sylveon",
      "percent": 0.13192,
      "usage": 5621,
      "rank": 279
    },
    "2024-04": {
      "name": "Sylveon",
      "percent": 0.26947,
      "usage": 5510,
      "rank": 195
    },
    "2024-05": {
      "name": "Sylveon",
      "percent": 0.18904,
      "usage": 2963,
      "rank": 216
    },
    "2024-06": {
      "name": "Sylveon",
      "percent": 0.15952,
      "usage": 5028,
      "rank": 226
    }
  },
  "1760": {
    "2022-11": {
      "name": "Sylveon",
      "percent": 0.35092,
      "usage": 5778,
      "rank": 110
    },
    "2022-12": {
      "name": "Sylveon",
      "percent": 0.35777,
      "usage": 14948,
      "rank": 90
    },
    "2023-01": {
      "name": "Sylveon",
      "percent": 0.25495,