{
  "elos": [
    "0",
    "1500",
    "1630",
    "1760"
  ],
  "firstMonth": "2022-11",
  "0": {
    "2023-12": {
      "name": "Terrakion",
      "percent": 0.06318,
      "usage": 272,
      "rank": 509
    },
    "2023-12-DLC2": {
      "name": "Terrakion",
      "percent": 0.10629,
      "usage": 212,
      "rank": 465
    },
    "2024-01": {
      "name": "Terrakion",
      "percent": 0.06936,
      "usage": 341,
      "rank": 505
    },
    "2024-02": {
      "name": "Terrakion",
      "percent": 0.06428,
      "usage": 294,
      "rank": 507
    },
    "2024-03": {
      "name": "Terrakion",
      "percent": 0.11153,
      "usage": 530,
      "rank": 460
    },
    "2024-04": {
      "name": "Terrakion",
      "percent": 0.11769,
      "usage": 528,
      "rank": 460
    },
    "2024-05": {
      "name": "Terrakion",
      "percent": 0.12489,
      "usage": 265,
      "rank": 444
    },
    "2024-06": {
      "name": "Terrakion",
      "percent": 0.10518,
      "usage": 384,
      "rank": 462
    }
  },
  "1500": {
    "2023-12": {
      "name": "Terrakion",
      "percent": 0.04793,
      "usage": 272,
      "rank": 484
    },
    "2023-12-DLC2": {
      "name": "Terrakion",
      "percent": 0.09382,
      "usage": 212,
      "rank": 432
    },
    "2024-01": {
      "name": "Terrakion",
      "percent": 0.05722,
      "usage": 341,
      "rank": 467
    },
    "2024-02": {
      "name": "Terrakion",
      "percent": 0.04382,
      "usage": 294,
      "rank": 492
    },
    "2024-03": {
      "name": "Terrakion",
      "percent": 0.09302,
      "usage": 530,
      "rank": 433
    },
    "2024-04": {
      "name": "Terrakion",
      "percent": 0.07846,
      "usage": 528,
      "rank": 447
    },
    "2024-05": {
      "name": "Terrakion",
      "percent": 0.11079,
      "usage": 265,
      "rank": 411
    },
    "2024-06": {
      "name": "Terrakion",
      "percent": 0.07774,
      "usage": 384,
      "rank": 441
    }
  },
  "1630": {
    "2023-12": {
      "name": "Terrakion",
      "percent": 0.00799,
      "usage": 272,
      "rank": 501
    },
    "2023-12-DLC2": {
      "name": "Terrakion",
      "percent": 0.01728,
      "usage": 212,
      "rank": 445
    },
    "2024-01": {
      "name": "Terrakion",
      "percent": 0.02169,
      "usage": 341,
      "rank": 439
    },
    "2024-02": {
      "name": "Terrakion",
      "percent": 0.031,
      "usage": 294,
      "rank": 406
    },
    "2024-03": {
      "name": "Terrakion",
      "percent": 0.03676,
      "usage": 530,
      "rank": 402
    },
    "2024-04": {
      "name": "Terrakion",
      "percent": 0.03628,
      "usage": 528,
      "rank": 401
    },
    "2024-05": {
      "name": "Terrakion",
      "percent": 0.03714,
      "usage": 265,
      "rank": 383
    },
    "2024-06": {
      "name": "Terrakion",
      "percent": 0.02462,
      "usage": 384,
      "rank": 411
    }
  },
  "1760": {
    "2023-12": {
      "name": "Terrakion",
      "percent": 0.00163,
      "usage": 272,
      "rank": 480
    },
    "2023-12-DLC2": {
      "name": "Terrakion",
      "percent": 0.00365,
      "usage": 212,
      "rank": 420
    },
    "2024-01": {
      "name": "Terrakion",
      "percent": 0.00274,
      "usage": 341,
      "rank": 459
    },
    "2024-02": {
      "name": "Terrakion",
      "percent": 0.00809,
      "usage": 294,
      "rank": 374
    },
    "2024-03": {
      "name": "Terrakion",
      "percent": 0.0015,
      "usage": 530,
      "rank": 495
    },
    "2024-04": {
      "name": "Terrakion",
      "percent": 0.0116,
      "usage": 528,
      "rank": 333
    },
    "2024-05": {
      "name": "Terrakion",
      "percent": 0.00251,
      "usage": 265,
      "rank": 432
    },
    "2024-06": {
      "name": "Terrakion",
      "percent": 0.01481,
      "usage": 384,
      "rank": 294
    }
  }
}