{
  "elos": [
    "0",
    "1500",
    "1630",
    "1760"
  ],
  "firstMonth": "2022-11",
  "0": {
    "2022-11": {
      "name": "Wingull",
      "percent": 0.00311,
      "usage": 18,
      "rank": 404
    },
    "2022-12": {
      "name": "Wingull",
      "percent": 0.0087,
      "usage": 95,
      "rank": 365
    },
    "2023-01": {
      "name": "Wingull",
      "percent": 0.00198,
      "usage": 16,
      "rank": 427
    },
    "2023-02": {
      "name": "Wingull",
      "percent": 0.00706,
      "usage": 41,
      "rank": 404
    },
    "2023-03": {
      "name": "Wingull",
      "percent": 0.01404,
      "usage": 78,
      "rank": 363
    },
    "2023-04": {
      "name": "Wingull",
      "percent": 0.00932,
      "usage": 44,
      "rank": 389
    },
    "2023-05": {
      "name": "Wingull",
      "percent": 0.00773,
      "usage": 36,
      "rank": 487
    },
    "2023-06": {
      "name": "Wingull",
      "percent": 0.00972,
      "usage": 46,
      "rank": 483
    },
    "2023-07": {
      "name": "Wingull",
      "percent": 0.01848,
      "usage": 85,
      "rank": 439
    },
    "2023-08": {
      "name": "Wingull",
      "percent": 0.01417,
      "usage": 68,
      "rank": 460
    },
    "2023-09": {
      "name": "Wingull",
      "percent": 0.00671,
      "usage": 38,
      "rank": 600
    },
    "2023-09-DLC1": {
      "name": "Wingull",
      "percent": 0.01109,
      "usage": 36,
      "rank": 543
    },
    "2023-10": {
      "name": "Wingull",
      "percent": 0.01634,
      "usage": 101,
      "rank": 527
    },
    "2023-11": {
      "name": "Wingull",
      "percent": 0.01392,
      "usage": 69,
      "rank": 557
    },
    "2023-12": {
      "name": "Wingull",
      "percent": 0.00976,
      "usage": 42,
      "rank": 671
    },
    "2023-12-DLC2": {
      "name": "Wingull",
      "percent": 0.00451,
      "usage": 9,
      "rank": 717
    },
    "2024-01": {
      "name": "Wingull",
      "percent": 0.00366,
      "usage": 18,
      "rank": 758
    },
    "2024-02": {
      "name": "Wingull",
      "percent": 0.00481,
      "usage": 22,
      "rank": 751
    },
    "2024-03": {
      "name": "Wingull",
      "percent": 0.00379,
      "usage": 18,
      "rank": 756
    },
    "2024-04": {
      "name": "Wingull",
      "percent": 0.00847,
      "usage": 38,
      "rank": 671
    },
    "2024-05": {
      "name": "Wingull",
      "percent": 0.01272,
      "usage": 27,
      "rank": 620
    }
  },
  "1500": {
    "2022-11": {
      "name": "Wingull",
      "percent": 0.00242,
      "usage": 18,
      "rank": 405
    },
    "2022-12": {
      "name": "Wingull",
      "percent": 0.00765,
      "usage": 95,
      "rank": 364
    },
    "2023-01": {
      "name": "Wingull",
      "percent": 0.00149,
      "usage": 16,
      "rank": 427
    },
    "2023-02": {
      "name": "Wingull",
      "percent": 0.00549,
      "usage": 41,
      "rank": 406
    },
    "2023-03": {
      "name": "Wingull",
      "percent": 0.01063,
      "usage": 78,
      "rank": 362
    },
    "2023-04": {
      "name": "Wingull",
      "percent": 0.00199,
      "usage": 44,
      "rank": 418
    },
    "2023-05": {
      "name": "Wingull",
      "percent": 0.00397,
      "usage": 36,
      "rank": 476
    },
    "2023-06": {
      "name": "Wingull",
      "percent": 0.00294,
      "usage": 46,
      "rank": 501
    },
    "2023-07": {
      "name": "Wingull",
      "percent": 0.00817,
      "usage": 85,
      "rank": 448
    },
    "2023-08": {
      "name": "Wingull",
      "percent": 0.00607,
      "usage": 68,
      "rank": 468
    },
    "2023-09": {
      "name": "Wingull",
      "percent": 0.00429,
      "usage": 38,
      "rank": 561
    },
    "2023-09-DLC1": {
      "name": "Wingull",
      "percent": 0.00691,
      "usage": 36,
      "rank": 517
    },
    "2023-10": {
      "name": "Wingull",
      "percent": 0.00476,
      "usage": 101,
      "rank": 559
    },
    "2023-11": {
      "name": "Wingull",
      "percent": 0.00501,
      "usage": 69,
      "rank": 556
    },
    "2023-12": {
      "name": "Wingull",
      "percent": 0.00526,
      "usage": 42,
      "rank": 650
    },
    "2023-12-DLC2": {
      "name": "Wingull",
      "percent": 0.00284,
      "usage": 9,
      "rank": 681
    },
    "2024-01": {
      "name": "Wingull",
      "percent": 0.00328,
      "usage": 18,
      "rank": 688
    },
    "2024-02": {
      "name": "Wingull",
      "percent": 0.003,
      "usage": 22,
      "rank": 717
    },
    "2024-03": {
      "name": "Wingull",
      "percent": 0.00045,
      "usage": 18,
      "rank": 800
    },
    "2024-04": {
      "name": "Wingull",
      "percent": 0.00641,
      "usage": 38,
      "rank": 618
    },
    "2024-05": {
      "name": "Wingull",
      "percent": 0.00409,
      "usage": 27,
      "rank": 645
    }
  },
  "1630": {
    "2022-11": {
      "name": "Wingull",
      "percent": 0.00043,
      "usage": 18,
      "rank": 262
    },
    "2022-12": {
      "name": "Wingull",
      "percent": 0.0,
      "usage": 95,
      "rank": 340
    },
    "2023-01": {
      "name": "Wingull",
      "percent": 0.00018,
      "usage": 16,
      "rank": 313
    },
    "2023-02": {
      "name": "Wingull",
      "percent": 0.0,
      "usage": 41,
      "rank": 404
    },
    "2023-03": {
      "name": "Wingull",
      "percent": 0.0,
      "usage": 78,
      "rank": 423
    },
    "2023-04": {
      "name": "Wingull",
      "percent": 3e-05,
      "usage": 44,
      "rank": 427
    },
    "2023-05": {
      "name": "Wingull",
      "percent": 1e-05,
      "usage": 36,
      "rank": 540
    },
    "2023-06": {
      "name": "Wingull",
      "percent": 9e-05,
      "usage": 46,
      "rank": 517
    },
    "2023-07": {
      "name": "Wingull",
      "percent": 0.00244,
      "usage": 85,
      "rank": 422
    },
    "2023-08": {
      "name": "Wingull",
      "percent": 0.00037,
      "usage": 68,
      "rank": 496
    },
    "2023-09": {
      "name": "Wingull",
      "percent": 0.0,
      "usage": 38,
      "rank": 659
    },
    "2023-09-DLC1": {
      "name": "Wingull",
      "percent": 0.0,
      "usage": 36,
      "rank": 644
    },
    "2023-10": {
      "name": "Wingull",
      "percent": 0.00011,
      "usage": 101,
      "rank": 615
    },
    "2023-11": {
      "name": "Wingull",
      "percent": 0.0027,
      "usage": 69,
      "rank": 477
    },
    "2023-12": {
      "name": "Wingull",
      "percent": 0.00019,
      "usage": 42,
      "rank": 707
    },
    "2023-12-DLC2": {
      "name": "Wingull",
      "percent": 1e-05,
      "usage": 9,
      "rank": 727
    },
    "2024-01": {
      "name": "Wingull",
      "percent": 0.00082,
      "usage": 18,
      "rank": 637
    },
    "2024-02": {
      "name": "Wingull",
      "percent": 7e-05,
      "usage": 22,
      "rank": 761
    },
    "2024-03": {
      "name": "Wingull",
      "percent": 0.0,
      "usage": 18,
      "rank": 781
    },
    "2024-04": {
      "name": "Wingull",
      "percent": 0.00026,
      "usage": 38,
      "rank": 663
    },
    "2024-05": {
      "name": "Wingull",
      "percent": 0.00021,
      "usage": 27,
      "rank": 664
    }
  },
  "1760": {
    "2022-11": {
      "name": "Wingull",
      "percent": 1e-05,
      "usage": 18,
      "rank": 258
    },
    "2022-12": {
      "name": "Wingull",
      "percent": 0.0,
      "usage": 95,
      "rank": 336
    },
    "2023-01": {
      "name": "Wingull",
      "percent": 0.0,
      "usage": 16,
      "rank": 297
    },
    "2023-02": {
      "name": "Wingull",
      "percent": 0.0,
      "usage": 41,
      "rank": 406
    },
    "2023-03": {
      "name": "Wingull",
      "percent": 0.0,
      "usage": 78,
      "rank": 421
    },
    "2023-04": {
      "name": "Wingull",
      "percent": 0.0,
      "usage": 44,
      "rank": 420
    },
    "2023-05": {
      "name": "Wingull",
      "percent": 0.0,
      "usage": 36,
      "rank": 538
    },
    "2023-06": {
      "name": "Wingull",