{
  "elos": [
    "0",
    "1500",
    "1630",
    "1760"
  ],
  "firstMonth": "2022-11",
  "0": {
    "2023-05": {
      "name": "Zarude",
      "percent": 0.03029,
      "usage": 141,
      "rank": 384
    },
    "2023-06": {
      "name": "Zarude",
      "percent": 0.3444,
      "usage": 1630,
      "rank": 256
    },
    "2023-07": {
      "name": "Zarude",
      "percent": 0.26049,
      "usage": 1198,
      "rank": 285
    },
    "2023-08": {
      "name": "Zarude",
      "percent": 0.3387,
      "usage": 1625,
      "rank": 258
    },
    "2023-09": {
      "name": "Zarude",
      "percent": 0.3271,
      "usage": 1853,
      "rank": 292
    },
    "2023-09-DLC1": {
      "name": "Zarude",
      "percent": 0.29009,
      "usage": 942,
      "rank": 303
    },
    "2023-10": {
      "name": "Zarude",
      "percent": 0.24516,
      "usage": 1515,
      "rank": 322
    },
    "2023-11": {
      "name": "Zarude",
      "percent": 0.20349,
      "usage": 1009,
      "rank": 346
    },
    "2023-12": {
      "name": "Zarude",
      "percent": 0.17747,
      "usage": 764,
      "rank": 414
    },
    "2023-12-DLC2": {
      "name": "Zarude",
      "percent": 0.15994,
      "usage": 319,
      "rank": 429
    },
    "2024-01": {
      "name": "Zarude",
      "percent": 0.15152,
      "usage": 745,
      "rank": 423
    },
    "2024-02": {
      "name": "Zarude",
      "percent": 0.19721,
      "usage": 902,
      "rank": 399
    },
    "2024-03": {
      "name": "Zarude",
      "percent": 0.24431,
      "usage": 1161,
      "rank": 372
    },
    "2024-04": {
      "name": "Zarude",
      "percent": 0.32432,
      "usage": 1455,
      "rank": 320
    },
    "2024-05": {
      "name": "Zarude",
      "percent": 0.29219,
      "usage": 620,
      "rank": 329
    },
    "2024-06": {
      "name": "Zarude",
      "percent": 0.19392,
      "usage": 708,
      "rank": 394
    }
  },
  "1500": {
    "2023-05": {
      "name": "Zarude",
      "percent": 0.03034,
      "usage": 141,
      "rank": 344
    },
    "2023-06": {
      "name": "Zarude",
      "percent": 0.26892,
      "usage": 1630,
      "rank": 253
    },
    "2023-07": {
      "name": "Zarude",
      "percent": 0.2174,
      "usage": 1198,
      "rank": 271
    },
    "2023-08": {
      "name": "Zarude",
      "percent": 0.2527,
      "usage": 1625,
      "rank": 256
    },
    "2023-09": {
      "name": "Zarude",
      "percent": 0.22854,
      "usage": 1853,
      "rank": 301
    },
    "2023-09-DLC1": {
      "name": "Zarude",
      "percent": 0.18761,
      "usage": 942,
      "rank": 312
    },
    "2023-10": {
      "name": "Zarude",
      "percent": 0.20282,
      "usage": 1515,
      "rank": 310
    },
    "2023-11": {
      "name": "Zarude",
      "percent": 0.17484,
      "usage": 1009,
      "rank": 316
    },
    "2023-12": {
      "name": "Zarude",
      "percent": 0.1417,
      "usage": 764,
      "rank": 388
    },
    "2023-12-DLC2": {
      "name": "Zarude",
      "percent": 0.09819,
      "usage": 319,
      "rank": 424
    },
    "2024-01": {
      "name": "Zarude",
      "percent": 0.09388,
      "usage": 745,
      "rank": 429
    },
    "2024-02": {
      "name": "Zarude",
      "percent": 0.18063,
      "usage": 902,
      "rank": 359
    },
    "2024-03": {
      "name": "Zarude",
      "percent": 0.11948,
      "usage": 1161,
      "rank": 416
    },
    "2024-04": {
      "name": "Zarude",
      "percent": 0.19073,
      "usage": 1455,
      "rank": 351
    },
    "2024-05": {
      "name": "Zarude",
      "percent": 0.19029,
      "usage": 620,
      "rank": 348
    },
    "2024-06": {
      "name": "Zarude",
      "percent": 0.12845,
      "usage": 708,
      "rank": 390
    }
  },
  "1630": {
    "2023-05": {
      "name": "Zarude",
      "percent": 0.00305,
      "usage": 141,
      "rank": 407
    },
    "2023-06": {
      "name": "Zarude",
      "percent": 0.11357,
      "usage": 1630,
      "rank": 241
    },
    "2023-07": {
      "name": "Zarude",
      "percent": 0.1165,
      "usage": 1198,
      "rank": 238
    },
    "2023-08": {
      "name": "Zarude",
      "percent": 0.08977,
      "usage": 1625,
      "rank": 254
    },
    "2023-09": {
      "name": "Zarude",
      "percent": 0.08673,
      "usage": 1853,
      "rank": 308
    },
    "2023-09-DLC1": {
      "name": "Zarude",
      "percent": 0.06636,
      "usage": 942,
      "rank": 328
    },
    "2023-10": {
      "name": "Zarude",
      "percent": 0.07235,
      "usage": 1515,
      "rank": 308
    },
    "2023-11": {
      "name": "Zarude",
      "percent": 0.07783,
      "usage": 1009,
      "rank": 298
    },
    "2023-12": {
      "name": "Zarude",
      "percent": 0.0451,
      "usage": 764,
      "rank": 379
    },
    "2023-12-DLC2": {
      "name": "Zarude",
      "percent": 0.02026,
      "usage": 319,
      "rank": 433
    },
    "2024-01": {
      "name": "Zarude",
      "percent": 0.03538,
      "usage": 745,
      "rank": 406
    },
    "2024-02": {
      "name": "Zarude",
      "percent": 0.0398,
      "usage": 902,
      "rank": 394
    },
    "2024-03": {
      "name": "Zarude",
      "percent": 0.05133,
      "usage": 1161,
      "rank": 375
    },
    "2024-04": {
      "name": "Zarude",
      "percent": 0.05411,
      "usage": 1455,
      "rank": 354
    },
    "2024-05": {
      "name": "Zarude",
      "percent": 0.0515,
      "usage": 620,
      "rank": 357
    },
    "2024-06": {
      "name": "Zarude",
      "percent": 0.03294,
      "usage": 708,
      "rank": 385
    }
  },
  "1760": {
    "2023-05": {
      "name": "Zarude",
      "percent": 0.00051,
      "usage": 141,
      "rank": 393
    },
    "2023-06": {
      "name": "Zarude",
      "percent": 0.04741,
      "usage": 1630,
      "rank": 200
    },
    "2023-07": {
      "name": "Zarude",
      "percent": 0.06372,
      "usage": 1198,
      "rank": 186
    },
    "2023-08": {
      "name": "Zarude",
      "percent": 0.05179,
      "usage": 1625,
      "rank": 200
    },
    "2023-09": {
      "name": "Zarude",
      "percent": 0.02013,
      "usage": 1853,
      "rank": 304
    },
    "2023-09-DLC1": {
      "name": "Zarude",
      "percent": 0.0064,
      "usage": 942,
      "rank": 361
    },
    "2023-10": {
      "name": "Zarude",
      "percent": 0.00966,
      "usage": 1515,
      "rank": 331
    },
    "2023-11": {
      "name": "Zarude",
      "percent": 0.01925,
      "usage": 1009,
      "rank": 284
    },
    "2023-12": {
      "name": "Zarude",
      "percent": 0.00538,
      "usage": 764,
      "rank": 409
    },
    "2023-12-DLC2": {
      "name": "Zarude",
      "percent": 0.0038,
      "usage": 319,
      "rank": 417
    },
    "2024-01": {
      "name": "Zarude",
      "percent": 0.00544,
      "usage": 745,
      "rank": 412
    },
    "2024-02": {
      "name": "Zarude",
      "percent": 0.0441,
      "usage": 902,
      "rank": 236
    },
    "2024-03": {
      "name": "Zarude",
      "percent": 0.04961,
      "usage": 1161,
      "rank": 224
    },
    "2024-04": {
      "name": "Zarude",
      "percent": 0.0189,
      "usage": 1455,
      "rank": 283
    },
    "2024-05": {
      "name": "Zarude",
      "percent": 0.01391,
      "usage": 620,
      "rank": 308
    },
    "2024-06": {
      "name": "Zarude",
      "percent": 0.00775,
      "usage": 708,
      "rank": 349
    }
  }
}