{
  "2022-11": {
    "name": "Samurott",
    "percent": 0.26479,
    "usage": 1565,
    "rank": 366
  },
  "2022-12": {
    "name": "Samurott",
    "percent": 0.33201,
    "usage": 4080,
    "rank": 331
  },
  "2023-01": {
    "name": "Samurott",
    "percent": 0.28648,
    "usage": 3890,
    "rank": 332
  },
  "2023-02": {
    "name": "Samurott",
    "percent": 0.35603,
    "usage": 5556,
    "rank": 296
  },
  "2023-03": {
    "name": "Samurott",
    "percent": 0.35987,
    "usage": 6347,
    "rank": 282
  },
  "2023-04": {
    "name": "Samurott",
    "percent": 0.33032,
    "usage": 5814,
    "rank": 287
  },
  "2023-05": {
    "name": "Samurott",
    "percent": 0.24239,
    "usage": 4524,
    "rank": 339
  },
  "2023-06": {
    "name": "Samurott",
    "percent": 0.13507,
    "usage": 2271,
    "rank": 443
  },
  "2023-07": {
    "name": "Samurott",
    "percent": 0.13723,
    "usage": 2221,
    "rank": 455
  },
  "2023-08": {
    "name": "Samurott",
    "percent": 0.13316,
    "usage": 2450,
    "rank": 456
  },
  "2023-09": {
    "name": "Samurott",
    "percent": 0.1241,
    "usage": 2128,
    "rank": 470
  },
  "2023-09-DLC1": {
    "name": "Samurott",
    "percent": 0.12856,
    "usage": 1097,
    "rank": 457
  },
  "2023-10": {
    "name": "Samurott",
    "percent": 0.13028,
    "usage": 2054,
    "rank": 480
  },
  "2023-11": {
    "name": "Samurott",
    "percent": 0.16941,
    "usage": 2291,
    "rank": 435
  },
  "2023-12": {
    "name": "Samurott",
    "percent": 0.14467,
    "usage": 1850,
    "rank": 456
  },
  "2023-12-DLC2": {
    "name": "Samurott",
    "percent": 0.12741,
    "usage": 698,
    "rank": 464
  },
  "2024-01": {
    "name": "Samurott",
    "percent": 0.12663,
    "usage": 1563,
    "rank": 466
  },
  "2024-02": {
    "name": "Samurott",
    "percent": 0.17925,
    "usage": 2321,
    "rank": 392
  },
  "2024-03": {
    "name": "Samurott",
    "percent": 0.09838,
    "usage": 1324,
    "rank": 512
  },
  "2024-04": {
    "name": "Samurott",
    "percent": 0.11093,
    "usage": 1349,
    "rank": 500
  },
  "2024-05": {
    "name": "Samurott",
    "percent": 0.10366,
    "usage": 620,
    "rank": 496
  },
  "2024-06": {
    "name": "Samurott",
    "percent": 0.10331,
    "usage": 1348,
    "rank": 481
  }
}