{
  "2023-04": {
    "name": "Typhlosion",
    "percent": 3.06061,
    "usage": 83106,
    "rank": 41
  },
  "2023-05": {
    "name": "Typhlosion",
    "percent": 1.32,
    "usage": 43458,
    "rank": 75
  },
  "2023-06": {
    "name": "Typhlosion",
    "percent": 0.12429,
    "usage": 10293,
    "rank": 175
  },
  "2023-07": {
    "name": "Typhlosion",
    "percent": 0.0983,
    "usage": 5412,
    "rank": 183
  },
  "2023-08": {
    "name": "Typhlosion",
    "percent": 0.11218,
    "usage": 5545,
    "rank": 176
  },
  "2023-09": {
    "name": "Typhlosion",
    "percent": 0.05966,
    "usage": 5759,
    "rank": 244
  },
  "2023-09-DLC1": {
    "name": "Typhlosion",
    "percent": 0.05012,
    "usage": 3436,
    "rank": 247
  },
  "2023-10": {
    "name": "Typhlosion",
    "percent": 0.08449,
    "usage": 5924,
    "rank": 216
  },
  "2023-11": {
    "name": "Typhlosion",
    "percent": 0.05647,
    "usage": 4171,
    "rank": 246
  },
  "2023-12": {
    "name": "Typhlosion",
    "percent": 0.05031,
    "usage": 6071,
    "rank": 300
  },
  "2023-12-DLC2": {
    "name": "Typhlosion",
    "percent": 0.0434,
    "usage": 3338,
    "rank": 289
  },
  "2024-01": {
    "name": "Typhlosion",
    "percent": 0.05753,
    "usage": 5104,
    "rank": 266
  },
  "2024-02": {
    "name": "Typhlosion",
    "percent": 0.05892,
    "usage": 4380,
    "rank": 274
  },
  "2024-03": {
    "name": "Typhlosion",
    "percent": 0.06438,
    "usage": 4460,
    "rank": 273
  },
  "2024-04": {
    "name": "Typhlosion",
    "percent": 0.05111,
    "usage": 4102,
    "rank": 293
  },
  "2024-05": {
    "name": "Typhlosion",
    "percent": 0.06712,
    "usage": 2145,
    "rank": 286
  },
  "2024-06": {
    "name": "Typhlosion",
    "percent": 0.09899,
    "usage": 6446,
    "rank": 245
  }
}