{
  "2022-11": {
    "name": "Zoroark",
    "percent": 0.53292,
    "usage": 7444,
    "rank": 113
  },
  "2022-12": {
    "name": "Zoroark",
    "percent": 2.42988,
    "usage": 16686,
    "rank": 52
  },
  "2023-01": {
    "name": "Zoroark",
    "percent": 0.87698,
    "usage": 13954,
    "rank": 92
  },
  "2023-02": {
    "name": "Zoroark",
    "percent": 0.68833,
    "usage": 9349,
    "rank": 101
  },
  "2023-03": {
    "name": "Zoroark",
    "percent": 0.57395,
    "usage": 9987,
    "rank": 115
  },
  "2023-04": {
    "name": "Zoroark",
    "percent": 0.58156,
    "usage": 7008,
    "rank": 107
  },
  "2023-05": {
    "name": "Zoroark",
    "percent": 0.33968,
    "usage": 5793,
    "rank": 151
  },
  "2023-06": {
    "name": "Zoroark",
    "percent": 0.26195,
    "usage": 4350,
    "rank": 182
  },
  "2023-07": {
    "name": "Zoroark",
    "percent": 0.26059,
    "usage": 5338,
    "rank": 174
  },
  "2023-08": {
    "name": "Zoroark",
    "percent": 0.4099,
    "usage": 5763,
    "rank": 151
  },
  "2023-09": {
    "name": "Zoroark",
    "percent": 0.38278,
    "usage": 5032,
    "rank": 181
  },
  "2023-09-DLC1": {
    "name": "Zoroark",
    "percent": 0.38665,
    "usage": 2423,
    "rank": 183
  },
  "2023-10": {
    "name": "Zoroark",
    "percent": 0.31823,
    "usage": 5249,
    "rank": 184
  },
  "2023-11": {
    "name": "Zoroark",
    "percent": 0.30162,
    "usage": 4674,
    "rank": 183
  },
  "2023-12": {
    "name": "Zoroark",
    "percent": 0.23033,
    "usage": 4293,
    "rank": 219
  },
  "2023-12-DLC2": {
    "name": "Zoroark",
    "percent": 0.28441,
    "usage": 2078,
    "rank": 201
  },
  "2024-01": {
    "name": "Zoroark",
    "percent": 0.16291,
    "usage": 4407,
    "rank": 261
  },
  "2024-02": {
    "name": "Zoroark",
    "percent": 0.16389,
    "usage": 4824,
    "rank": 251
  },
  "2024-03": {
    "name": "Zoroark",
    "percent": 0.16419,
    "usage": 4486,
    "rank": 248
  },
  "2024-04": {
    "name": "Zoroark",
    "percent": 0.15329,
    "usage": 4424,
    "rank": 240
  },
  "2024-05": {
    "name": "Zoroark",
    "percent": 0.1504,
    "usage": 2282,
    "rank": 242
  },
  "2024-06": {
    "name": "Zoroark",
    "percent": 0.15479,
    "usage": 3816,
    "rank": 230
  }
}