{
  "2022-11": {
    "name": "Zoroark",
    "percent": 0.22462,
    "usage": 7444,
    "rank": 124
  },
  "2022-12": {
    "name": "Zoroark",
    "percent": 0.7884,
    "usage": 16686,
    "rank": 66
  },
  "2023-01": {
    "name": "Zoroark",
    "percent": 0.13782,
    "usage": 13954,
    "rank": 114
  },
  "2023-02": {
    "name": "Zoroark",
    "percent": 0.18074,
    "usage": 9349,
    "rank": 125
  },
  "2023-03": {
    "name": "Zoroark",
    "percent": 0.19735,
    "usage": 9987,
    "rank": 108
  },
  "2023-04": {
    "name": "Zoroark",
    "percent": 0.106,
    "usage": 7008,
    "rank": 117
  },
  "2023-05": {
    "name": "Zoroark",
    "percent": 0.06887,
    "usage": 5793,
    "rank": 183
  },
  "2023-06": {
    "name": "Zoroark",
    "percent": 0.07466,
    "usage": 4350,
    "rank": 176
  },
  "2023-07": {
    "name": "Zoroark",
    "percent": 0.04314,
    "usage": 5338,
    "rank": 206
  },
  "2023-08": {
    "name": "Zoroark",
    "percent": 0.05101,
    "usage": 5763,
    "rank": 203
  },
  "2023-09": {
    "name": "Zoroark",
    "percent": 0.06436,
    "usage": 5032,
    "rank": 219
  },
  "2023-09-DLC1": {
    "name": "Zoroark",
    "percent": 0.06333,
    "usage": 2423,
    "rank": 221
  },
  "2023-10": {
    "name": "Zoroark",
    "percent": 0.09107,
    "usage": 5249,
    "rank": 180
  },
  "2023-11": {
    "name": "Zoroark",
    "percent": 0.16997,
    "usage": 4674,
    "rank": 146
  },
  "2023-12": {
    "name": "Zoroark",
    "percent": 0.04048,
    "usage": 4293,
    "rank": 263
  },
  "2023-12-DLC2": {
    "name": "Zoroark",
    "percent": 0.03338,
    "usage": 2078,
    "rank": 276
  },
  "2024-01": {
    "name": "Zoroark",
    "percent": 0.0387,
    "usage": 4407,
    "rank": 255
  },
  "2024-02": {
    "name": "Zoroark",
    "percent": 0.01757,
    "usage": 4824,
    "rank": 313
  },
  "2024-03": {
    "name": "Zoroark",
    "percent": 0.03333,
    "usage": 4486,
    "rank": 255
  },
  "2024-04": {
    "name": "Zoroark",
    "percent": 0.03612,
    "usage": 4424,
    "rank": 237
  },
  "2024-05": {
    "name": "Zoroark",
    "percent": 0.0312,
    "usage": 2282,
    "rank": 226
  },
  "2024-06": {
    "name": "Zoroark",
    "percent": 0.02554,
    "usage": 3816,
    "rank": 247
  }
}