{
  "2023-05": {
    "name": "Azelf",
    "percent": 0.23306,
    "usage": 9923,
    "rank": 113
  },
  "2023-06": {
    "name": "Azelf",
    "percent": 1.10017,
    "usage": 77676,
    "rank": 77
  },
  "2023-07": {
    "name": "Azelf",
    "percent": 0.41345,
    "usage": 25740,
    "rank": 80
  },
  "2023-08": {
    "name": "Azelf",
    "percent": 0.07006,
    "usage": 13359,
    "rank": 124
  },
  "2023-09": {
    "name": "Azelf",
    "percent": 0.60666,
    "usage": 24037,
    "rank": 93
  },
  "2023-09-DLC1": {
    "name": "Azelf",
    "percent": 0.73473,
    "usage": 17196,
    "rank": 86
  },
  "2023-10": {
    "name": "Azelf",
    "percent": 1.95496,
    "usage": 20138,
    "rank": 59
  },
  "2023-11": {
    "name": "Azelf",
    "percent": 0.15504,
    "usage": 13711,
    "rank": 118
  },
  "2023-12": {
    "name": "Azelf",
    "percent": 0.02568,
    "usage": 8991,
    "rank": 216
  },
  "2023-12-DLC2": {
    "name": "Azelf",
    "percent": 0.01323,
    "usage": 2987,
    "rank": 223
  },
  "2024-01": {
    "name": "Azelf",
    "percent": 0.01355,
    "usage": 7696,
    "rank": 232
  },
  "2024-02": {
    "name": "Azelf",
    "percent": 0.00502,
    "usage": 7870,
    "rank": 270
  },
  "2024-03": {
    "name": "Azelf",
    "percent": 0.00882,
    "usage": 8912,
    "rank": 243
  },
  "2024-04": {
    "name": "Azelf",
    "percent": 0.01106,
    "usage": 7121,
    "rank": 229
  },
  "2024-05": {
    "name": "Azelf",
    "percent": 0.00603,
    "usage": 3161,
    "rank": 270
  },
  "2024-06": {
    "name": "Azelf",
    "percent": 0.01088,
    "usage": 7982,
    "rank": 245
  }
}