{
  "2022-11": {
    "name": "Spiritomb",
    "percent": 0.06308,
    "usage": 12757,
    "rank": 152
  },
  "2022-12": {
    "name": "Spiritomb",
    "percent": 0.00185,
    "usage": 12913,
    "rank": 220
  },
  "2023-01": {
    "name": "Spiritomb",
    "percent": 0.02349,
    "usage": 8353,
    "rank": 162
  },
  "2023-02": {
    "name": "Spiritomb",
    "percent": 0.01805,
    "usage": 5526,
    "rank": 171
  },
  "2023-03": {
    "name": "Spiritomb",
    "percent": 0.00927,
    "usage": 5577,
    "rank": 196
  },
  "2023-04": {
    "name": "Spiritomb",
    "percent": 0.00486,
    "usage": 3946,
    "rank": 213
  },
  "2023-05": {
    "name": "Spiritomb",
    "percent": 0.0124,
    "usage": 3942,
    "rank": 233
  },
  "2023-06": {
    "name": "Spiritomb",
    "percent": 0.00645,
    "usage": 5087,
    "rank": 240
  },
  "2023-07": {
    "name": "Spiritomb",
    "percent": 0.00632,
    "usage": 3664,
    "rank": 236
  },
  "2023-08": {
    "name": "Spiritomb",
    "percent": 0.00637,
    "usage": 3356,
    "rank": 231
  },
  "2023-09": {
    "name": "Spiritomb",
    "percent": 0.01429,
    "usage": 4302,
    "rank": 256
  },
  "2023-09-DLC1": {
    "name": "Spiritomb",
    "percent": 0.00589,
    "usage": 2485,
    "rank": 272
  },
  "2023-10": {
    "name": "Spiritomb",
    "percent": 0.00594,
    "usage": 4283,
    "rank": 270
  },
  "2023-11": {
    "name": "Spiritomb",
    "percent": 0.00678,
    "usage": 4059,
    "rank": 272
  },
  "2023-12": {
    "name": "Spiritomb",
    "percent": 0.00817,
    "usage": 4112,
    "rank": 330
  },
  "2023-12-DLC2": {
    "name": "Spiritomb",
    "percent": 0.00339,
    "usage": 1486,
    "rank": 343
  },
  "2024-01": {
    "name": "Spiritomb",
    "percent": 0.02526,
    "usage": 4192,
    "rank": 258
  },
  "2024-02": {
    "name": "Spiritomb",
    "percent": 0.00134,
    "usage": 3958,
    "rank": 395
  },
  "2024-03": {
    "name": "Spiritomb",
    "percent": 0.0015,
    "usage": 3333,
    "rank": 399
  },
  "2024-04": {
    "name": "Spiritomb",
    "percent": 0.00482,
    "usage": 2790,
    "rank": 339
  },
  "2024-05": {
    "name": "Spiritomb",
    "percent": 0.03672,
    "usage": 2936,
    "rank": 225
  },
  "2024-06": {
    "name": "Spiritomb",
    "percent": 0.00737,
    "usage": 4198,
    "rank": 313
  }
}