{
  "2022-11": {
    "name": "Mothim",
    "percent": 0.01134,
    "usage": 67,
    "rank": 711
  },
  "2022-12": {
    "name": "Mothim",
    "percent": 0.02311,
    "usage": 284,
    "rank": 643
  },
  "2023-01": {
    "name": "Mothim",
    "percent": 0.02754,
    "usage": 374,
    "rank": 628
  },
  "2023-02": {
    "name": "Mothim",
    "percent": 0.02621,
    "usage": 409,
    "rank": 641
  },
  "2023-03": {
    "name": "Mothim",
    "percent": 0.02858,
    "usage": 504,
    "rank": 629
  },
  "2023-04": {
    "name": "Mothim",
    "percent": 0.02364,
    "usage": 416,
    "rank": 646
  },
  "2023-05": {
    "name": "Mothim",
    "percent": 0.03686,
    "usage": 688,
    "rank": 610
  },
  "2023-06": {
    "name": "Mothim",
    "percent": 0.04942,
    "usage": 831,
    "rank": 584
  },
  "2023-07": {
    "name": "Mothim",
    "percent": 0.04078,
    "usage": 660,
    "rank": 608
  },
  "2023-08": {
    "name": "Mothim",
    "percent": 0.03114,
    "usage": 573,
    "rank": 628
  },
  "2023-09": {
    "name": "Mothim",
    "percent": 0.0256,
    "usage": 439,
    "rank": 651
  },
  "2023-09-DLC1": {
    "name": "Mothim",
    "percent": 0.02344,
    "usage": 200,
    "rank": 651
  },
  "2023-10": {
    "name": "Mothim",
    "percent": 0.03247,
    "usage": 512,
    "rank": 643
  },
  "2023-11": {
    "name": "Mothim",
    "percent": 0.02477,
    "usage": 335,
    "rank": 661
  },
  "2023-12": {
    "name": "Mothim",
    "percent": 0.01533,
    "usage": 196,
    "rank": 695
  },
  "2023-12-DLC2": {
    "name": "Mothim",
    "percent": 0.01351,
    "usage": 74,
    "rank": 708
  },
  "2024-01": {
    "name": "Mothim",
    "percent": 0.03727,
    "usage": 460,
    "rank": 631
  },
  "2024-02": {
    "name": "Mothim",
    "percent": 0.03259,
    "usage": 422,
    "rank": 634
  },
  "2024-03": {
    "name": "Mothim",
    "percent": 0.02415,
    "usage": 325,
    "rank": 656
  },
  "2024-04": {
    "name": "Mothim",
    "percent": 0.02311,
    "usage": 281,
    "rank": 666
  },
  "2024-05": {
    "name": "Mothim",
    "percent": 0.02625,
    "usage": 157,
    "rank": 643
  },
  "2024-06": {
    "name": "Mothim",
    "percent": 0.02429,
    "usage": 317,
    "rank": 648
  }
}