{
  "2022-11": {
    "name": "Great Tusk",
    "percent": 7.36704,
    "usage": 43542,
    "rank": 4
  },
  "2022-12": {
    "name": "Great Tusk",
    "percent": 8.27503,
    "usage": 101690,
    "rank": 6
  },
  "2023-01": {
    "name": "Great Tusk",
    "percent": 9.68733,
    "usage": 131540,
    "rank": 5
  },
  "2023-02": {
    "name": "Great Tusk",
    "percent": 9.22337,
    "usage": 143936,
    "rank": 5
  },
  "2023-03": {
    "name": "Great Tusk",
    "percent": 11.10987,
    "usage": 195943,
    "rank": 4
  },
  "2023-04": {
    "name": "Great Tusk",
    "percent": 11.25944,
    "usage": 198177,
    "rank": 4
  },
  "2023-05": {
    "name": "Great Tusk",
    "percent": 10.99109,
    "usage": 205136,
    "rank": 6
  },
  "2023-06": {
    "name": "Great Tusk",
    "percent": 10.78213,
    "usage": 181287,
    "rank": 6
  },
  "2023-07": {
    "name": "Great Tusk",
    "percent": 11.96311,
    "usage": 193622,
    "rank": 3
  },
  "2023-08": {
    "name": "Great Tusk",
    "percent": 12.73469,
    "usage": 234300,
    "rank": 2
  },
  "2023-09": {
    "name": "Great Tusk",
    "percent": 12.25232,
    "usage": 210088,
    "rank": 2
  },
  "2023-09-DLC1": {
    "name": "Great Tusk",
    "percent": 12.85537,
    "usage": 109698,
    "rank": 3
  },
  "2023-10": {
    "name": "Great Tusk",
    "percent": 9.01137,
    "usage": 142079,
    "rank": 5
  },
  "2023-11": {
    "name": "Great Tusk",
    "percent": 8.44656,
    "usage": 114226,
    "rank": 6
  },
  "2023-12": {
    "name": "Great Tusk",
    "percent": 9.59568,
    "usage": 122705,
    "rank": 4
  },
  "2023-12-DLC2": {
    "name": "Great Tusk",
    "percent": 10.24236,
    "usage": 56113,
    "rank": 2
  },
  "2024-01": {
    "name": "Great Tusk",
    "percent": 9.12547,
    "usage": 112636,
    "rank": 3
  },
  "2024-02": {
    "name": "Great Tusk",
    "percent": 8.92418,
    "usage": 115556,
    "rank": 5
  },
  "2024-03": {
    "name": "Great Tusk",
    "percent": 8.11453,
    "usage": 109207,
    "rank": 7
  },
  "2024-04": {
    "name": "Great Tusk",
    "percent": 7.81047,
    "usage": 94980,
    "rank": 8
  },
  "2024-05": {
    "name": "Great Tusk",
    "percent": 8.56026,
    "usage": 51202,
    "rank": 6
  },
  "2024-06": {
    "name": "Great Tusk",
    "percent": 10.51212,
    "usage": 137163,
    "rank": 4
  }
}