{
  "2022-11": {
    "name": "Great Tusk",
    "percent": 7.61978,
    "usage": 43542,
    "rank": 3
  },
  "2022-12": {
    "name": "Great Tusk",
    "percent": 8.63829,
    "usage": 101690,
    "rank": 6
  },
  "2023-01": {
    "name": "Great Tusk",
    "percent": 10.13614,
    "usage": 131540,
    "rank": 5
  },
  "2023-02": {
    "name": "Great Tusk",
    "percent": 10.12234,
    "usage": 143936,
    "rank": 5
  },
  "2023-03": {
    "name": "Great Tusk",
    "percent": 12.92395,
    "usage": 195943,
    "rank": 3
  },
  "2023-04": {
    "name": "Great Tusk",
    "percent": 14.8285,
    "usage": 198177,
    "rank": 3
  },
  "2023-05": {
    "name": "Great Tusk",
    "percent": 14.37677,
    "usage": 205136,
    "rank": 5
  },
  "2023-06": {
    "name": "Great Tusk",
    "percent": 14.13143,
    "usage": 181287,
    "rank": 6
  },
  "2023-07": {
    "name": "Great Tusk",
    "percent": 15.93293,
    "usage": 193622,
    "rank": 2
  },
  "2023-08": {
    "name": "Great Tusk",
    "percent": 16.75927,
    "usage": 234300,
    "rank": 2
  },
  "2023-09": {
    "name": "Great Tusk",
    "percent": 16.39827,
    "usage": 210088,
    "rank": 2
  },
  "2023-09-DLC1": {
    "name": "Great Tusk",
    "percent": 17.44079,
    "usage": 109698,
    "rank": 3
  },
  "2023-10": {
    "name": "Great Tusk",
    "percent": 11.71385,
    "usage": 142079,
    "rank": 4
  },
  "2023-11": {
    "name": "Great Tusk",
    "percent": 10.82367,
    "usage": 114226,
    "rank": 7
  },
  "2023-12": {
    "name": "Great Tusk",
    "percent": 12.30778,
    "usage": 122705,
    "rank": 3
  },
  "2023-12-DLC2": {
    "name": "Great Tusk",
    "percent": 13.34533,
    "usage": 56113,
    "rank": 2
  },
  "2024-01": {
    "name": "Great Tusk",
    "percent": 11.6199,
    "usage": 112636,
    "rank": 4
  },
  "2024-02": {
    "name": "Great Tusk",
    "percent": 11.17234,
    "usage": 115556,
    "rank": 5
  },
  "2024-03": {
    "name": "Great Tusk",
    "percent": 10.44459,
    "usage": 109207,
    "rank": 7
  },
  "2024-04": {
    "name": "Great Tusk",
    "percent": 10.16728,
    "usage": 94980,
    "rank": 9
  },
  "2024-05": {
    "name": "Great Tusk",
    "percent": 10.98297,
    "usage": 51202,
    "rank": 7
  },
  "2024-06": {
    "name": "Great Tusk",
    "percent": 13.07936,
    "usage": 137163,
    "rank": 3
  }
}