{
  "2023-03": {
    "name": "Samurott",
    "percent": 0.02912,
    "usage": 673,
    "rank": 163
  },
  "2023-04": {
    "name": "Samurott",
    "percent": 0.16619,
    "usage": 23233,
    "rank": 103
  },
  "2023-05": {
    "name": "Samurott",
    "percent": 0.01747,
    "usage": 6403,
    "rank": 222
  },
  "2023-06": {
    "name": "Samurott",
    "percent": 0.00225,
    "usage": 1615,
    "rank": 266
  },
  "2023-07": {
    "name": "Samurott",
    "percent": 0.00421,
    "usage": 1381,
    "rank": 254
  },
  "2023-08": {
    "name": "Samurott",
    "percent": 0.00071,
    "usage": 1329,
    "rank": 291
  },
  "2023-09": {
    "name": "Samurott",
    "percent": 0.00092,
    "usage": 825,
    "rank": 350
  },
  "2023-09-DLC1": {
    "name": "Samurott",
    "percent": 0.00026,
    "usage": 350,
    "rank": 361
  },
  "2023-10": {
    "name": "Samurott",
    "percent": 0.0003,
    "usage": 971,
    "rank": 371
  },
  "2023-11": {
    "name": "Samurott",
    "percent": 0.00113,
    "usage": 794,
    "rank": 332
  },
  "2023-12": {
    "name": "Samurott",
    "percent": 0.00165,
    "usage": 1196,
    "rank": 393
  },
  "2023-12-DLC2": {
    "name": "Samurott",
    "percent": 0.00167,
    "usage": 664,
    "rank": 370
  },
  "2024-01": {
    "name": "Samurott",
    "percent": 0.00026,
    "usage": 1177,
    "rank": 452
  },
  "2024-02": {
    "name": "Samurott",
    "percent": 0.00061,
    "usage": 1100,
    "rank": 426
  },
  "2024-03": {
    "name": "Samurott",
    "percent": 0.00055,
    "usage": 1166,
    "rank": 435
  },
  "2024-04": {
    "name": "Samurott",
    "percent": 0.00142,
    "usage": 829,
    "rank": 390
  },
  "2024-05": {
    "name": "Samurott",
    "percent": 0.00263,
    "usage": 457,
    "rank": 361
  },
  "2024-06": {
    "name": "Samurott",
    "percent": 0.00087,
    "usage": 471,
    "rank": 407
  }
}