{
  "2022-11": {
    "name": "Altaria",
    "percent": 0.32451,
    "usage": 1918,
    "rank": 329
  },
  "2022-12": {
    "name": "Altaria",
    "percent": 0.21662,
    "usage": 2662,
    "rank": 409
  },
  "2023-01": {
    "name": "Altaria",
    "percent": 0.17123,
    "usage": 2325,
    "rank": 431
  },
  "2023-02": {
    "name": "Altaria",
    "percent": 0.15597,
    "usage": 2434,
    "rank": 451
  },
  "2023-03": {
    "name": "Altaria",
    "percent": 0.14889,
    "usage": 2626,
    "rank": 447
  },
  "2023-04": {
    "name": "Altaria",
    "percent": 0.10846,
    "usage": 1909,
    "rank": 487
  },
  "2023-05": {
    "name": "Altaria",
    "percent": 0.11187,
    "usage": 2088,
    "rank": 495
  },
  "2023-06": {
    "name": "Altaria",
    "percent": 0.15505,
    "usage": 2607,
    "rank": 418
  },
  "2023-07": {
    "name": "Altaria",
    "percent": 0.1583,
    "usage": 2562,
    "rank": 426
  },
  "2023-08": {
    "name": "Altaria",
    "percent": 0.17007,
    "usage": 3129,
    "rank": 403
  },
  "2023-09": {
    "name": "Altaria",
    "percent": 0.14102,
    "usage": 2418,
    "rank": 443
  },
  "2023-09-DLC1": {
    "name": "Altaria",
    "percent": 0.12317,
    "usage": 1051,
    "rank": 469
  },
  "2023-10": {
    "name": "Altaria",
    "percent": 0.15653,
    "usage": 2468,
    "rank": 444
  },
  "2023-11": {
    "name": "Altaria",
    "percent": 0.11491,
    "usage": 1554,
    "rank": 500
  },
  "2023-12": {
    "name": "Altaria",
    "percent": 0.11284,
    "usage": 1443,
    "rank": 499
  },
  "2023-12-DLC2": {
    "name": "Altaria",
    "percent": 0.08725,
    "usage": 478,
    "rank": 525
  },
  "2024-01": {
    "name": "Altaria",
    "percent": 0.13036,
    "usage": 1609,
    "rank": 461
  },
  "2024-02": {
    "name": "Altaria",
    "percent": 0.1126,
    "usage": 1458,
    "rank": 482
  },
  "2024-03": {
    "name": "Altaria",
    "percent": 0.14274,
    "usage": 1921,
    "rank": 444
  },
  "2024-04": {
    "name": "Altaria",
    "percent": 0.1217,
    "usage": 1480,
    "rank": 484
  },
  "2024-05": {
    "name": "Altaria",
    "percent": 0.16551,
    "usage": 990,
    "rank": 420
  },
  "2024-06": {
    "name": "Altaria",
    "percent": 0.1017,
    "usage": 1327,
    "rank": 484
  }
}