{
  "2022-11": {
    "name": "Bombirdier",
    "percent": 0.83202,
    "usage": 45079,
    "rank": 99
  },
  "2022-12": {
    "name": "Bombirdier",
    "percent": 0.37182,
    "usage": 26786,
    "rank": 124
  },
  "2023-01": {
    "name": "Bombirdier",
    "percent": 0.26915,
    "usage": 12518,
    "rank": 139
  },
  "2023-02": {
    "name": "Bombirdier",
    "percent": 0.15813,
    "usage": 5389,
    "rank": 159
  },
  "2023-03": {
    "name": "Bombirdier",
    "percent": 0.08957,
    "usage": 3431,
    "rank": 179
  },
  "2023-04": {
    "name": "Bombirdier",
    "percent": 0.08208,
    "usage": 3785,
    "rank": 164
  },
  "2023-05": {
    "name": "Bombirdier",
    "percent": 0.05128,
    "usage": 3120,
    "rank": 232
  },
  "2023-06": {
    "name": "Bombirdier",
    "percent": 0.01806,
    "usage": 1655,
    "rank": 252
  },
  "2023-07": {
    "name": "Bombirdier",
    "percent": 0.04074,
    "usage": 1624,
    "rank": 220
  },
  "2023-08": {
    "name": "Bombirdier",
    "percent": 0.03203,
    "usage": 1741,
    "rank": 229
  },
  "2023-09": {
    "name": "Bombirdier",
    "percent": 0.01703,
    "usage": 1629,
    "rank": 306
  },
  "2023-09-DLC1": {
    "name": "Bombirdier",
    "percent": 0.01617,
    "usage": 886,
    "rank": 305
  },
  "2023-10": {
    "name": "Bombirdier",
    "percent": 0.01389,
    "usage": 1468,
    "rank": 312
  },
  "2023-11": {
    "name": "Bombirdier",
    "percent": 0.01785,
    "usage": 1451,
    "rank": 303
  },
  "2023-12": {
    "name": "Bombirdier",
    "percent": 0.01104,
    "usage": 1224,
    "rank": 381
  },
  "2023-12-DLC2": {
    "name": "Bombirdier",
    "percent": 0.00674,
    "usage": 513,
    "rank": 394
  },
  "2024-01": {
    "name": "Bombirdier",
    "percent": 0.00957,
    "usage": 866,
    "rank": 395
  },
  "2024-02": {
    "name": "Bombirdier",
    "percent": 0.01122,
    "usage": 1014,
    "rank": 391
  },
  "2024-03": {
    "name": "Bombirdier",
    "percent": 0.01207,
    "usage": 1313,
    "rank": 398
  },
  "2024-04": {
    "name": "Bombirdier",
    "percent": 0.01719,
    "usage": 1342,
    "rank": 371
  },
  "2024-05": {
    "name": "Bombirdier",
    "percent": 0.01605,
    "usage": 595,
    "rank": 383
  },
  "2024-06": {
    "name": "Bombirdier",
    "percent": 0.01503,
    "usage": 833,
    "rank": 384
  }
}