{
  "2022-11": {
    "name": "Scream Tail",
    "percent": 2.75885,
    "usage": 140616,
    "rank": 54
  },
  "2022-12": {
    "name": "Scream Tail",
    "percent": 2.40429,
    "usage": 163418,
    "rank": 49
  },
  "2023-01": {
    "name": "Scream Tail",
    "percent": 2.08335,
    "usage": 92039,
    "rank": 51
  },
  "2023-02": {
    "name": "Scream Tail",
    "percent": 2.01378,
    "usage": 59712,
    "rank": 51
  },
  "2023-03": {
    "name": "Scream Tail",
    "percent": 3.0001,
    "usage": 89160,
    "rank": 42
  },
  "2023-04": {
    "name": "Scream Tail",
    "percent": 2.22914,
    "usage": 51042,
    "rank": 47
  },
  "2023-05": {
    "name": "Scream Tail",
    "percent": 1.67651,
    "usage": 44055,
    "rank": 61
  },
  "2023-06": {
    "name": "Scream Tail",
    "percent": 1.09186,
    "usage": 43816,
    "rank": 84
  },
  "2023-07": {
    "name": "Scream Tail",
    "percent": 1.16237,
    "usage": 32077,
    "rank": 69
  },
  "2023-08": {
    "name": "Scream Tail",
    "percent": 1.6308,
    "usage": 40333,
    "rank": 60
  },
  "2023-09": {
    "name": "Scream Tail",
    "percent": 1.40503,
    "usage": 50633,
    "rank": 86
  },
  "2023-09-DLC1": {
    "name": "Scream Tail",
    "percent": 1.29709,
    "usage": 29256,
    "rank": 85
  },
  "2023-10": {
    "name": "Scream Tail",
    "percent": 0.73292,
    "usage": 25280,
    "rank": 96
  },
  "2023-11": {
    "name": "Scream Tail",
    "percent": 0.51224,
    "usage": 14587,
    "rank": 112
  },
  "2023-12": {
    "name": "Scream Tail",
    "percent": 0.5291,
    "usage": 19268,
    "rank": 125
  },
  "2023-12-DLC2": {
    "name": "Scream Tail",
    "percent": 0.56189,
    "usage": 11260,
    "rank": 114
  },
  "2024-01": {
    "name": "Scream Tail",
    "percent": 0.39432,
    "usage": 16033,
    "rank": 136
  },
  "2024-02": {
    "name": "Scream Tail",
    "percent": 0.39997,
    "usage": 11704,
    "rank": 126
  },
  "2024-03": {
    "name": "Scream Tail",
    "percent": 0.42053,
    "usage": 11104,
    "rank": 131
  },
  "2024-04": {
    "name": "Scream Tail",
    "percent": 0.42461,
    "usage": 9207,
    "rank": 132
  },
  "2024-05": {
    "name": "Scream Tail",
    "percent": 0.41472,
    "usage": 4250,
    "rank": 148
  },
  "2024-06": {
    "name": "Scream Tail",
    "percent": 0.46103,
    "usage": 9130,
    "rank": 128
  }
}