{
  "2022-11": {
    "name": "Scream Tail",
    "percent": 1.80051,
    "usage": 140616,
    "rank": 57
  },
  "2022-12": {
    "name": "Scream Tail",
    "percent": 0.73884,
    "usage": 163418,
    "rank": 60
  },
  "2023-01": {
    "name": "Scream Tail",
    "percent": 1.28423,
    "usage": 92039,
    "rank": 62
  },
  "2023-02": {
    "name": "Scream Tail",
    "percent": 3.31658,
    "usage": 59712,
    "rank": 41
  },
  "2023-03": {
    "name": "Scream Tail",
    "percent": 5.40552,
    "usage": 89160,
    "rank": 31
  },
  "2023-04": {
    "name": "Scream Tail",
    "percent": 3.46515,
    "usage": 51042,
    "rank": 39
  },
  "2023-05": {
    "name": "Scream Tail",
    "percent": 3.32322,
    "usage": 44055,
    "rank": 45
  },
  "2023-06": {
    "name": "Scream Tail",
    "percent": 1.68265,
    "usage": 43816,
    "rank": 65
  },
  "2023-07": {
    "name": "Scream Tail",
    "percent": 2.21259,
    "usage": 32077,
    "rank": 54
  },
  "2023-08": {
    "name": "Scream Tail",
    "percent": 1.91395,
    "usage": 40333,
    "rank": 53
  },
  "2023-09": {
    "name": "Scream Tail",
    "percent": 1.40322,
    "usage": 50633,
    "rank": 66
  },
  "2023-09-DLC1": {
    "name": "Scream Tail",
    "percent": 0.84088,
    "usage": 29256,
    "rank": 82
  },
  "2023-10": {
    "name": "Scream Tail",
    "percent": 0.4868,
    "usage": 25280,
    "rank": 84
  },
  "2023-11": {
    "name": "Scream Tail",
    "percent": 0.17045,
    "usage": 14587,
    "rank": 115
  },
  "2023-12": {
    "name": "Scream Tail",
    "percent": 0.30682,
    "usage": 19268,
    "rank": 123
  },
  "2023-12-DLC2": {
    "name": "Scream Tail",
    "percent": 0.42545,
    "usage": 11260,
    "rank": 105
  },
  "2024-01": {
    "name": "Scream Tail",
    "percent": 0.19994,
    "usage": 16033,
    "rank": 122
  },
  "2024-02": {
    "name": "Scream Tail",
    "percent": 0.23548,
    "usage": 11704,
    "rank": 110
  },
  "2024-03": {
    "name": "Scream Tail",
    "percent": 0.57512,
    "usage": 11104,
    "rank": 88
  },
  "2024-04": {
    "name": "Scream Tail",
    "percent": 0.17228,
    "usage": 9207,
    "rank": 116
  },
  "2024-05": {
    "name": "Scream Tail",
    "percent": 0.02643,
    "usage": 4250,
    "rank": 198
  },
  "2024-06": {
    "name": "Scream Tail",
    "percent": 0.11075,
    "usage": 9130,
    "rank": 133
  }
}