{
  "2023-09": {
    "name": "Nosepass",
    "percent": 0.00544,
    "usage": 208,
    "rank": 384
  },
  "2023-09-DLC1": {
    "name": "Nosepass",
    "percent": 0.00693,
    "usage": 167,
    "rank": 374
  },
  "2023-10": {
    "name": "Nosepass",
    "percent": 0.00784,
    "usage": 268,
    "rank": 379
  },
  "2023-11": {
    "name": "Nosepass",
    "percent": 0.00347,
    "usage": 93,
    "rank": 427
  },
  "2023-12": {
    "name": "Nosepass",
    "percent": 0.00843,
    "usage": 314,
    "rank": 447
  },
  "2023-12-DLC2": {
    "name": "Nosepass",
    "percent": 0.01089,
    "usage": 233,
    "rank": 432
  },
  "2024-01": {
    "name": "Nosepass",
    "percent": 0.01693,
    "usage": 637,
    "rank": 426
  },
  "2024-02": {
    "name": "Nosepass",
    "percent": 0.0129,
    "usage": 364,
    "rank": 438
  },
  "2024-03": {
    "name": "Nosepass",
    "percent": 0.01763,
    "usage": 469,
    "rank": 432
  },
  "2024-04": {
    "name": "Nosepass",
    "percent": 0.02084,
    "usage": 485,
    "rank": 424
  },
  "2024-05": {
    "name": "Nosepass",
    "percent": 0.01127,
    "usage": 120,
    "rank": 454
  },
  "2024-06": {
    "name": "Nosepass",
    "percent": 0.01374,
    "usage": 284,
    "rank": 447
  }
}