{
  "2022-11": {
    "name": "Glastrier",
    "percent": 0.04963,
    "usage": 763,
    "rank": 368
  },
  "2022-12": {
    "name": "Glastrier",
    "percent": 0.05012,
    "usage": 2122,
    "rank": 361
  },
  "2023-01": {
    "name": "Glastrier",
    "percent": 0.11004,
    "usage": 2611,
    "rank": 273
  },
  "2023-02": {
    "name": "Glastrier",
    "percent": 0.1333,
    "usage": 2618,
    "rank": 275
  },
  "2023-03": {
    "name": "Glastrier",
    "percent": 0.09707,
    "usage": 2934,
    "rank": 275
  },
  "2023-04": {
    "name": "Glastrier",
    "percent": 0.13992,
    "usage": 3136,
    "rank": 252
  },
  "2023-05": {
    "name": "Glastrier",
    "percent": 0.08352,
    "usage": 3083,
    "rank": 306
  },
  "2023-06": {
    "name": "Glastrier",
    "percent": 0.11662,
    "usage": 3421,
    "rank": 262
  },
  "2023-07": {
    "name": "Glastrier",
    "percent": 0.04721,
    "usage": 2335,
    "rank": 359
  },
  "2023-08": {
    "name": "Glastrier",
    "percent": 0.15823,
    "usage": 4042,
    "rank": 239
  },
  "2023-09": {
    "name": "Glastrier",
    "percent": 0.13744,
    "usage": 2825,
    "rank": 256
  },
  "2023-09-DLC1": {
    "name": "Glastrier",
    "percent": 0.12018,
    "usage": 1180,
    "rank": 254
  },
  "2023-10": {
    "name": "Glastrier",
    "percent": 0.06806,
    "usage": 2177,
    "rank": 323
  },
  "2023-11": {
    "name": "Glastrier",
    "percent": 0.20079,
    "usage": 3195,
    "rank": 230
  },
  "2023-12": {
    "name": "Glastrier",
    "percent": 0.16414,
    "usage": 2327,
    "rank": 241
  },
  "2023-12-DLC2": {
    "name": "Glastrier",
    "percent": 0.09495,
    "usage": 843,
    "rank": 268
  },
  "2024-01": {
    "name": "Glastrier",
    "percent": 0.07699,
    "usage": 2575,
    "rank": 286
  },
  "2024-02": {
    "name": "Glastrier",
    "percent": 0.12788,
    "usage": 2423,
    "rank": 239
  },
  "2024-03": {
    "name": "Glastrier",
    "percent": 0.17034,
    "usage": 2784,
    "rank": 234
  },
  "2024-04": {
    "name": "Glastrier",
    "percent": 0.10655,
    "usage": 1916,
    "rank": 265
  },
  "2024-05": {
    "name": "Glastrier",
    "percent": 0.24365,
    "usage": 1109,
    "rank": 198
  },
  "2024-06": {
    "name": "Glastrier",
    "percent": 0.07252,
    "usage": 1887,
    "rank": 280
  }
}