{
  "2022-11": {
    "name": "Glastrier",
    "percent": 0.0343,
    "usage": 763,
    "rank": 326
  },
  "2022-12": {
    "name": "Glastrier",
    "percent": 0.00236,
    "usage": 2122,
    "rank": 452
  },
  "2023-01": {
    "name": "Glastrier",
    "percent": 0.04384,
    "usage": 2611,
    "rank": 285
  },
  "2023-02": {
    "name": "Glastrier",
    "percent": 0.03696,
    "usage": 2618,
    "rank": 317
  },
  "2023-03": {
    "name": "Glastrier",
    "percent": 0.16861,
    "usage": 2934,
    "rank": 204
  },
  "2023-04": {
    "name": "Glastrier",
    "percent": 0.08252,
    "usage": 3136,
    "rank": 245
  },
  "2023-05": {
    "name": "Glastrier",
    "percent": 0.0367,
    "usage": 3083,
    "rank": 313
  },
  "2023-06": {
    "name": "Glastrier",
    "percent": 0.04072,
    "usage": 3421,
    "rank": 270
  },
  "2023-07": {
    "name": "Glastrier",
    "percent": 0.00979,
    "usage": 2335,
    "rank": 411
  },
  "2023-08": {
    "name": "Glastrier",
    "percent": 0.05909,
    "usage": 4042,
    "rank": 261
  },
  "2023-09": {
    "name": "Glastrier",
    "percent": 0.01483,
    "usage": 2825,
    "rank": 366
  },
  "2023-09-DLC1": {
    "name": "Glastrier",
    "percent": 0.01764,
    "usage": 1180,
    "rank": 338
  },
  "2023-10": {
    "name": "Glastrier",
    "percent": 0.02124,
    "usage": 2177,
    "rank": 353
  },
  "2023-11": {
    "name": "Glastrier",
    "percent": 0.05043,
    "usage": 3195,
    "rank": 277
  },
  "2023-12": {
    "name": "Glastrier",
    "percent": 0.02421,
    "usage": 2327,
    "rank": 326
  },
  "2023-12-DLC2": {
    "name": "Glastrier",
    "percent": 0.01277,
    "usage": 843,
    "rank": 336
  },
  "2024-01": {
    "name": "Glastrier",
    "percent": 0.00426,
    "usage": 2575,
    "rank": 470
  },
  "2024-02": {
    "name": "Glastrier",
    "percent": 0.01694,
    "usage": 2423,
    "rank": 355
  },
  "2024-03": {
    "name": "Glastrier",
    "percent": 0.05162,
    "usage": 2784,
    "rank": 282
  },
  "2024-04": {
    "name": "Glastrier",
    "percent": 0.00828,
    "usage": 1916,
    "rank": 400
  },
  "2024-05": {
    "name": "Glastrier",
    "percent": 0.21262,
    "usage": 1109,
    "rank": 173
  },
  "2024-06": {
    "name": "Glastrier",
    "percent": 0.03803,
    "usage": 1887,
    "rank": 265
  }
}