{
  "2023-09": {
    "name": "Nosepass",
    "percent": 0.23594,
    "usage": 794,
    "rank": 82
  },
  "2023-09-DLC1": {
    "name": "Nosepass",
    "percent": 0.44505,
    "usage": 661,
    "rank": 59
  },
  "2023-10": {
    "name": "Nosepass",
    "percent": 0.16891,
    "usage": 1663,
    "rank": 86
  },
  "2023-11": {
    "name": "Nosepass",
    "percent": 0.04552,
    "usage": 1012,
    "rank": 111
  },
  "2023-12": {
    "name": "Nosepass",
    "percent": 0.04159,
    "usage": 804,
    "rank": 131
  },
  "2023-12-DLC2": {
    "name": "Nosepass",
    "percent": 0.00384,
    "usage": 380,
    "rank": 156
  },
  "2024-01": {
    "name": "Nosepass",
    "percent": 0.06585,
    "usage": 875,
    "rank": 118
  },
  "2024-02": {
    "name": "Nosepass",
    "percent": 0.0371,
    "usage": 767,
    "rank": 113
  },
  "2024-03": {
    "name": "Nosepass",
    "percent": 0.06283,
    "usage": 715,
    "rank": 114
  },
  "2024-04": {
    "name": "Nosepass",
    "percent": 0.04735,
    "usage": 871,
    "rank": 113
  },
  "2024-05": {
    "name": "Nosepass",
    "percent": 0.09305,
    "usage": 499,
    "rank": 97
  },
  "2024-06": {
    "name": "Nosepass",
    "percent": 0.07156,
    "usage": 514,
    "rank": 105
  }
}