{
  "2022-11": {
    "name": "Zangoose",
    "percent": 0.10587,
    "usage": 1534,
    "rank": 163
  },
  "2022-12": {
    "name": "Zangoose",
    "percent": 0.14045,
    "usage": 8378,
    "rank": 170
  },
  "2023-01": {
    "name": "Zangoose",
    "percent": 0.31204,
    "usage": 8880,
    "rank": 132
  },
  "2023-02": {
    "name": "Zangoose",
    "percent": 0.20429,
    "usage": 5932,
    "rank": 159
  },
  "2023-03": {
    "name": "Zangoose",
    "percent": 0.37031,
    "usage": 5325,
    "rank": 129
  },
  "2023-04": {
    "name": "Zangoose",
    "percent": 0.2986,
    "usage": 5009,
    "rank": 137
  },
  "2023-05": {
    "name": "Zangoose",
    "percent": 0.21279,
    "usage": 4122,
    "rank": 179
  },
  "2023-06": {
    "name": "Zangoose",
    "percent": 0.11615,
    "usage": 4085,
    "rank": 239
  },
  "2023-07": {
    "name": "Zangoose",
    "percent": 0.11689,
    "usage": 3243,
    "rank": 237
  },
  "2023-08": {
    "name": "Zangoose",
    "percent": 0.18894,
    "usage": 4093,
    "rank": 207
  },
  "2023-09": {
    "name": "Zangoose",
    "percent": 0.14957,
    "usage": 3243,
    "rank": 256
  },
  "2023-09-DLC1": {
    "name": "Zangoose",
    "percent": 0.08883,
    "usage": 1587,
    "rank": 297
  },
  "2023-10": {
    "name": "Zangoose",
    "percent": 0.11068,
    "usage": 3350,
    "rank": 283
  },
  "2023-11": {
    "name": "Zangoose",
    "percent": 0.08279,
    "usage": 3024,
    "rank": 290
  },
  "2023-12": {
    "name": "Zangoose",
    "percent": 0.04214,
    "usage": 2619,
    "rank": 388
  },
  "2023-12-DLC2": {
    "name": "Zangoose",
    "percent": 0.02304,
    "usage": 997,
    "rank": 429
  },
  "2024-01": {
    "name": "Zangoose",
    "percent": 0.07947,
    "usage": 2170,
    "rank": 333
  },
  "2024-02": {
    "name": "Zangoose",
    "percent": 0.05586,
    "usage": 2111,
    "rank": 364
  },
  "2024-03": {
    "name": "Zangoose",
    "percent": 0.07675,
    "usage": 2656,
    "rank": 338
  },
  "2024-04": {
    "name": "Zangoose",
    "percent": 0.0602,
    "usage": 3131,
    "rank": 341
  },
  "2024-05": {
    "name": "Zangoose",
    "percent": 0.05789,
    "usage": 1465,
    "rank": 345
  },
  "2024-06": {
    "name": "Zangoose",
    "percent": 0.02405,
    "usage": 2228,
    "rank": 412
  }
}