{
  "2022-11": {
    "name": "Eiscue",
    "percent": 0.26364,
    "usage": 13347,
    "rank": 147
  },
  "2022-12": {
    "name": "Eiscue",
    "percent": 0.16578,
    "usage": 11224,
    "rank": 159
  },
  "2023-01": {
    "name": "Eiscue",
    "percent": 0.16718,
    "usage": 7317,
    "rank": 167
  },
  "2023-02": {
    "name": "Eiscue",
    "percent": 0.16436,
    "usage": 4820,
    "rank": 168
  },
  "2023-03": {
    "name": "Eiscue",
    "percent": 0.2053,
    "usage": 6207,
    "rank": 147
  },
  "2023-04": {
    "name": "Eiscue",
    "percent": 0.25115,
    "usage": 6000,
    "rank": 144
  },
  "2023-05": {
    "name": "Eiscue",
    "percent": 0.14178,
    "usage": 3637,
    "rank": 211
  },
  "2023-06": {
    "name": "Eiscue",
    "percent": 0.13054,
    "usage": 5220,
    "rank": 200
  },
  "2023-07": {
    "name": "Eiscue",
    "percent": 0.17682,
    "usage": 4728,
    "rank": 183
  },
  "2023-08": {
    "name": "Eiscue",
    "percent": 0.13942,
    "usage": 3486,
    "rank": 198
  },
  "2023-09": {
    "name": "Eiscue",
    "percent": 0.09566,
    "usage": 3658,
    "rank": 261
  },
  "2023-09-DLC1": {
    "name": "Eiscue",
    "percent": 0.08561,
    "usage": 2063,
    "rank": 260
  },
  "2023-10": {
    "name": "Eiscue",
    "percent": 0.09648,
    "usage": 3298,
    "rank": 260
  },
  "2023-11": {
    "name": "Eiscue",
    "percent": 0.14946,
    "usage": 4004,
    "rank": 232
  },
  "2023-12": {
    "name": "Eiscue",
    "percent": 0.11926,
    "usage": 4442,
    "rank": 298
  },
  "2023-12-DLC2": {
    "name": "Eiscue",
    "percent": 0.09748,
    "usage": 2086,
    "rank": 292
  },
  "2024-01": {
    "name": "Eiscue",
    "percent": 0.10069,
    "usage": 3788,
    "rank": 300
  },
  "2024-02": {
    "name": "Eiscue",
    "percent": 0.15471,
    "usage": 4365,
    "rank": 253
  },
  "2024-03": {
    "name": "Eiscue",
    "percent": 0.13247,
    "usage": 3524,
    "rank": 281
  },
  "2024-04": {
    "name": "Eiscue",
    "percent": 0.1233,
    "usage": 2870,
    "rank": 292
  },
  "2024-05": {
    "name": "Eiscue",
    "percent": 0.12839,
    "usage": 1367,
    "rank": 296
  },
  "2024-06": {
    "name": "Eiscue",
    "percent": 0.1365,
    "usage": 2821,
    "rank": 295
  }
}