{
  "2023-12": {
    "name": "Porygon-Z",
    "percent": 0.28149,
    "usage": 3111,
    "rank": 198
  },
  "2023-12-DLC2": {
    "name": "Porygon-Z",
    "percent": 0.58039,
    "usage": 2759,
    "rank": 147
  },
  "2024-01": {
    "name": "Porygon-Z",
    "percent": 0.30755,
    "usage": 5031,
    "rank": 196
  },
  "2024-02": {
    "name": "Porygon-Z",
    "percent": 0.18513,
    "usage": 3955,
    "rank": 239
  },
  "2024-03": {
    "name": "Porygon-Z",
    "percent": 0.15506,
    "usage": 4075,
    "rank": 255
  },
  "2024-04": {
    "name": "Porygon-Z",
    "percent": 0.09226,
    "usage": 3551,
    "rank": 296
  },
  "2024-05": {
    "name": "Porygon-Z",
    "percent": 0.12108,
    "usage": 1642,
    "rank": 268
  },
  "2024-06": {
    "name": "Porygon-Z",
    "percent": 0.12283,
    "usage": 3189,
    "rank": 260
  }
}