{
  "2022-11": {
    "name": "Ralts",
    "percent": 0.00241,
    "usage": 122,
    "rank": 286
  },
  "2022-12": {
    "name": "Ralts",
    "percent": 0.00487,
    "usage": 330,
    "rank": 263
  },
  "2023-01": {
    "name": "Ralts",
    "percent": 0.0045,
    "usage": 197,
    "rank": 278
  },
  "2023-02": {
    "name": "Ralts",
    "percent": 0.00191,
    "usage": 56,
    "rank": 326
  },
  "2023-03": {
    "name": "Ralts",
    "percent": 0.00314,
    "usage": 95,
    "rank": 317
  },
  "2023-04": {
    "name": "Ralts",
    "percent": 0.00289,
    "usage": 69,
    "rank": 332
  },
  "2023-05": {
    "name": "Ralts",
    "percent": 0.00464,
    "usage": 119,
    "rank": 349
  },
  "2023-06": {
    "name": "Ralts",
    "percent": 0.00238,
    "usage": 95,
    "rank": 360
  },
  "2023-07": {
    "name": "Ralts",
    "percent": 0.00718,
    "usage": 192,
    "rank": 319
  },
  "2023-08": {
    "name": "Ralts",
    "percent": 0.00264,
    "usage": 66,
    "rank": 381
  },
  "2023-09": {
    "name": "Ralts",
    "percent": 0.00139,
    "usage": 53,
    "rank": 474
  },
  "2023-09-DLC1": {
    "name": "Ralts",
    "percent": 0.00187,
    "usage": 45,
    "rank": 449
  },
  "2023-10": {
    "name": "Ralts",
    "percent": 0.0029,
    "usage": 99,
    "rank": 438
  },
  "2023-11": {
    "name": "Ralts",
    "percent": 0.00638,
    "usage": 171,
    "rank": 395
  },
  "2023-12": {
    "name": "Ralts",
    "percent": 0.00352,
    "usage": 131,
    "rank": 481
  },
  "2023-12-DLC2": {
    "name": "Ralts",
    "percent": 0.00196,
    "usage": 42,
    "rank": 520
  },
  "2024-01": {
    "name": "Ralts",
    "percent": 0.00098,
    "usage": 37,
    "rank": 608
  },
  "2024-02": {
    "name": "Ralts",
    "percent": 0.00223,
    "usage": 63,
    "rank": 549
  },
  "2024-03": {
    "name": "Ralts",
    "percent": 0.00079,
    "usage": 21,
    "rank": 638
  },
  "2024-04": {
    "name": "Ralts",
    "percent": 0.00451,
    "usage": 105,
    "rank": 498
  },
  "2024-05": {
    "name": "Ralts",
    "percent": 0.00545,
    "usage": 58,
    "rank": 486
  },
  "2024-06": {
    "name": "Ralts",
    "percent": 0.00189,
    "usage": 39,
    "rank": 574
  }
}