{
  "2022-11": {
    "name": "Ralts",
    "percent": 0.00201,
    "usage": 122,
    "rank": 288
  },
  "2022-12": {
    "name": "Ralts",
    "percent": 0.0042,
    "usage": 330,
    "rank": 261
  },
  "2023-01": {
    "name": "Ralts",
    "percent": 0.00357,
    "usage": 197,
    "rank": 279
  },
  "2023-02": {
    "name": "Ralts",
    "percent": 0.00152,
    "usage": 56,
    "rank": 319
  },
  "2023-03": {
    "name": "Ralts",
    "percent": 0.00151,
    "usage": 95,
    "rank": 323
  },
  "2023-04": {
    "name": "Ralts",
    "percent": 0.0008,
    "usage": 69,
    "rank": 328
  },
  "2023-05": {
    "name": "Ralts",
    "percent": 0.0017,
    "usage": 119,
    "rank": 342
  },
  "2023-06": {
    "name": "Ralts",
    "percent": 0.00034,
    "usage": 95,
    "rank": 391
  },
  "2023-07": {
    "name": "Ralts",
    "percent": 0.00103,
    "usage": 192,
    "rank": 342
  },
  "2023-08": {
    "name": "Ralts",
    "percent": 0.00046,
    "usage": 66,
    "rank": 393
  },
  "2023-09": {
    "name": "Ralts",
    "percent": 0.0006,
    "usage": 53,
    "rank": 434
  },
  "2023-09-DLC1": {
    "name": "Ralts",
    "percent": 0.00084,
    "usage": 45,
    "rank": 415
  },
  "2023-10": {
    "name": "Ralts",
    "percent": 0.0009,
    "usage": 99,
    "rank": 424
  },
  "2023-11": {
    "name": "Ralts",
    "percent": 0.00145,
    "usage": 171,
    "rank": 402
  },
  "2023-12": {
    "name": "Ralts",
    "percent": 0.00043,
    "usage": 131,
    "rank": 545
  },
  "2023-12-DLC2": {
    "name": "Ralts",
    "percent": 0.00027,
    "usage": 42,
    "rank": 567
  },
  "2024-01": {
    "name": "Ralts",
    "percent": 0.00029,
    "usage": 37,
    "rank": 588
  },
  "2024-02": {
    "name": "Ralts",
    "percent": 0.00027,
    "usage": 63,
    "rank": 606
  },
  "2024-03": {
    "name": "Ralts",
    "percent": 0.00024,
    "usage": 21,
    "rank": 620
  },
  "2024-04": {
    "name": "Ralts",
    "percent": 0.00047,
    "usage": 105,
    "rank": 563
  },
  "2024-05": {
    "name": "Ralts",
    "percent": 0.00024,
    "usage": 58,
    "rank": 623
  },
  "2024-06": {
    "name": "Ralts",
    "percent": 0.00032,
    "usage": 39,
    "rank": 602
  }
}