{
  "2022-11": {
    "name": "Dusknoir",
    "percent": 0.18857,
    "usage": 1199,
    "rank": 411
  },
  "2022-12": {
    "name": "Dusknoir",
    "percent": 0.23999,
    "usage": 3116,
    "rank": 378
  },
  "2023-01": {
    "name": "Dusknoir",
    "percent": 0.18096,
    "usage": 2709,
    "rank": 412
  },
  "2023-02": {
    "name": "Dusknoir",
    "percent": 0.19908,
    "usage": 3698,
    "rank": 385
  },
  "2023-03": {
    "name": "Dusknoir",
    "percent": 0.15718,
    "usage": 3792,
    "rank": 398
  },
  "2023-04": {
    "name": "Dusknoir",
    "percent": 0.08744,
    "usage": 3956,
    "rank": 422
  },
  "2023-05": {
    "name": "Dusknoir",
    "percent": 0.0863,
    "usage": 3866,
    "rank": 419
  },
  "2023-06": {
    "name": "Dusknoir",
    "percent": 0.07771,
    "usage": 3423,
    "rank": 409
  },
  "2023-07": {
    "name": "Dusknoir",
    "percent": 0.07223,
    "usage": 2977,
    "rank": 435
  },
  "2023-08": {
    "name": "Dusknoir",
    "percent": 0.08448,
    "usage": 3532,
    "rank": 404
  },
  "2023-09": {
    "name": "Dusknoir",
    "percent": 0.10121,
    "usage": 4171,
    "rank": 378
  },
  "2023-09-DLC1": {
    "name": "Dusknoir",
    "percent": 0.11805,
    "usage": 2461,
    "rank": 353
  },
  "2023-10": {
    "name": "Dusknoir",
    "percent": 0.08262,
    "usage": 3848,
    "rank": 422
  },
  "2023-11": {
    "name": "Dusknoir",
    "percent": 0.09433,
    "usage": 3782,
    "rank": 410
  },
  "2023-12": {
    "name": "Dusknoir",
    "percent": 0.12383,
    "usage": 3620,
    "rank": 360
  },
  "2023-12-DLC2": {
    "name": "Dusknoir",
    "percent": 0.11419,
    "usage": 1467,
    "rank": 357
  },
  "2024-01": {
    "name": "Dusknoir",
    "percent": 0.08916,
    "usage": 3360,
    "rank": 380
  },
  "2024-02": {
    "name": "Dusknoir",
    "percent": 0.08953,
    "usage": 2494,
    "rank": 378
  },
  "2024-03": {
    "name": "Dusknoir",
    "percent": 0.09584,
    "usage": 3048,
    "rank": 378
  },
  "2024-04": {
    "name": "Dusknoir",
    "percent": 0.05589,
    "usage": 2785,
    "rank": 461
  },
  "2024-05": {
    "name": "Dusknoir",
    "percent": 0.05854,
    "usage": 1529,
    "rank": 429
  },
  "2024-06": {
    "name": "Dusknoir",
    "percent": 0.04835,
    "usage": 2476,
    "rank": 443
  }
}