{
  "2022-11": {
    "name": "Chi-Yu",
    "percent": 17.31013,
    "usage": 861419,
    "rank": 8
  },
  "2022-12": {
    "name": "Chi-Yu",
    "percent": 27.79217,
    "usage": 1843293,
    "rank": 2
  },
  "2023-01": {
    "name": "Chi-Yu",
    "percent": 8.00943,
    "usage": 343380,
    "rank": 28
  }
}