{
  "2022-11": {
    "name": "Toxicroak",
    "percent": 0.29031,
    "usage": 1759,
    "rank": 173
  },
  "2022-12": {
    "name": "Toxicroak",
    "percent": 0.32697,
    "usage": 3672,
    "rank": 182
  },
  "2023-01": {
    "name": "Toxicroak",
    "percent": 0.48443,
    "usage": 4010,
    "rank": 168
  },
  "2023-02": {
    "name": "Toxicroak",
    "percent": 0.5108,
    "usage": 3166,
    "rank": 167
  },
  "2023-03": {
    "name": "Toxicroak",
    "percent": 0.38551,
    "usage": 2398,
    "rank": 184
  },
  "2023-04": {
    "name": "Toxicroak",
    "percent": 0.28456,
    "usage": 2124,
    "rank": 189
  },
  "2023-05": {
    "name": "Toxicroak",
    "percent": 0.40562,
    "usage": 2605,
    "rank": 177
  },
  "2023-06": {
    "name": "Toxicroak",
    "percent": 0.2612,
    "usage": 2352,
    "rank": 256
  },
  "2023-07": {
    "name": "Toxicroak",
    "percent": 0.36932,
    "usage": 2849,
    "rank": 216
  },
  "2023-08": {
    "name": "Toxicroak",
    "percent": 0.27595,
    "usage": 2398,
    "rank": 250
  },
  "2023-09": {
    "name": "Toxicroak",
    "percent": 0.32975,
    "usage": 2960,
    "rank": 261
  },
  "2023-09-DLC1": {
    "name": "Toxicroak",
    "percent": 0.32812,
    "usage": 1534,
    "rank": 258
  },
  "2023-10": {
    "name": "Toxicroak",
    "percent": 0.28586,
    "usage": 2574,
    "rank": 271
  },
  "2023-11": {
    "name": "Toxicroak",
    "percent": 0.20485,
    "usage": 2125,
    "rank": 303
  },
  "2023-12": {
    "name": "Toxicroak",
    "percent": 0.22578,
    "usage": 1898,
    "rank": 329
  },
  "2023-12-DLC2": {
    "name": "Toxicroak",
    "percent": 0.35447,
    "usage": 1058,
    "rank": 265
  },
  "2024-01": {
    "name": "Toxicroak",
    "percent": 0.23781,
    "usage": 2195,
    "rank": 319
  },
  "2024-02": {
    "name": "Toxicroak",
    "percent": 0.17462,
    "usage": 1630,
    "rank": 364
  },
  "2024-03": {
    "name": "Toxicroak",
    "percent": 0.41242,
    "usage": 2825,
    "rank": 247
  },
  "2024-04": {
    "name": "Toxicroak",
    "percent": 0.32867,
    "usage": 2006,
    "rank": 270
  },
  "2024-05": {
    "name": "Toxicroak",
    "percent": 0.25021,
    "usage": 994,
    "rank": 304
  },
  "2024-06": {
    "name": "Toxicroak",
    "percent": 0.20269,
    "usage": 1576,
    "rank": 348
  }
}