{
  "2022-11": {
    "name": "Falinks",
    "percent": 0.13388,
    "usage": 393,
    "rank": 163
  },
  "2022-12": {
    "name": "Falinks",
    "percent": 0.09224,
    "usage": 401,
    "rank": 193
  },
  "2023-01": {
    "name": "Falinks",
    "percent": 0.09632,
    "usage": 294,
    "rank": 199
  },
  "2023-02": {
    "name": "Falinks",
    "percent": 0.06914,
    "usage": 158,
    "rank": 217
  },
  "2023-03": {
    "name": "Falinks",
    "percent": 0.06945,
    "usage": 151,
    "rank": 215
  },
  "2023-04": {
    "name": "Falinks",
    "percent": 0.11724,
    "usage": 224,
    "rank": 189
  },
  "2023-05": {
    "name": "Falinks",
    "percent": 0.06047,
    "usage": 105,
    "rank": 288
  },
  "2023-06": {
    "name": "Falinks",
    "percent": 0.04905,
    "usage": 140,
    "rank": 302
  },
  "2023-07": {
    "name": "Falinks",
    "percent": 0.08145,
    "usage": 177,
    "rank": 277
  },
  "2023-08": {
    "name": "Falinks",
    "percent": 0.07653,
    "usage": 163,
    "rank": 286
  },
  "2023-09": {
    "name": "Falinks",
    "percent": 0.07127,
    "usage": 158,
    "rank": 342
  },
  "2023-09-DLC1": {
    "name": "Falinks",
    "percent": 0.05426,
    "usage": 69,
    "rank": 362
  },
  "2023-10": {
    "name": "Falinks",
    "percent": 0.04219,
    "usage": 111,
    "rank": 361
  },
  "2023-11": {
    "name": "Falinks",
    "percent": 0.10651,
    "usage": 284,
    "rank": 318
  },
  "2023-12": {
    "name": "Falinks",
    "percent": 0.0521,
    "usage": 176,
    "rank": 442
  },
  "2023-12-DLC2": {
    "name": "Falinks",
    "percent": 0.0255,
    "usage": 44,
    "rank": 484
  },
  "2024-01": {
    "name": "Falinks",
    "percent": 0.11915,
    "usage": 442,
    "rank": 355
  },
  "2024-02": {
    "name": "Falinks",
    "percent": 0.11546,
    "usage": 394,
    "rank": 358
  },
  "2024-03": {
    "name": "Falinks",
    "percent": 0.07984,
    "usage": 305,
    "rank": 383
  },
  "2024-04": {
    "name": "Falinks",
    "percent": 0.08713,
    "usage": 278,
    "rank": 384
  },
  "2024-05": {
    "name": "Falinks",
    "percent": 0.12468,
    "usage": 199,
    "rank": 348
  },
  "2024-06": {
    "name": "Falinks",
    "percent": 0.09921,
    "usage": 296,
    "rank": 386
  }
}