{
  "2022-11": {
    "name": "Falinks",
    "percent": 0.00061,
    "usage": 393,
    "rank": 162
  },
  "2022-12": {
    "name": "Falinks",
    "percent": 0.0,
    "usage": 401,
    "rank": 231
  },
  "2023-01": {
    "name": "Falinks",
    "percent": 0.00221,
    "usage": 294,
    "rank": 204
  },
  "2023-02": {
    "name": "Falinks",
    "percent": 0.00043,
    "usage": 158,
    "rank": 247
  },
  "2023-03": {
    "name": "Falinks",
    "percent": 0.00159,
    "usage": 151,
    "rank": 259
  },
  "2023-04": {
    "name": "Falinks",
    "percent": 0.00898,
    "usage": 224,
    "rank": 204
  },
  "2023-05": {
    "name": "Falinks",
    "percent": 0.00526,
    "usage": 105,
    "rank": 305
  },
  "2023-06": {
    "name": "Falinks",
    "percent": 0.00058,
    "usage": 140,
    "rank": 361
  },
  "2023-07": {
    "name": "Falinks",
    "percent": 0.00289,
    "usage": 177,
    "rank": 309
  },
  "2023-08": {
    "name": "Falinks",
    "percent": 0.00212,
    "usage": 163,
    "rank": 322
  },
  "2023-09": {
    "name": "Falinks",
    "percent": 0.00119,
    "usage": 158,
    "rank": 402
  },
  "2023-09-DLC1": {
    "name": "Falinks",
    "percent": 0.00043,
    "usage": 69,
    "rank": 431
  },
  "2023-10": {
    "name": "Falinks",
    "percent": 0.00086,
    "usage": 111,
    "rank": 402
  },
  "2023-11": {
    "name": "Falinks",
    "percent": 0.01558,
    "usage": 284,
    "rank": 281
  },
  "2023-12": {
    "name": "Falinks",
    "percent": 0.00395,
    "usage": 176,
    "rank": 438
  },
  "2023-12-DLC2": {
    "name": "Falinks",
    "percent": 0.00321,
    "usage": 44,
    "rank": 434
  },
  "2024-01": {
    "name": "Falinks",
    "percent": 0.0034,
    "usage": 442,
    "rank": 445
  },
  "2024-02": {
    "name": "Falinks",
    "percent": 0.00201,
    "usage": 394,
    "rank": 454
  },
  "2024-03": {
    "name": "Falinks",
    "percent": 0.00283,
    "usage": 305,
    "rank": 426
  },
  "2024-04": {
    "name": "Falinks",
    "percent": 0.00691,
    "usage": 278,
    "rank": 379
  },
  "2024-05": {
    "name": "Falinks",
    "percent": 0.00951,
    "usage": 199,
    "rank": 346
  },
  "2024-06": {
    "name": "Falinks",
    "percent": 0.0019,
    "usage": 296,
    "rank": 456
  }
}