{
  "2023-05": {
    "name": "Wyrdeer",
    "percent": 0.07259,
    "usage": 1862,
    "rank": 249
  },
  "2023-06": {
    "name": "Wyrdeer",
    "percent": 0.34899,
    "usage": 13955,
    "rank": 147
  },
  "2023-07": {
    "name": "Wyrdeer",
    "percent": 0.10232,
    "usage": 2736,
    "rank": 215
  },
  "2023-08": {
    "name": "Wyrdeer",
    "percent": 0.09062,
    "usage": 2266,
    "rank": 225
  },
  "2023-09": {
    "name": "Wyrdeer",
    "percent": 0.06284,
    "usage": 2403,
    "rank": 291
  },
  "2023-09-DLC1": {
    "name": "Wyrdeer",
    "percent": 0.03892,
    "usage": 938,
    "rank": 304
  },
  "2023-10": {
    "name": "Wyrdeer",
    "percent": 0.04722,
    "usage": 1614,
    "rank": 301
  },
  "2023-11": {
    "name": "Wyrdeer",
    "percent": 0.07092,
    "usage": 1900,
    "rank": 284
  },
  "2023-12": {
    "name": "Wyrdeer",
    "percent": 0.04513,
    "usage": 1681,
    "rank": 372
  },
  "2023-12-DLC2": {
    "name": "Wyrdeer",
    "percent": 0.04225,
    "usage": 904,
    "rank": 360
  },
  "2024-01": {
    "name": "Wyrdeer",
    "percent": 0.03025,
    "usage": 1138,
    "rank": 389
  },
  "2024-02": {
    "name": "Wyrdeer",
    "percent": 0.032,
    "usage": 903,
    "rank": 400
  },
  "2024-03": {
    "name": "Wyrdeer",
    "percent": 0.03507,
    "usage": 933,
    "rank": 397
  },
  "2024-04": {
    "name": "Wyrdeer",
    "percent": 0.03342,
    "usage": 778,
    "rank": 400
  },
  "2024-05": {
    "name": "Wyrdeer",
    "percent": 0.03184,
    "usage": 339,
    "rank": 405
  },
  "2024-06": {
    "name": "Wyrdeer",
    "percent": 0.04161,
    "usage": 860,
    "rank": 388
  }
}