{
  "2023-05": {
    "name": "Wyrdeer",
    "percent": 0.0072,
    "usage": 1862,
    "rank": 252
  },
  "2023-06": {
    "name": "Wyrdeer",
    "percent": 0.0776,
    "usage": 13955,
    "rank": 157
  },
  "2023-07": {
    "name": "Wyrdeer",
    "percent": 0.01011,
    "usage": 2736,
    "rank": 224
  },
  "2023-08": {
    "name": "Wyrdeer",
    "percent": 0.0232,
    "usage": 2266,
    "rank": 185
  },
  "2023-09": {
    "name": "Wyrdeer",
    "percent": 0.00318,
    "usage": 2403,
    "rank": 311
  },
  "2023-09-DLC1": {
    "name": "Wyrdeer",
    "percent": 0.00201,
    "usage": 938,
    "rank": 313
  },
  "2023-10": {
    "name": "Wyrdeer",
    "percent": 0.00164,
    "usage": 1614,
    "rank": 317
  },
  "2023-11": {
    "name": "Wyrdeer",
    "percent": 0.02237,
    "usage": 1900,
    "rank": 223
  },
  "2023-12": {
    "name": "Wyrdeer",
    "percent": 0.00487,
    "usage": 1681,
    "rank": 349
  },
  "2023-12-DLC2": {
    "name": "Wyrdeer",
    "percent": 0.00533,
    "usage": 904,
    "rank": 322
  },
  "2024-01": {
    "name": "Wyrdeer",
    "percent": 0.01881,
    "usage": 1138,
    "rank": 274
  },
  "2024-02": {
    "name": "Wyrdeer",
    "percent": 0.00132,
    "usage": 903,
    "rank": 398
  },
  "2024-03": {
    "name": "Wyrdeer",
    "percent": 0.00186,
    "usage": 933,
    "rank": 390
  },
  "2024-04": {
    "name": "Wyrdeer",
    "percent": 0.00123,
    "usage": 778,
    "rank": 398
  },
  "2024-05": {
    "name": "Wyrdeer",
    "percent": 0.00034,
    "usage": 339,
    "rank": 428
  },
  "2024-06": {
    "name": "Wyrdeer",
    "percent": 0.0031,
    "usage": 860,
    "rank": 366
  }
}