{
  "2022-11": {
    "name": "Vikavolt",
    "percent": 0.217,
    "usage": 1311,
    "rank": 391
  },
  "2022-12": {
    "name": "Vikavolt",
    "percent": 0.32781,
    "usage": 4168,
    "rank": 324
  },
  "2023-01": {
    "name": "Vikavolt",
    "percent": 0.41745,
    "usage": 5801,
    "rank": 266
  },
  "2023-02": {
    "name": "Vikavolt",
    "percent": 0.44113,
    "usage": 7334,
    "rank": 247
  },
  "2023-03": {
    "name": "Vikavolt",
    "percent": 0.31306,
    "usage": 6370,
    "rank": 277
  },
  "2023-04": {
    "name": "Vikavolt",
    "percent": 0.28403,
    "usage": 8914,
    "rank": 253
  },
  "2023-05": {
    "name": "Vikavolt",
    "percent": 0.26503,
    "usage": 7279,
    "rank": 263
  },
  "2023-06": {
    "name": "Vikavolt",
    "percent": 0.24929,
    "usage": 6513,
    "rank": 256
  },
  "2023-07": {
    "name": "Vikavolt",
    "percent": 0.27273,
    "usage": 6475,
    "rank": 255
  },
  "2023-08": {
    "name": "Vikavolt",
    "percent": 0.30902,
    "usage": 7748,
    "rank": 232
  },
  "2023-09": {
    "name": "Vikavolt",
    "percent": 0.32311,
    "usage": 8668,
    "rank": 232
  },
  "2023-09-DLC1": {
    "name": "Vikavolt",
    "percent": 0.29507,
    "usage": 4307,
    "rank": 238
  },
  "2023-10": {
    "name": "Vikavolt",
    "percent": 0.30485,
    "usage": 6888,
    "rank": 245
  },
  "2023-11": {
    "name": "Vikavolt",
    "percent": 0.39982,
    "usage": 7411,
    "rank": 213
  },
  "2023-12": {
    "name": "Vikavolt",
    "percent": 0.33691,
    "usage": 7522,
    "rank": 233
  },
  "2023-12-DLC2": {
    "name": "Vikavolt",
    "percent": 0.2962,
    "usage": 2888,
    "rank": 238
  },
  "2024-01": {
    "name": "Vikavolt",
    "percent": 0.2537,
    "usage": 6006,
    "rank": 252
  },
  "2024-02": {
    "name": "Vikavolt",
    "percent": 0.1686,
    "usage": 4950,
    "rank": 293
  },
  "2024-03": {
    "name": "Vikavolt",
    "percent": 0.24848,
    "usage": 6357,
    "rank": 257
  },
  "2024-04": {
    "name": "Vikavolt",
    "percent": 0.19345,
    "usage": 5752,
    "rank": 282
  },
  "2024-05": {
    "name": "Vikavolt",
    "percent": 0.33686,
    "usage": 3116,
    "rank": 205
  },
  "2024-06": {
    "name": "Vikavolt",
    "percent": 0.32895,
    "usage": 6801,
    "rank": 206
  }
}