{
  "2022-11": {
    "name": "Quagsire",
    "percent": 0.26277,
    "usage": 1630,
    "rank": 94
  },
  "2022-12": {
    "name": "Quagsire",
    "percent": 0.18105,
    "usage": 2356,
    "rank": 106
  },
  "2023-01": {
    "name": "Quagsire",
    "percent": 0.14088,
    "usage": 1986,
    "rank": 108
  },
  "2023-02": {
    "name": "Quagsire",
    "percent": 0.13846,
    "usage": 1625,
    "rank": 118
  },
  "2023-03": {
    "name": "Quagsire",
    "percent": 0.22584,
    "usage": 1354,
    "rank": 96
  },
  "2023-04": {
    "name": "Quagsire",
    "percent": 0.11931,
    "usage": 956,
    "rank": 118
  },
  "2023-05": {
    "name": "Quagsire",
    "percent": 0.59951,
    "usage": 1704,
    "rank": 90
  },
  "2023-06": {
    "name": "Quagsire",
    "percent": 0.37429,
    "usage": 2433,
    "rank": 102
  },
  "2023-07": {
    "name": "Quagsire",
    "percent": 0.3625,
    "usage": 1761,
    "rank": 102
  },
  "2023-08": {
    "name": "Quagsire",
    "percent": 0.40093,
    "usage": 1853,
    "rank": 100
  },
  "2023-09": {
    "name": "Quagsire",
    "percent": 0.19965,
    "usage": 1415,
    "rank": 147
  },
  "2023-09-DLC1": {
    "name": "Quagsire",
    "percent": 0.11066,
    "usage": 574,
    "rank": 180
  },
  "2023-10": {
    "name": "Quagsire",
    "percent": 0.12085,
    "usage": 1844,
    "rank": 158
  },
  "2023-11": {
    "name": "Quagsire",
    "percent": 0.18211,
    "usage": 2028,
    "rank": 135
  },
  "2023-12": {
    "name": "Quagsire",
    "percent": 0.18336,
    "usage": 2236,
    "rank": 159
  },
  "2023-12-DLC2": {
    "name": "Quagsire",
    "percent": 0.15483,
    "usage": 973,
    "rank": 166
  },
  "2024-01": {
    "name": "Quagsire",
    "percent": 0.29774,
    "usage": 2984,
    "rank": 127
  },
  "2024-02": {
    "name": "Quagsire",
    "percent": 0.16599,
    "usage": 2334,
    "rank": 160
  },
  "2024-03": {
    "name": "Quagsire",
    "percent": 0.17644,
    "usage": 1938,
    "rank": 140
  },
  "2024-04": {
    "name": "Quagsire",
    "percent": 0.14453,
    "usage": 1654,
    "rank": 156
  },
  "2024-05": {
    "name": "Quagsire",
    "percent": 0.12954,
    "usage": 899,
    "rank": 155
  },
  "2024-06": {
    "name": "Quagsire",
    "percent": 0.10841,
    "usage": 2086,
    "rank": 171
  }
}