{
  "2022-11": {
    "name": "Blacephalon",
    "percent": 0.65756,
    "usage": 9212,
    "rank": 151
  },
  "2022-12": {
    "name": "Blacephalon",
    "percent": 1.85891,
    "usage": 16504,
    "rank": 78
  },
  "2023-01": {
    "name": "Blacephalon",
    "percent": 1.26086,
    "usage": 17747,
    "rank": 97
  },
  "2023-02": {
    "name": "Blacephalon",
    "percent": 1.26518,
    "usage": 23981,
    "rank": 97
  },
  "2023-03": {
    "name": "Blacephalon",
    "percent": 1.07391,
    "usage": 26333,
    "rank": 98
  },
  "2023-04": {
    "name": "Blacephalon",
    "percent": 1.29873,
    "usage": 28304,
    "rank": 89
  },
  "2023-05": {
    "name": "Blacephalon",
    "percent": 1.50472,
    "usage": 32355,
    "rank": 81
  },
  "2023-06": {
    "name": "Blacephalon",
    "percent": 1.26968,
    "usage": 23125,
    "rank": 91
  },
  "2023-07": {
    "name": "Blacephalon",
    "percent": 1.40652,
    "usage": 24771,
    "rank": 83
  },
  "2023-08": {
    "name": "Blacephalon",
    "percent": 1.59384,
    "usage": 31660,
    "rank": 82
  },
  "2023-09": {
    "name": "Blacephalon",
    "percent": 1.55377,
    "usage": 28597,
    "rank": 85
  },
  "2023-09-DLC1": {
    "name": "Blacephalon",
    "percent": 1.6468,
    "usage": 13221,
    "rank": 85
  },
  "2023-10": {
    "name": "Blacephalon",
    "percent": 1.88305,
    "usage": 26723,
    "rank": 81
  },
  "2023-11": {
    "name": "Blacephalon",
    "percent": 1.76107,
    "usage": 26364,
    "rank": 86
  },
  "2023-12": {
    "name": "Blacephalon",
    "percent": 1.26784,
    "usage": 19376,
    "rank": 100
  },
  "2023-12-DLC2": {
    "name": "Blacephalon",
    "percent": 0.82317,
    "usage": 6895,
    "rank": 113
  },
  "2024-01": {
    "name": "Blacephalon",
    "percent": 0.77201,
    "usage": 15913,
    "rank": 119
  },
  "2024-02": {
    "name": "Blacephalon",
    "percent": 0.94062,
    "usage": 18245,
    "rank": 109
  },
  "2024-03": {
    "name": "Blacephalon",
    "percent": 1.02726,
    "usage": 18965,
    "rank": 105
  },
  "2024-04": {
    "name": "Blacephalon",
    "percent": 1.08006,
    "usage": 17224,
    "rank": 98
  },
  "2024-05": {
    "name": "Blacephalon",
    "percent": 1.18312,
    "usage": 9125,
    "rank": 98
  },
  "2024-06": {
    "name": "Blacephalon",
    "percent": 1.36971,
    "usage": 19236,
    "rank": 88
  }
}