{
  "2022-11": {
    "name": "Iron Valiant",
    "percent": 10.87926,
    "usage": 55925,
    "rank": 11
  },
  "2022-12": {
    "name": "Iron Valiant",
    "percent": 5.85429,
    "usage": 94562,
    "rank": 24
  },
  "2023-01": {
    "name": "Iron Valiant",
    "percent": 4.8261,
    "usage": 60743,
    "rank": 27
  },
  "2023-02": {
    "name": "Iron Valiant",
    "percent": 5.83533,
    "usage": 40217,
    "rank": 29
  },
  "2023-03": {
    "name": "Iron Valiant",
    "percent": 4.85408,
    "usage": 35780,
    "rank": 28
  },
  "2023-04": {
    "name": "Iron Valiant",
    "percent": 3.16439,
    "usage": 28086,
    "rank": 36
  },
  "2023-05": {
    "name": "Iron Valiant",
    "percent": 4.72767,
    "usage": 27870,
    "rank": 27
  },
  "2023-06": {
    "name": "Iron Valiant",
    "percent": 0.89382,
    "usage": 15616,
    "rank": 63
  },
  "2023-07": {
    "name": "Iron Valiant",
    "percent": 0.94938,
    "usage": 18440,
    "rank": 58
  },
  "2023-08": {
    "name": "Iron Valiant",
    "percent": 0.74606,
    "usage": 17834,
    "rank": 67
  },
  "2023-09": {
    "name": "Iron Valiant",
    "percent": 0.90397,
    "usage": 21329,
    "rank": 70
  },
  "2023-09-DLC1": {
    "name": "Iron Valiant",
    "percent": 0.8695,
    "usage": 11553,
    "rank": 75
  },
  "2023-10": {
    "name": "Iron Valiant",
    "percent": 0.76564,
    "usage": 23806,
    "rank": 80
  },
  "2023-11": {
    "name": "Iron Valiant",
    "percent": 0.58287,
    "usage": 16052,
    "rank": 89
  },
  "2023-12": {
    "name": "Iron Valiant",
    "percent": 0.78415,
    "usage": 12298,
    "rank": 76
  },
  "2023-12-DLC2": {
    "name": "Iron Valiant",
    "percent": 0.73892,
    "usage": 5084,
    "rank": 81
  },
  "2024-01": {
    "name": "Iron Valiant",
    "percent": 0.89369,
    "usage": 15778,
    "rank": 76
  },
  "2024-02": {
    "name": "Iron Valiant",
    "percent": 0.42448,
    "usage": 13757,
    "rank": 95
  },
  "2024-03": {
    "name": "Iron Valiant",
    "percent": 0.48683,
    "usage": 13275,
    "rank": 93
  },
  "2024-04": {
    "name": "Iron Valiant",
    "percent": 0.6473,
    "usage": 11787,
    "rank": 73
  },
  "2024-05": {
    "name": "Iron Valiant",
    "percent": 0.35271,
    "usage": 5571,
    "rank": 94
  },
  "2024-06": {
    "name": "Iron Valiant",
    "percent": 0.39482,
    "usage": 10377,
    "rank": 84
  }
}