{
  "2022-11": {
    "name": "Falinks",
    "percent": 0.07516,
    "usage": 4243,
    "rank": 197
  },
  "2022-12": {
    "name": "Falinks",
    "percent": 0.0689,
    "usage": 5186,
    "rank": 197
  },
  "2023-01": {
    "name": "Falinks",
    "percent": 0.06091,
    "usage": 3033,
    "rank": 203
  },
  "2023-02": {
    "name": "Falinks",
    "percent": 0.05143,
    "usage": 1891,
    "rank": 210
  },
  "2023-03": {
    "name": "Falinks",
    "percent": 0.04771,
    "usage": 2198,
    "rank": 200
  },
  "2023-04": {
    "name": "Falinks",
    "percent": 0.01788,
    "usage": 1237,
    "rank": 217
  },
  "2023-05": {
    "name": "Falinks",
    "percent": 0.01136,
    "usage": 958,
    "rank": 283
  },
  "2023-06": {
    "name": "Falinks",
    "percent": 0.00847,
    "usage": 1125,
    "rank": 278
  },
  "2023-07": {
    "name": "Falinks",
    "percent": 0.01188,
    "usage": 1118,
    "rank": 270
  },
  "2023-08": {
    "name": "Falinks",
    "percent": 0.01964,
    "usage": 1650,
    "rank": 253
  },
  "2023-09": {
    "name": "Falinks",
    "percent": 0.01289,
    "usage": 1443,
    "rank": 322
  },
  "2023-09-DLC1": {
    "name": "Falinks",
    "percent": 0.01163,
    "usage": 741,
    "rank": 319
  },
  "2023-10": {
    "name": "Falinks",
    "percent": 0.02439,
    "usage": 1889,
    "rank": 288
  },
  "2023-11": {
    "name": "Falinks",
    "percent": 0.02275,
    "usage": 1962,
    "rank": 292
  },
  "2023-12": {
    "name": "Falinks",
    "percent": 0.00975,
    "usage": 1530,
    "rank": 388
  },
  "2023-12-DLC2": {
    "name": "Falinks",
    "percent": 0.00494,
    "usage": 502,
    "rank": 409
  },
  "2024-01": {
    "name": "Falinks",
    "percent": 0.01135,
    "usage": 1489,
    "rank": 383
  },
  "2024-02": {
    "name": "Falinks",
    "percent": 0.02236,
    "usage": 2463,
    "rank": 358
  },
  "2024-03": {
    "name": "Falinks",
    "percent": 0.01317,
    "usage": 1558,
    "rank": 390
  },
  "2024-04": {
    "name": "Falinks",
    "percent": 0.01856,
    "usage": 1743,
    "rank": 362
  },
  "2024-05": {
    "name": "Falinks",
    "percent": 0.01903,
    "usage": 579,
    "rank": 374
  },
  "2024-06": {
    "name": "Falinks",
    "percent": 0.01088,
    "usage": 931,
    "rank": 401
  }
}