{
  "2022-11": {
    "name": "Dracozolt",
    "percent": 3.32431,
    "usage": 4954,
    "rank": 57
  },
  "2022-12": {
    "name": "Dracozolt",
    "percent": 0.30436,
    "usage": 8245,
    "rank": 203
  },
  "2023-01": {
    "name": "Dracozolt",
    "percent": 0.52131,
    "usage": 8482,
    "rank": 148
  },
  "2023-02": {
    "name": "Dracozolt",
    "percent": 1.13196,
    "usage": 9666,
    "rank": 102
  },
  "2023-03": {
    "name": "Dracozolt",
    "percent": 0.65602,
    "usage": 12297,
    "rank": 129
  },
  "2023-04": {
    "name": "Dracozolt",
    "percent": 0.62363,
    "usage": 12134,
    "rank": 133
  },
  "2023-05": {
    "name": "Dracozolt",
    "percent": 0.55245,
    "usage": 13169,
    "rank": 138
  },
  "2023-06": {
    "name": "Dracozolt",
    "percent": 0.55904,
    "usage": 9894,
    "rank": 146
  },
  "2023-07": {
    "name": "Dracozolt",
    "percent": 0.44538,
    "usage": 8180,
    "rank": 162
  },
  "2023-08": {
    "name": "Dracozolt",
    "percent": 0.51009,
    "usage": 10942,
    "rank": 150
  },
  "2023-09": {
    "name": "Dracozolt",
    "percent": 0.59213,
    "usage": 13030,
    "rank": 146
  },
  "2023-09-DLC1": {
    "name": "Dracozolt",
    "percent": 0.54452,
    "usage": 6349,
    "rank": 144
  },
  "2023-10": {
    "name": "Dracozolt",
    "percent": 0.62825,
    "usage": 15046,
    "rank": 136
  },
  "2023-11": {
    "name": "Dracozolt",
    "percent": 0.68281,
    "usage": 9850,
    "rank": 139
  },
  "2023-12": {
    "name": "Dracozolt",
    "percent": 0.79575,
    "usage": 10832,
    "rank": 127
  },
  "2023-12-DLC2": {
    "name": "Dracozolt",
    "percent": 0.68497,
    "usage": 4171,
    "rank": 124
  },
  "2024-01": {
    "name": "Dracozolt",
    "percent": 0.70488,
    "usage": 9825,
    "rank": 127
  },
  "2024-02": {
    "name": "Dracozolt",
    "percent": 0.65015,
    "usage": 9997,
    "rank": 132
  },
  "2024-03": {
    "name": "Dracozolt",
    "percent": 0.49689,
    "usage": 10052,
    "rank": 166
  },
  "2024-04": {
    "name": "Dracozolt",
    "percent": 0.44991,
    "usage": 8265,
    "rank": 161
  },
  "2024-05": {
    "name": "Dracozolt",
    "percent": 0.50537,
    "usage": 4072,
    "rank": 149
  },
  "2024-06": {
    "name": "Dracozolt",
    "percent": 0.39409,
    "usage": 9614,
    "rank": 163
  }
}