{
  "2023-09": {
    "name": "Illumise",
    "percent": 0.06987,
    "usage": 6027,
    "rank": 237
  },
  "2023-09-DLC1": {
    "name": "Illumise",
    "percent": 0.09005,
    "usage": 5129,
    "rank": 216
  },
  "2023-10": {
    "name": "Illumise",
    "percent": 0.05748,
    "usage": 3176,
    "rank": 239
  },
  "2023-11": {
    "name": "Illumise",
    "percent": 0.02022,
    "usage": 1562,
    "rank": 298
  },
  "2023-12": {
    "name": "Illumise",
    "percent": 0.00586,
    "usage": 1121,
    "rank": 414
  },
  "2023-12-DLC2": {
    "name": "Illumise",
    "percent": 0.00444,
    "usage": 453,
    "rank": 414
  },
  "2024-01": {
    "name": "Illumise",
    "percent": 0.04255,
    "usage": 1802,
    "rank": 301
  },
  "2024-02": {
    "name": "Illumise",
    "percent": 0.0406,
    "usage": 1498,
    "rank": 306
  },
  "2024-03": {
    "name": "Illumise",
    "percent": 0.01917,
    "usage": 993,
    "rank": 370
  },
  "2024-04": {
    "name": "Illumise",
    "percent": 0.01876,
    "usage": 1098,
    "rank": 361
  },
  "2024-05": {
    "name": "Illumise",
    "percent": 0.04015,
    "usage": 704,
    "rank": 319
  },
  "2024-06": {
    "name": "Illumise",
    "percent": 0.0421,
    "usage": 1672,
    "rank": 321
  }
}