{
  "2023-12": {
    "name": "Whimsicott",
    "percent": 0.68307,
    "usage": 25441,
    "rank": 126
  },
  "2023-12-DLC2": {
    "name": "Whimsicott",
    "percent": 0.96321,
    "usage": 20611,
    "rank": 102
  },
  "2024-01": {
    "name": "Whimsicott",
    "percent": 0.62476,
    "usage": 23503,
    "rank": 129
  },
  "2024-02": {
    "name": "Whimsicott",
    "percent": 0.60227,
    "usage": 16993,
    "rank": 134
  },
  "2024-03": {
    "name": "Whimsicott",
    "percent": 0.53508,
    "usage": 14234,
    "rank": 145
  },
  "2024-04": {
    "name": "Whimsicott",
    "percent": 0.55214,
    "usage": 12852,
    "rank": 145
  },
  "2024-05": {
    "name": "Whimsicott",
    "percent": 0.54031,
    "usage": 5753,
    "rank": 157
  },
  "2024-06": {
    "name": "Whimsicott",
    "percent": 0.55162,
    "usage": 11400,
    "rank": 151
  }
}