{
  "2022-11": {
    "name": "Mawile",
    "percent": 0.06785,
    "usage": 401,
    "rank": 556
  },
  "2022-12": {
    "name": "Mawile",
    "percent": 0.04459,
    "usage": 548,
    "rank": 594
  },
  "2023-01": {
    "name": "Mawile",
    "percent": 0.0461,
    "usage": 626,
    "rank": 585
  },
  "2023-02": {
    "name": "Mawile",
    "percent": 0.05094,
    "usage": 795,
    "rank": 588
  },
  "2023-03": {
    "name": "Mawile",
    "percent": 0.0385,
    "usage": 679,
    "rank": 603
  },
  "2023-04": {
    "name": "Mawile",
    "percent": 0.04704,
    "usage": 828,
    "rank": 578
  },
  "2023-05": {
    "name": "Mawile",
    "percent": 0.03333,
    "usage": 622,
    "rank": 624
  },
  "2023-06": {
    "name": "Mawile",
    "percent": 0.04247,
    "usage": 714,
    "rank": 596
  },
  "2023-07": {
    "name": "Mawile",
    "percent": 0.03936,
    "usage": 637,
    "rank": 612
  },
  "2023-08": {
    "name": "Mawile",
    "percent": 0.03142,
    "usage": 578,
    "rank": 627
  },
  "2023-09": {
    "name": "Mawile",
    "percent": 0.03627,
    "usage": 622,
    "rank": 619
  },
  "2023-09-DLC1": {
    "name": "Mawile",
    "percent": 0.03703,
    "usage": 316,
    "rank": 615
  },
  "2023-10": {
    "name": "Mawile",
    "percent": 0.05068,
    "usage": 799,
    "rank": 604
  },
  "2023-11": {
    "name": "Mawile",
    "percent": 0.0545,
    "usage": 737,
    "rank": 597
  },
  "2023-12": {
    "name": "Mawile",
    "percent": 0.03026,
    "usage": 387,
    "rank": 652
  },
  "2023-12-DLC2": {
    "name": "Mawile",
    "percent": 0.02665,
    "usage": 146,
    "rank": 657
  },
  "2024-01": {
    "name": "Mawile",
    "percent": 0.0418,
    "usage": 516,
    "rank": 621
  },
  "2024-02": {
    "name": "Mawile",
    "percent": 0.02966,
    "usage": 384,
    "rank": 639
  },
  "2024-03": {
    "name": "Mawile",
    "percent": 0.0396,
    "usage": 533,
    "rank": 627
  },
  "2024-04": {
    "name": "Mawile",
    "percent": 0.05592,
    "usage": 680,
    "rank": 591
  },
  "2024-05": {
    "name": "Mawile",
    "percent": 0.10098,
    "usage": 604,
    "rank": 502
  },
  "2024-06": {
    "name": "Mawile",
    "percent": 0.02629,
    "usage": 343,
    "rank": 639
  }
}