{
  "2022-11": {
    "name": "Annihilape",
    "percent": 5.00182,
    "usage": 637774,
    "rank": 41
  },
  "2022-12": {
    "name": "Annihilape",
    "percent": 20.66447,
    "usage": 1158704,
    "rank": 9
  },
  "2023-01": {
    "name": "Annihilape",
    "percent": 5.36979,
    "usage": 217343,
    "rank": 33
  }
}