{
  "2022-11": {
    "name": "Croagunk",
    "percent": 11.15698,
    "usage": 2730,
    "rank": 13
  },
  "2022-12": {
    "name": "Croagunk",
    "percent": 1.84679,
    "usage": 4972,
    "rank": 42
  },
  "2023-01": {
    "name": "Croagunk",
    "percent": 1.23549,
    "usage": 4646,
    "rank": 45
  },
  "2023-02": {
    "name": "Croagunk",
    "percent": 2.38053,
    "usage": 3575,
    "rank": 44
  },
  "2023-03": {
    "name": "Croagunk",
    "percent": 1.06614,
    "usage": 2731,
    "rank": 61
  },
  "2023-04": {
    "name": "Croagunk",
    "percent": 2.14325,
    "usage": 2317,
    "rank": 42
  },
  "2023-05": {
    "name": "Croagunk",
    "percent": 1.06546,
    "usage": 1792,
    "rank": 56
  },
  "2023-06": {
    "name": "Croagunk",
    "percent": 1.76361,
    "usage": 1185,
    "rank": 48
  },
  "2023-07": {
    "name": "Croagunk",
    "percent": 1.31106,
    "usage": 1473,
    "rank": 53
  },
  "2023-08": {
    "name": "Croagunk",
    "percent": 5.73526,
    "usage": 2971,
    "rank": 26
  },
  "2023-09": {
    "name": "Croagunk",
    "percent": 2.3641,
    "usage": 2180,
    "rank": 46
  },
  "2023-09-DLC1": {
    "name": "Croagunk",
    "percent": 0.65235,
    "usage": 895,
    "rank": 67
  },
  "2023-10": {
    "name": "Croagunk",
    "percent": 1.80987,
    "usage": 1946,
    "rank": 43
  },
  "2023-11": {
    "name": "Croagunk",
    "percent": 2.69788,
    "usage": 1551,
    "rank": 36
  },
  "2023-12": {
    "name": "Croagunk",
    "percent": 1.37165,
    "usage": 945,
    "rank": 58
  },
  "2023-12-DLC2": {
    "name": "Croagunk",
    "percent": 0.70452,
    "usage": 428,
    "rank": 78
  },
  "2024-01": {
    "name": "Croagunk",
    "percent": 0.71714,
    "usage": 1137,
    "rank": 82
  },
  "2024-02": {
    "name": "Croagunk",
    "percent": 1.68909,
    "usage": 1136,
    "rank": 50
  },
  "2024-03": {
    "name": "Croagunk",
    "percent": 1.36054,
    "usage": 1177,
    "rank": 61
  },
  "2024-04": {
    "name": "Croagunk",
    "percent": 1.30647,
    "usage": 1363,
    "rank": 53
  },
  "2024-05": {
    "name": "Croagunk",
    "percent": 4.07398,
    "usage": 506,
    "rank": 32
  },
  "2024-06": {
    "name": "Croagunk",
    "percent": 0.55517,
    "usage": 673,
    "rank": 82
  }
}