{
  "2023-12": {
    "name": "Archaludon",
    "percent": 2.93828,
    "usage": 12649,
    "rank": 52
  },
  "2023-12-DLC2": {
    "name": "Archaludon",
    "percent": 5.74262,
    "usage": 11454,
    "rank": 14
  },
  "2024-01": {
    "name": "Archaludon",
    "percent": 4.45948,
    "usage": 21926,
    "rank": 24
  },
  "2024-02": {
    "name": "Archaludon",
    "percent": 3.57368,
    "usage": 16345,
    "rank": 35
  },
  "2024-03": {
    "name": "Archaludon",
    "percent": 3.6989,
    "usage": 17578,
    "rank": 31
  },
  "2024-04": {
    "name": "Archaludon",
    "percent": 3.20037,
    "usage": 14358,
    "rank": 47
  },
  "2024-05": {
    "name": "Archaludon",
    "percent": 3.05104,
    "usage": 6474,
    "rank": 46
  },
  "2024-06": {
    "name": "Archaludon",
    "percent": 2.93889,
    "usage": 10730,
    "rank": 51
  }
}