{
  "2022-11": {
    "name": "Wingull",
    "percent": 1.46964,
    "usage": 1154,
    "rank": 72
  },
  "2022-12": {
    "name": "Wingull",
    "percent": 1.13379,
    "usage": 1330,
    "rank": 85
  },
  "2023-01": {
    "name": "Wingull",
    "percent": 1.01916,
    "usage": 1053,
    "rank": 82
  },
  "2023-02": {
    "name": "Wingull",
    "percent": 3.28467,
    "usage": 2038,
    "rank": 44
  },
  "2023-03": {
    "name": "Wingull",
    "percent": 4.44042,
    "usage": 2187,
    "rank": 34
  },
  "2023-04": {
    "name": "Wingull",
    "percent": 6.60488,
    "usage": 2825,
    "rank": 23
  },
  "2023-05": {
    "name": "Wingull",
    "percent": 7.69902,
    "usage": 3517,
    "rank": 21
  },
  "2023-06": {
    "name": "Wingull",
    "percent": 5.11341,
    "usage": 2030,
    "rank": 29
  },
  "2023-07": {
    "name": "Wingull",
    "percent": 5.35988,
    "usage": 2073,
    "rank": 27
  },
  "2023-08": {
    "name": "Wingull",
    "percent": 2.06237,
    "usage": 1292,
    "rank": 50
  },
  "2023-09": {
    "name": "Wingull",
    "percent": 1.62843,
    "usage": 949,
    "rank": 59
  },
  "2023-09-DLC1": {
    "name": "Wingull",
    "percent": 1.20798,
    "usage": 407,
    "rank": 73
  },
  "2023-10": {
    "name": "Wingull",
    "percent": 1.39891,
    "usage": 1079,
    "rank": 62
  },
  "2023-11": {
    "name": "Wingull",
    "percent": 1.91877,
    "usage": 919,
    "rank": 52
  },
  "2023-12": {
    "name": "Wingull",
    "percent": 1.34497,
    "usage": 688,
    "rank": 74
  },
  "2023-12-DLC2": {
    "name": "Wingull",
    "percent": 0.85169,
    "usage": 255,
    "rank": 88
  },
  "2024-01": {
    "name": "Wingull",
    "percent": 0.76388,
    "usage": 744,
    "rank": 95
  },
  "2024-02": {
    "name": "Wingull",
    "percent": 1.12703,
    "usage": 711,
    "rank": 76
  },
  "2024-03": {
    "name": "Wingull",
    "percent": 1.244,
    "usage": 677,
    "rank": 68
  },
  "2024-04": {
    "name": "Wingull",
    "percent": 1.46335,
    "usage": 935,
    "rank": 60
  },
  "2024-05": {
    "name": "Wingull",
    "percent": 2.11368,
    "usage": 406,
    "rank": 54
  },
  "2024-06": {
    "name": "Wingull",
    "percent": 2.11197,
    "usage": 596,
    "rank": 61
  }
}