{
  "2022-11": {
    "name": "Glimmora",
    "percent": 18.36168,
    "usage": 923712,
    "rank": 5
  },
  "2022-12": {
    "name": "Glimmora",
    "percent": 19.25298,
    "usage": 1298004,
    "rank": 7
  },
  "2023-01": {
    "name": "Glimmora",
    "percent": 15.75653,
    "usage": 687111,
    "rank": 10
  },
  "2023-02": {
    "name": "Glimmora",
    "percent": 13.73779,
    "usage": 401733,
    "rank": 12
  },
  "2023-03": {
    "name": "Glimmora",
    "percent": 12.16527,
    "usage": 363840,
    "rank": 18
  },
  "2023-04": {
    "name": "Glimmora",
    "percent": 12.38377,
    "usage": 295902,
    "rank": 17
  },
  "2023-05": {
    "name": "Glimmora",
    "percent": 11.87345,
    "usage": 297236,
    "rank": 14
  },
  "2023-06": {
    "name": "Glimmora",
    "percent": 6.98539,
    "usage": 291707,
    "rank": 30
  },
  "2023-07": {
    "name": "Glimmora",
    "percent": 7.43118,
    "usage": 214658,
    "rank": 22
  },
  "2023-08": {
    "name": "Glimmora",
    "percent": 6.99575,
    "usage": 193576,
    "rank": 30
  },
  "2023-09": {
    "name": "Glimmora",
    "percent": 8.3209,
    "usage": 305213,
    "rank": 22
  },
  "2023-09-DLC1": {
    "name": "Glimmora",
    "percent": 9.6882,
    "usage": 210689,
    "rank": 15
  },
  "2023-10": {
    "name": "Glimmora",
    "percent": 11.58287,
    "usage": 365283,
    "rank": 11
  },
  "2023-11": {
    "name": "Glimmora",
    "percent": 9.97228,
    "usage": 268159,
    "rank": 18
  },
  "2023-12": {
    "name": "Glimmora",
    "percent": 7.62153,
    "usage": 280440,
    "rank": 28
  },
  "2023-12-DLC2": {
    "name": "Glimmora",
    "percent": 7.28384,
    "usage": 148623,
    "rank": 27
  },
  "2024-01": {
    "name": "Glimmora",
    "percent": 8.5824,
    "usage": 312982,
    "rank": 24
  },
  "2024-02": {
    "name": "Glimmora",
    "percent": 9.34982,
    "usage": 260391,
    "rank": 21
  },
  "2024-03": {
    "name": "Glimmora",
    "percent": 11.59325,
    "usage": 290955,
    "rank": 15
  },
  "2024-04": {
    "name": "Glimmora",
    "percent": 13.42038,
    "usage": 284653,
    "rank": 11
  },
  "2024-05": {
    "name": "Glimmora",
    "percent": 12.55359,
    "usage": 120997,
    "rank": 12
  },
  "2024-06": {
    "name": "Glimmora",
    "percent": 12.98377,
    "usage": 245252,
    "rank": 12
  }
}