{
  "2022-11": {
    "name": "Bronzong",
    "percent": 0.79017,
    "usage": 3696,
    "rank": 94
  },
  "2022-12": {
    "name": "Bronzong",
    "percent": 0.39056,
    "usage": 7010,
    "rank": 120
  },
  "2023-01": {
    "name": "Bronzong",
    "percent": 0.67091,
    "usage": 4469,
    "rank": 105
  },
  "2023-02": {
    "name": "Bronzong",
    "percent": 0.28623,
    "usage": 2682,
    "rank": 148
  },
  "2023-03": {
    "name": "Bronzong",
    "percent": 0.12393,
    "usage": 3025,
    "rank": 177
  },
  "2023-04": {
    "name": "Bronzong",
    "percent": 0.19404,
    "usage": 2569,
    "rank": 158
  },
  "2023-05": {
    "name": "Bronzong",
    "percent": 0.12239,
    "usage": 2617,
    "rank": 219
  },
  "2023-06": {
    "name": "Bronzong",
    "percent": 0.08793,
    "usage": 1864,
    "rank": 257
  },
  "2023-07": {
    "name": "Bronzong",
    "percent": 0.10351,
    "usage": 2536,
    "rank": 249
  },
  "2023-08": {
    "name": "Bronzong",
    "percent": 0.11893,
    "usage": 2323,
    "rank": 240
  },
  "2023-09": {
    "name": "Bronzong",
    "percent": 0.15942,
    "usage": 2193,
    "rank": 252
  },
  "2023-09-DLC1": {
    "name": "Bronzong",
    "percent": 0.15994,
    "usage": 1310,
    "rank": 254
  },
  "2023-10": {
    "name": "Bronzong",
    "percent": 0.07416,
    "usage": 2656,
    "rank": 305
  },
  "2023-11": {
    "name": "Bronzong",
    "percent": 0.07081,
    "usage": 2098,
    "rank": 304
  },
  "2023-12": {
    "name": "Bronzong",
    "percent": 0.0187,
    "usage": 1169,
    "rank": 446
  },
  "2023-12-DLC2": {
    "name": "Bronzong",
    "percent": 0.01251,
    "usage": 388,
    "rank": 465
  },
  "2024-01": {
    "name": "Bronzong",
    "percent": 0.07748,
    "usage": 1429,
    "rank": 335
  },
  "2024-02": {
    "name": "Bronzong",
    "percent": 0.06689,
    "usage": 1146,
    "rank": 343
  },
  "2024-03": {
    "name": "Bronzong",
    "percent": 0.03347,
    "usage": 1214,
    "rank": 415
  },
  "2024-04": {
    "name": "Bronzong",
    "percent": 0.04594,
    "usage": 1149,
    "rank": 375
  },
  "2024-05": {
    "name": "Bronzong",
    "percent": 0.16803,
    "usage": 741,
    "rank": 229
  },
  "2024-06": {
    "name": "Bronzong",
    "percent": 0.07088,
    "usage": 1253,
    "rank": 314
  }
}