{
  "2022-11": {
    "name": "Bronzong",
    "percent": 2.40142,
    "usage": 3696,
    "rank": 47
  },
  "2022-12": {
    "name": "Bronzong",
    "percent": 0.15988,
    "usage": 7010,
    "rank": 112
  },
  "2023-01": {
    "name": "Bronzong",
    "percent": 0.06879,
    "usage": 4469,
    "rank": 142
  },
  "2023-02": {
    "name": "Bronzong",
    "percent": 0.21267,
    "usage": 2682,
    "rank": 112
  },
  "2023-03": {
    "name": "Bronzong",
    "percent": 0.02227,
    "usage": 3025,
    "rank": 188
  },
  "2023-04": {
    "name": "Bronzong",
    "percent": 0.04119,
    "usage": 2569,
    "rank": 162
  },
  "2023-05": {
    "name": "Bronzong",
    "percent": 0.03361,
    "usage": 2617,
    "rank": 228
  },
  "2023-06": {
    "name": "Bronzong",
    "percent": 0.0138,
    "usage": 1864,
    "rank": 265
  },
  "2023-07": {
    "name": "Bronzong",
    "percent": 0.02237,
    "usage": 2536,
    "rank": 249
  },
  "2023-08": {
    "name": "Bronzong",
    "percent": 0.02375,
    "usage": 2323,
    "rank": 242
  },
  "2023-09": {
    "name": "Bronzong",
    "percent": 0.03719,
    "usage": 2193,
    "rank": 254
  },
  "2023-09-DLC1": {
    "name": "Bronzong",
    "percent": 0.0167,
    "usage": 1310,
    "rank": 304
  },
  "2023-10": {
    "name": "Bronzong",
    "percent": 0.01546,
    "usage": 2656,
    "rank": 302
  },
  "2023-11": {
    "name": "Bronzong",
    "percent": 0.01908,
    "usage": 2098,
    "rank": 285
  },
  "2023-12": {
    "name": "Bronzong",
    "percent": 0.00276,
    "usage": 1169,
    "rank": 457
  },
  "2023-12-DLC2": {
    "name": "Bronzong",
    "percent": 0.00133,
    "usage": 388,
    "rank": 473
  },
  "2024-01": {
    "name": "Bronzong",
    "percent": 0.01168,
    "usage": 1429,
    "rank": 351
  },
  "2024-02": {
    "name": "Bronzong",
    "percent": 0.00914,
    "usage": 1146,
    "rank": 363
  },
  "2024-03": {
    "name": "Bronzong",
    "percent": 0.00837,
    "usage": 1214,
    "rank": 381
  },
  "2024-04": {
    "name": "Bronzong",
    "percent": 0.00713,
    "usage": 1149,
    "rank": 379
  },
  "2024-05": {
    "name": "Bronzong",
    "percent": 0.04089,
    "usage": 741,
    "rank": 207
  },
  "2024-06": {
    "name": "Bronzong",
    "percent": 0.00898,
    "usage": 1253,
    "rank": 334
  }
}