{
  "2022-11": {
    "name": "Kommo-o",
    "percent": 1.17812,
    "usage": 10228,
    "rank": 109
  },
  "2022-12": {
    "name": "Kommo-o",
    "percent": 0.93596,
    "usage": 23308,
    "rank": 110
  },
  "2023-01": {
    "name": "Kommo-o",
    "percent": 1.92116,
    "usage": 26860,
    "rank": 80
  },
  "2023-02": {
    "name": "Kommo-o",
    "percent": 3.53063,
    "usage": 51571,
    "rank": 44
  },
  "2023-03": {
    "name": "Kommo-o",
    "percent": 3.4672,
    "usage": 56254,
    "rank": 47
  },
  "2023-04": {
    "name": "Kommo-o",
    "percent": 4.08094,
    "usage": 64033,
    "rank": 42
  },
  "2023-05": {
    "name": "Kommo-o",
    "percent": 3.99362,
    "usage": 66457,
    "rank": 40
  },
  "2023-06": {
    "name": "Kommo-o",
    "percent": 3.40993,
    "usage": 52397,
    "rank": 45
  },
  "2023-07": {
    "name": "Kommo-o",
    "percent": 4.58582,
    "usage": 58154,
    "rank": 39
  },
  "2023-08": {
    "name": "Kommo-o",
    "percent": 6.0656,
    "usage": 86536,
    "rank": 34
  },
  "2023-09": {
    "name": "Kommo-o",
    "percent": 6.49869,
    "usage": 88839,
    "rank": 29
  },
  "2023-09-DLC1": {
    "name": "Kommo-o",
    "percent": 6.93637,
    "usage": 45344,
    "rank": 27
  },
  "2023-10": {
    "name": "Kommo-o",
    "percent": 6.4895,
    "usage": 85739,
    "rank": 31
  },
  "2023-11": {
    "name": "Kommo-o",
    "percent": 5.04193,
    "usage": 67484,
    "rank": 37
  },
  "2023-12": {
    "name": "Kommo-o",
    "percent": 4.33352,
    "usage": 49161,
    "rank": 45
  },
  "2023-12-DLC2": {
    "name": "Kommo-o",
    "percent": 3.39799,
    "usage": 17761,
    "rank": 54
  },
  "2024-01": {
    "name": "Kommo-o",
    "percent": 3.6111,
    "usage": 40688,
    "rank": 52
  },
  "2024-02": {
    "name": "Kommo-o",
    "percent": 2.9648,
    "usage": 40915,
    "rank": 60
  },
  "2024-03": {
    "name": "Kommo-o",
    "percent": 3.90891,
    "usage": 43519,
    "rank": 50
  },
  "2024-04": {
    "name": "Kommo-o",
    "percent": 3.31929,
    "usage": 39334,
    "rank": 56
  },
  "2024-05": {
    "name": "Kommo-o",
    "percent": 2.85058,
    "usage": 17665,
    "rank": 64
  },
  "2024-06": {
    "name": "Kommo-o",
    "percent": 2.92222,
    "usage": 37742,
    "rank": 60
  }
}