{
  "2022-11": {
    "name": "Poliwrath",
    "percent": 0.21623,
    "usage": 1278,
    "rank": 397
  },
  "2022-12": {
    "name": "Poliwrath",
    "percent": 0.25007,
    "usage": 3073,
    "rank": 381
  },
  "2023-01": {
    "name": "Poliwrath",
    "percent": 0.21335,
    "usage": 2897,
    "rank": 389
  },
  "2023-02": {
    "name": "Poliwrath",
    "percent": 0.18987,
    "usage": 2963,
    "rank": 413
  },
  "2023-03": {
    "name": "Poliwrath",
    "percent": 0.21642,
    "usage": 3817,
    "rank": 366
  },
  "2023-04": {
    "name": "Poliwrath",
    "percent": 0.26999,
    "usage": 4752,
    "rank": 320
  },
  "2023-05": {
    "name": "Poliwrath",
    "percent": 0.28606,
    "usage": 5339,
    "rank": 311
  },
  "2023-06": {
    "name": "Poliwrath",
    "percent": 0.27436,
    "usage": 4613,
    "rank": 315
  },
  "2023-07": {
    "name": "Poliwrath",
    "percent": 0.42533,
    "usage": 6884,
    "rank": 255
  },
  "2023-08": {
    "name": "Poliwrath",
    "percent": 0.34334,
    "usage": 6317,
    "rank": 282
  },
  "2023-09": {
    "name": "Poliwrath",
    "percent": 0.26244,
    "usage": 4500,
    "rank": 336
  },
  "2023-09-DLC1": {
    "name": "Poliwrath",
    "percent": 0.29953,
    "usage": 2556,
    "rank": 304
  },
  "2023-10": {
    "name": "Poliwrath",
    "percent": 0.28795,
    "usage": 4540,
    "rank": 324
  },
  "2023-11": {
    "name": "Poliwrath",
    "percent": 0.31257,
    "usage": 4227,
    "rank": 313
  },
  "2023-12": {
    "name": "Poliwrath",
    "percent": 0.30201,
    "usage": 3862,
    "rank": 313
  },
  "2023-12-DLC2": {
    "name": "Poliwrath",
    "percent": 0.28347,
    "usage": 1553,
    "rank": 306
  },
  "2024-01": {
    "name": "Poliwrath",
    "percent": 0.29474,
    "usage": 3638,
    "rank": 305
  },
  "2024-02": {
    "name": "Poliwrath",
    "percent": 0.23215,
    "usage": 3006,
    "rank": 344
  },
  "2024-03": {
    "name": "Poliwrath",
    "percent": 0.22819,
    "usage": 3071,
    "rank": 349
  },
  "2024-04": {
    "name": "Poliwrath",
    "percent": 0.24546,
    "usage": 2985,
    "rank": 342
  },
  "2024-05": {
    "name": "Poliwrath",
    "percent": 0.22737,
    "usage": 1360,
    "rank": 349
  },
  "2024-06": {
    "name": "Poliwrath",
    "percent": 0.17619,
    "usage": 2299,
    "rank": 373
  }
}