{
  "2023-05": {
    "name": "Uxie",
    "percent": 0.03356,
    "usage": 178,
    "rank": 229
  },
  "2023-06": {
    "name": "Uxie",
    "percent": 0.14043,
    "usage": 2791,
    "rank": 142
  },
  "2023-07": {
    "name": "Uxie",
    "percent": 0.04548,
    "usage": 2835,
    "rank": 203
  },
  "2023-08": {
    "name": "Uxie",
    "percent": 0.05269,
    "usage": 2532,
    "rank": 197
  },
  "2023-09": {
    "name": "Uxie",
    "percent": 0.03399,
    "usage": 1903,
    "rank": 263
  },
  "2023-09-DLC1": {
    "name": "Uxie",
    "percent": 0.028,
    "usage": 1117,
    "rank": 274
  },
  "2023-10": {
    "name": "Uxie",
    "percent": 0.0261,
    "usage": 2338,
    "rank": 274
  },
  "2023-11": {
    "name": "Uxie",
    "percent": 0.05574,
    "usage": 1823,
    "rank": 207
  },
  "2023-12": {
    "name": "Uxie",
    "percent": 0.04597,
    "usage": 1241,
    "rank": 248
  },
  "2023-12-DLC2": {
    "name": "Uxie",
    "percent": 0.0872,
    "usage": 580,
    "rank": 200
  },
  "2024-01": {
    "name": "Uxie",
    "percent": 0.02342,
    "usage": 1186,
    "rank": 291
  },
  "2024-02": {
    "name": "Uxie",
    "percent": 0.02672,
    "usage": 1250,
    "rank": 280
  },
  "2024-03": {
    "name": "Uxie",
    "percent": 0.01179,
    "usage": 1766,
    "rank": 346
  },
  "2024-04": {
    "name": "Uxie",
    "percent": 0.01383,
    "usage": 1366,
    "rank": 316
  },
  "2024-05": {
    "name": "Uxie",
    "percent": 0.3296,
    "usage": 647,
    "rank": 95
  },
  "2024-06": {
    "name": "Uxie",
    "percent": 0.03292,
    "usage": 1043,
    "rank": 229
  }
}