{
  "2023-03": {
    "name": "Rowlet",
    "percent": 1.0668,
    "usage": 580,
    "rank": 87
  },
  "2023-04": {
    "name": "Rowlet",
    "percent": 1.62444,
    "usage": 854,
    "rank": 72
  },
  "2023-05": {
    "name": "Rowlet",
    "percent": 1.44532,
    "usage": 779,
    "rank": 77
  },
  "2023-06": {
    "name": "Rowlet",
    "percent": 1.24916,
    "usage": 518,
    "rank": 85
  },
  "2023-07": {
    "name": "Rowlet",
    "percent": 0.62087,
    "usage": 261,
    "rank": 105
  },
  "2023-08": {
    "name": "Rowlet",
    "percent": 0.60739,
    "usage": 344,
    "rank": 103
  },
  "2023-09": {
    "name": "Rowlet",
    "percent": 0.93996,
    "usage": 537,
    "rank": 94
  },
  "2023-09-DLC1": {
    "name": "Rowlet",
    "percent": 0.83405,
    "usage": 251,
    "rank": 102
  },
  "2023-10": {
    "name": "Rowlet",
    "percent": 0.8655,
    "usage": 605,
    "rank": 105
  },
  "2023-11": {
    "name": "Rowlet",
    "percent": 0.53727,
    "usage": 239,
    "rank": 129
  },
  "2023-12": {
    "name": "Rowlet",
    "percent": 0.5404,
    "usage": 242,
    "rank": 138
  },
  "2023-12-DLC2": {
    "name": "Rowlet",
    "percent": 0.64505,
    "usage": 146,
    "rank": 129
  },
  "2024-01": {
    "name": "Rowlet",
    "percent": 0.55903,
    "usage": 306,
    "rank": 138
  },
  "2024-02": {
    "name": "Rowlet",
    "percent": 0.32652,
    "usage": 139,
    "rank": 160
  },
  "2024-03": {
    "name": "Rowlet",
    "percent": 0.40274,
    "usage": 181,
    "rank": 156
  },
  "2024-04": {
    "name": "Rowlet",
    "percent": 0.48858,
    "usage": 278,
    "rank": 128
  },
  "2024-05": {
    "name": "Rowlet",
    "percent": 0.50756,
    "usage": 88,
    "rank": 142
  },
  "2024-06": {
    "name": "Rowlet",
    "percent": 0.52185,
    "usage": 165,
    "rank": 129
  }
}