{
  "2023-12": {
    "name": "Tentacruel",
    "percent": 0.45389,
    "usage": 48887,
    "rank": 118
  },
  "2023-12-DLC2": {
    "name": "Tentacruel",
    "percent": 0.59411,
    "usage": 39406,
    "rank": 102
  },
  "2024-01": {
    "name": "Tentacruel",
    "percent": 0.54091,
    "usage": 45665,
    "rank": 101
  },
  "2024-02": {
    "name": "Tentacruel",
    "percent": 0.41032,
    "usage": 35760,
    "rank": 103
  },
  "2024-03": {
    "name": "Tentacruel",
    "percent": 0.16044,
    "usage": 20139,
    "rank": 149
  },
  "2024-04": {
    "name": "Tentacruel",
    "percent": 0.10778,
    "usage": 12701,
    "rank": 167
  },
  "2024-05": {
    "name": "Tentacruel",
    "percent": 0.0468,
    "usage": 6384,
    "rank": 213
  },
  "2024-06": {
    "name": "Tentacruel",
    "percent": 0.04899,
    "usage": 12417,
    "rank": 205
  }
}