{
  "2022-11": {
    "name": "Tsareena",
    "percent": 0.16534,
    "usage": 1411,
    "rank": 149
  },
  "2022-12": {
    "name": "Tsareena",
    "percent": 0.36306,
    "usage": 4200,
    "rank": 126
  },
  "2023-01": {
    "name": "Tsareena",
    "percent": 0.29856,
    "usage": 5895,
    "rank": 136
  },
  "2023-02": {
    "name": "Tsareena",
    "percent": 0.15664,
    "usage": 4533,
    "rank": 170
  },
  "2023-03": {
    "name": "Tsareena",
    "percent": 0.18022,
    "usage": 3002,
    "rank": 159
  },
  "2023-04": {
    "name": "Tsareena",
    "percent": 0.2217,
    "usage": 3332,
    "rank": 150
  },
  "2023-05": {
    "name": "Tsareena",
    "percent": 0.16536,
    "usage": 3027,
    "rank": 196
  },
  "2023-06": {
    "name": "Tsareena",
    "percent": 0.07006,
    "usage": 2024,
    "rank": 273
  },
  "2023-07": {
    "name": "Tsareena",
    "percent": 0.07814,
    "usage": 1955,
    "rank": 267
  },
  "2023-08": {
    "name": "Tsareena",
    "percent": 0.08206,
    "usage": 1689,
    "rank": 263
  },
  "2023-09": {
    "name": "Tsareena",
    "percent": 0.17582,
    "usage": 2149,
    "rank": 246
  },
  "2023-09-DLC1": {
    "name": "Tsareena",
    "percent": 0.22157,
    "usage": 1164,
    "rank": 229
  },
  "2023-10": {
    "name": "Tsareena",
    "percent": 0.0634,
    "usage": 2490,
    "rank": 314
  },
  "2023-11": {
    "name": "Tsareena",
    "percent": 0.11944,
    "usage": 1871,
    "rank": 259
  },
  "2023-12": {
    "name": "Tsareena",
    "percent": 0.08103,
    "usage": 1155,
    "rank": 325
  },
  "2023-12-DLC2": {
    "name": "Tsareena",
    "percent": 0.09184,
    "usage": 516,
    "rank": 314
  },
  "2024-01": {
    "name": "Tsareena",
    "percent": 0.08122,
    "usage": 1618,
    "rank": 329
  },
  "2024-02": {
    "name": "Tsareena",
    "percent": 0.06603,
    "usage": 1513,
    "rank": 346
  },
  "2024-03": {
    "name": "Tsareena",
    "percent": 0.04777,
    "usage": 1825,
    "rank": 384
  },
  "2024-04": {
    "name": "Tsareena",
    "percent": 0.06959,
    "usage": 1773,
    "rank": 331
  },
  "2024-05": {
    "name": "Tsareena",
    "percent": 0.05821,
    "usage": 975,
    "rank": 344
  },
  "2024-06": {
    "name": "Tsareena",
    "percent": 0.07101,
    "usage": 1758,
    "rank": 313
  }
}