{
  "2023-12": {
    "name": "Regirock",
    "percent": 0.00759,
    "usage": 1046,
    "rank": 389
  },
  "2023-12-DLC2": {
    "name": "Regirock",
    "percent": 0.01433,
    "usage": 915,
    "rank": 340
  },
  "2024-01": {
    "name": "Regirock",
    "percent": 0.0208,
    "usage": 2213,
    "rank": 304
  },
  "2024-02": {
    "name": "Regirock",
    "percent": 0.00977,
    "usage": 2200,
    "rank": 357
  },
  "2024-03": {
    "name": "Regirock",
    "percent": 0.02647,
    "usage": 2624,
    "rank": 280
  },
  "2024-04": {
    "name": "Regirock",
    "percent": 0.00696,
    "usage": 3169,
    "rank": 382
  },
  "2024-05": {
    "name": "Regirock",
    "percent": 0.01134,
    "usage": 983,
    "rank": 321
  },
  "2024-06": {
    "name": "Regirock",
    "percent": 0.01193,
    "usage": 1870,
    "rank": 313
  }
}