{
  "2022-11": {
    "name": "Arboliva",
    "percent": 0.61163,
    "usage": 10340,
    "rank": 158
  },
  "2022-12": {
    "name": "Arboliva",
    "percent": 0.49118,
    "usage": 14363,
    "rank": 164
  },
  "2023-01": {
    "name": "Arboliva",
    "percent": 0.28968,
    "usage": 12131,
    "rank": 196
  },
  "2023-02": {
    "name": "Arboliva",
    "percent": 0.16908,
    "usage": 11397,
    "rank": 255
  },
  "2023-03": {
    "name": "Arboliva",
    "percent": 0.11081,
    "usage": 8584,
    "rank": 267
  },
  "2023-04": {
    "name": "Arboliva",
    "percent": 0.0721,
    "usage": 7461,
    "rank": 307
  },
  "2023-05": {
    "name": "Arboliva",
    "percent": 0.08429,
    "usage": 7186,
    "rank": 305
  },
  "2023-06": {
    "name": "Arboliva",
    "percent": 0.05194,
    "usage": 6383,
    "rank": 334
  },
  "2023-07": {
    "name": "Arboliva",
    "percent": 0.05473,
    "usage": 5743,
    "rank": 346
  },
  "2023-08": {
    "name": "Arboliva",
    "percent": 0.03945,
    "usage": 6330,
    "rank": 367
  },
  "2023-09": {
    "name": "Arboliva",
    "percent": 0.04533,
    "usage": 5192,
    "rank": 350
  },
  "2023-09-DLC1": {
    "name": "Arboliva",
    "percent": 0.02642,
    "usage": 2360,
    "rank": 382
  },
  "2023-10": {
    "name": "Arboliva",
    "percent": 0.05962,
    "usage": 4992,
    "rank": 339
  },
  "2023-11": {
    "name": "Arboliva",
    "percent": 0.0503,
    "usage": 3642,
    "rank": 353
  },
  "2023-12": {
    "name": "Arboliva",
    "percent": 0.03248,
    "usage": 4072,
    "rank": 398
  },
  "2023-12-DLC2": {
    "name": "Arboliva",
    "percent": 0.04659,
    "usage": 1696,
    "rank": 332
  },
  "2024-01": {
    "name": "Arboliva",
    "percent": 0.044,
    "usage": 3218,
    "rank": 348
  },
  "2024-02": {
    "name": "Arboliva",
    "percent": 0.06672,
    "usage": 3316,
    "rank": 307
  },
  "2024-03": {
    "name": "Arboliva",
    "percent": 0.05223,
    "usage": 3139,
    "rank": 354
  },
  "2024-04": {
    "name": "Arboliva",
    "percent": 0.02555,
    "usage": 2987,
    "rank": 414
  },
  "2024-05": {
    "name": "Arboliva",
    "percent": 0.01584,
    "usage": 1342,
    "rank": 448
  },
  "2024-06": {
    "name": "Arboliva",
    "percent": 0.06676,
    "usage": 3221,
    "rank": 293
  }
}