{
  "2022-11": {
    "name": "Hitmonlee",
    "percent": 0.00355,
    "usage": 2122,
    "rank": 436
  },
  "2022-12": {
    "name": "Hitmonlee",
    "percent": 0.01962,
    "usage": 5383,
    "rank": 312
  },
  "2023-01": {
    "name": "Hitmonlee",
    "percent": 0.23586,
    "usage": 4076,
    "rank": 165
  },
  "2023-02": {
    "name": "Hitmonlee",
    "percent": 0.11016,
    "usage": 11010,
    "rank": 239
  },
  "2023-03": {
    "name": "Hitmonlee",
    "percent": 0.03127,
    "usage": 8009,
    "rank": 316
  },
  "2023-04": {
    "name": "Hitmonlee",
    "percent": 0.01401,
    "usage": 6484,
    "rank": 385
  },
  "2023-05": {
    "name": "Hitmonlee",
    "percent": 0.01938,
    "usage": 6254,
    "rank": 365
  },
  "2023-06": {
    "name": "Hitmonlee",
    "percent": 0.01074,
    "usage": 5064,
    "rank": 377
  },
  "2023-07": {
    "name": "Hitmonlee",
    "percent": 0.017,
    "usage": 5171,
    "rank": 364
  },
  "2023-08": {
    "name": "Hitmonlee",
    "percent": 0.0163,
    "usage": 6678,
    "rank": 372
  },
  "2023-09": {
    "name": "Hitmonlee",
    "percent": 0.01396,
    "usage": 5990,
    "rank": 373
  },
  "2023-09-DLC1": {
    "name": "Hitmonlee",
    "percent": 0.02077,
    "usage": 2599,
    "rank": 322
  },
  "2023-10": {
    "name": "Hitmonlee",
    "percent": 0.0215,
    "usage": 5737,
    "rank": 351
  },
  "2023-11": {
    "name": "Hitmonlee",
    "percent": 0.01605,
    "usage": 4332,
    "rank": 378
  },
  "2023-12": {
    "name": "Hitmonlee",
    "percent": 0.02845,
    "usage": 6240,
    "rank": 311
  },
  "2023-12-DLC2": {
    "name": "Hitmonlee",
    "percent": 0.03888,
    "usage": 2931,
    "rank": 255
  },
  "2024-01": {
    "name": "Hitmonlee",
    "percent": 0.05538,
    "usage": 6708,
    "rank": 240
  },
  "2024-02": {
    "name": "Hitmonlee",
    "percent": 0.03796,
    "usage": 5819,
    "rank": 272
  },
  "2024-03": {
    "name": "Hitmonlee",
    "percent": 0.0178,
    "usage": 5842,
    "rank": 368
  },
  "2024-04": {
    "name": "Hitmonlee",
    "percent": 0.07116,
    "usage": 7463,
    "rank": 230
  },
  "2024-05": {
    "name": "Hitmonlee",
    "percent": 0.03703,
    "usage": 2913,
    "rank": 267
  },
  "2024-06": {
    "name": "Hitmonlee",
    "percent": 0.07733,
    "usage": 5262,
    "rank": 224
  }
}