{
  "2022-11": {
    "name": "Ursaring",
    "percent": 0.14469,
    "usage": 868,
    "rank": 220
  },
  "2022-12": {
    "name": "Ursaring",
    "percent": 0.24175,
    "usage": 2697,
    "rank": 199
  },
  "2023-01": {
    "name": "Ursaring",
    "percent": 0.3413,
    "usage": 2894,
    "rank": 193
  },
  "2023-02": {
    "name": "Ursaring",
    "percent": 0.36909,
    "usage": 2274,
    "rank": 186
  },
  "2023-03": {
    "name": "Ursaring",
    "percent": 0.3493,
    "usage": 2099,
    "rank": 187
  },
  "2023-04": {
    "name": "Ursaring",
    "percent": 0.21525,
    "usage": 1622,
    "rank": 203
  },
  "2023-05": {
    "name": "Ursaring",
    "percent": 0.34238,
    "usage": 2207,
    "rank": 194
  },
  "2023-06": {
    "name": "Ursaring",
    "percent": 0.18784,
    "usage": 1326,
    "rank": 277
  },
  "2023-07": {
    "name": "Ursaring",
    "percent": 0.13471,
    "usage": 855,
    "rank": 305
  },
  "2023-08": {
    "name": "Ursaring",
    "percent": 0.16141,
    "usage": 1076,
    "rank": 292
  },
  "2023-09": {
    "name": "Ursaring",
    "percent": 0.22214,
    "usage": 1646,
    "rank": 303
  },
  "2023-09-DLC1": {
    "name": "Ursaring",
    "percent": 0.26482,
    "usage": 974,
    "rank": 282
  },
  "2023-10": {
    "name": "Ursaring",
    "percent": 0.26678,
    "usage": 1832,
    "rank": 278
  },
  "2023-11": {
    "name": "Ursaring",
    "percent": 0.13835,
    "usage": 1288,
    "rank": 342
  },
  "2023-12": {
    "name": "Ursaring",
    "percent": 0.15398,
    "usage": 1145,
    "rank": 379
  },
  "2023-12-DLC2": {
    "name": "Ursaring",
    "percent": 0.14138,
    "usage": 411,
    "rank": 394
  },
  "2024-01": {
    "name": "Ursaring",
    "percent": 0.159,
    "usage": 1336,
    "rank": 373
  },
  "2024-02": {
    "name": "Ursaring",
    "percent": 0.09808,
    "usage": 1152,
    "rank": 425
  },
  "2024-03": {
    "name": "Ursaring",
    "percent": 0.06017,
    "usage": 871,
    "rank": 466
  },
  "2024-04": {
    "name": "Ursaring",
    "percent": 0.06464,
    "usage": 968,
    "rank": 462
  },
  "2024-05": {
    "name": "Ursaring",
    "percent": 0.05531,
    "usage": 274,
    "rank": 475
  },
  "2024-06": {
    "name": "Ursaring",
    "percent": 0.09658,
    "usage": 523,
    "rank": 425
  }
}