{
  "2022-11": {
    "name": "Hypno",
    "percent": 0.01533,
    "usage": 45,
    "rank": 265
  },
  "2022-12": {
    "name": "Hypno",
    "percent": 0.02967,
    "usage": 129,
    "rank": 236
  },
  "2023-01": {
    "name": "Hypno",
    "percent": 0.04259,
    "usage": 130,
    "rank": 238
  },
  "2023-02": {
    "name": "Hypno",
    "percent": 0.04551,
    "usage": 104,
    "rank": 238
  },
  "2023-03": {
    "name": "Hypno",
    "percent": 0.03036,
    "usage": 66,
    "rank": 254
  },
  "2023-04": {
    "name": "Hypno",
    "percent": 0.0335,
    "usage": 64,
    "rank": 253
  },
  "2023-05": {
    "name": "Hypno",
    "percent": 0.00576,
    "usage": 10,
    "rank": 442
  },
  "2023-06": {
    "name": "Hypno",
    "percent": 0.00666,
    "usage": 19,
    "rank": 407
  },
  "2023-07": {
    "name": "Hypno",
    "percent": 0.02899,
    "usage": 63,
    "rank": 341
  },
  "2023-08": {
    "name": "Hypno",
    "percent": 0.01409,
    "usage": 30,
    "rank": 374
  },
  "2023-09": {
    "name": "Hypno",
    "percent": 0.01353,
    "usage": 30,
    "rank": 439
  },
  "2023-09-DLC1": {
    "name": "Hypno",
    "percent": 0.01101,
    "usage": 14,
    "rank": 443
  },
  "2023-10": {
    "name": "Hypno",
    "percent": 0.01444,
    "usage": 38,
    "rank": 430
  },
  "2023-11": {
    "name": "Hypno",
    "percent": 0.02963,
    "usage": 79,
    "rank": 404
  },
  "2023-12": {
    "name": "Hypno",
    "percent": 0.03315,
    "usage": 112,
    "rank": 470
  },
  "2023-12-DLC2": {
    "name": "Hypno",
    "percent": 0.01101,
    "usage": 19,
    "rank": 545
  },
  "2024-01": {
    "name": "Hypno",
    "percent": 0.02345,
    "usage": 87,
    "rank": 499
  },
  "2024-02": {
    "name": "Hypno",
    "percent": 0.0293,
    "usage": 100,
    "rank": 482
  },
  "2024-03": {
    "name": "Hypno",
    "percent": 0.01702,
    "usage": 65,
    "rank": 506
  },
  "2024-04": {
    "name": "Hypno",
    "percent": 0.01379,
    "usage": 44,
    "rank": 534
  },
  "2024-05": {
    "name": "Hypno",
    "percent": 0.03446,
    "usage": 55,
    "rank": 466
  },
  "2024-06": {
    "name": "Hypno",
    "percent": 0.01944,
    "usage": 58,
    "rank": 521
  }
}