{
  "2022-11": {
    "name": "Lurantis",
    "percent": 0.05935,
    "usage": 190,
    "rank": 200
  },
  "2022-12": {
    "name": "Lurantis",
    "percent": 0.06394,
    "usage": 316,
    "rank": 204
  },
  "2023-01": {
    "name": "Lurantis",
    "percent": 0.106,
    "usage": 365,
    "rank": 191
  },
  "2023-02": {
    "name": "Lurantis",
    "percent": 0.18643,
    "usage": 508,
    "rank": 161
  },
  "2023-03": {
    "name": "Lurantis",
    "percent": 0.10178,
    "usage": 315,
    "rank": 184
  },
  "2023-04": {
    "name": "Lurantis",
    "percent": 0.04869,
    "usage": 278,
    "rank": 194
  },
  "2023-05": {
    "name": "Lurantis",
    "percent": 0.13144,
    "usage": 518,
    "rank": 195
  },
  "2023-06": {
    "name": "Lurantis",
    "percent": 0.04029,
    "usage": 291,
    "rank": 258
  },
  "2023-07": {
    "name": "Lurantis",
    "percent": 0.0351,
    "usage": 222,
    "rank": 272
  },
  "2023-08": {
    "name": "Lurantis",
    "percent": 0.06898,
    "usage": 602,
    "rank": 230
  },
  "2023-09": {
    "name": "Lurantis",
    "percent": 0.09565,
    "usage": 471,
    "rank": 265
  },
  "2023-09-DLC1": {
    "name": "Lurantis",
    "percent": 0.12035,
    "usage": 321,
    "rank": 248
  },
  "2023-10": {
    "name": "Lurantis",
    "percent": 0.169,
    "usage": 1073,
    "rank": 211
  },
  "2023-11": {
    "name": "Lurantis",
    "percent": 0.09298,
    "usage": 560,
    "rank": 270
  },
  "2023-12": {
    "name": "Lurantis",
    "percent": 0.09208,
    "usage": 713,
    "rank": 299
  },
  "2023-12-DLC2": {
    "name": "Lurantis",
    "percent": 0.07137,
    "usage": 317,
    "rank": 323
  },
  "2024-01": {
    "name": "Lurantis",
    "percent": 0.0671,
    "usage": 656,
    "rank": 338
  },
  "2024-02": {
    "name": "Lurantis",
    "percent": 0.04655,
    "usage": 447,
    "rank": 371
  },
  "2024-03": {
    "name": "Lurantis",
    "percent": 0.05296,
    "usage": 694,
    "rank": 341
  },
  "2024-04": {
    "name": "Lurantis",
    "percent": 0.07844,
    "usage": 708,
    "rank": 311
  },
  "2024-05": {
    "name": "Lurantis",
    "percent": 0.08038,
    "usage": 460,
    "rank": 304
  },
  "2024-06": {
    "name": "Lurantis",
    "percent": 0.06269,
    "usage": 665,
    "rank": 362
  }
}