{
  "2022-11": {
    "name": "Mareep",
    "percent": 0.18322,
    "usage": 156,
    "rank": 121
  },
  "2022-12": {
    "name": "Mareep",
    "percent": 0.4087,
    "usage": 505,
    "rank": 114
  },
  "2023-01": {
    "name": "Mareep",
    "percent": 0.24167,
    "usage": 269,
    "rank": 121
  },
  "2023-02": {
    "name": "Mareep",
    "percent": 0.25172,
    "usage": 192,
    "rank": 122
  },
  "2023-03": {
    "name": "Mareep",
    "percent": 0.36111,
    "usage": 232,
    "rank": 121
  },
  "2023-04": {
    "name": "Mareep",
    "percent": 0.11683,
    "usage": 124,
    "rank": 129
  },
  "2023-05": {
    "name": "Mareep",
    "percent": 0.28036,
    "usage": 245,
    "rank": 119
  },
  "2023-06": {
    "name": "Mareep",
    "percent": 0.26864,
    "usage": 181,
    "rank": 121
  },
  "2023-07": {
    "name": "Mareep",
    "percent": 0.20849,
    "usage": 154,
    "rank": 123
  },
  "2023-08": {
    "name": "Mareep",
    "percent": 0.14762,
    "usage": 152,
    "rank": 127
  },
  "2023-09": {
    "name": "Mareep",
    "percent": 0.07471,
    "usage": 111,
    "rank": 168
  },
  "2023-09-DLC1": {
    "name": "Mareep",
    "percent": 0.06468,
    "usage": 46,
    "rank": 169
  },
  "2023-10": {
    "name": "Mareep",
    "percent": 0.02906,
    "usage": 100,
    "rank": 178
  },
  "2023-11": {
    "name": "Mareep",
    "percent": 0.15277,
    "usage": 139,
    "rank": 152
  },
  "2023-12": {
    "name": "Mareep",
    "percent": 0.05592,
    "usage": 46,
    "rank": 203
  },
  "2023-12-DLC2": {
    "name": "Mareep",
    "percent": 0.05752,
    "usage": 23,
    "rank": 203
  },
  "2024-01": {
    "name": "Mareep",
    "percent": 0.04903,
    "usage": 46,
    "rank": 203
  },
  "2024-02": {
    "name": "Mareep",
    "percent": 0.07068,
    "usage": 73,
    "rank": 196
  },
  "2024-03": {
    "name": "Mareep",
    "percent": 0.06553,
    "usage": 50,
    "rank": 196
  },
  "2024-04": {
    "name": "Mareep",
    "percent": 0.10053,
    "usage": 87,
    "rank": 178
  },
  "2024-05": {
    "name": "Mareep",
    "percent": 0.07311,
    "usage": 36,
    "rank": 188
  },
  "2024-06": {
    "name": "Mareep",
    "percent": 0.09149,
    "usage": 47,
    "rank": 185
  }
}