{
  "2022-11": {
    "name": "Riolu",
    "percent": 0.00397,
    "usage": 201,
    "rank": 268
  },
  "2022-12": {
    "name": "Riolu",
    "percent": 0.00595,
    "usage": 403,
    "rank": 257
  },
  "2023-01": {
    "name": "Riolu",
    "percent": 0.01106,
    "usage": 484,
    "rank": 249
  },
  "2023-02": {
    "name": "Riolu",
    "percent": 0.01193,
    "usage": 350,
    "rank": 254
  },
  "2023-03": {
    "name": "Riolu",
    "percent": 0.03079,
    "usage": 931,
    "rank": 230
  },
  "2023-04": {
    "name": "Riolu",
    "percent": 0.01792,
    "usage": 428,
    "rank": 245
  },
  "2023-05": {
    "name": "Riolu",
    "percent": 0.01953,
    "usage": 501,
    "rank": 302
  },
  "2023-06": {
    "name": "Riolu",
    "percent": 0.01078,
    "usage": 431,
    "rank": 307
  },
  "2023-07": {
    "name": "Riolu",
    "percent": 0.00797,
    "usage": 213,
    "rank": 312
  },
  "2023-08": {
    "name": "Riolu",
    "percent": 0.01024,
    "usage": 256,
    "rank": 310
  },
  "2023-09": {
    "name": "Riolu",
    "percent": 0.00769,
    "usage": 294,
    "rank": 369
  },
  "2023-09-DLC1": {
    "name": "Riolu",
    "percent": 0.00876,
    "usage": 211,
    "rank": 367
  },
  "2023-10": {
    "name": "Riolu",
    "percent": 0.01173,
    "usage": 401,
    "rank": 365
  },
  "2023-11": {
    "name": "Riolu",
    "percent": 0.00866,
    "usage": 232,
    "rank": 375
  },
  "2023-12": {
    "name": "Riolu",
    "percent": 0.01058,
    "usage": 394,
    "rank": 438
  },
  "2023-12-DLC2": {
    "name": "Riolu",
    "percent": 0.01042,
    "usage": 223,
    "rank": 434
  },
  "2024-01": {
    "name": "Riolu",
    "percent": 0.01513,
    "usage": 569,
    "rank": 433
  },
  "2024-02": {
    "name": "Riolu",
    "percent": 0.01737,
    "usage": 490,
    "rank": 429
  },
  "2024-03": {
    "name": "Riolu",
    "percent": 0.01308,
    "usage": 348,
    "rank": 443
  },
  "2024-04": {
    "name": "Riolu",
    "percent": 0.01465,
    "usage": 341,
    "rank": 439
  },
  "2024-05": {
    "name": "Riolu",
    "percent": 0.01146,
    "usage": 122,
    "rank": 453
  },
  "2024-06": {
    "name": "Riolu",
    "percent": 0.01466,
    "usage": 303,
    "rank": 443
  }
}