{
  "2022-11": {
    "name": "Celebi",
    "percent": 0.19819,
    "usage": 1232,
    "rank": 403
  },
  "2022-12": {
    "name": "Celebi",
    "percent": 0.14736,
    "usage": 1934,
    "rank": 456
  },
  "2023-01": {
    "name": "Celebi",
    "percent": 0.21182,
    "usage": 2982,
    "rank": 377
  },
  "2023-02": {
    "name": "Celebi",
    "percent": 0.17022,
    "usage": 2978,
    "rank": 415
  },
  "2023-03": {
    "name": "Celebi",
    "percent": 0.18881,
    "usage": 3646,
    "rank": 359
  },
  "2023-04": {
    "name": "Celebi",
    "percent": 0.08599,
    "usage": 2491,
    "rank": 425
  },
  "2023-05": {
    "name": "Celebi",
    "percent": 0.0822,
    "usage": 2806,
    "rank": 431
  },
  "2023-06": {
    "name": "Celebi",
    "percent": 0.08813,
    "usage": 2432,
    "rank": 395
  },
  "2023-07": {
    "name": "Celebi",
    "percent": 0.08814,
    "usage": 2709,
    "rank": 400
  },
  "2023-08": {
    "name": "Celebi",
    "percent": 0.0837,
    "usage": 3095,
    "rank": 407
  },
  "2023-09": {
    "name": "Celebi",
    "percent": 0.09102,
    "usage": 2171,
    "rank": 395
  },
  "2023-09-DLC1": {
    "name": "Celebi",
    "percent": 0.05537,
    "usage": 833,
    "rank": 455
  },
  "2023-10": {
    "name": "Celebi",
    "percent": 0.09298,
    "usage": 2399,
    "rank": 405
  },
  "2023-11": {
    "name": "Celebi",
    "percent": 0.21034,
    "usage": 3207,
    "rank": 290
  },
  "2023-12": {
    "name": "Celebi",
    "percent": 0.09498,
    "usage": 1793,
    "rank": 398
  },
  "2023-12-DLC2": {
    "name": "Celebi",
    "percent": 0.06595,
    "usage": 636,
    "rank": 445
  },
  "2024-01": {
    "name": "Celebi",
    "percent": 0.13966,
    "usage": 2153,
    "rank": 326
  },
  "2024-02": {
    "name": "Celebi",
    "percent": 0.09852,
    "usage": 2506,
    "rank": 362
  },
  "2024-03": {
    "name": "Celebi",
    "percent": 0.09221,
    "usage": 1996,
    "rank": 386
  },
  "2024-04": {
    "name": "Celebi",
    "percent": 0.10869,
    "usage": 1651,
    "rank": 366
  },
  "2024-05": {
    "name": "Celebi",
    "percent": 0.06359,
    "usage": 715,
    "rank": 415
  },
  "2024-06": {
    "name": "Celebi",
    "percent": 0.05512,
    "usage": 1582,
    "rank": 426
  }
}