{
  "2023-09": {
    "name": "Gliscor",
    "percent": 3.43191,
    "usage": 20653,
    "rank": 48
  },
  "2023-09-DLC1": {
    "name": "Gliscor",
    "percent": 5.54745,
    "usage": 18972,
    "rank": 22
  },
  "2023-10": {
    "name": "Gliscor",
    "percent": 6.62775,
    "usage": 43297,
    "rank": 14
  },
  "2023-11": {
    "name": "Gliscor",
    "percent": 7.93355,
    "usage": 40724,
    "rank": 11
  },
  "2023-12": {
    "name": "Gliscor",
    "percent": 6.54742,
    "usage": 29774,
    "rank": 11
  },
  "2023-12-DLC2": {
    "name": "Gliscor",
    "percent": 5.66479,
    "usage": 11933,
    "rank": 16
  },
  "2024-01": {
    "name": "Gliscor",
    "percent": 5.858,
    "usage": 28592,
    "rank": 17
  },
  "2024-02": {
    "name": "Gliscor",
    "percent": 5.74904,
    "usage": 27135,
    "rank": 15
  },
  "2024-03": {
    "name": "Gliscor",
    "percent": 5.82996,
    "usage": 27443,
    "rank": 14
  },
  "2024-04": {
    "name": "Gliscor",
    "percent": 6.36654,
    "usage": 27444,
    "rank": 13
  },
  "2024-05": {
    "name": "Gliscor",
    "percent": 6.02268,
    "usage": 12782,
    "rank": 14
  },
  "2024-06": {
    "name": "Gliscor",
    "percent": 5.51564,
    "usage": 20336,
    "rank": 17
  }
}