{
  "2022-11": {
    "name": "Hypno",
    "percent": 0.0,
    "usage": 629,
    "rank": 609
  },
  "2022-12": {
    "name": "Hypno",
    "percent": 0.01567,
    "usage": 1189,
    "rank": 455
  },
  "2023-01": {
    "name": "Hypno",
    "percent": 0.00071,
    "usage": 990,
    "rank": 639
  },
  "2023-02": {
    "name": "Hypno",
    "percent": 0.00014,
    "usage": 1234,
    "rank": 773
  },
  "2023-03": {
    "name": "Hypno",
    "percent": 0.00228,
    "usage": 1321,
    "rank": 641
  },
  "2023-04": {
    "name": "Hypno",
    "percent": 0.00526,
    "usage": 1144,
    "rank": 577
  },
  "2023-05": {
    "name": "Hypno",
    "percent": 0.00411,
    "usage": 1198,
    "rank": 606
  },
  "2023-06": {
    "name": "Hypno",
    "percent": 0.00365,
    "usage": 1192,
    "rank": 597
  },
  "2023-07": {
    "name": "Hypno",
    "percent": 0.00459,
    "usage": 1062,
    "rank": 585
  },
  "2023-08": {
    "name": "Hypno",
    "percent": 0.00704,
    "usage": 1602,
    "rank": 544
  },
  "2023-09": {
    "name": "Hypno",
    "percent": 0.0034,
    "usage": 1334,
    "rank": 607
  },
  "2023-09-DLC1": {
    "name": "Hypno",
    "percent": 0.00423,
    "usage": 711,
    "rank": 572
  },
  "2023-10": {
    "name": "Hypno",
    "percent": 0.0174,
    "usage": 1874,
    "rank": 469
  },
  "2023-11": {
    "name": "Hypno",
    "percent": 0.00325,
    "usage": 1112,
    "rank": 616
  },
  "2023-12": {
    "name": "Hypno",
    "percent": 0.00313,
    "usage": 904,
    "rank": 633
  },
  "2023-12-DLC2": {
    "name": "Hypno",
    "percent": 0.00321,
    "usage": 394,
    "rank": 589
  },
  "2024-01": {
    "name": "Hypno",
    "percent": 0.00584,
    "usage": 895,
    "rank": 574
  },
  "2024-02": {
    "name": "Hypno",
    "percent": 0.01252,
    "usage": 906,
    "rank": 489
  },
  "2024-03": {
    "name": "Hypno",
    "percent": 0.00436,
    "usage": 1030,
    "rank": 607
  },
  "2024-04": {
    "name": "Hypno",
    "percent": 0.00299,
    "usage": 720,
    "rank": 629
  },
  "2024-05": {
    "name": "Hypno",
    "percent": 0.00291,
    "usage": 387,
    "rank": 609
  },
  "2024-06": {
    "name": "Hypno",
    "percent": 0.00369,
    "usage": 1018,
    "rank": 575
  }
}