{
  "2023-05": {
    "name": "Wyrdeer",
    "percent": 0.00244,
    "usage": 247,
    "rank": 338
  },
  "2023-06": {
    "name": "Wyrdeer",
    "percent": 0.0137,
    "usage": 2064,
    "rank": 266
  },
  "2023-07": {
    "name": "Wyrdeer",
    "percent": 0.01234,
    "usage": 802,
    "rank": 284
  },
  "2023-08": {
    "name": "Wyrdeer",
    "percent": 0.00435,
    "usage": 841,
    "rank": 330
  },
  "2023-09": {
    "name": "Wyrdeer",
    "percent": 0.00229,
    "usage": 673,
    "rank": 418
  },
  "2023-09-DLC1": {
    "name": "Wyrdeer",
    "percent": 0.001,
    "usage": 436,
    "rank": 426
  },
  "2023-10": {
    "name": "Wyrdeer",
    "percent": 0.00636,
    "usage": 972,
    "rank": 357
  },
  "2023-11": {
    "name": "Wyrdeer",
    "percent": 0.00466,
    "usage": 536,
    "rank": 364
  },
  "2023-12": {
    "name": "Wyrdeer",
    "percent": 0.00258,
    "usage": 457,
    "rank": 460
  },
  "2023-12-DLC2": {
    "name": "Wyrdeer",
    "percent": 0.00541,
    "usage": 303,
    "rank": 396
  },
  "2024-01": {
    "name": "Wyrdeer",
    "percent": 0.00479,
    "usage": 256,
    "rank": 422
  },
  "2024-02": {
    "name": "Wyrdeer",
    "percent": 0.00047,
    "usage": 143,
    "rank": 559
  },
  "2024-03": {
    "name": "Wyrdeer",
    "percent": 0.00045,
    "usage": 311,
    "rank": 564
  },
  "2024-04": {
    "name": "Wyrdeer",
    "percent": 0.00026,
    "usage": 187,
    "rank": 557
  },
  "2024-05": {
    "name": "Wyrdeer",
    "percent": 0.00378,
    "usage": 190,
    "rank": 402
  },
  "2024-06": {
    "name": "Wyrdeer",
    "percent": 0.00066,
    "usage": 517,
    "rank": 513
  }
}