{
  "2022-11": {
    "name": "Donphan",
    "percent": 0.06572,
    "usage": 19957,
    "rank": 144
  },
  "2022-12": {
    "name": "Donphan",
    "percent": 0.01663,
    "usage": 26271,
    "rank": 142
  },
  "2023-01": {
    "name": "Donphan",
    "percent": 0.54931,
    "usage": 23434,
    "rank": 80
  },
  "2023-02": {
    "name": "Donphan",
    "percent": 0.07991,
    "usage": 15428,
    "rank": 103
  },
  "2023-03": {
    "name": "Donphan",
    "percent": 0.01234,
    "usage": 12993,
    "rank": 153
  },
  "2023-04": {
    "name": "Donphan",
    "percent": 0.0431,
    "usage": 10648,
    "rank": 131
  },
  "2023-05": {
    "name": "Donphan",
    "percent": 0.09596,
    "usage": 10537,
    "rank": 141
  },
  "2023-06": {
    "name": "Donphan",
    "percent": 0.01343,
    "usage": 11748,
    "rank": 182
  },
  "2023-07": {
    "name": "Donphan",
    "percent": 0.01181,
    "usage": 11313,
    "rank": 194
  },
  "2023-08": {
    "name": "Donphan",
    "percent": 0.01317,
    "usage": 12417,
    "rank": 182
  },
  "2023-09": {
    "name": "Donphan",
    "percent": 0.02145,
    "usage": 12774,
    "rank": 211
  },
  "2023-09-DLC1": {
    "name": "Donphan",
    "percent": 0.01332,
    "usage": 7272,
    "rank": 217
  },
  "2023-10": {
    "name": "Donphan",
    "percent": 0.03931,
    "usage": 14492,
    "rank": 163
  },
  "2023-11": {
    "name": "Donphan",
    "percent": 0.01253,
    "usage": 9383,
    "rank": 211
  },
  "2023-12": {
    "name": "Donphan",
    "percent": 0.03139,
    "usage": 9479,
    "rank": 208
  },
  "2023-12-DLC2": {
    "name": "Donphan",
    "percent": 0.0132,
    "usage": 4909,
    "rank": 224
  },
  "2024-01": {
    "name": "Donphan",
    "percent": 0.02994,
    "usage": 14661,
    "rank": 198
  },
  "2024-02": {
    "name": "Donphan",
    "percent": 0.05298,
    "usage": 10624,
    "rank": 156
  },
  "2024-03": {
    "name": "Donphan",
    "percent": 0.01776,
    "usage": 12255,
    "rank": 209
  },
  "2024-04": {
    "name": "Donphan",
    "percent": 0.01674,
    "usage": 13158,
    "rank": 208
  },
  "2024-05": {
    "name": "Donphan",
    "percent": 0.01751,
    "usage": 6185,
    "rank": 213
  },
  "2024-06": {
    "name": "Donphan",
    "percent": 0.01287,
    "usage": 11748,
    "rank": 236
  }
}