{
  "2022-11": {
    "name": "Cinderace",
    "percent": 1.51051,
    "usage": 17506,
    "rank": 88
  },
  "2022-12": {
    "name": "Cinderace",
    "percent": 2.57378,
    "usage": 35933,
    "rank": 69
  },
  "2023-01": {
    "name": "Cinderace",
    "percent": 4.02474,
    "usage": 50071,
    "rank": 47
  },
  "2023-02": {
    "name": "Cinderace",
    "percent": 1.99012,
    "usage": 49329,
    "rank": 73
  },
  "2023-03": {
    "name": "Cinderace",
    "percent": 1.42603,
    "usage": 50066,
    "rank": 81
  },
  "2023-04": {
    "name": "Cinderace",
    "percent": 1.77593,
    "usage": 54727,
    "rank": 78
  },
  "2023-05": {
    "name": "Cinderace",
    "percent": 2.743,
    "usage": 50364,
    "rank": 55
  },
  "2023-06": {
    "name": "Cinderace",
    "percent": 1.99962,
    "usage": 39029,
    "rank": 68
  },
  "2023-07": {
    "name": "Cinderace",
    "percent": 1.55396,
    "usage": 40768,
    "rank": 75
  },
  "2023-08": {
    "name": "Cinderace",
    "percent": 1.37573,
    "usage": 45217,
    "rank": 84
  },
  "2023-09": {
    "name": "Cinderace",
    "percent": 2.02857,
    "usage": 43461,
    "rank": 74
  },
  "2023-09-DLC1": {
    "name": "Cinderace",
    "percent": 1.4975,
    "usage": 21378,
    "rank": 83
  },
  "2023-10": {
    "name": "Cinderace",
    "percent": 1.40694,
    "usage": 44202,
    "rank": 88
  },
  "2023-11": {
    "name": "Cinderace",
    "percent": 1.58704,
    "usage": 35807,
    "rank": 85
  },
  "2023-12": {
    "name": "Cinderace",
    "percent": 2.25312,
    "usage": 32547,
    "rank": 75
  },
  "2023-12-DLC2": {
    "name": "Cinderace",
    "percent": 3.02222,
    "usage": 13251,
    "rank": 60
  },
  "2024-01": {
    "name": "Cinderace",
    "percent": 1.18443,
    "usage": 28583,
    "rank": 97
  },
  "2024-02": {
    "name": "Cinderace",
    "percent": 1.56698,
    "usage": 30389,
    "rank": 86
  },
  "2024-03": {
    "name": "Cinderace",
    "percent": 1.37451,
    "usage": 34234,
    "rank": 98
  },
  "2024-04": {
    "name": "Cinderace",
    "percent": 1.87659,
    "usage": 29153,
    "rank": 80
  },
  "2024-05": {
    "name": "Cinderace",
    "percent": 0.86066,
    "usage": 14479,
    "rank": 101
  },
  "2024-06": {
    "name": "Cinderace",
    "percent": 0.9393,
    "usage": 27932,
    "rank": 105
  }
}