{
  "2022-11": {
    "name": "Eevee",
    "percent": 0.11993,
    "usage": 807,
    "rank": 227
  },
  "2022-12": {
    "name": "Eevee",
    "percent": 0.11065,
    "usage": 1389,
    "rank": 230
  },
  "2023-01": {
    "name": "Eevee",
    "percent": 0.13559,
    "usage": 1240,
    "rank": 237
  },
  "2023-02": {
    "name": "Eevee",
    "percent": 0.1381,
    "usage": 993,
    "rank": 242
  },
  "2023-03": {
    "name": "Eevee",
    "percent": 0.11847,
    "usage": 1019,
    "rank": 247
  },
  "2023-04": {
    "name": "Eevee",
    "percent": 0.05704,
    "usage": 737,
    "rank": 260
  },
  "2023-05": {
    "name": "Eevee",
    "percent": 0.06686,
    "usage": 774,
    "rank": 295
  },
  "2023-06": {
    "name": "Eevee",
    "percent": 0.06048,
    "usage": 721,
    "rank": 342
  },
  "2023-07": {
    "name": "Eevee",
    "percent": 0.05735,
    "usage": 839,
    "rank": 348
  },
  "2023-08": {
    "name": "Eevee",
    "percent": 0.08888,
    "usage": 846,
    "rank": 324
  },
  "2023-09": {
    "name": "Eevee",
    "percent": 0.08104,
    "usage": 820,
    "rank": 383
  },
  "2023-09-DLC1": {
    "name": "Eevee",
    "percent": 0.08928,
    "usage": 448,
    "rank": 375
  },
  "2023-10": {
    "name": "Eevee",
    "percent": 0.05988,
    "usage": 787,
    "rank": 401
  },
  "2023-11": {
    "name": "Eevee",
    "percent": 0.06949,
    "usage": 779,
    "rank": 385
  },
  "2023-12": {
    "name": "Eevee",
    "percent": 0.06404,
    "usage": 615,
    "rank": 467
  },
  "2023-12-DLC2": {
    "name": "Eevee",
    "percent": 0.05332,
    "usage": 220,
    "rank": 475
  },
  "2024-01": {
    "name": "Eevee",
    "percent": 0.04743,
    "usage": 996,
    "rank": 486
  },
  "2024-02": {
    "name": "Eevee",
    "percent": 0.04517,
    "usage": 781,
    "rank": 491
  },
  "2024-03": {
    "name": "Eevee",
    "percent": 0.03898,
    "usage": 548,
    "rank": 499
  },
  "2024-04": {
    "name": "Eevee",
    "percent": 0.04302,
    "usage": 606,
    "rank": 488
  },
  "2024-05": {
    "name": "Eevee",
    "percent": 0.08032,
    "usage": 464,
    "rank": 443
  },
  "2024-06": {
    "name": "Eevee",
    "percent": 0.06565,
    "usage": 456,
    "rank": 457
  }
}