{
  "2022-11": {
    "name": "Delibird",
    "percent": 0.18065,
    "usage": 1045,
    "rank": 209
  },
  "2022-12": {
    "name": "Delibird",
    "percent": 0.28953,
    "usage": 3162,
    "rank": 192
  },
  "2023-01": {
    "name": "Delibird",
    "percent": 0.24167,
    "usage": 1951,
    "rank": 210
  },
  "2023-02": {
    "name": "Delibird",
    "percent": 0.22938,
    "usage": 1332,
    "rank": 221
  },
  "2023-03": {
    "name": "Delibird",
    "percent": 0.32758,
    "usage": 1820,
    "rank": 200
  },
  "2023-04": {
    "name": "Delibird",
    "percent": 0.14439,
    "usage": 682,
    "rank": 242
  },
  "2023-05": {
    "name": "Delibird",
    "percent": 0.18086,
    "usage": 842,
    "rank": 255
  },
  "2023-06": {
    "name": "Delibird",
    "percent": 0.16967,
    "usage": 803,
    "rank": 314
  },
  "2023-07": {
    "name": "Delibird",
    "percent": 0.21483,
    "usage": 988,
    "rank": 303
  },
  "2023-08": {
    "name": "Delibird",
    "percent": 0.30493,
    "usage": 1463,
    "rank": 274
  },
  "2023-09": {
    "name": "Delibird",
    "percent": 0.1827,
    "usage": 1035,
    "rank": 361
  },
  "2023-09-DLC1": {
    "name": "Delibird",
    "percent": 0.14782,
    "usage": 480,
    "rank": 369
  },
  "2023-10": {
    "name": "Delibird",
    "percent": 0.28513,
    "usage": 1762,
    "rank": 306
  },
  "2023-11": {
    "name": "Delibird",
    "percent": 0.15932,
    "usage": 790,
    "rank": 363
  },
  "2023-12": {
    "name": "Delibird",
    "percent": 0.3791,
    "usage": 1632,
    "rank": 294
  },
  "2023-12-DLC2": {
    "name": "Delibird",
    "percent": 0.48983,
    "usage": 977,
    "rank": 250
  },
  "2024-01": {
    "name": "Delibird",
    "percent": 0.21396,
    "usage": 1052,
    "rank": 391
  },
  "2024-02": {
    "name": "Delibird",
    "percent": 0.18869,
    "usage": 863,
    "rank": 409
  },
  "2024-03": {
    "name": "Delibird",
    "percent": 0.22347,
    "usage": 1062,
    "rank": 388
  },
  "2024-04": {
    "name": "Delibird",
    "percent": 0.21398,
    "usage": 960,
    "rank": 396
  },
  "2024-05": {
    "name": "Delibird",
    "percent": 0.07211,
    "usage": 153,
    "rank": 491
  },
  "2024-06": {
    "name": "Delibird",
    "percent": 0.09203,
    "usage": 336,
    "rank": 480
  }
}