{
  "2022-11": {
    "name": "Espathra",
    "percent": 1.88782,
    "usage": 11040,
    "rank": 87
  },
  "2022-12": {
    "name": "Espathra",
    "percent": 2.03567,
    "usage": 24639,
    "rank": 73
  },
  "2023-01": {
    "name": "Espathra",
    "percent": 2.89071,
    "usage": 38165,
    "rank": 48
  },
  "2023-02": {
    "name": "Espathra",
    "percent": 3.71583,
    "usage": 56274,
    "rank": 40
  }
}