{
  "2022-11": {
    "name": "Cursola",
    "percent": 0.05846,
    "usage": 762,
    "rank": 291
  },
  "2022-12": {
    "name": "Cursola",
    "percent": 0.0121,
    "usage": 1567,
    "rank": 356
  },
  "2023-01": {
    "name": "Cursola",
    "percent": 0.00267,
    "usage": 1841,
    "rank": 462
  },
  "2023-02": {
    "name": "Cursola",
    "percent": 0.0003,
    "usage": 2502,
    "rank": 649
  },
  "2023-03": {
    "name": "Cursola",
    "percent": 0.00449,
    "usage": 2699,
    "rank": 497
  },
  "2023-04": {
    "name": "Cursola",
    "percent": 0.00363,
    "usage": 2644,
    "rank": 524
  },
  "2023-05": {
    "name": "Cursola",
    "percent": 0.06602,
    "usage": 2942,
    "rank": 276
  },
  "2023-06": {
    "name": "Cursola",
    "percent": 0.00757,
    "usage": 1910,
    "rank": 413
  },
  "2023-07": {
    "name": "Cursola",
    "percent": 0.00298,
    "usage": 2120,
    "rank": 537
  },
  "2023-08": {
    "name": "Cursola",
    "percent": 0.02372,
    "usage": 2452,
    "rank": 346
  },
  "2023-09": {
    "name": "Cursola",
    "percent": 0.01003,
    "usage": 2001,
    "rank": 402
  },
  "2023-09-DLC1": {
    "name": "Cursola",
    "percent": 0.01078,
    "usage": 895,
    "rank": 383
  },
  "2023-10": {
    "name": "Cursola",
    "percent": 0.03251,
    "usage": 2130,
    "rank": 306
  },
  "2023-11": {
    "name": "Cursola",
    "percent": 0.0449,
    "usage": 2072,
    "rank": 286
  },
  "2023-12": {
    "name": "Cursola",
    "percent": 0.01066,
    "usage": 1549,
    "rank": 400
  },
  "2023-12-DLC2": {
    "name": "Cursola",
    "percent": 0.00309,
    "usage": 648,
    "rank": 450
  },
  "2024-01": {
    "name": "Cursola",
    "percent": 0.01563,
    "usage": 1582,
    "rank": 351
  },
  "2024-02": {
    "name": "Cursola",
    "percent": 0.02862,
    "usage": 2321,
    "rank": 295
  },
  "2024-03": {
    "name": "Cursola",
    "percent": 0.01799,
    "usage": 1315,
    "rank": 366
  },
  "2024-04": {
    "name": "Cursola",
    "percent": 0.05541,
    "usage": 1773,
    "rank": 247
  },
  "2024-05": {
    "name": "Cursola",
    "percent": 0.01372,
    "usage": 664,
    "rank": 348
  },
  "2024-06": {
    "name": "Cursola",
    "percent": 0.01837,
    "usage": 2584,
    "rank": 328
  }
}