{
  "2023-09": {
    "name": "Trevenant",
    "percent": 0.59471,
    "usage": 3369,
    "rank": 210
  },
  "2023-09-DLC1": {
    "name": "Trevenant",
    "percent": 0.95527,
    "usage": 3102,
    "rank": 149
  },
  "2023-10": {
    "name": "Trevenant",
    "percent": 0.69276,
    "usage": 4281,
    "rank": 189
  },
  "2023-11": {
    "name": "Trevenant",
    "percent": 0.63446,
    "usage": 3146,
    "rank": 192
  },
  "2023-12": {
    "name": "Trevenant",
    "percent": 0.50524,
    "usage": 2175,
    "rank": 239
  },
  "2023-12-DLC2": {
    "name": "Trevenant",
    "percent": 0.46677,
    "usage": 931,
    "rank": 256
  },
  "2024-01": {
    "name": "Trevenant",
    "percent": 0.34149,
    "usage": 1679,
    "rank": 309
  },
  "2024-02": {
    "name": "Trevenant",
    "percent": 0.30478,
    "usage": 1394,
    "rank": 330
  },
  "2024-03": {
    "name": "Trevenant",
    "percent": 0.31859,
    "usage": 1514,
    "rank": 329
  },
  "2024-04": {
    "name": "Trevenant",
    "percent": 0.41771,
    "usage": 1874,
    "rank": 277
  },
  "2024-05": {
    "name": "Trevenant",
    "percent": 0.35204,
    "usage": 747,
    "rank": 296
  },
  "2024-06": {
    "name": "Trevenant",
    "percent": 0.34155,
    "usage": 1247,
    "rank": 310
  }
}