{
  "2022-11": {
    "name": "Ting-Lu",
    "percent": 6.48384,
    "usage": 9189,
    "rank": 26
  },
  "2022-12": {
    "name": "Ting-Lu",
    "percent": 13.55638,
    "usage": 27641,
    "rank": 11
  },
  "2023-01": {
    "name": "Ting-Lu",
    "percent": 23.23257,
    "usage": 25890,
    "rank": 6
  },
  "2023-02": {
    "name": "Ting-Lu",
    "percent": 16.08111,
    "usage": 18027,
    "rank": 10
  },
  "2023-03": {
    "name": "Ting-Lu",
    "percent": 15.21314,
    "usage": 16696,
    "rank": 12
  },
  "2023-04": {
    "name": "Ting-Lu",
    "percent": 21.38682,
    "usage": 32025,
    "rank": 10
  },
  "2023-05": {
    "name": "Ting-Lu",
    "percent": 18.53974,
    "usage": 30165,
    "rank": 9
  },
  "2023-06": {
    "name": "Ting-Lu",
    "percent": 24.26401,
    "usage": 26129,
    "rank": 7
  },
  "2023-07": {
    "name": "Ting-Lu",
    "percent": 36.45122,
    "usage": 29362,
    "rank": 5
  },
  "2023-08": {
    "name": "Ting-Lu",
    "percent": 28.7616,
    "usage": 28939,
    "rank": 6
  },
  "2023-09": {
    "name": "Ting-Lu",
    "percent": 25.55007,
    "usage": 24669,
    "rank": 6
  },
  "2023-09-DLC1": {
    "name": "Ting-Lu",
    "percent": 22.83339,
    "usage": 11903,
    "rank": 7
  },
  "2023-10": {
    "name": "Ting-Lu",
    "percent": 24.60811,
    "usage": 26455,
    "rank": 6
  },
  "2023-11": {
    "name": "Ting-Lu",
    "percent": 27.59166,
    "usage": 22705,
    "rank": 6
  },
  "2023-12": {
    "name": "Ting-Lu",
    "percent": 24.25345,
    "usage": 18933,
    "rank": 6
  },
  "2023-12-DLC2": {
    "name": "Ting-Lu",
    "percent": 26.53899,
    "usage": 8330,
    "rank": 6
  },
  "2024-01": {
    "name": "Ting-Lu",
    "percent": 23.43873,
    "usage": 20984,
    "rank": 6
  },
  "2024-02": {
    "name": "Ting-Lu",
    "percent": 22.40798,
    "usage": 18792,
    "rank": 6
  },
  "2024-03": {
    "name": "Ting-Lu",
    "percent": 26.5508,
    "usage": 20402,
    "rank": 6
  },
  "2024-04": {
    "name": "Ting-Lu",
    "percent": 27.49808,
    "usage": 22104,
    "rank": 6
  },
  "2024-05": {
    "name": "Ting-Lu",
    "percent": 31.10542,
    "usage": 11298,
    "rank": 6
  },
  "2024-06": {
    "name": "Ting-Lu",
    "percent": 34.97328,
    "usage": 21671,
    "rank": 6
  }
}