{
  "2022-11": {
    "name": "Rowlet",
    "percent": 0.01574,
    "usage": 93,
    "rank": 676
  },
  "2022-12": {
    "name": "Rowlet",
    "percent": 0.02002,
    "usage": 246,
    "rank": 650
  },
  "2023-01": {
    "name": "Rowlet",
    "percent": 0.00817,
    "usage": 111,
    "rank": 749
  },
  "2023-02": {
    "name": "Rowlet",
    "percent": 0.01608,
    "usage": 251,
    "rank": 680
  },
  "2023-03": {
    "name": "Rowlet",
    "percent": 0.02824,
    "usage": 498,
    "rank": 630
  },
  "2023-04": {
    "name": "Rowlet",
    "percent": 0.01426,
    "usage": 251,
    "rank": 678
  },
  "2023-05": {
    "name": "Rowlet",
    "percent": 0.01388,
    "usage": 259,
    "rank": 693
  },
  "2023-06": {
    "name": "Rowlet",
    "percent": 0.016,
    "usage": 269,
    "rank": 682
  },
  "2023-07": {
    "name": "Rowlet",
    "percent": 0.01501,
    "usage": 243,
    "rank": 690
  },
  "2023-08": {
    "name": "Rowlet",
    "percent": 0.01294,
    "usage": 238,
    "rank": 703
  },
  "2023-09": {
    "name": "Rowlet",
    "percent": 0.0133,
    "usage": 228,
    "rank": 701
  },
  "2023-09-DLC1": {
    "name": "Rowlet",
    "percent": 0.01676,
    "usage": 143,
    "rank": 680
  },
  "2023-10": {
    "name": "Rowlet",
    "percent": 0.01281,
    "usage": 202,
    "rank": 712
  },
  "2023-11": {
    "name": "Rowlet",
    "percent": 0.0054,
    "usage": 73,
    "rank": 814
  },
  "2023-12": {
    "name": "Rowlet",
    "percent": 0.00884,
    "usage": 113,
    "rank": 748
  },
  "2023-12-DLC2": {
    "name": "Rowlet",
    "percent": 0.0115,
    "usage": 63,
    "rank": 729
  },
  "2024-01": {
    "name": "Rowlet",
    "percent": 0.0175,
    "usage": 216,
    "rank": 699
  },
  "2024-02": {
    "name": "Rowlet",
    "percent": 0.00602,
    "usage": 78,
    "rank": 779
  },
  "2024-03": {
    "name": "Rowlet",
    "percent": 0.00528,
    "usage": 71,
    "rank": 818
  },
  "2024-04": {
    "name": "Rowlet",
    "percent": 0.0051,
    "usage": 62,
    "rank": 805
  },
  "2024-05": {
    "name": "Rowlet",
    "percent": 0.01053,
    "usage": 63,
    "rank": 727
  },
  "2024-06": {
    "name": "Rowlet",
    "percent": 0.00261,
    "usage": 34,
    "rank": 863
  }
}