{
  "2022-11": {
    "name": "Pikachu",
    "percent": 0.06973,
    "usage": 3987,
    "rank": 199
  },
  "2022-12": {
    "name": "Pikachu",
    "percent": 0.10325,
    "usage": 7677,
    "rank": 177
  },
  "2023-01": {
    "name": "Pikachu",
    "percent": 0.12168,
    "usage": 6028,
    "rank": 180
  },
  "2023-02": {
    "name": "Pikachu",
    "percent": 0.17252,
    "usage": 6006,
    "rank": 153
  },
  "2023-03": {
    "name": "Pikachu",
    "percent": 0.14635,
    "usage": 5921,
    "rank": 152
  },
  "2023-04": {
    "name": "Pikachu",
    "percent": 0.09118,
    "usage": 5568,
    "rank": 157
  },
  "2023-05": {
    "name": "Pikachu",
    "percent": 0.08271,
    "usage": 5684,
    "rank": 212
  },
  "2023-06": {
    "name": "Pikachu",
    "percent": 0.12008,
    "usage": 12124,
    "rank": 177
  },
  "2023-07": {
    "name": "Pikachu",
    "percent": 0.06764,
    "usage": 5994,
    "rank": 197
  },
  "2023-08": {
    "name": "Pikachu",
    "percent": 0.08574,
    "usage": 5318,
    "rank": 191
  },
  "2023-09": {
    "name": "Pikachu",
    "percent": 0.06718,
    "usage": 6367,
    "rank": 239
  },
  "2023-09-DLC1": {
    "name": "Pikachu",
    "percent": 0.05916,
    "usage": 3678,
    "rank": 240
  },
  "2023-10": {
    "name": "Pikachu",
    "percent": 0.05589,
    "usage": 6272,
    "rank": 240
  },
  "2023-11": {
    "name": "Pikachu",
    "percent": 0.07681,
    "usage": 5669,
    "rank": 222
  },
  "2023-12": {
    "name": "Pikachu",
    "percent": 0.0652,
    "usage": 6413,
    "rank": 284
  },
  "2023-12-DLC2": {
    "name": "Pikachu",
    "percent": 0.0599,
    "usage": 3330,
    "rank": 268
  },
  "2024-01": {
    "name": "Pikachu",
    "percent": 0.07017,
    "usage": 8067,
    "rank": 253
  },
  "2024-02": {
    "name": "Pikachu",
    "percent": 0.0683,
    "usage": 6431,
    "rank": 262
  },
  "2024-03": {
    "name": "Pikachu",
    "percent": 0.16027,
    "usage": 8960,
    "rank": 203
  },
  "2024-04": {
    "name": "Pikachu",
    "percent": 0.07586,
    "usage": 6975,
    "rank": 259
  },
  "2024-05": {
    "name": "Pikachu",
    "percent": 0.09981,
    "usage": 3301,
    "rank": 249
  },
  "2024-06": {
    "name": "Pikachu",
    "percent": 0.09482,
    "usage": 6192,
    "rank": 248
  }
}