{
  "2023-09": {
    "name": "Torterra",
    "percent": 0.43271,
    "usage": 17309,
    "rank": 110
  },
  "2023-09-DLC1": {
    "name": "Torterra",
    "percent": 0.66317,
    "usage": 16048,
    "rank": 88
  },
  "2023-10": {
    "name": "Torterra",
    "percent": 0.18052,
    "usage": 15752,
    "rank": 142
  },
  "2023-11": {
    "name": "Torterra",
    "percent": 0.05685,
    "usage": 8160,
    "rank": 205
  },
  "2023-12": {
    "name": "Torterra",
    "percent": 0.05148,
    "usage": 5856,
    "rank": 241
  },
  "2023-12-DLC2": {
    "name": "Torterra",
    "percent": 0.04633,
    "usage": 2514,
    "rank": 251
  },
  "2024-01": {
    "name": "Torterra",
    "percent": 0.06224,
    "usage": 7407,
    "rank": 220
  },
  "2024-02": {
    "name": "Torterra",
    "percent": 0.05007,
    "usage": 5572,
    "rank": 218
  },
  "2024-03": {
    "name": "Torterra",
    "percent": 0.05614,
    "usage": 5460,
    "rank": 215
  },
  "2024-04": {
    "name": "Torterra",
    "percent": 0.01917,
    "usage": 5096,
    "rank": 281
  },
  "2024-05": {
    "name": "Torterra",
    "percent": 0.02361,
    "usage": 2007,
    "rank": 260
  },
  "2024-06": {
    "name": "Torterra",
    "percent": 0.05741,
    "usage": 4213,
    "rank": 189
  }
}