{
  "2022-11": {
    "name": "Armarouge",
    "percent": 3.42474,
    "usage": 20656,
    "rank": 43
  },
  "2022-12": {
    "name": "Armarouge",
    "percent": 1.97738,
    "usage": 24893,
    "rank": 80
  },
  "2023-01": {
    "name": "Armarouge",
    "percent": 1.34572,
    "usage": 18887,
    "rank": 113
  },
  "2023-02": {
    "name": "Armarouge",
    "percent": 0.94583,
    "usage": 15428,
    "rank": 151
  },
  "2023-03": {
    "name": "Armarouge",
    "percent": 1.06916,
    "usage": 19887,
    "rank": 122
  },
  "2023-04": {
    "name": "Armarouge",
    "percent": 1.1996,
    "usage": 21878,
    "rank": 106
  },
  "2023-05": {
    "name": "Armarouge",
    "percent": 0.88449,
    "usage": 18776,
    "rank": 120
  },
  "2023-06": {
    "name": "Armarouge",
    "percent": 1.08812,
    "usage": 17332,
    "rank": 114
  },
  "2023-07": {
    "name": "Armarouge",
    "percent": 0.94364,
    "usage": 14449,
    "rank": 121
  },
  "2023-08": {
    "name": "Armarouge",
    "percent": 0.63177,
    "usage": 13090,
    "rank": 155
  },
  "2023-09": {
    "name": "Armarouge",
    "percent": 0.6093,
    "usage": 11769,
    "rank": 172
  },
  "2023-09-DLC1": {
    "name": "Armarouge",
    "percent": 0.69349,
    "usage": 6188,
    "rank": 157
  },
  "2023-10": {
    "name": "Armarouge",
    "percent": 0.69492,
    "usage": 12169,
    "rank": 154
  },
  "2023-11": {
    "name": "Armarouge",
    "percent": 0.80664,
    "usage": 11890,
    "rank": 141
  },
  "2023-12": {
    "name": "Armarouge",
    "percent": 0.76669,
    "usage": 10310,
    "rank": 145
  },
  "2023-12-DLC2": {
    "name": "Armarouge",
    "percent": 0.81562,
    "usage": 4557,
    "rank": 134
  },
  "2024-01": {
    "name": "Armarouge",
    "percent": 0.72528,
    "usage": 10003,
    "rank": 148
  },
  "2024-02": {
    "name": "Armarouge",
    "percent": 0.63072,
    "usage": 9734,
    "rank": 155
  },
  "2024-03": {
    "name": "Armarouge",
    "percent": 0.70142,
    "usage": 11555,
    "rank": 152
  },
  "2024-04": {
    "name": "Armarouge",
    "percent": 0.8278,
    "usage": 11503,
    "rank": 138
  },
  "2024-05": {
    "name": "Armarouge",
    "percent": 0.5791,
    "usage": 4737,
    "rank": 162
  },
  "2024-06": {
    "name": "Armarouge",
    "percent": 0.47824,
    "usage": 8467,
    "rank": 173
  }
}