{
  "2023-12": {
    "name": "Toucannon",
    "percent": 0.24742,
    "usage": 9215,
    "rank": 222
  },
  "2023-12-DLC2": {
    "name": "Toucannon",
    "percent": 0.34811,
    "usage": 7449,
    "rank": 174
  },
  "2024-01": {
    "name": "Toucannon",
    "percent": 0.14708,
    "usage": 5533,
    "rank": 253
  },
  "2024-02": {
    "name": "Toucannon",
    "percent": 0.06369,
    "usage": 1797,
    "rank": 348
  },
  "2024-03": {
    "name": "Toucannon",
    "percent": 0.0624,
    "usage": 1660,
    "rank": 349
  },
  "2024-04": {
    "name": "Toucannon",
    "percent": 0.10242,
    "usage": 2384,
    "rank": 322
  },
  "2024-05": {
    "name": "Toucannon",
    "percent": 0.08331,
    "usage": 887,
    "rank": 339
  },
  "2024-06": {
    "name": "Toucannon",
    "percent": 0.09174,
    "usage": 1896,
    "rank": 331
  }
}