{
  "2022-11": {
    "name": "Gastrodon",
    "percent": 1.34739,
    "usage": 69392,
    "rank": 82
  },
  "2022-12": {
    "name": "Gastrodon",
    "percent": 0.78114,
    "usage": 54756,
    "rank": 90
  },
  "2023-01": {
    "name": "Gastrodon",
    "percent": 0.99225,
    "usage": 44846,
    "rank": 77
  },
  "2023-02": {
    "name": "Gastrodon",
    "percent": 1.24329,
    "usage": 39131,
    "rank": 71
  },
  "2023-03": {
    "name": "Gastrodon",
    "percent": 1.39077,
    "usage": 45399,
    "rank": 63
  },
  "2023-04": {
    "name": "Gastrodon",
    "percent": 0.94116,
    "usage": 31242,
    "rank": 73
  },
  "2023-05": {
    "name": "Gastrodon",
    "percent": 1.0183,
    "usage": 32839,
    "rank": 85
  },
  "2023-06": {
    "name": "Gastrodon",
    "percent": 0.66645,
    "usage": 35135,
    "rank": 99
  },
  "2023-07": {
    "name": "Gastrodon",
    "percent": 0.5889,
    "usage": 24784,
    "rank": 97
  },
  "2023-08": {
    "name": "Gastrodon",
    "percent": 0.77377,
    "usage": 27635,
    "rank": 81
  },
  "2023-09": {
    "name": "Gastrodon",
    "percent": 0.49802,
    "usage": 26651,
    "rank": 121
  },
  "2023-09-DLC1": {
    "name": "Gastrodon",
    "percent": 0.35782,
    "usage": 13783,
    "rank": 136
  },
  "2023-10": {
    "name": "Gastrodon",
    "percent": 0.40254,
    "usage": 24449,
    "rank": 121
  },
  "2023-11": {
    "name": "Gastrodon",
    "percent": 0.47244,
    "usage": 24123,
    "rank": 115
  },
  "2023-12": {
    "name": "Gastrodon",
    "percent": 0.37385,
    "usage": 23581,
    "rank": 149
  },
  "2023-12-DLC2": {
    "name": "Gastrodon",
    "percent": 0.30992,
    "usage": 10451,
    "rank": 148
  },
  "2024-01": {
    "name": "Gastrodon",
    "percent": 0.36466,
    "usage": 23172,
    "rank": 137
  },
  "2024-02": {
    "name": "Gastrodon",
    "percent": 0.39638,
    "usage": 20062,
    "rank": 128
  },
  "2024-03": {
    "name": "Gastrodon",
    "percent": 0.25922,
    "usage": 14405,
    "rank": 163
  },
  "2024-04": {
    "name": "Gastrodon",
    "percent": 0.21752,
    "usage": 11436,
    "rank": 180
  },
  "2024-05": {
    "name": "Gastrodon",
    "percent": 0.29686,
    "usage": 5363,
    "rank": 163
  },
  "2024-06": {
    "name": "Gastrodon",
    "percent": 0.27802,
    "usage": 11477,
    "rank": 166
  }
}