{
  "2022-11": {
    "name": "Koraidon",
    "percent": 52.09073,
    "usage": 148594,
    "rank": 1
  },
  "2022-12": {
    "name": "Koraidon",
    "percent": 43.20124,
    "usage": 181330,
    "rank": 3
  },
  "2023-01": {
    "name": "Koraidon",
    "percent": 38.75979,
    "usage": 112937,
    "rank": 2
  },
  "2023-02": {
    "name": "Koraidon",
    "percent": 39.66586,
    "usage": 84089,
    "rank": 2
  },
  "2023-03": {
    "name": "Koraidon",
    "percent": 42.00473,
    "usage": 82955,
    "rank": 2
  },
  "2023-04": {
    "name": "Koraidon",
    "percent": 45.43943,
    "usage": 71218,
    "rank": 2
  },
  "2023-05": {
    "name": "Koraidon",
    "percent": 40.56304,
    "usage": 58156,
    "rank": 2
  },
  "2023-06": {
    "name": "Koraidon",
    "percent": 35.84755,
    "usage": 81588,
    "rank": 3
  },
  "2023-07": {
    "name": "Koraidon",
    "percent": 37.22018,
    "usage": 63989,
    "rank": 3
  },
  "2023-08": {
    "name": "Koraidon",
    "percent": 38.13127,
    "usage": 63539,
    "rank": 3
  },
  "2023-09": {
    "name": "Koraidon",
    "percent": 38.92344,
    "usage": 64009,
    "rank": 3
  },
  "2023-09-DLC1": {
    "name": "Koraidon",
    "percent": 38.7497,
    "usage": 35665,
    "rank": 2
  },
  "2023-10": {
    "name": "Koraidon",
    "percent": 43.53015,
    "usage": 85054,
    "rank": 1
  },
  "2023-11": {
    "name": "Koraidon",
    "percent": 41.40835,
    "usage": 79258,
    "rank": 1
  },
  "2023-12": {
    "name": "Koraidon",
    "percent": 38.87281,
    "usage": 94606,
    "rank": 1
  },
  "2023-12-DLC2": {
    "name": "Koraidon",
    "percent": 38.38843,
    "usage": 47927,
    "rank": 1
  },
  "2024-01": {
    "name": "Koraidon",
    "percent": 38.71218,
    "usage": 102251,
    "rank": 2
  },
  "2024-02": {
    "name": "Koraidon",
    "percent": 42.94844,
    "usage": 105106,
    "rank": 1
  },
  "2024-03": {
    "name": "Koraidon",
    "percent": 47.281,
    "usage": 132610,
    "rank": 2
  },
  "2024-04": {
    "name": "Koraidon",
    "percent": 45.56108,
    "usage": 103496,
    "rank": 2
  },
  "2024-05": {
    "name": "Koraidon",
    "percent": 42.50056,
    "usage": 48775,
    "rank": 2
  },
  "2024-06": {
    "name": "Koraidon",
    "percent": 42.82073,
    "usage": 90527,
    "rank": 2
  }
}