{
  "2022-11": {
    "name": "Gulpin",
    "percent": 0.16506,
    "usage": 144,
    "rank": 124
  },
  "2022-12": {
    "name": "Gulpin",
    "percent": 0.17479,
    "usage": 223,
    "rank": 129
  },
  "2023-01": {
    "name": "Gulpin",
    "percent": 0.1922,
    "usage": 215,
    "rank": 126
  },
  "2023-02": {
    "name": "Gulpin",
    "percent": 0.20844,
    "usage": 171,
    "rank": 124
  },
  "2023-03": {
    "name": "Gulpin",
    "percent": 0.26183,
    "usage": 200,
    "rank": 123
  },
  "2023-04": {
    "name": "Gulpin",
    "percent": 0.15883,
    "usage": 175,
    "rank": 124
  },
  "2023-05": {
    "name": "Gulpin",
    "percent": 0.11726,
    "usage": 131,
    "rank": 135
  },
  "2023-06": {
    "name": "Gulpin",
    "percent": 0.09243,
    "usage": 100,
    "rank": 136
  },
  "2023-07": {
    "name": "Gulpin",
    "percent": 0.08394,
    "usage": 65,
    "rank": 138
  },
  "2023-08": {
    "name": "Gulpin",
    "percent": 0.07485,
    "usage": 110,
    "rank": 139
  },
  "2023-09": {
    "name": "Gulpin",
    "percent": 0.14615,
    "usage": 141,
    "rank": 150
  },
  "2023-09-DLC1": {
    "name": "Gulpin",
    "percent": 0.16861,
    "usage": 73,
    "rank": 142
  },
  "2023-10": {
    "name": "Gulpin",
    "percent": 0.11562,
    "usage": 202,
    "rank": 152
  },
  "2023-11": {
    "name": "Gulpin",
    "percent": 0.0616,
    "usage": 56,
    "rank": 166
  },
  "2023-12": {
    "name": "Gulpin",
    "percent": 0.04316,
    "usage": 48,
    "rank": 211
  },
  "2023-12-DLC2": {
    "name": "Gulpin",
    "percent": 0.05394,
    "usage": 39,
    "rank": 206
  },
  "2024-01": {
    "name": "Gulpin",
    "percent": 0.07791,
    "usage": 83,
    "rank": 195
  },
  "2024-02": {
    "name": "Gulpin",
    "percent": 0.11816,
    "usage": 85,
    "rank": 178
  },
  "2024-03": {
    "name": "Gulpin",
    "percent": 0.06521,
    "usage": 79,
    "rank": 197
  },
  "2024-04": {
    "name": "Gulpin",
    "percent": 0.06674,
    "usage": 100,
    "rank": 195
  },
  "2024-05": {
    "name": "Gulpin",
    "percent": 0.1259,
    "usage": 31,
    "rank": 175
  },
  "2024-06": {
    "name": "Gulpin",
    "percent": 0.06079,
    "usage": 45,
    "rank": 197
  }
}