{
  "2022-11": {
    "name": "Carbink",
    "percent": 0.01575,
    "usage": 849,
    "rank": 443
  },
  "2022-12": {
    "name": "Carbink",
    "percent": 0.11887,
    "usage": 1909,
    "rank": 286
  },
  "2023-01": {
    "name": "Carbink",
    "percent": 0.01597,
    "usage": 2181,
    "rank": 447
  },
  "2023-02": {
    "name": "Carbink",
    "percent": 0.0263,
    "usage": 1932,
    "rank": 431
  },
  "2023-03": {
    "name": "Carbink",
    "percent": 0.05703,
    "usage": 2248,
    "rank": 329
  },
  "2023-04": {
    "name": "Carbink",
    "percent": 0.03831,
    "usage": 2092,
    "rank": 383
  },
  "2023-05": {
    "name": "Carbink",
    "percent": 0.01722,
    "usage": 1841,
    "rank": 472
  },
  "2023-06": {
    "name": "Carbink",
    "percent": 0.01755,
    "usage": 2107,
    "rank": 447
  },
  "2023-07": {
    "name": "Carbink",
    "percent": 0.01869,
    "usage": 2199,
    "rank": 450
  },
  "2023-08": {
    "name": "Carbink",
    "percent": 0.02295,
    "usage": 2222,
    "rank": 428
  },
  "2023-09": {
    "name": "Carbink",
    "percent": 0.05733,
    "usage": 1909,
    "rank": 332
  },
  "2023-09-DLC1": {
    "name": "Carbink",
    "percent": 0.03641,
    "usage": 860,
    "rank": 357
  },
  "2023-10": {
    "name": "Carbink",
    "percent": 0.03928,
    "usage": 1697,
    "rank": 383
  },
  "2023-11": {
    "name": "Carbink",
    "percent": 0.01607,
    "usage": 1413,
    "rank": 476
  },
  "2023-12": {
    "name": "Carbink",
    "percent": 0.01447,
    "usage": 1408,
    "rank": 483
  },
  "2023-12-DLC2": {
    "name": "Carbink",
    "percent": 0.01671,
    "usage": 596,
    "rank": 432
  },
  "2024-01": {
    "name": "Carbink",
    "percent": 0.01988,
    "usage": 1085,
    "rank": 433
  },
  "2024-02": {
    "name": "Carbink",
    "percent": 0.01075,
    "usage": 925,
    "rank": 509
  },
  "2024-03": {
    "name": "Carbink",
    "percent": 0.01604,
    "usage": 1237,
    "rank": 480
  },
  "2024-04": {
    "name": "Carbink",
    "percent": 0.01756,
    "usage": 1488,
    "rank": 457
  },
  "2024-05": {
    "name": "Carbink",
    "percent": 0.0087,
    "usage": 622,
    "rank": 509
  },
  "2024-06": {
    "name": "Carbink",
    "percent": 0.01049,
    "usage": 1045,
    "rank": 476
  }
}