{
  "2023-05": {
    "name": "Mew",
    "percent": 0.2612,
    "usage": 6486,
    "rank": 155
  },
  "2023-06": {
    "name": "Mew",
    "percent": 1.68959,
    "usage": 72842,
    "rank": 73
  },
  "2023-07": {
    "name": "Mew",
    "percent": 0.88054,
    "usage": 28919,
    "rank": 78
  },
  "2023-08": {
    "name": "Mew",
    "percent": 0.69522,
    "usage": 22317,
    "rank": 87
  },
  "2023-09": {
    "name": "Mew",
    "percent": 0.54144,
    "usage": 25900,
    "rank": 115
  },
  "2023-09-DLC1": {
    "name": "Mew",
    "percent": 0.50325,
    "usage": 14674,
    "rank": 119
  },
  "2023-10": {
    "name": "Mew",
    "percent": 0.43198,
    "usage": 20994,
    "rank": 120
  },
  "2023-11": {
    "name": "Mew",
    "percent": 0.66183,
    "usage": 21777,
    "rank": 100
  },
  "2023-12": {
    "name": "Mew",
    "percent": 0.32316,
    "usage": 16310,
    "rank": 156
  },
  "2023-12-DLC2": {
    "name": "Mew",
    "percent": 0.2469,
    "usage": 7296,
    "rank": 165
  },
  "2024-01": {
    "name": "Mew",
    "percent": 0.23184,
    "usage": 14890,
    "rank": 167
  },
  "2024-02": {
    "name": "Mew",
    "percent": 0.2737,
    "usage": 12741,
    "rank": 157
  },
  "2024-03": {
    "name": "Mew",
    "percent": 0.4262,
    "usage": 15238,
    "rank": 129
  },
  "2024-04": {
    "name": "Mew",
    "percent": 0.35545,
    "usage": 12091,
    "rank": 141
  },
  "2024-05": {
    "name": "Mew",
    "percent": 0.484,
    "usage": 6808,
    "rank": 134
  },
  "2024-06": {
    "name": "Mew",
    "percent": 0.44356,
    "usage": 12470,
    "rank": 133
  }
}