{
  "elos": [
    "0",
    "1500",
    "1630",
    "1760"
  ],
  "firstMonth": "2022-11",
  "0": {
    "2022-11": {
      "name": "Happiny",
      "percent": 0.18455,
      "usage": 142,
      "rank": 124
    },
    "2022-12": {
      "name": "Happiny",
      "percent": 0.28922,
      "usage": 325,
      "rank": 123
    },
    "2023-01": {
      "name": "Happiny",
      "percent": 0.30703,
      "usage": 305,
      "rank": 120
    },
    "2023-02": {
      "name": "Happiny",
      "percent": 0.26366,
      "usage": 171,
      "rank": 123
    },
    "2023-03": {
      "name": "Happiny",
      "percent": 0.34579,
      "usage": 188,
      "rank": 124
    },
    "2023-04": {
      "name": "Happiny",
      "percent": 0.49266,
      "usage": 259,
      "rank": 113
    },
    "2023-05": {
      "name": "Happiny",
      "percent": 0.39148,
      "usage": 211,
      "rank": 122
    },
    "2023-06": {
      "name": "Happiny",
      "percent": 0.41478,
      "usage": 172,
      "rank": 126
    },
    "2023-07": {
      "name": "Happiny",
      "percent": 0.46624,
      "usage": 196,
      "rank": 119
    },
    "2023-08": {
      "name": "Happiny",
      "percent": 0.35843,
      "usage": 203,
      "rank": 126
    },
    "2023-09": {
      "name": "Happiny",
      "percent": 0.32907,
      "usage": 188,
      "rank": 148
    },
    "2023-09-DLC1": {
      "name": "Happiny",
      "percent": 0.14953,
      "usage": 45,
      "rank": 169
    },
    "2023-10": {
      "name": "Happiny",
      "percent": 0.29756,
      "usage": 208,
      "rank": 147
    },
    "2023-11": {
      "name": "Happiny",
      "percent": 0.37766,
      "usage": 168,
      "rank": 146
    },
    "2023-12": {
      "name": "Happiny",
      "percent": 0.22554,
      "usage": 101,
      "rank": 185
    },
    "2023-12-DLC2": {
      "name": "Happiny",
      "percent": 0.30927,
      "usage": 70,
      "rank": 167
    },
    "2024-01": {
      "name": "Happiny",
      "percent": 0.22105,
      "usage": 121,
      "rank": 187
    },
    "2024-02": {
      "name": "Happiny",
      "percent": 0.19262,
      "usage": 82,
      "rank": 188
    },
    "2024-03": {
      "name": "Happiny",
      "percent": 0.28036,
      "usage": 126,
      "rank": 174
    },
    "2024-04": {
      "name": "Happiny",
      "percent": 0.18278,
      "usage": 104,
      "rank": 181
    },
    "2024-05": {
      "name": "Happiny",
      "percent": 0.3749,
      "usage": 65,
      "rank": 158
    },
    "2024-06": {
      "name": "Happiny",
      "percent": 0.1866,
      "usage": 59,
      "rank": 182
    }
  },
  "1500": {
    "2022-11": {
      "name": "Happiny",
      "percent": 0.16539,
      "usage": 142,
      "rank": 123
    },
    "2022-12": {
      "name": "Happiny",
      "percent": 0.25122,
      "usage": 325,
      "rank": 123
    },
    "2023-01": {
      "name": "Happiny",
      "percent": 0.25718,
      "usage": 305,
      "rank": 120
    },
    "2023-02": {
      "name": "Happiny",
      "percent": 0.20658,
      "usage": 171,
      "rank": 125
    },
    "2023-03": {
      "name": "Happiny",
      "percent": 0.24479,
      "usage": 188,
      "rank": 124
    },
    "2023-04": {
      "name": "Happiny",
      "percent": 0.30215,
      "usage": 259,
      "rank": 109
    },
    "2023-05": {
      "name": "Happiny",
      "percent": 0.21464,
      "usage": 211,
      "rank": 125
    },
    "2023-06": {
      "name": "Happiny",
      "percent": 0.27101,
      "usage": 172,
      "rank": 118
    },
    "2023-07": {
      "name": "Happiny",
      "percent": 0.25706,
      "usage": 196,
      "rank": 114
    },
    "2023-08": {
      "name": "Happiny",
      "percent": 0.15046,
      "usage": 203,
      "rank": 126
    },
    "2023-09": {
      "name": "Happiny",
      "percent": 0.17028,
      "usage": 188,
      "rank": 144
    },
    "2023-09-DLC1": {
      "name": "Happiny",
      "percent": 0.04401,
      "usage": 45,
      "rank": 174
    },
    "2023-10": {
      "name": "Happiny",
      "percent": 0.15533,
      "usage": 208,
      "rank": 148
    },
    "2023-11": {
      "name": "Happiny",
      "percent": 0.18583,
      "usage": 168,
      "rank": 149
    },
    "2023-12": {
      "name": "Happiny",
      "percent": 0.06314,
      "usage": 101,
      "rank": 201
    },
    "2023-12-DLC2": {
      "name": "Happiny",
      "percent": 0.08332,
      "usage": 70,
      "rank": 192
    },
    "2024-01": {
      "name": "Happiny",
      "percent": 0.09057,
      "usage": 121,
      "rank": 191
    },
    "2024-02": {
      "name": "Happiny",
      "percent": 0.08658,
      "usage": 82,
      "rank": 188
    },
    "2024-03": {
      "name": "Happiny",
      "percent": 0.15695,
      "usage": 126,
      "rank": 172
    },
    "2024-04": {
      "name": "Happiny",
      "percent": 0.11198,
      "usage": 104,
      "rank": 173
    },
    "2024-05": {
      "name": "Happiny",
      "percent": 0.2715,
      "usage": 65,
      "rank": 140
    },
    "2024-06": {
      "name": "Happiny",
      "percent": 0.09192,
      "usage": 59,
      "rank": 184
    }
  },
  "1630": {
    "2022-11": {
      "name": "Happiny",
      "percent": 0.0,
      "usage": 142,
      "rank": 123
    },
    "2022-12": {
      "name": "Happiny",
      "percent": 0.07786,
      "usage": 325,
      "rank": 91
    },
    "2023-01": {
      "name": "Happiny",
      "percent": 0.00768,
      "usage": 305,
      "rank": 117
    },
    "2023-02": {
      "name": "Happiny",
      "percent": 0.01193,
      "usage": 171,
      "rank": 118
    },
    "2023-03": {
      "name": "Happiny",
      "percent": 0.01172,
      "usage": 188,
      "rank": 126
    },
    "2023-04": {
      "name": "Happiny",
      "percent": 0.04437,
      "usage": 259,
      "rank": 124
    },
    "2023-05": {
      "name": "Happiny",
      "percent": 0.0308,
      "usage": 211,
      "rank": 129
    },
    "2023-06": {
      "name": "Happiny",
      "percent": 0.05162,
      "usage": 172,
      "rank": 124
    },
    "2023-07": {
      "name": "Happiny",
      "percent": 0.00599,
      "usage": 196,
      "rank": 141
    },
    "2023-08": {
      "name": "Happiny",
      "percent": 0.00432,
      "usage": 203,
      "rank": 138
    },
    "2023-09": {
      "name": "Happiny",
      "percent": 0.02312,
      "usage": 188,
      "rank": 148
    },
    "2023-09-DLC1": {
      "name": "Happiny",
      "percent": 0.00157,
      "usage": 45,
      "rank": 173
    },
    "2023-10": {
      "name": "Happiny",
      "percent": 0.02398,
      "usage": 208,
      "rank": 148
    },
    "2023-11": {
      "name": "Happiny",
      "percent": 0.01149,
      "usage": 168,
      "rank": 163
    },
    "2023-12": {
      "name": "Happiny",
      "percent": 0.00168,
      "usage": 101,
      "rank": 212
    },
    "2023-12-DLC2": {
      "name": "Happiny",
      "percent": 0.00202,
      "usage": 70,
      "rank": 208
    },
    "2024-01": {
      "name": "Happiny",
      "percent": 0.00413,
      "usage": 121,
      "rank": 202
    },
    "2024-02": {
      "name": "Happiny",
      "percent": 0.00997,
      "usage": 82,
      "rank": 187
    },
    "2024-03": {
      "name": "Happiny",
      "percent": 0.03596,
      "usage": 126,
      "rank": 172
    },
    "2024-04": {
      "name": "Happiny",
      "percent": 0.00788,
      "usage": 104,
      "rank": 193
    },
    "2024-05": {
      "name": "Happiny",
      "percent": 0.09182,
      "usage": 65,
      "rank": 135
    },
    "2024-06": {
      "name": "Happiny",
      "percent": 0.00128,
      "usage": 59,
      "rank": 208
    }
  },
  "1760": {
    "2022-11": {
      "name": "Happiny",
      "percent": 0.0,
      "usage": 142,
      "rank": 123
    },
    "2022-12": {
      "name": "Happiny",
      "percent": 0.00466,
      "usage": 325,
      "rank": 92
    },
    "2023-01": {
      "name": "Happiny",
      "percent": 0.00088,
      "usage": 305,
      "rank": 105
    },
    "2023-02": {
      "name": "Happiny",