{
  "elos": [
    "0",
    "1500",
    "1630",
    "1760"
  ],
  "firstMonth": "2022-11",
  "0": {
    "2022-11": {
      "name": "Nacli",
      "percent": 1.74283,
      "usage": 1341,
      "rank": 68
    },
    "2022-12": {
      "name": "Nacli",
      "percent": 1.62677,
      "usage": 1828,
      "rank": 72
    },
    "2023-01": {
      "name": "Nacli",
      "percent": 1.18583,
      "usage": 1178,
      "rank": 79
    },
    "2023-02": {
      "name": "Nacli",
      "percent": 1.46016,
      "usage": 947,
      "rank": 73
    },
    "2023-03": {
      "name": "Nacli",
      "percent": 1.26177,
      "usage": 686,
      "rank": 84
    },
    "2023-04": {
      "name": "Nacli",
      "percent": 0.78749,
      "usage": 414,
      "rank": 96
    },
    "2023-05": {
      "name": "Nacli",
      "percent": 0.61783,
      "usage": 333,
      "rank": 107
    },
    "2023-06": {
      "name": "Nacli",
      "percent": 0.67763,
      "usage": 281,
      "rank": 102
    },
    "2023-07": {
      "name": "Nacli",
      "percent": 0.50668,
      "usage": 213,
      "rank": 114
    },
    "2023-08": {
      "name": "Nacli",
      "percent": 0.55442,
      "usage": 314,
      "rank": 110
    },
    "2023-09": {
      "name": "Nacli",
      "percent": 0.34483,
      "usage": 197,
      "rank": 146
    },
    "2023-09-DLC1": {
      "name": "Nacli",
      "percent": 0.29906,
      "usage": 90,
      "rank": 142
    },
    "2023-10": {
      "name": "Nacli",
      "percent": 0.34334,
      "usage": 240,
      "rank": 141
    },
    "2023-11": {
      "name": "Nacli",
      "percent": 0.26976,
      "usage": 120,
      "rank": 155
    },
    "2023-12": {
      "name": "Nacli",
      "percent": 0.30593,
      "usage": 137,
      "rank": 172
    },
    "2023-12-DLC2": {
      "name": "Nacli",
      "percent": 0.20323,
      "usage": 46,
      "rank": 184
    },
    "2024-01": {
      "name": "Nacli",
      "percent": 0.13702,
      "usage": 75,
      "rank": 198
    },
    "2024-02": {
      "name": "Nacli",
      "percent": 0.26075,
      "usage": 111,
      "rank": 171
    },
    "2024-03": {
      "name": "Nacli",
      "percent": 0.14686,
      "usage": 66,
      "rank": 196
    },
    "2024-04": {
      "name": "Nacli",
      "percent": 0.13884,
      "usage": 79,
      "rank": 192
    },
    "2024-05": {
      "name": "Nacli",
      "percent": 0.36913,
      "usage": 64,
      "rank": 160
    },
    "2024-06": {
      "name": "Nacli",
      "percent": 0.20242,
      "usage": 64,
      "rank": 179
    }
  },
  "1500": {
    "2022-11": {
      "name": "Nacli",
      "percent": 1.58059,
      "usage": 1341,
      "rank": 70
    },
    "2022-12": {
      "name": "Nacli",
      "percent": 1.50949,
      "usage": 1828,
      "rank": 74
    },
    "2023-01": {
      "name": "Nacli",
      "percent": 1.04131,
      "usage": 1178,
      "rank": 81
    },
    "2023-02": {
      "name": "Nacli",
      "percent": 1.3549,
      "usage": 947,
      "rank": 74
    },
    "2023-03": {
      "name": "Nacli",
      "percent": 1.05838,
      "usage": 686,
      "rank": 83
    },
    "2023-04": {
      "name": "Nacli",
      "percent": 0.53049,
      "usage": 414,
      "rank": 95
    },
    "2023-05": {
      "name": "Nacli",
      "percent": 0.39176,
      "usage": 333,
      "rank": 107
    },
    "2023-06": {
      "name": "Nacli",
      "percent": 0.31273,
      "usage": 281,
      "rank": 111
    },
    "2023-07": {
      "name": "Nacli",
      "percent": 0.34062,
      "usage": 213,
      "rank": 109
    },
    "2023-08": {
      "name": "Nacli",
      "percent": 0.33091,
      "usage": 314,
      "rank": 109
    },
    "2023-09": {
      "name": "Nacli",
      "percent": 0.16563,
      "usage": 197,
      "rank": 145
    },
    "2023-09-DLC1": {
      "name": "Nacli",
      "percent": 0.12151,
      "usage": 90,
      "rank": 152
    },
    "2023-10": {
      "name": "Nacli",
      "percent": 0.14369,
      "usage": 240,
      "rank": 149
    },
    "2023-11": {
      "name": "Nacli",
      "percent": 0.09999,
      "usage": 120,
      "rank": 158
    },
    "2023-12": {
      "name": "Nacli",
      "percent": 0.18669,
      "usage": 137,
      "rank": 170
    },
    "2023-12-DLC2": {
      "name": "Nacli",
      "percent": 0.1372,
      "usage": 46,
      "rank": 173
    },
    "2024-01": {
      "name": "Nacli",
      "percent": 0.06435,
      "usage": 75,
      "rank": 200
    },
    "2024-02": {
      "name": "Nacli",
      "percent": 0.14187,
      "usage": 111,
      "rank": 173
    },
    "2024-03": {
      "name": "Nacli",
      "percent": 0.07249,
      "usage": 66,
      "rank": 192
    },
    "2024-04": {
      "name": "Nacli",
      "percent": 0.12781,
      "usage": 79,
      "rank": 167
    },
    "2024-05": {
      "name": "Nacli",
      "percent": 0.15022,
      "usage": 64,
      "rank": 167
    },
    "2024-06": {
      "name": "Nacli",
      "percent": 0.09755,
      "usage": 64,
      "rank": 181
    }
  },
  "1630": {
    "2022-11": {
      "name": "Nacli",
      "percent": 0.92132,
      "usage": 1341,
      "rank": 58
    },
    "2022-12": {
      "name": "Nacli",
      "percent": 0.0978,
      "usage": 1828,
      "rank": 87
    },
    "2023-01": {
      "name": "Nacli",
      "percent": 0.0532,
      "usage": 1178,
      "rank": 98
    },
    "2023-02": {
      "name": "Nacli",
      "percent": 1.6588,
      "usage": 947,
      "rank": 48
    },
    "2023-03": {
      "name": "Nacli",
      "percent": 0.42047,
      "usage": 686,
      "rank": 78
    },
    "2023-04": {
      "name": "Nacli",
      "percent": 0.24421,
      "usage": 414,
      "rank": 92
    },
    "2023-05": {
      "name": "Nacli",
      "percent": 0.07377,
      "usage": 333,
      "rank": 118
    },
    "2023-06": {
      "name": "Nacli",
      "percent": 0.06401,
      "usage": 281,
      "rank": 120
    },
    "2023-07": {
      "name": "Nacli",
      "percent": 0.07459,
      "usage": 213,
      "rank": 116
    },
    "2023-08": {
      "name": "Nacli",
      "percent": 0.11476,
      "usage": 314,
      "rank": 104
    },
    "2023-09": {
      "name": "Nacli",
      "percent": 0.01096,
      "usage": 197,
      "rank": 161
    },
    "2023-09-DLC1": {
      "name": "Nacli",
      "percent": 0.01467,
      "usage": 90,
      "rank": 155
    },
    "2023-10": {
      "name": "Nacli",
      "percent": 0.00978,
      "usage": 240,
      "rank": 157
    },
    "2023-11": {
      "name": "Nacli",
      "percent": 0.0039,
      "usage": 120,
      "rank": 170
    },
    "2023-12": {
      "name": "Nacli",
      "percent": 0.01164,
      "usage": 137,
      "rank": 192
    },
    "2023-12-DLC2": {
      "name": "Nacli",
      "percent": 0.01358,
      "usage": 46,
      "rank": 177
    },
    "2024-01": {
      "name": "Nacli",
      "percent": 0.01019,
      "usage": 75,
      "rank": 195
    },
    "2024-02": {
      "name": "Nacli",
      "percent": 0.03256,
      "usage": 111,
      "rank": 164
    },
    "2024-03": {
      "name": "Nacli",
      "percent": 0.01025,
      "usage": 66,
      "rank": 186
    },
    "2024-04": {
      "name": "Nacli",
      "percent": 0.16713,
      "usage": 79,
      "rank": 107
    },
    "2024-05": {
      "name": "Nacli",
      "percent": 0.00739,
      "usage": 64,
      "rank": 179
    },
    "2024-06": {
      "name": "Nacli",
      "percent": 0.06092,
      "usage": 64,
      "rank": 143
    }
  },
  "1760": {
    "2022-11": {
      "name": "Nacli",
      "percent": 0.85178,
      "usage": 1341,
      "rank": 47
    },
    "2022-12": {
      "name": "Nacli",
      "percent": 0.02124,
      "usage": 1828,
      "rank": 80
    },
    "2023-01": {
      "name": "Nacli",
      "percent": 0.00262,
      "usage": 1178,
      "rank": 95
    },
    "2023-02": {
      "name": "Nacli",
      "percent": 2.60692,
      "usage": 947,
      "rank": 36
    },
    "2023-03": {
      "name": "Nacli",
      "percent": 0.12556,
      "usage": 686,