{
  "elos": [
    "0",
    "1500",
    "1630",
    "1760"
  ],
  "firstMonth": "2022-11",
  "0": {
    "2023-09": {
      "name": "Piplup",
      "percent": 0.40259,
      "usage": 230,
      "rank": 140
    },
    "2023-09-DLC1": {
      "name": "Piplup",
      "percent": 0.67455,
      "usage": 203,
      "rank": 113
    },
    "2023-10": {
      "name": "Piplup",
      "percent": 0.61229,
      "usage": 428,
      "rank": 120
    },
    "2023-11": {
      "name": "Piplup",
      "percent": 0.45634,
      "usage": 203,
      "rank": 135
    },
    "2023-12": {
      "name": "Piplup",
      "percent": 0.32156,
      "usage": 144,
      "rank": 170
    },
    "2023-12-DLC2": {
      "name": "Piplup",
      "percent": 0.26951,
      "usage": 61,
      "rank": 172
    },
    "2024-01": {
      "name": "Piplup",
      "percent": 0.19,
      "usage": 104,
      "rank": 189
    },
    "2024-02": {
      "name": "Piplup",
      "percent": 0.41813,
      "usage": 178,
      "rank": 147
    },
    "2024-03": {
      "name": "Piplup",
      "percent": 0.31374,
      "usage": 141,
      "rank": 170
    },
    "2024-04": {
      "name": "Piplup",
      "percent": 0.20562,
      "usage": 117,
      "rank": 177
    },
    "2024-05": {
      "name": "Piplup",
      "percent": 0.32299,
      "usage": 56,
      "rank": 167
    },
    "2024-06": {
      "name": "Piplup",
      "percent": 0.24037,
      "usage": 76,
      "rank": 172
    }
  },
  "1500": {
    "2023-09": {
      "name": "Piplup",
      "percent": 0.24264,
      "usage": 230,
      "rank": 138
    },
    "2023-09-DLC1": {
      "name": "Piplup",
      "percent": 0.4041,
      "usage": 203,
      "rank": 114
    },
    "2023-10": {
      "name": "Piplup",
      "percent": 0.44713,
      "usage": 428,
      "rank": 113
    },
    "2023-11": {
      "name": "Piplup",
      "percent": 0.31496,
      "usage": 203,
      "rank": 128
    },
    "2023-12": {
      "name": "Piplup",
      "percent": 0.20408,
      "usage": 144,
      "rank": 163
    },
    "2023-12-DLC2": {
      "name": "Piplup",
      "percent": 0.167,
      "usage": 61,
      "rank": 166
    },
    "2024-01": {
      "name": "Piplup",
      "percent": 0.10451,
      "usage": 104,
      "rank": 188
    },
    "2024-02": {
      "name": "Piplup",
      "percent": 0.29547,
      "usage": 178,
      "rank": 132
    },
    "2024-03": {
      "name": "Piplup",
      "percent": 0.22012,
      "usage": 141,
      "rank": 156
    },
    "2024-04": {
      "name": "Piplup",
      "percent": 0.1526,
      "usage": 117,
      "rank": 161
    },
    "2024-05": {
      "name": "Piplup",
      "percent": 0.24011,
      "usage": 56,
      "rank": 151
    },
    "2024-06": {
      "name": "Piplup",
      "percent": 0.11044,
      "usage": 76,
      "rank": 178
    }
  },
  "1630": {
    "2023-09": {
      "name": "Piplup",
      "percent": 0.07227,
      "usage": 230,
      "rank": 130
    },
    "2023-09-DLC1": {
      "name": "Piplup",
      "percent": 0.12035,
      "usage": 203,
      "rank": 112
    },
    "2023-10": {
      "name": "Piplup",
      "percent": 0.26814,
      "usage": 428,
      "rank": 100
    },
    "2023-11": {
      "name": "Piplup",
      "percent": 0.08725,
      "usage": 203,
      "rank": 129
    },
    "2023-12": {
      "name": "Piplup",
      "percent": 0.03143,
      "usage": 144,
      "rank": 173
    },
    "2023-12-DLC2": {
      "name": "Piplup",
      "percent": 0.03546,
      "usage": 61,
      "rank": 161
    },
    "2024-01": {
      "name": "Piplup",
      "percent": 0.02648,
      "usage": 104,
      "rank": 176
    },
    "2024-02": {
      "name": "Piplup",
      "percent": 0.13078,
      "usage": 178,
      "rank": 118
    },
    "2024-03": {
      "name": "Piplup",
      "percent": 0.03794,
      "usage": 141,
      "rank": 169
    },
    "2024-04": {
      "name": "Piplup",
      "percent": 0.05587,
      "usage": 117,
      "rank": 147
    },
    "2024-05": {
      "name": "Piplup",
      "percent": 0.0708,
      "usage": 56,
      "rank": 137
    },
    "2024-06": {
      "name": "Piplup",
      "percent": 0.01157,
      "usage": 76,
      "rank": 179
    }
  },
  "1760": {
    "2023-09": {
      "name": "Piplup",
      "percent": 0.04524,
      "usage": 230,
      "rank": 109
    },
    "2023-09-DLC1": {
      "name": "Piplup",
      "percent": 0.03589,
      "usage": 203,
      "rank": 104
    },
    "2023-10": {
      "name": "Piplup",
      "percent": 0.13283,
      "usage": 428,
      "rank": 90
    },
    "2023-11": {
      "name": "Piplup",
      "percent": 0.04563,
      "usage": 203,
      "rank": 110
    },
    "2023-12": {
      "name": "Piplup",
      "percent": 0.01483,
      "usage": 144,
      "rank": 156
    },
    "2023-12-DLC2": {
      "name": "Piplup",
      "percent": 0.02115,
      "usage": 61,
      "rank": 129
    },
    "2024-01": {
      "name": "Piplup",
      "percent": 0.00723,
      "usage": 104,
      "rank": 161
    },
    "2024-02": {
      "name": "Piplup",
      "percent": 0.00921,
      "usage": 178,
      "rank": 149
    },
    "2024-03": {
      "name": "Piplup",
      "percent": 0.0028,
      "usage": 141,
      "rank": 175
    },
    "2024-04": {
      "name": "Piplup",
      "percent": 0.00054,
      "usage": 117,
      "rank": 190
    },
    "2024-05": {
      "name": "Piplup",
      "percent": 0.01985,
      "usage": 56,
      "rank": 126
    },
    "2024-06": {
      "name": "Piplup",
      "percent": 0.00091,
      "usage": 76,
      "rank": 183
    }
  }
}