{
  "elos": [
    "0",
    "1500",
    "1630",
    "1760"
  ],
  "firstMonth": "2022-11",
  "0": {
    "2022-11": {
      "name": "Ralts",
      "percent": 0.28982,
      "usage": 223,
      "rank": 116
    },
    "2022-12": {
      "name": "Ralts",
      "percent": 0.43962,
      "usage": 494,
      "rank": 115
    },
    "2023-01": {
      "name": "Ralts",
      "percent": 0.3946,
      "usage": 392,
      "rank": 113
    },
    "2023-02": {
      "name": "Ralts",
      "percent": 0.55508,
      "usage": 360,
      "rank": 108
    },
    "2023-03": {
      "name": "Ralts",
      "percent": 0.61985,
      "usage": 337,
      "rank": 110
    },
    "2023-04": {
      "name": "Ralts",
      "percent": 0.45461,
      "usage": 239,
      "rank": 116
    },
    "2023-05": {
      "name": "Ralts",
      "percent": 0.72359,
      "usage": 390,
      "rank": 101
    },
    "2023-06": {
      "name": "Ralts",
      "percent": 0.58358,
      "usage": 242,
      "rank": 110
    },
    "2023-07": {
      "name": "Ralts",
      "percent": 0.46149,
      "usage": 194,
      "rank": 120
    },
    "2023-08": {
      "name": "Ralts",
      "percent": 0.47143,
      "usage": 267,
      "rank": 115
    },
    "2023-09": {
      "name": "Ralts",
      "percent": 0.51462,
      "usage": 294,
      "rank": 129
    },
    "2023-09-DLC1": {
      "name": "Ralts",
      "percent": 0.57154,
      "usage": 172,
      "rank": 123
    },
    "2023-10": {
      "name": "Ralts",
      "percent": 0.48067,
      "usage": 336,
      "rank": 129
    },
    "2023-11": {
      "name": "Ralts",
      "percent": 0.52603,
      "usage": 234,
      "rank": 131
    },
    "2023-12": {
      "name": "Ralts",
      "percent": 0.35282,
      "usage": 158,
      "rank": 166
    },
    "2023-12-DLC2": {
      "name": "Ralts",
      "percent": 0.27834,
      "usage": 63,
      "rank": 171
    },
    "2024-01": {
      "name": "Ralts",
      "percent": 0.34711,
      "usage": 190,
      "rank": 166
    },
    "2024-02": {
      "name": "Ralts",
      "percent": 0.22786,
      "usage": 97,
      "rank": 180
    },
    "2024-03": {
      "name": "Ralts",
      "percent": 0.39829,
      "usage": 179,
      "rank": 158
    },
    "2024-04": {
      "name": "Ralts",
      "percent": 0.3304,
      "usage": 188,
      "rank": 154
    },
    "2024-05": {
      "name": "Ralts",
      "percent": 0.54216,
      "usage": 94,
      "rank": 138
    },
    "2024-06": {
      "name": "Ralts",
      "percent": 0.51869,
      "usage": 164,
      "rank": 131
    }
  },
  "1500": {
    "2022-11": {
      "name": "Ralts",
      "percent": 0.27035,
      "usage": 223,
      "rank": 115
    },
    "2022-12": {
      "name": "Ralts",
      "percent": 0.37111,
      "usage": 494,
      "rank": 116
    },
    "2023-01": {
      "name": "Ralts",
      "percent": 0.33881,
      "usage": 392,
      "rank": 114
    },
    "2023-02": {
      "name": "Ralts",
      "percent": 0.42368,
      "usage": 360,
      "rank": 111
    },
    "2023-03": {
      "name": "Ralts",
      "percent": 0.4588,
      "usage": 337,
      "rank": 114
    },
    "2023-04": {
      "name": "Ralts",
      "percent": 0.23505,
      "usage": 239,
      "rank": 117
    },
    "2023-05": {
      "name": "Ralts",
      "percent": 0.28854,
      "usage": 390,
      "rank": 118
    },
    "2023-06": {
      "name": "Ralts",
      "percent": 0.21831,
      "usage": 242,
      "rank": 127
    },
    "2023-07": {
      "name": "Ralts",
      "percent": 0.21749,
      "usage": 194,
      "rank": 120
    },
    "2023-08": {
      "name": "Ralts",
      "percent": 0.26064,
      "usage": 267,
      "rank": 117
    },
    "2023-09": {
      "name": "Ralts",
      "percent": 0.19369,
      "usage": 294,
      "rank": 141
    },
    "2023-09-DLC1": {
      "name": "Ralts",
      "percent": 0.17508,
      "usage": 172,
      "rank": 140
    },
    "2023-10": {
      "name": "Ralts",
      "percent": 0.23882,
      "usage": 336,
      "rank": 136
    },
    "2023-11": {
      "name": "Ralts",
      "percent": 0.25828,
      "usage": 234,
      "rank": 137
    },
    "2023-12": {
      "name": "Ralts",
      "percent": 0.16499,
      "usage": 158,
      "rank": 174
    },
    "2023-12-DLC2": {
      "name": "Ralts",
      "percent": 0.12759,
      "usage": 63,
      "rank": 176
    },
    "2024-01": {
      "name": "Ralts",
      "percent": 0.15954,
      "usage": 190,
      "rank": 179
    },
    "2024-02": {
      "name": "Ralts",
      "percent": 0.09305,
      "usage": 97,
      "rank": 185
    },
    "2024-03": {
      "name": "Ralts",
      "percent": 0.14475,
      "usage": 179,
      "rank": 174
    },
    "2024-04": {
      "name": "Ralts",
      "percent": 0.1482,
      "usage": 188,
      "rank": 162
    },
    "2024-05": {
      "name": "Ralts",
      "percent": 0.26015,
      "usage": 94,
      "rank": 141
    },
    "2024-06": {
      "name": "Ralts",
      "percent": 0.29546,
      "usage": 164,
      "rank": 134
    }
  },
  "1630": {
    "2022-11": {
      "name": "Ralts",
      "percent": 0.24539,
      "usage": 223,
      "rank": 85
    },
    "2022-12": {
      "name": "Ralts",
      "percent": 9e-05,
      "usage": 494,
      "rank": 119
    },
    "2023-01": {
      "name": "Ralts",
      "percent": 0.00267,
      "usage": 392,
      "rank": 120
    },
    "2023-02": {
      "name": "Ralts",
      "percent": 0.00084,
      "usage": 360,
      "rank": 130
    },
    "2023-03": {
      "name": "Ralts",
      "percent": 0.05155,
      "usage": 337,
      "rank": 114
    },
    "2023-04": {
      "name": "Ralts",
      "percent": 0.0677,
      "usage": 239,
      "rank": 117
    },
    "2023-05": {
      "name": "Ralts",
      "percent": 0.06663,
      "usage": 390,
      "rank": 121
    },
    "2023-06": {
      "name": "Ralts",
      "percent": 0.02722,
      "usage": 242,
      "rank": 130
    },
    "2023-07": {
      "name": "Ralts",
      "percent": 0.06499,
      "usage": 194,
      "rank": 119
    },
    "2023-08": {
      "name": "Ralts",
      "percent": 0.03603,
      "usage": 267,
      "rank": 122
    },
    "2023-09": {
      "name": "Ralts",
      "percent": 0.0291,
      "usage": 294,
      "rank": 145
    },
    "2023-09-DLC1": {
      "name": "Ralts",
      "percent": 0.0201,
      "usage": 172,
      "rank": 147
    },
    "2023-10": {
      "name": "Ralts",
      "percent": 0.02644,
      "usage": 336,
      "rank": 145
    },
    "2023-11": {
      "name": "Ralts",
      "percent": 0.08112,
      "usage": 234,
      "rank": 132
    },
    "2023-12": {
      "name": "Ralts",
      "percent": 0.02458,
      "usage": 158,
      "rank": 177
    },
    "2023-12-DLC2": {
      "name": "Ralts",
      "percent": 0.03236,
      "usage": 63,
      "rank": 163
    },
    "2024-01": {
      "name": "Ralts",
      "percent": 0.06813,
      "usage": 190,
      "rank": 154
    },
    "2024-02": {
      "name": "Ralts",
      "percent": 0.00133,
      "usage": 97,
      "rank": 213
    },
    "2024-03": {
      "name": "Ralts",
      "percent": 0.01812,
      "usage": 179,
      "rank": 180
    },
    "2024-04": {
      "name": "Ralts",
      "percent": 0.05113,
      "usage": 188,
      "rank": 150
    },
    "2024-05": {
      "name": "Ralts",
      "percent": 0.01134,
      "usage": 94,
      "rank": 170
    },
    "2024-06": {
      "name": "Ralts",
      "percent": 0.04618,
      "usage": 164,
      "rank": 151
    }
  },
  "1760": {
    "2022-11": {
      "name": "Ralts",
      "percent": 0.06104,
      "usage": 223,
      "rank": 73
    },
    "2022-12": {
      "name": "Ralts",
      "percent": 0.0,
      "usage": 494,
      "rank": 119
    },
    "2023-01": {
      "name": "Ralts",
      "percent": 6e-05,
      "usage": 392,
      "rank": 118
    },
    "2023-02": {
      "name": "Ralts",
      "percent": 0.0,
      "usage": 360,
      "rank": 131
    },
    "2023-03": {
      "name": "Ralts",
      "percent": 0.01912,