{
  "2022-11": {
    "name": "Vaporeon",
    "percent": 0.09584,
    "usage": 4020,
    "rank": 166
  },
  "2022-12": {
    "name": "Vaporeon",
    "percent": 0.12094,
    "usage": 11224,
    "rank": 179
  },
  "2023-01": {
    "name": "Vaporeon",
    "percent": 0.50132,
    "usage": 11170,
    "rank": 117
  },
  "2023-02": {
    "name": "Vaporeon",
    "percent": 0.76132,
    "usage": 8091,
    "rank": 94
  },
  "2023-03": {
    "name": "Vaporeon",
    "percent": 1.36787,
    "usage": 8174,
    "rank": 81
  },
  "2023-04": {
    "name": "Vaporeon",
    "percent": 0.64455,
    "usage": 7870,
    "rank": 102
  },
  "2023-05": {
    "name": "Vaporeon",
    "percent": 0.47149,
    "usage": 7532,
    "rank": 134
  },
  "2023-06": {
    "name": "Vaporeon",
    "percent": 0.26439,
    "usage": 6470,
    "rank": 180
  },
  "2023-07": {
    "name": "Vaporeon",
    "percent": 0.3406,
    "usage": 7040,
    "rank": 158
  },
  "2023-08": {
    "name": "Vaporeon",
    "percent": 0.27,
    "usage": 7316,
    "rank": 184
  },
  "2023-09": {
    "name": "Vaporeon",
    "percent": 0.53085,
    "usage": 8053,
    "rank": 155
  },
  "2023-09-DLC1": {
    "name": "Vaporeon",
    "percent": 0.45858,
    "usage": 4090,
    "rank": 170
  },
  "2023-10": {
    "name": "Vaporeon",
    "percent": 0.56753,
    "usage": 9580,
    "rank": 138
  },
  "2023-11": {
    "name": "Vaporeon",
    "percent": 0.47363,
    "usage": 7566,
    "rank": 142
  },
  "2023-12": {
    "name": "Vaporeon",
    "percent": 0.46046,
    "usage": 5411,
    "rank": 161
  },
  "2023-12-DLC2": {
    "name": "Vaporeon",
    "percent": 0.61065,
    "usage": 2426,
    "rank": 142
  },
  "2024-01": {
    "name": "Vaporeon",
    "percent": 0.50308,
    "usage": 7313,
    "rank": 156
  },
  "2024-02": {
    "name": "Vaporeon",
    "percent": 0.43181,
    "usage": 6718,
    "rank": 158
  },
  "2024-03": {
    "name": "Vaporeon",
    "percent": 0.55675,
    "usage": 5848,
    "rank": 134
  },
  "2024-04": {
    "name": "Vaporeon",
    "percent": 0.59099,
    "usage": 5470,
    "rank": 120
  },
  "2024-05": {
    "name": "Vaporeon",
    "percent": 0.72195,
    "usage": 2931,
    "rank": 111
  },
  "2024-06": {
    "name": "Vaporeon",
    "percent": 0.61803,
    "usage": 6484,
    "rank": 117
  }
}