{
  "2022-11": {
    "name": "Marowak",
    "percent": 0.0,
    "usage": 509,
    "rank": 986
  },
  "2022-12": {
    "name": "Marowak",
    "percent": 0.0802,
    "usage": 1106,
    "rank": 318
  },
  "2023-01": {
    "name": "Marowak",
    "percent": 0.00383,
    "usage": 1024,
    "rank": 549
  },
  "2023-02": {
    "name": "Marowak",
    "percent": 0.01222,
    "usage": 1248,
    "rank": 516
  },
  "2023-03": {
    "name": "Marowak",
    "percent": 0.01647,
    "usage": 2153,
    "rank": 467
  },
  "2023-04": {
    "name": "Marowak",
    "percent": 0.01905,
    "usage": 1959,
    "rank": 465
  },
  "2023-05": {
    "name": "Marowak",
    "percent": 0.01108,
    "usage": 1636,
    "rank": 520
  },
  "2023-06": {
    "name": "Marowak",
    "percent": 0.00522,
    "usage": 2064,
    "rank": 567
  },
  "2023-07": {
    "name": "Marowak",
    "percent": 0.01091,
    "usage": 2148,
    "rank": 511
  },
  "2023-08": {
    "name": "Marowak",
    "percent": 0.00677,
    "usage": 1658,
    "rank": 550
  },
  "2023-09": {
    "name": "Marowak",
    "percent": 0.00976,
    "usage": 1740,
    "rank": 513
  },
  "2023-09-DLC1": {
    "name": "Marowak",
    "percent": 0.00453,
    "usage": 840,
    "rank": 566
  },
  "2023-10": {
    "name": "Marowak",
    "percent": 0.00896,
    "usage": 2051,
    "rank": 544
  },
  "2023-11": {
    "name": "Marowak",
    "percent": 0.00572,
    "usage": 1240,
    "rank": 577
  },
  "2023-12": {
    "name": "Marowak",
    "percent": 0.00914,
    "usage": 1179,
    "rank": 533
  },
  "2023-12-DLC2": {
    "name": "Marowak",
    "percent": 0.00953,
    "usage": 479,
    "rank": 493
  },
  "2024-01": {
    "name": "Marowak",
    "percent": 0.00514,
    "usage": 934,
    "rank": 584
  },
  "2024-02": {
    "name": "Marowak",
    "percent": 0.01057,
    "usage": 895,
    "rank": 510
  },
  "2024-03": {
    "name": "Marowak",
    "percent": 0.00772,
    "usage": 1151,
    "rank": 557
  },
  "2024-04": {
    "name": "Marowak",
    "percent": 0.00861,
    "usage": 1356,
    "rank": 530
  },
  "2024-05": {
    "name": "Marowak",
    "percent": 0.00294,
    "usage": 629,
    "rank": 608
  },
  "2024-06": {
    "name": "Marowak",
    "percent": 0.01475,
    "usage": 1258,
    "rank": 448
  }
}