{
  "2022-11": {
    "name": "Espathra",
    "percent": 4.977,
    "usage": 29275,
    "rank": 28
  },
  "2022-12": {
    "name": "Espathra",
    "percent": 4.18525,
    "usage": 62270,
    "rank": 39
  },
  "2023-01": {
    "name": "Espathra",
    "percent": 5.76022,
    "usage": 56932,
    "rank": 34
  },
  "2023-02": {
    "name": "Espathra",
    "percent": 9.98754,
    "usage": 71239,
    "rank": 19
  },
  "2023-03": {
    "name": "Espathra",
    "percent": 11.58237,
    "usage": 67541,
    "rank": 12
  },
  "2023-04": {
    "name": "Espathra",
    "percent": 9.90791,
    "usage": 57862,
    "rank": 17
  },
  "2023-05": {
    "name": "Espathra",
    "percent": 9.81675,
    "usage": 54001,
    "rank": 18
  },
  "2023-06": {
    "name": "Espathra",
    "percent": 4.94317,
    "usage": 34627,
    "rank": 28
  },
  "2023-07": {
    "name": "Espathra",
    "percent": 4.45768,
    "usage": 31238,
    "rank": 29
  },
  "2023-08": {
    "name": "Espathra",
    "percent": 4.88524,
    "usage": 35776,
    "rank": 27
  },
  "2023-09": {
    "name": "Espathra",
    "percent": 5.12794,
    "usage": 36515,
    "rank": 23
  },
  "2023-09-DLC1": {
    "name": "Espathra",
    "percent": 5.57023,
    "usage": 19939,
    "rank": 22
  },
  "2023-10": {
    "name": "Espathra",
    "percent": 4.81481,
    "usage": 39971,
    "rank": 26
  },
  "2023-11": {
    "name": "Espathra",
    "percent": 4.82314,
    "usage": 32852,
    "rank": 24
  },
  "2023-12": {
    "name": "Espathra",
    "percent": 4.60939,
    "usage": 23215,
    "rank": 27
  },
  "2023-12-DLC2": {
    "name": "Espathra",
    "percent": 4.12758,
    "usage": 8980,
    "rank": 30
  },
  "2024-01": {
    "name": "Espathra",
    "percent": 4.42442,
    "usage": 25463,
    "rank": 30
  },
  "2024-02": {
    "name": "Espathra",
    "percent": 3.865,
    "usage": 19845,
    "rank": 29
  },
  "2024-03": {
    "name": "Espathra",
    "percent": 3.74861,
    "usage": 20723,
    "rank": 31
  },
  "2024-04": {
    "name": "Espathra",
    "percent": 3.78653,
    "usage": 19491,
    "rank": 32
  },
  "2024-05": {
    "name": "Espathra",
    "percent": 3.47184,
    "usage": 8120,
    "rank": 30
  },
  "2024-06": {
    "name": "Espathra",
    "percent": 2.87599,
    "usage": 15878,
    "rank": 41
  }
}