{
  "2022-11": {
    "name": "Espathra",
    "percent": 2.26163,
    "usage": 29275,
    "rank": 50
  },
  "2022-12": {
    "name": "Espathra",
    "percent": 5.00977,
    "usage": 62270,
    "rank": 30
  },
  "2023-01": {
    "name": "Espathra",
    "percent": 2.93782,
    "usage": 56932,
    "rank": 34
  },
  "2023-02": {
    "name": "Espathra",
    "percent": 6.80589,
    "usage": 71239,
    "rank": 25
  },
  "2023-03": {
    "name": "Espathra",
    "percent": 6.28527,
    "usage": 67541,
    "rank": 24
  },
  "2023-04": {
    "name": "Espathra",
    "percent": 5.87835,
    "usage": 57862,
    "rank": 24
  },
  "2023-05": {
    "name": "Espathra",
    "percent": 4.25328,
    "usage": 54001,
    "rank": 29
  },
  "2023-06": {
    "name": "Espathra",
    "percent": 1.57659,
    "usage": 34627,
    "rank": 51
  },
  "2023-07": {
    "name": "Espathra",
    "percent": 1.83404,
    "usage": 31238,
    "rank": 42
  },
  "2023-08": {
    "name": "Espathra",
    "percent": 1.75445,
    "usage": 35776,
    "rank": 43
  },
  "2023-09": {
    "name": "Espathra",
    "percent": 2.02278,
    "usage": 36515,
    "rank": 40
  },
  "2023-09-DLC1": {
    "name": "Espathra",
    "percent": 2.35155,
    "usage": 19939,
    "rank": 40
  },
  "2023-10": {
    "name": "Espathra",
    "percent": 2.4856,
    "usage": 39971,
    "rank": 36
  },
  "2023-11": {
    "name": "Espathra",
    "percent": 1.8181,
    "usage": 32852,
    "rank": 43
  },
  "2023-12": {
    "name": "Espathra",
    "percent": 2.66716,
    "usage": 23215,
    "rank": 39
  },
  "2023-12-DLC2": {
    "name": "Espathra",
    "percent": 3.54121,
    "usage": 8980,
    "rank": 31
  },
  "2024-01": {
    "name": "Espathra",
    "percent": 3.71207,
    "usage": 25463,
    "rank": 33
  },
  "2024-02": {
    "name": "Espathra",
    "percent": 2.74326,
    "usage": 19845,
    "rank": 37
  },
  "2024-03": {
    "name": "Espathra",
    "percent": 1.45413,
    "usage": 20723,
    "rank": 50
  },
  "2024-04": {
    "name": "Espathra",
    "percent": 2.98553,
    "usage": 19491,
    "rank": 36
  },
  "2024-05": {
    "name": "Espathra",
    "percent": 2.13085,
    "usage": 8120,
    "rank": 37
  },
  "2024-06": {
    "name": "Espathra",
    "percent": 1.70979,
    "usage": 15878,
    "rank": 42
  }
}