{
  "2022-11": {
    "name": "Rellor",
    "percent": 0.38362,
    "usage": 334,
    "rank": 104
  },
  "2022-12": {
    "name": "Rellor",
    "percent": 0.30067,
    "usage": 380,
    "rank": 119
  },
  "2023-01": {
    "name": "Rellor",
    "percent": 0.45645,
    "usage": 505,
    "rank": 106
  },
  "2023-02": {
    "name": "Rellor",
    "percent": 0.27985,
    "usage": 213,
    "rank": 120
  },
  "2023-03": {
    "name": "Rellor",
    "percent": 0.37613,
    "usage": 239,
    "rank": 118
  },
  "2023-04": {
    "name": "Rellor",
    "percent": 0.12511,
    "usage": 113,
    "rank": 128
  },
  "2023-05": {
    "name": "Rellor",
    "percent": 0.12585,
    "usage": 115,
    "rank": 134
  },
  "2023-06": {
    "name": "Rellor",
    "percent": 0.09125,
    "usage": 72,
    "rank": 137
  },
  "2023-07": {
    "name": "Rellor",
    "percent": 0.05129,
    "usage": 69,
    "rank": 144
  },
  "2023-08": {
    "name": "Rellor",
    "percent": 0.13674,
    "usage": 105,
    "rank": 130
  },
  "2023-09": {
    "name": "Rellor",
    "percent": 0.75619,
    "usage": 373,
    "rank": 87
  },
  "2023-09-DLC1": {
    "name": "Rellor",
    "percent": 0.04016,
    "usage": 31,
    "rank": 175
  },
  "2023-10": {
    "name": "Rellor",
    "percent": 0.03124,
    "usage": 90,
    "rank": 174
  },
  "2023-11": {
    "name": "Rellor",
    "percent": 0.01174,
    "usage": 13,
    "rank": 183
  },
  "2023-12": {
    "name": "Rellor",
    "percent": 0.01248,
    "usage": 23,
    "rank": 225
  },
  "2023-12-DLC2": {
    "name": "Rellor",
    "percent": 0.01446,
    "usage": 7,
    "rank": 222
  },
  "2024-01": {
    "name": "Rellor",
    "percent": 0.01944,
    "usage": 33,
    "rank": 223
  },
  "2024-02": {
    "name": "Rellor",
    "percent": 0.08215,
    "usage": 52,
    "rank": 191
  },
  "2024-03": {
    "name": "Rellor",
    "percent": 0.14321,
    "usage": 67,
    "rank": 175
  },
  "2024-04": {
    "name": "Rellor",
    "percent": 0.03845,
    "usage": 43,
    "rank": 204
  },
  "2024-05": {
    "name": "Rellor",
    "percent": 0.0076,
    "usage": 4,
    "rank": 223
  },
  "2024-06": {
    "name": "Rellor",
    "percent": 0.02846,
    "usage": 20,
    "rank": 214
  }
}