{
  "2023-09": {
    "name": "Ekans",
    "percent": 0.00256,
    "usage": 98,
    "rank": 427
  },
  "2023-09-DLC1": {
    "name": "Ekans",
    "percent": 0.00403,
    "usage": 97,
    "rank": 402
  },
  "2023-10": {
    "name": "Ekans",
    "percent": 0.00149,
    "usage": 51,
    "rank": 488
  },
  "2023-11": {
    "name": "Ekans",
    "percent": 0.00123,
    "usage": 33,
    "rank": 497
  },
  "2023-12": {
    "name": "Ekans",
    "percent": 0.00035,
    "usage": 13,
    "rank": 686
  },
  "2023-12-DLC2": {
    "name": "Ekans",
    "percent": 0.00033,
    "usage": 7,
    "rank": 672
  },
  "2024-01": {
    "name": "Ekans",
    "percent": 0.00045,
    "usage": 17,
    "rank": 683
  },
  "2024-02": {
    "name": "Ekans",
    "percent": 0.0005,
    "usage": 14,
    "rank": 687
  },
  "2024-03": {
    "name": "Ekans",
    "percent": 0.00098,
    "usage": 26,
    "rank": 619
  },
  "2024-04": {
    "name": "Ekans",
    "percent": 0.00052,
    "usage": 12,
    "rank": 682
  },
  "2024-05": {
    "name": "Ekans",
    "percent": 0.00085,
    "usage": 9,
    "rank": 650
  },
  "2024-06": {
    "name": "Ekans",
    "percent": 0.00165,
    "usage": 34,
    "rank": 586
  }
}