{
  "2022-11": {
    "name": "Golurk",
    "percent": 0.33771,
    "usage": 1996,
    "rank": 324
  },
  "2022-12": {
    "name": "Golurk",
    "percent": 0.41216,
    "usage": 5065,
    "rank": 286
  },
  "2023-01": {
    "name": "Golurk",
    "percent": 0.33192,
    "usage": 4507,
    "rank": 304
  },
  "2023-02": {
    "name": "Golurk",
    "percent": 0.35609,
    "usage": 5557,
    "rank": 295
  },
  "2023-03": {
    "name": "Golurk",
    "percent": 0.38981,
    "usage": 6875,
    "rank": 271
  },
  "2023-04": {
    "name": "Golurk",
    "percent": 0.35674,
    "usage": 6279,
    "rank": 274
  },
  "2023-05": {
    "name": "Golurk",
    "percent": 0.327,
    "usage": 6103,
    "rank": 288
  },
  "2023-06": {
    "name": "Golurk",
    "percent": 0.27359,
    "usage": 4600,
    "rank": 316
  },
  "2023-07": {
    "name": "Golurk",
    "percent": 0.31548,
    "usage": 5106,
    "rank": 300
  },
  "2023-08": {
    "name": "Golurk",
    "percent": 0.31073,
    "usage": 5717,
    "rank": 307
  },
  "2023-09": {
    "name": "Golurk",
    "percent": 0.34642,
    "usage": 5940,
    "rank": 281
  },
  "2023-09-DLC1": {
    "name": "Golurk",
    "percent": 0.33786,
    "usage": 2883,
    "rank": 274
  },
  "2023-10": {
    "name": "Golurk",
    "percent": 0.37973,
    "usage": 5987,
    "rank": 274
  },
  "2023-11": {
    "name": "Golurk",
    "percent": 0.3681,
    "usage": 4978,
    "rank": 281
  },
  "2023-12": {
    "name": "Golurk",
    "percent": 0.35973,
    "usage": 4600,
    "rank": 282
  },
  "2023-12-DLC2": {
    "name": "Golurk",
    "percent": 0.33458,
    "usage": 1833,
    "rank": 278
  },
  "2024-01": {
    "name": "Golurk",
    "percent": 0.38345,
    "usage": 4733,
    "rank": 265
  },
  "2024-02": {
    "name": "Golurk",
    "percent": 0.40383,
    "usage": 5229,
    "rank": 245
  },
  "2024-03": {
    "name": "Golurk",
    "percent": 0.371,
    "usage": 4993,
    "rank": 267
  },
  "2024-04": {
    "name": "Golurk",
    "percent": 0.34932,
    "usage": 4248,
    "rank": 280
  },
  "2024-05": {
    "name": "Golurk",
    "percent": 0.37132,
    "usage": 2221,
    "rank": 270
  },
  "2024-06": {
    "name": "Golurk",
    "percent": 0.25345,
    "usage": 3307,
    "rank": 310
  }
}