{
  "2022-11": {
    "name": "Gastrodon",
    "percent": 1.26456,
    "usage": 3712,
    "rank": 72
  },
  "2022-12": {
    "name": "Gastrodon",
    "percent": 1.01439,
    "usage": 4410,
    "rank": 72
  },
  "2023-01": {
    "name": "Gastrodon",
    "percent": 0.89141,
    "usage": 2721,
    "rank": 80
  },
  "2023-02": {
    "name": "Gastrodon",
    "percent": 0.88924,
    "usage": 2032,
    "rank": 83
  },
  "2023-03": {
    "name": "Gastrodon",
    "percent": 0.84125,
    "usage": 1829,
    "rank": 82
  },
  "2023-04": {
    "name": "Gastrodon",
    "percent": 0.9793,
    "usage": 1871,
    "rank": 81
  },
  "2023-05": {
    "name": "Gastrodon",
    "percent": 1.12936,
    "usage": 1961,
    "rank": 83
  },
  "2023-06": {
    "name": "Gastrodon",
    "percent": 0.67904,
    "usage": 1938,
    "rank": 117
  },
  "2023-07": {
    "name": "Gastrodon",
    "percent": 0.69305,
    "usage": 1506,
    "rank": 117
  },
  "2023-08": {
    "name": "Gastrodon",
    "percent": 0.78129,
    "usage": 1664,
    "rank": 106
  },
  "2023-09": {
    "name": "Gastrodon",
    "percent": 0.67034,
    "usage": 1486,
    "rank": 136
  },
  "2023-09-DLC1": {
    "name": "Gastrodon",
    "percent": 0.63388,
    "usage": 806,
    "rank": 145
  },
  "2023-10": {
    "name": "Gastrodon",
    "percent": 0.70777,
    "usage": 1862,
    "rank": 131
  },
  "2023-11": {
    "name": "Gastrodon",
    "percent": 0.88957,
    "usage": 2372,
    "rank": 105
  },
  "2023-12": {
    "name": "Gastrodon",
    "percent": 0.66748,
    "usage": 2255,
    "rank": 143
  },
  "2023-12-DLC2": {
    "name": "Gastrodon",
    "percent": 0.55631,
    "usage": 960,
    "rank": 159
  },
  "2024-01": {
    "name": "Gastrodon",
    "percent": 0.51137,
    "usage": 1897,
    "rank": 173
  },
  "2024-02": {
    "name": "Gastrodon",
    "percent": 0.52132,
    "usage": 1779,
    "rank": 167
  },
  "2024-03": {
    "name": "Gastrodon",
    "percent": 0.41781,
    "usage": 1596,
    "rank": 184
  },
  "2024-04": {
    "name": "Gastrodon",
    "percent": 0.49206,
    "usage": 1570,
    "rank": 164
  },
  "2024-05": {
    "name": "Gastrodon",
    "percent": 0.52378,
    "usage": 836,
    "rank": 165
  },
  "2024-06": {
    "name": "Gastrodon",
    "percent": 0.37137,
    "usage": 1108,
    "rank": 211
  }
}