{
  "2023-12": {
    "name": "Skarmory",
    "percent": 2.66039,
    "usage": 87240,
    "rank": 60
  },
  "2023-12-DLC2": {
    "name": "Skarmory",
    "percent": 4.27175,
    "usage": 80310,
    "rank": 44
  },
  "2024-01": {
    "name": "Skarmory",
    "percent": 8.28707,
    "usage": 267610,
    "rank": 27
  },
  "2024-02": {
    "name": "Skarmory",
    "percent": 7.59288,
    "usage": 191680,
    "rank": 30
  },
  "2024-03": {
    "name": "Skarmory",
    "percent": 6.43215,
    "usage": 157922,
    "rank": 32
  },
  "2024-04": {
    "name": "Skarmory",
    "percent": 5.50478,
    "usage": 119845,
    "rank": 37
  },
  "2024-05": {
    "name": "Skarmory",
    "percent": 4.62798,
    "usage": 47822,
    "rank": 41
  },
  "2024-06": {
    "name": "Skarmory",
    "percent": 4.92686,
    "usage": 97234,
    "rank": 40
  }
}