{
  "2023-12": {
    "name": "Skarmory",
    "percent": 5.37709,
    "usage": 87240,
    "rank": 39
  },
  "2023-12-DLC2": {
    "name": "Skarmory",
    "percent": 8.78037,
    "usage": 80310,
    "rank": 25
  },
  "2024-01": {
    "name": "Skarmory",
    "percent": 9.24825,
    "usage": 267610,
    "rank": 21
  },
  "2024-02": {
    "name": "Skarmory",
    "percent": 7.48358,
    "usage": 191680,
    "rank": 29
  },
  "2024-03": {
    "name": "Skarmory",
    "percent": 5.92356,
    "usage": 157922,
    "rank": 33
  },
  "2024-04": {
    "name": "Skarmory",
    "percent": 5.08122,
    "usage": 119845,
    "rank": 38
  },
  "2024-05": {
    "name": "Skarmory",
    "percent": 3.91652,
    "usage": 47822,
    "rank": 42
  },
  "2024-06": {
    "name": "Skarmory",
    "percent": 4.87656,
    "usage": 97234,
    "rank": 39
  }
}