{
  "2023-05": {
    "name": "Tornadus",
    "percent": 0.00034,
    "usage": 54,
    "rank": 410
  },
  "2023-06": {
    "name": "Tornadus",
    "percent": 0.06648,
    "usage": 813,
    "rank": 185
  },
  "2023-07": {
    "name": "Tornadus",
    "percent": 0.03618,
    "usage": 1117,
    "rank": 216
  },
  "2023-08": {
    "name": "Tornadus",
    "percent": 0.0417,
    "usage": 1063,
    "rank": 215
  },
  "2023-09": {
    "name": "Tornadus",
    "percent": 0.08947,
    "usage": 1493,
    "rank": 202
  },
  "2023-09-DLC1": {
    "name": "Tornadus",
    "percent": 0.05409,
    "usage": 689,
    "rank": 229
  },
  "2023-10": {
    "name": "Tornadus",
    "percent": 0.03001,
    "usage": 1513,
    "rank": 265
  },
  "2023-11": {
    "name": "Tornadus",
    "percent": 0.02981,
    "usage": 1086,
    "rank": 251
  },
  "2023-12": {
    "name": "Tornadus",
    "percent": 0.03607,
    "usage": 1210,
    "rank": 272
  },
  "2023-12-DLC2": {
    "name": "Tornadus",
    "percent": 0.00932,
    "usage": 461,
    "rank": 361
  },
  "2024-01": {
    "name": "Tornadus",
    "percent": 0.06345,
    "usage": 1128,
    "rank": 218
  },
  "2024-02": {
    "name": "Tornadus",
    "percent": 0.02544,
    "usage": 1329,
    "rank": 287
  },
  "2024-03": {
    "name": "Tornadus",
    "percent": 0.04934,
    "usage": 1761,
    "rank": 225
  },
  "2024-04": {
    "name": "Tornadus",
    "percent": 0.01669,
    "usage": 1361,
    "rank": 290
  },
  "2024-05": {
    "name": "Tornadus",
    "percent": 0.03206,
    "usage": 438,
    "rank": 220
  },
  "2024-06": {
    "name": "Tornadus",
    "percent": 0.01359,
    "usage": 925,
    "rank": 302
  }
}