{
  "2022-11": {
    "name": "Qwilfish",
    "percent": 0.06215,
    "usage": 375,
    "rank": 558
  },
  "2022-12": {
    "name": "Qwilfish",
    "percent": 0.08067,
    "usage": 1069,
    "rank": 535
  },
  "2023-01": {
    "name": "Qwilfish",
    "percent": 0.05899,
    "usage": 857,
    "rank": 557
  },
  "2023-02": {
    "name": "Qwilfish",
    "percent": 0.05462,
    "usage": 948,
    "rank": 564
  },
  "2023-03": {
    "name": "Qwilfish",
    "percent": 0.05911,
    "usage": 1395,
    "rank": 526
  },
  "2023-04": {
    "name": "Qwilfish",
    "percent": 0.05191,
    "usage": 1407,
    "rank": 485
  },
  "2023-05": {
    "name": "Qwilfish",
    "percent": 0.02348,
    "usage": 1376,
    "rank": 569
  },
  "2023-06": {
    "name": "Qwilfish",
    "percent": 0.01352,
    "usage": 600,
    "rank": 608
  },
  "2023-07": {
    "name": "Qwilfish",
    "percent": 0.02605,
    "usage": 815,
    "rank": 562
  },
  "2023-08": {
    "name": "Qwilfish",
    "percent": 0.0169,
    "usage": 750,
    "rank": 589
  },
  "2023-09": {
    "name": "Qwilfish",
    "percent": 0.02117,
    "usage": 475,
    "rank": 573
  },
  "2023-09-DLC1": {
    "name": "Qwilfish",
    "percent": 0.02577,
    "usage": 254,
    "rank": 543
  },
  "2023-10": {
    "name": "Qwilfish",
    "percent": 0.03869,
    "usage": 731,
    "rank": 519
  },
  "2023-11": {
    "name": "Qwilfish",
    "percent": 0.01952,
    "usage": 577,
    "rank": 589
  },
  "2023-12": {
    "name": "Qwilfish",
    "percent": 0.03549,
    "usage": 911,
    "rank": 534
  },
  "2023-12-DLC2": {
    "name": "Qwilfish",
    "percent": 0.04407,
    "usage": 439,
    "rank": 493
  },
  "2024-01": {
    "name": "Qwilfish",
    "percent": 0.01423,
    "usage": 615,
    "rank": 617
  },
  "2024-02": {
    "name": "Qwilfish",
    "percent": 0.00916,
    "usage": 456,
    "rank": 648
  },
  "2024-03": {
    "name": "Qwilfish",
    "percent": 0.02068,
    "usage": 466,
    "rank": 588
  },
  "2024-04": {
    "name": "Qwilfish",
    "percent": 0.01383,
    "usage": 329,
    "rank": 618
  },
  "2024-05": {
    "name": "Qwilfish",
    "percent": 0.00371,
    "usage": 104,
    "rank": 709
  },
  "2024-06": {
    "name": "Qwilfish",
    "percent": 0.01044,
    "usage": 603,
    "rank": 615
  }
}