{
  "2023-05": {
    "name": "Goodra-Hisui",
    "percent": 0.37975,
    "usage": 1519,
    "rank": 147
  },
  "2023-06": {
    "name": "Goodra-Hisui",
    "percent": 2.97775,
    "usage": 18629,
    "rank": 42
  },
  "2023-07": {
    "name": "Goodra-Hisui",
    "percent": 1.24416,
    "usage": 12246,
    "rank": 83
  },
  "2023-08": {
    "name": "Goodra-Hisui",
    "percent": 0.85219,
    "usage": 12420,
    "rank": 103
  },
  "2023-09": {
    "name": "Goodra-Hisui",
    "percent": 0.88562,
    "usage": 11411,
    "rank": 117
  },
  "2023-09-DLC1": {
    "name": "Goodra-Hisui",
    "percent": 0.74011,
    "usage": 5763,
    "rank": 134
  },
  "2023-10": {
    "name": "Goodra-Hisui",
    "percent": 0.73737,
    "usage": 11413,
    "rank": 117
  },
  "2023-11": {
    "name": "Goodra-Hisui",
    "percent": 0.95069,
    "usage": 8868,
    "rank": 105
  },
  "2023-12": {
    "name": "Goodra-Hisui",
    "percent": 0.7161,
    "usage": 6574,
    "rank": 124
  },
  "2023-12-DLC2": {
    "name": "Goodra-Hisui",
    "percent": 0.47546,
    "usage": 2542,
    "rank": 159
  },
  "2024-01": {
    "name": "Goodra-Hisui",
    "percent": 0.50664,
    "usage": 6027,
    "rank": 154
  },
  "2024-02": {
    "name": "Goodra-Hisui",
    "percent": 0.61401,
    "usage": 7623,
    "rank": 130
  },
  "2024-03": {
    "name": "Goodra-Hisui",
    "percent": 0.70252,
    "usage": 6969,
    "rank": 118
  },
  "2024-04": {
    "name": "Goodra-Hisui",
    "percent": 0.44282,
    "usage": 5620,
    "rank": 140
  },
  "2024-05": {
    "name": "Goodra-Hisui",
    "percent": 0.36436,
    "usage": 2533,
    "rank": 154
  },
  "2024-06": {
    "name": "Goodra-Hisui",
    "percent": 0.49004,
    "usage": 4789,
    "rank": 131
  }
}