{
  "2023-12": {
    "name": "Cottonee",
    "percent": 0.01914,
    "usage": 713,
    "rank": 419
  },
  "2023-12-DLC2": {
    "name": "Cottonee",
    "percent": 0.02888,
    "usage": 618,
    "rank": 384
  },
  "2024-01": {
    "name": "Cottonee",
    "percent": 0.026,
    "usage": 978,
    "rank": 396
  },
  "2024-02": {
    "name": "Cottonee",
    "percent": 0.03445,
    "usage": 972,
    "rank": 395
  },
  "2024-03": {
    "name": "Cottonee",
    "percent": 0.04109,
    "usage": 1093,
    "rank": 387
  },
  "2024-04": {
    "name": "Cottonee",
    "percent": 0.03686,
    "usage": 858,
    "rank": 393
  },
  "2024-05": {
    "name": "Cottonee",
    "percent": 0.02076,
    "usage": 221,
    "rank": 428
  },
  "2024-06": {
    "name": "Cottonee",
    "percent": 0.03111,
    "usage": 643,
    "rank": 411
  }
}