{
  "2023-12": {
    "name": "Cottonee",
    "percent": 0.00077,
    "usage": 713,
    "rank": 417
  },
  "2023-12-DLC2": {
    "name": "Cottonee",
    "percent": 0.00135,
    "usage": 618,
    "rank": 379
  },
  "2024-01": {
    "name": "Cottonee",
    "percent": 0.00144,
    "usage": 978,
    "rank": 395
  },
  "2024-02": {
    "name": "Cottonee",
    "percent": 0.00045,
    "usage": 972,
    "rank": 440
  },
  "2024-03": {
    "name": "Cottonee",
    "percent": 0.00141,
    "usage": 1093,
    "rank": 405
  },
  "2024-04": {
    "name": "Cottonee",
    "percent": 0.00079,
    "usage": 858,
    "rank": 415
  },
  "2024-05": {
    "name": "Cottonee",
    "percent": 0.00068,
    "usage": 221,
    "rank": 409
  },
  "2024-06": {
    "name": "Cottonee",
    "percent": 0.00046,
    "usage": 643,
    "rank": 433
  }
}