{
  "2023-01": {
    "name": "Froakie",
    "percent": 0.33119,
    "usage": 329,
    "rank": 117
  },
  "2023-02": {
    "name": "Froakie",
    "percent": 3.07605,
    "usage": 1995,
    "rank": 47
  },
  "2023-03": {
    "name": "Froakie",
    "percent": 3.4616,
    "usage": 1882,
    "rank": 44
  },
  "2023-04": {
    "name": "Froakie",
    "percent": 3.64833,
    "usage": 1918,
    "rank": 37
  },
  "2023-05": {
    "name": "Froakie",
    "percent": 2.74964,
    "usage": 1482,
    "rank": 50
  },
  "2023-06": {
    "name": "Froakie",
    "percent": 2.03772,
    "usage": 845,
    "rank": 61
  },
  "2023-07": {
    "name": "Froakie",
    "percent": 3.28988,
    "usage": 1383,
    "rank": 41
  },
  "2023-08": {
    "name": "Froakie",
    "percent": 3.14817,
    "usage": 1783,
    "rank": 42
  },
  "2023-09": {
    "name": "Froakie",
    "percent": 2.38754,
    "usage": 1364,
    "rank": 51
  },
  "2023-09-DLC1": {
    "name": "Froakie",
    "percent": 1.96385,
    "usage": 591,
    "rank": 61
  },
  "2023-10": {
    "name": "Froakie",
    "percent": 1.86833,
    "usage": 1306,
    "rank": 64
  },
  "2023-11": {
    "name": "Froakie",
    "percent": 1.94902,
    "usage": 867,
    "rank": 65
  },
  "2023-12": {
    "name": "Froakie",
    "percent": 2.07673,
    "usage": 930,
    "rank": 63
  },
  "2023-12-DLC2": {
    "name": "Froakie",
    "percent": 1.71865,
    "usage": 389,
    "rank": 72
  },
  "2024-01": {
    "name": "Froakie",
    "percent": 1.56747,
    "usage": 858,
    "rank": 77
  },
  "2024-02": {
    "name": "Froakie",
    "percent": 1.48696,
    "usage": 633,
    "rank": 80
  },
  "2024-03": {
    "name": "Froakie",
    "percent": 1.86018,
    "usage": 836,
    "rank": 63
  },
  "2024-04": {
    "name": "Froakie",
    "percent": 1.11248,
    "usage": 633,
    "rank": 86
  },
  "2024-05": {
    "name": "Froakie",
    "percent": 1.99562,
    "usage": 346,
    "rank": 63
  },
  "2024-06": {
    "name": "Froakie",
    "percent": 1.23664,
    "usage": 391,
    "rank": 89
  }
}