{
  "2022-11": {
    "name": "Dachsbun",
    "percent": 1.54904,
    "usage": 78423,
    "rank": 76
  },
  "2022-12": {
    "name": "Dachsbun",
    "percent": 1.33873,
    "usage": 90639,
    "rank": 65
  },
  "2023-01": {
    "name": "Dachsbun",
    "percent": 0.57316,
    "usage": 25086,
    "rank": 105
  },
  "2023-02": {
    "name": "Dachsbun",
    "percent": 0.33998,
    "usage": 9970,
    "rank": 126
  },
  "2023-03": {
    "name": "Dachsbun",
    "percent": 0.31833,
    "usage": 9624,
    "rank": 126
  },
  "2023-04": {
    "name": "Dachsbun",
    "percent": 0.30112,
    "usage": 7194,
    "rank": 134
  },
  "2023-05": {
    "name": "Dachsbun",
    "percent": 0.2312,
    "usage": 5931,
    "rank": 186
  },
  "2023-06": {
    "name": "Dachsbun",
    "percent": 0.0936,
    "usage": 3743,
    "rank": 215
  },
  "2023-07": {
    "name": "Dachsbun",
    "percent": 0.14724,
    "usage": 3937,
    "rank": 193
  },
  "2023-08": {
    "name": "Dachsbun",
    "percent": 0.14749,
    "usage": 3688,
    "rank": 191
  },
  "2023-09": {
    "name": "Dachsbun",
    "percent": 0.09401,
    "usage": 3595,
    "rank": 262
  },
  "2023-09-DLC1": {
    "name": "Dachsbun",
    "percent": 0.08382,
    "usage": 2020,
    "rank": 262
  },
  "2023-10": {
    "name": "Dachsbun",
    "percent": 0.09154,
    "usage": 3129,
    "rank": 270
  },
  "2023-11": {
    "name": "Dachsbun",
    "percent": 0.10101,
    "usage": 2706,
    "rank": 267
  },
  "2023-12": {
    "name": "Dachsbun",
    "percent": 0.06849,
    "usage": 2551,
    "rank": 341
  },
  "2023-12-DLC2": {
    "name": "Dachsbun",
    "percent": 0.05828,
    "usage": 1247,
    "rank": 338
  },
  "2024-01": {
    "name": "Dachsbun",
    "percent": 0.07113,
    "usage": 2676,
    "rank": 335
  },
  "2024-02": {
    "name": "Dachsbun",
    "percent": 0.08754,
    "usage": 2470,
    "rank": 319
  },
  "2024-03": {
    "name": "Dachsbun",
    "percent": 0.11819,
    "usage": 3144,
    "rank": 291
  },
  "2024-04": {
    "name": "Dachsbun",
    "percent": 0.11312,
    "usage": 2633,
    "rank": 304
  },
  "2024-05": {
    "name": "Dachsbun",
    "percent": 0.10265,
    "usage": 1093,
    "rank": 321
  },
  "2024-06": {
    "name": "Dachsbun",
    "percent": 0.10916,
    "usage": 2256,
    "rank": 313
  }
}