{
  "2022-11": {
    "name": "Wattrel",
    "percent": 0.99953,
    "usage": 4063,
    "rank": 56
  },
  "2022-12": {
    "name": "Wattrel",
    "percent": 1.70289,
    "usage": 6710,
    "rank": 43
  },
  "2023-01": {
    "name": "Wattrel",
    "percent": 5.86774,
    "usage": 5300,
    "rank": 25
  },
  "2023-02": {
    "name": "Wattrel",
    "percent": 10.38555,
    "usage": 4797,
    "rank": 13
  },
  "2023-03": {
    "name": "Wattrel",
    "percent": 17.85173,
    "usage": 5195,
    "rank": 11
  },
  "2023-04": {
    "name": "Wattrel",
    "percent": 19.33663,
    "usage": 6104,
    "rank": 10
  },
  "2023-05": {
    "name": "Wattrel",
    "percent": 20.5032,
    "usage": 7498,
    "rank": 8
  },
  "2023-06": {
    "name": "Wattrel",
    "percent": 12.30784,
    "usage": 4259,
    "rank": 18
  },
  "2023-07": {
    "name": "Wattrel",
    "percent": 10.66284,
    "usage": 3860,
    "rank": 19
  },
  "2023-08": {
    "name": "Wattrel",
    "percent": 11.95791,
    "usage": 4737,
    "rank": 16
  },
  "2023-09": {
    "name": "Wattrel",
    "percent": 13.2484,
    "usage": 5455,
    "rank": 15
  },
  "2023-09-DLC1": {
    "name": "Wattrel",
    "percent": 12.04295,
    "usage": 2812,
    "rank": 13
  },
  "2023-10": {
    "name": "Wattrel",
    "percent": 11.23125,
    "usage": 6193,
    "rank": 15
  },
  "2023-11": {
    "name": "Wattrel",
    "percent": 14.45706,
    "usage": 4470,
    "rank": 11
  },
  "2023-12": {
    "name": "Wattrel",
    "percent": 6.66337,
    "usage": 2810,
    "rank": 29
  },
  "2023-12-DLC2": {
    "name": "Wattrel",
    "percent": 4.77833,
    "usage": 1043,
    "rank": 34
  },
  "2024-01": {
    "name": "Wattrel",
    "percent": 2.04944,
    "usage": 1406,
    "rank": 51
  },
  "2024-02": {
    "name": "Wattrel",
    "percent": 1.23444,
    "usage": 897,
    "rank": 59
  },
  "2024-03": {
    "name": "Wattrel",
    "percent": 1.83089,
    "usage": 936,
    "rank": 48
  },
  "2024-04": {
    "name": "Wattrel",
    "percent": 2.79552,
    "usage": 1609,
    "rank": 35
  },
  "2024-05": {
    "name": "Wattrel",
    "percent": 7.14131,
    "usage": 901,
    "rank": 18
  },
  "2024-06": {
    "name": "Wattrel",
    "percent": 6.60636,
    "usage": 1565,
    "rank": 20
  }
}