{
  "2022-11": {
    "name": "Golduck",
    "percent": 0.25892,
    "usage": 7263,
    "rank": 119
  },
  "2022-12": {
    "name": "Golduck",
    "percent": 0.12956,
    "usage": 21948,
    "rank": 118
  },
  "2023-01": {
    "name": "Golduck",
    "percent": 0.4945,
    "usage": 23654,
    "rank": 81
  },
  "2023-02": {
    "name": "Golduck",
    "percent": 1.11628,
    "usage": 12769,
    "rank": 62
  },
  "2023-03": {
    "name": "Golduck",
    "percent": 0.53818,
    "usage": 7340,
    "rank": 76
  },
  "2023-04": {
    "name": "Golduck",
    "percent": 0.7449,
    "usage": 6178,
    "rank": 72
  },
  "2023-05": {
    "name": "Golduck",
    "percent": 0.78084,
    "usage": 6899,
    "rank": 87
  },
  "2023-06": {
    "name": "Golduck",
    "percent": 0.51673,
    "usage": 7781,
    "rank": 96
  },
  "2023-07": {
    "name": "Golduck",
    "percent": 0.11808,
    "usage": 4073,
    "rank": 139
  },
  "2023-08": {
    "name": "Golduck",
    "percent": 0.20966,
    "usage": 3433,
    "rank": 104
  },
  "2023-09": {
    "name": "Golduck",
    "percent": 0.04054,
    "usage": 3415,
    "rank": 213
  },
  "2023-09-DLC1": {
    "name": "Golduck",
    "percent": 0.05256,
    "usage": 1905,
    "rank": 195
  },
  "2023-10": {
    "name": "Golduck",
    "percent": 0.03565,
    "usage": 2714,
    "rank": 195
  },
  "2023-11": {
    "name": "Golduck",
    "percent": 0.09382,
    "usage": 2182,
    "rank": 151
  },
  "2023-12": {
    "name": "Golduck",
    "percent": 0.05313,
    "usage": 3042,
    "rank": 221
  },
  "2023-12-DLC2": {
    "name": "Golduck",
    "percent": 0.05778,
    "usage": 1330,
    "rank": 200
  },
  "2024-01": {
    "name": "Golduck",
    "percent": 0.10277,
    "usage": 3639,
    "rank": 165
  },
  "2024-02": {
    "name": "Golduck",
    "percent": 0.11185,
    "usage": 2804,
    "rank": 155
  },
  "2024-03": {
    "name": "Golduck",
    "percent": 0.08784,
    "usage": 2053,
    "rank": 176
  },
  "2024-04": {
    "name": "Golduck",
    "percent": 0.01842,
    "usage": 1255,
    "rank": 263
  },
  "2024-05": {
    "name": "Golduck",
    "percent": 0.04397,
    "usage": 915,
    "rank": 218
  },
  "2024-06": {
    "name": "Golduck",
    "percent": 0.07506,
    "usage": 1576,
    "rank": 179
  }
}