{
  "2023-09": {
    "name": "Dipplin",
    "percent": 0.17604,
    "usage": 11748,
    "rank": 228
  },
  "2023-09-DLC1": {
    "name": "Dipplin",
    "percent": 0.30935,
    "usage": 10023,
    "rank": 185
  },
  "2023-10": {
    "name": "Dipplin",
    "percent": 0.10503,
    "usage": 5885,
    "rank": 287
  },
  "2023-11": {
    "name": "Dipplin",
    "percent": 0.05594,
    "usage": 2648,
    "rank": 347
  },
  "2023-12": {
    "name": "Dipplin",
    "percent": 0.02533,
    "usage": 1911,
    "rank": 428
  },
  "2023-12-DLC2": {
    "name": "Dipplin",
    "percent": 0.01559,
    "usage": 589,
    "rank": 441
  },
  "2024-01": {
    "name": "Dipplin",
    "percent": 0.01213,
    "usage": 1265,
    "rank": 498
  },
  "2024-02": {
    "name": "Dipplin",
    "percent": 0.0062,
    "usage": 1367,
    "rank": 570
  },
  "2024-03": {
    "name": "Dipplin",
    "percent": 0.02634,
    "usage": 1141,
    "rank": 428
  },
  "2024-04": {
    "name": "Dipplin",
    "percent": 0.00516,
    "usage": 874,
    "rank": 578
  },
  "2024-05": {
    "name": "Dipplin",
    "percent": 0.00385,
    "usage": 386,
    "rank": 588
  },
  "2024-06": {
    "name": "Dipplin",
    "percent": 0.01102,
    "usage": 484,
    "rank": 472
  }
}