{
  "2022-11": {
    "name": "Clodsire",
    "percent": 6.13378,
    "usage": 36253,
    "rank": 12
  },
  "2022-12": {
    "name": "Clodsire",
    "percent": 6.44555,
    "usage": 79208,
    "rank": 16
  },
  "2023-01": {
    "name": "Clodsire",
    "percent": 6.53891,
    "usage": 88789,
    "rank": 19
  },
  "2023-02": {
    "name": "Clodsire",
    "percent": 5.87508,
    "usage": 91684,
    "rank": 24
  },
  "2023-03": {
    "name": "Clodsire",
    "percent": 7.36311,
    "usage": 129862,
    "rank": 12
  },
  "2023-04": {
    "name": "Clodsire",
    "percent": 7.92673,
    "usage": 139518,
    "rank": 10
  },
  "2023-05": {
    "name": "Clodsire",
    "percent": 6.08133,
    "usage": 113501,
    "rank": 26
  },
  "2023-06": {
    "name": "Clodsire",
    "percent": 5.50576,
    "usage": 92572,
    "rank": 33
  },
  "2023-07": {
    "name": "Clodsire",
    "percent": 5.30932,
    "usage": 85931,
    "rank": 29
  },
  "2023-08": {
    "name": "Clodsire",
    "percent": 5.74626,
    "usage": 105723,
    "rank": 31
  },
  "2023-09": {
    "name": "Clodsire",
    "percent": 4.9439,
    "usage": 84772,
    "rank": 34
  },
  "2023-09-DLC1": {
    "name": "Clodsire",
    "percent": 4.61407,
    "usage": 39373,
    "rank": 36
  },
  "2023-10": {
    "name": "Clodsire",
    "percent": 4.81726,
    "usage": 75952,
    "rank": 33
  },
  "2023-11": {
    "name": "Clodsire",
    "percent": 4.92532,
    "usage": 66607,
    "rank": 32
  },
  "2023-12": {
    "name": "Clodsire",
    "percent": 4.67925,
    "usage": 59836,
    "rank": 31
  },
  "2023-12-DLC2": {
    "name": "Clodsire",
    "percent": 4.88636,
    "usage": 26770,
    "rank": 31
  },
  "2024-01": {
    "name": "Clodsire",
    "percent": 5.14816,
    "usage": 63544,
    "rank": 33
  },
  "2024-02": {
    "name": "Clodsire",
    "percent": 5.06532,
    "usage": 65589,
    "rank": 36
  },
  "2024-03": {
    "name": "Clodsire",
    "percent": 4.77917,
    "usage": 64319,
    "rank": 32
  },
  "2024-04": {
    "name": "Clodsire",
    "percent": 4.90305,
    "usage": 59624,
    "rank": 32
  },
  "2024-05": {
    "name": "Clodsire",
    "percent": 4.62169,
    "usage": 27644,
    "rank": 36
  },
  "2024-06": {
    "name": "Clodsire",
    "percent": 4.56634,
    "usage": 59582,
    "rank": 40
  }
}