{
  "elos": [
    "0",
    "1500",
    "1630",
    "1760"
  ],
  "firstMonth": "2022-11",
  "0": {
    "2022-11": {
      "name": "Alakazam",
      "percent": 1.8034,
      "usage": 34258,
      "rank": 69
    },
    "2022-12": {
      "name": "Alakazam",
      "percent": 1.98967,
      "usage": 8261,
      "rank": 71
    },
    "2023-01": {
      "name": "Alakazam",
      "percent": 1.60235,
      "usage": 4453,
      "rank": 85
    },
    "2023-02": {
      "name": "Alakazam",
      "percent": 1.7155,
      "usage": 3335,
      "rank": 78
    },
    "2023-03": {
      "name": "Alakazam",
      "percent": 2.11089,
      "usage": 4871,
      "rank": 73
    },
    "2023-04": {
      "name": "Alakazam",
      "percent": 2.06188,
      "usage": 4721,
      "rank": 74
    },
    "2023-05": {
      "name": "Alakazam",
      "percent": 2.16733,
      "usage": 4452,
      "rank": 67
    },
    "2023-06": {
      "name": "Alakazam",
      "percent": 2.31529,
      "usage": 3692,
      "rank": 67
    },
    "2023-07": {
      "name": "Alakazam",
      "percent": 2.14404,
      "usage": 3820,
      "rank": 73
    },
    "2023-08": {
      "name": "Alakazam",
      "percent": 1.83969,
      "usage": 3160,
      "rank": 80
    },
    "2023-09": {
      "name": "Alakazam",
      "percent": 1.77513,
      "usage": 2725,
      "rank": 76
    },
    "2023-09-DLC1": {
      "name": "Alakazam",
      "percent": 1.54894,
      "usage": 1196,
      "rank": 88
    },
    "2023-10": {
      "name": "Alakazam",
      "percent": 1.42155,
      "usage": 2043,
      "rank": 90
    },
    "2023-11": {
      "name": "Alakazam",
      "percent": 2.05599,
      "usage": 2491,
      "rank": 67
    },
    "2023-12": {
      "name": "Alakazam",
      "percent": 2.45979,
      "usage": 2615,
      "rank": 60
    },
    "2023-12-DLC2": {
      "name": "Alakazam",
      "percent": 2.47603,
      "usage": 1131,
      "rank": 59
    },
    "2024-01": {
      "name": "Alakazam",
      "percent": 1.80931,
      "usage": 1616,
      "rank": 76
    },
    "2024-02": {
      "name": "Alakazam",
      "percent": 2.58227,
      "usage": 2056,
      "rank": 56
    },
    "2024-03": {
      "name": "Alakazam",
      "percent": 1.72384,
      "usage": 1415,
      "rank": 75
    },
    "2024-04": {
      "name": "Alakazam",
      "percent": 1.45996,
      "usage": 1159,
      "rank": 86
    },
    "2024-05": {
      "name": "Alakazam",
      "percent": 1.0376,
      "usage": 393,
      "rank": 116
    },
    "2024-06": {
      "name": "Alakazam",
      "percent": 1.52137,
      "usage": 1253,
      "rank": 93
    }
  },
  "1500": {
    "2022-11": {
      "name": "Alakazam",
      "percent": 1.7116,
      "usage": 34258,
      "rank": 71
    },
    "2022-12": {
      "name": "Alakazam",
      "percent": 1.96046,
      "usage": 8261,
      "rank": 71
    },
    "2023-01": {
      "name": "Alakazam",
      "percent": 1.56976,
      "usage": 4453,
      "rank": 83
    },
    "2023-02": {
      "name": "Alakazam",
      "percent": 1.60273,
      "usage": 3335,
      "rank": 79
    },
    "2023-03": {
      "name": "Alakazam",
      "percent": 2.07525,
      "usage": 4871,
      "rank": 71
    },
    "2023-04": {
      "name": "Alakazam",
      "percent": 1.6252,
      "usage": 4721,
      "rank": 81
    },
    "2023-05": {
      "name": "Alakazam",
      "percent": 1.76752,
      "usage": 4452,
      "rank": 74
    },
    "2023-06": {
      "name": "Alakazam",
      "percent": 1.89668,
      "usage": 3692,
      "rank": 72
    },
    "2023-07": {
      "name": "Alakazam",
      "percent": 1.96211,
      "usage": 3820,
      "rank": 68
    },
    "2023-08": {
      "name": "Alakazam",
      "percent": 1.54046,
      "usage": 3160,
      "rank": 81
    },
    "2023-09": {
      "name": "Alakazam",
      "percent": 1.48909,
      "usage": 2725,
      "rank": 82
    },
    "2023-09-DLC1": {
      "name": "Alakazam",
      "percent": 1.60866,
      "usage": 1196,
      "rank": 73
    },
    "2023-10": {
      "name": "Alakazam",
      "percent": 1.24329,
      "usage": 2043,
      "rank": 85
    },
    "2023-11": {
      "name": "Alakazam",
      "percent": 1.50232,
      "usage": 2491,
      "rank": 79
    },
    "2023-12": {
      "name": "Alakazam",
      "percent": 1.68633,
      "usage": 2615,
      "rank": 74
    },
    "2023-12-DLC2": {
      "name": "Alakazam",
      "percent": 1.61585,
      "usage": 1131,
      "rank": 73
    },
    "2024-01": {
      "name": "Alakazam",
      "percent": 1.48999,
      "usage": 1616,
      "rank": 80
    },
    "2024-02": {
      "name": "Alakazam",
      "percent": 2.21785,
      "usage": 2056,
      "rank": 64
    },
    "2024-03": {
      "name": "Alakazam",
      "percent": 1.21442,
      "usage": 1415,
      "rank": 84
    },
    "2024-04": {
      "name": "Alakazam",
      "percent": 1.05971,
      "usage": 1159,
      "rank": 89
    },
    "2024-05": {
      "name": "Alakazam",
      "percent": 0.89206,
      "usage": 393,
      "rank": 99
    },
    "2024-06": {
      "name": "Alakazam",
      "percent": 1.07663,
      "usage": 1253,
      "rank": 94
    }
  },
  "1630": {
    "2022-11": {
      "name": "Alakazam",
      "percent": 0.78038,
      "usage": 34258,
      "rank": 85
    },
    "2022-12": {
      "name": "Alakazam",
      "percent": 3.50189,
      "usage": 8261,
      "rank": 50
    },
    "2023-01": {
      "name": "Alakazam",
      "percent": 0.52478,
      "usage": 4453,
      "rank": 107
    },
    "2023-02": {
      "name": "Alakazam",
      "percent": 0.47827,
      "usage": 3335,
      "rank": 105
    },
    "2023-03": {
      "name": "Alakazam",
      "percent": 4.03464,
      "usage": 4871,
      "rank": 41
    },
    "2023-04": {
      "name": "Alakazam",
      "percent": 1.16502,
      "usage": 4721,
      "rank": 81
    },
    "2023-05": {
      "name": "Alakazam",
      "percent": 0.89211,
      "usage": 4452,
      "rank": 95
    },
    "2023-06": {
      "name": "Alakazam",
      "percent": 0.88075,
      "usage": 3692,
      "rank": 90
    },
    "2023-07": {
      "name": "Alakazam",
      "percent": 0.81769,
      "usage": 3820,
      "rank": 100
    },
    "2023-08": {
      "name": "Alakazam",
      "percent": 0.45417,
      "usage": 3160,
      "rank": 117
    },
    "2023-09": {
      "name": "Alakazam",
      "percent": 1.07265,
      "usage": 2725,
      "rank": 85
    },
    "2023-09-DLC1": {
      "name": "Alakazam",
      "percent": 1.74352,
      "usage": 1196,
      "rank": 71
    },
    "2023-10": {
      "name": "Alakazam",
      "percent": 0.98251,
      "usage": 2043,
      "rank": 85
    },
    "2023-11": {
      "name": "Alakazam",
      "percent": 0.87399,
      "usage": 2491,
      "rank": 90
    },
    "2023-12": {
      "name": "Alakazam",
      "percent": 0.84324,
      "usage": 2615,
      "rank": 94
    },
    "2023-12-DLC2": {
      "name": "Alakazam",
      "percent": 0.75402,
      "usage": 1131,
      "rank": 96
    },
    "2024-01": {
      "name": "Alakazam",
      "percent": 0.66712,
      "usage": 1616,
      "rank": 99
    },
    "2024-02": {
      "name": "Alakazam",
      "percent": 1.0196,
      "usage": 2056,
      "rank": 86
    },
    "2024-03": {
      "name": "Alakazam",
      "percent": 0.45822,
      "usage": 1415,
      "rank": 112
    },
    "2024-04": {
      "name": "Alakazam",
      "percent": 0.30092,
      "usage": 1159,
      "rank": 122
    },
    "2024-05": {
      "name": "Alakazam",
      "percent": 0.4109,
      "usage": 393,
      "rank": 104
    },
    "2024-06": {
      "name": "Alakazam",
      "percent": 0.66361,
      "usage": 1253,
      "rank": 91
    }
  },
  "1760": {
    "2022-11": {
      "name": "Alakazam",
      "percent": 1.09577,
      "usage": 34258,
      "rank": 77
    },
    "2022-12": {
      "name": "Alakazam",
      "percent": 19.6155,
      "usage": 8261,
      "rank": 11
    },
    "2023-01": {
      "name": "Alakazam",
      "percent": 1.26674,