{
  "elos": [
    "0",
    "1500",
    "1630",
    "1760"
  ],
  "firstMonth": "2022-11",
  "0": {
    "2022-11": {
      "name": "Budew",
      "percent": 0.00089,
      "usage": 17,
      "rank": 629
    },
    "2022-12": {
      "name": "Budew",
      "percent": 0.01397,
      "usage": 58,
      "rank": 430
    },
    "2023-01": {
      "name": "Budew",
      "percent": 0.01511,
      "usage": 42,
      "rank": 418
    },
    "2023-02": {
      "name": "Budew",
      "percent": 0.05298,
      "usage": 103,
      "rank": 350
    },
    "2023-03": {
      "name": "Budew",
      "percent": 0.0481,
      "usage": 111,
      "rank": 365
    },
    "2023-04": {
      "name": "Budew",
      "percent": 0.0428,
      "usage": 98,
      "rank": 380
    },
    "2023-05": {
      "name": "Budew",
      "percent": 0.03749,
      "usage": 77,
      "rank": 382
    },
    "2023-06": {
      "name": "Budew",
      "percent": 0.03637,
      "usage": 58,
      "rank": 379
    },
    "2023-07": {
      "name": "Budew",
      "percent": 0.04434,
      "usage": 79,
      "rank": 377
    },
    "2023-08": {
      "name": "Budew",
      "percent": 0.0163,
      "usage": 28,
      "rank": 428
    },
    "2023-09": {
      "name": "Budew",
      "percent": 0.00847,
      "usage": 13,
      "rank": 466
    },
    "2023-10": {
      "name": "Budew",
      "percent": 0.00905,
      "usage": 13,
      "rank": 450
    },
    "2024-02": {
      "name": "Budew",
      "percent": 0.00126,
      "usage": 1,
      "rank": 538
    },
    "2024-06": {
      "name": "Budew",
      "percent": 0.00243,
      "usage": 2,
      "rank": 507
    }
  },
  "1500": {
    "2022-11": {
      "name": "Budew",
      "percent": 0.00076,
      "usage": 17,
      "rank": 626
    },
    "2022-12": {
      "name": "Budew",
      "percent": 0.01014,
      "usage": 58,
      "rank": 441
    },
    "2023-01": {
      "name": "Budew",
      "percent": 0.01074,
      "usage": 42,
      "rank": 428
    },
    "2023-02": {
      "name": "Budew",
      "percent": 0.02001,
      "usage": 103,
      "rank": 400
    },
    "2023-03": {
      "name": "Budew",
      "percent": 0.01491,
      "usage": 111,
      "rank": 411
    },
    "2023-04": {
      "name": "Budew",
      "percent": 0.0,
      "usage": 98,
      "rank": 659
    },
    "2023-05": {
      "name": "Budew",
      "percent": 0.00127,
      "usage": 77,
      "rank": 540
    },
    "2023-06": {
      "name": "Budew",
      "percent": 0.0,
      "usage": 58,
      "rank": 642
    },
    "2023-07": {
      "name": "Budew",
      "percent": 0.00048,
      "usage": 79,
      "rank": 588
    },
    "2023-08": {
      "name": "Budew",
      "percent": 0.0006,
      "usage": 28,
      "rank": 584
    },
    "2023-09": {
      "name": "Budew",
      "percent": 0.0,
      "usage": 13,
      "rank": 607
    },
    "2023-10": {
      "name": "Budew",
      "percent": 0.00104,
      "usage": 13,
      "rank": 513
    },
    "2024-02": {
      "name": "Budew",
      "percent": 0.0005,
      "usage": 1,
      "rank": 529
    },
    "2024-06": {
      "name": "Budew",
      "percent": 0.00023,
      "usage": 2,
      "rank": 530
    }
  },
  "1630": {
    "2022-11": {
      "name": "Budew",
      "percent": 0.0,
      "usage": 17,
      "rank": 595
    },
    "2022-12": {
      "name": "Budew",
      "percent": 0.0,
      "usage": 58,
      "rank": 382
    },
    "2023-01": {
      "name": "Budew",
      "percent": 0.0,
      "usage": 42,
      "rank": 465
    },
    "2023-02": {
      "name": "Budew",
      "percent": 0.00022,
      "usage": 103,
      "rank": 376
    },
    "2023-03": {
      "name": "Budew",
      "percent": 0.0,
      "usage": 111,
      "rank": 563
    },
    "2023-04": {
      "name": "Budew",
      "percent": 0.0,
      "usage": 98,
      "rank": 625
    },
    "2023-05": {
      "name": "Budew",
      "percent": 0.0,
      "usage": 77,
      "rank": 626
    },
    "2023-06": {
      "name": "Budew",
      "percent": 0.0,
      "usage": 58,
      "rank": 605
    },
    "2023-07": {
      "name": "Budew",
      "percent": 0.0,
      "usage": 79,
      "rank": 605
    },
    "2023-08": {
      "name": "Budew",
      "percent": 0.0,
      "usage": 28,
      "rank": 602
    },
    "2023-09": {
      "name": "Budew",
      "percent": 0.0,
      "usage": 13,
      "rank": 568
    },
    "2023-10": {
      "name": "Budew",
      "percent": 0.0,
      "usage": 13,
      "rank": 491
    },
    "2024-02": {
      "name": "Budew",
      "percent": 0.0,
      "usage": 1,
      "rank": 527
    },
    "2024-06": {
      "name": "Budew",
      "percent": 1e-05,
      "usage": 2,
      "rank": 448
    }
  },
  "1760": {
    "2022-11": {
      "name": "Budew",
      "percent": 0.0,
      "usage": 17,
      "rank": 579
    },
    "2022-12": {
      "name": "Budew",
      "percent": 0.0,
      "usage": 58,
      "rank": 461
    },
    "2023-01": {
      "name": "Budew",
      "percent": 0.0,
      "usage": 42,
      "rank": 455
    },
    "2023-02": {
      "name": "Budew",
      "percent": 1e-05,
      "usage": 103,
      "rank": 367
    },
    "2023-03": {
      "name": "Budew",
      "percent": 0.0,
      "usage": 111,
      "rank": 554
    },
    "2023-04": {
      "name": "Budew",
      "percent": 0.0,
      "usage": 98,
      "rank": 617
    },
    "2023-05": {
      "name": "Budew",
      "percent": 0.0,
      "usage": 77,
      "rank": 620
    },
    "2023-06": {
      "name": "Budew",
      "percent": 0.0,
      "usage": 58,
      "rank": 598
    },
    "2023-07": {
      "name": "Budew",
      "percent": 0.0,
      "usage": 79,
      "rank": 601
    },
    "2023-08": {
      "name": "Budew",
      "percent": 0.0,
      "usage": 28,
      "rank": 591
    },
    "2023-09": {
      "name": "Budew",
      "percent": 0.0,
      "usage": 13,
      "rank": 562
    },
    "2023-10": {
      "name": "Budew",
      "percent": 0.0,
      "usage": 13,
      "rank": 472
    },
    "2024-02": {
      "name": "Budew",
      "percent": 0.0,
      "usage": 1,
      "rank": 521
    },
    "2024-06": {
      "name": "Budew",
      "percent": 0.0,
      "usage": 2,
      "rank": 439
    }
  }
}