{
  "elos": [
    "0",
    "1500",
    "1630",
    "1760"
  ],
  "firstMonth": "2022-11",
  "0": {
    "2022-11": {
      "name": "Ditto",
      "percent": 1.5303,
      "usage": 29070,
      "rank": 80
    },
    "2022-12": {
      "name": "Ditto",
      "percent": 1.88514,
      "usage": 7827,
      "rank": 74
    },
    "2023-01": {
      "name": "Ditto",
      "percent": 1.47533,
      "usage": 4100,
      "rank": 89
    },
    "2023-02": {
      "name": "Ditto",
      "percent": 1.47116,
      "usage": 2860,
      "rank": 87
    },
    "2023-03": {
      "name": "Ditto",
      "percent": 1.29834,
      "usage": 2996,
      "rank": 104
    },
    "2023-04": {
      "name": "Ditto",
      "percent": 1.68628,
      "usage": 3861,
      "rank": 86
    },
    "2023-05": {
      "name": "Ditto",
      "percent": 1.44343,
      "usage": 2965,
      "rank": 95
    },
    "2023-06": {
      "name": "Ditto",
      "percent": 1.39218,
      "usage": 2220,
      "rank": 97
    },
    "2023-07": {
      "name": "Ditto",
      "percent": 1.44695,
      "usage": 2578,
      "rank": 96
    },
    "2023-08": {
      "name": "Ditto",
      "percent": 1.37977,
      "usage": 2370,
      "rank": 100
    },
    "2023-09": {
      "name": "Ditto",
      "percent": 1.59338,
      "usage": 2446,
      "rank": 88
    },
    "2023-09-DLC1": {
      "name": "Ditto",
      "percent": 1.64996,
      "usage": 1274,
      "rank": 86
    },
    "2023-10": {
      "name": "Ditto",
      "percent": 1.47444,
      "usage": 2119,
      "rank": 89
    },
    "2023-11": {
      "name": "Ditto",
      "percent": 1.5063,
      "usage": 1825,
      "rank": 90
    },
    "2023-12": {
      "name": "Ditto",
      "percent": 1.52008,
      "usage": 1616,
      "rank": 91
    },
    "2023-12-DLC2": {
      "name": "Ditto",
      "percent": 1.4033,
      "usage": 641,
      "rank": 92
    },
    "2024-01": {
      "name": "Ditto",
      "percent": 1.79251,
      "usage": 1601,
      "rank": 77
    },
    "2024-02": {
      "name": "Ditto",
      "percent": 1.58001,
      "usage": 1258,
      "rank": 84
    },
    "2024-03": {
      "name": "Ditto",
      "percent": 1.13299,
      "usage": 930,
      "rank": 101
    },
    "2024-04": {
      "name": "Ditto",
      "percent": 1.3743,
      "usage": 1091,
      "rank": 89
    },
    "2024-05": {
      "name": "Ditto",
      "percent": 1.14848,
      "usage": 435,
      "rank": 110
    },
    "2024-06": {
      "name": "Ditto",
      "percent": 1.23361,
      "usage": 1016,
      "rank": 103
    }
  },
  "1500": {
    "2022-11": {
      "name": "Ditto",
      "percent": 1.47382,
      "usage": 29070,
      "rank": 80
    },
    "2022-12": {
      "name": "Ditto",
      "percent": 1.8471,
      "usage": 7827,
      "rank": 76
    },
    "2023-01": {
      "name": "Ditto",
      "percent": 1.43495,
      "usage": 4100,
      "rank": 90
    },
    "2023-02": {
      "name": "Ditto",
      "percent": 1.40852,
      "usage": 2860,
      "rank": 87
    },
    "2023-03": {
      "name": "Ditto",
      "percent": 1.25736,
      "usage": 2996,
      "rank": 102
    },
    "2023-04": {
      "name": "Ditto",
      "percent": 1.65654,
      "usage": 3861,
      "rank": 79
    },
    "2023-05": {
      "name": "Ditto",
      "percent": 1.45533,
      "usage": 2965,
      "rank": 82
    },
    "2023-06": {
      "name": "Ditto",
      "percent": 1.25253,
      "usage": 2220,
      "rank": 88
    },
    "2023-07": {
      "name": "Ditto",
      "percent": 1.31981,
      "usage": 2578,
      "rank": 91
    },
    "2023-08": {
      "name": "Ditto",
      "percent": 1.15061,
      "usage": 2370,
      "rank": 98
    },
    "2023-09": {
      "name": "Ditto",
      "percent": 1.54641,
      "usage": 2446,
      "rank": 78
    },
    "2023-09-DLC1": {
      "name": "Ditto",
      "percent": 1.61192,
      "usage": 1274,
      "rank": 72
    },
    "2023-10": {
      "name": "Ditto",
      "percent": 1.5251,
      "usage": 2119,
      "rank": 74
    },
    "2023-11": {
      "name": "Ditto",
      "percent": 1.64336,
      "usage": 1825,
      "rank": 73
    },
    "2023-12": {
      "name": "Ditto",
      "percent": 1.51171,
      "usage": 1616,
      "rank": 79
    },
    "2023-12-DLC2": {
      "name": "Ditto",
      "percent": 1.58772,
      "usage": 641,
      "rank": 74
    },
    "2024-01": {
      "name": "Ditto",
      "percent": 2.14844,
      "usage": 1601,
      "rank": 70
    },
    "2024-02": {
      "name": "Ditto",
      "percent": 1.4966,
      "usage": 1258,
      "rank": 81
    },
    "2024-03": {
      "name": "Ditto",
      "percent": 0.92594,
      "usage": 930,
      "rank": 98
    },
    "2024-04": {
      "name": "Ditto",
      "percent": 0.96983,
      "usage": 1091,
      "rank": 95
    },
    "2024-05": {
      "name": "Ditto",
      "percent": 0.71731,
      "usage": 435,
      "rank": 113
    },
    "2024-06": {
      "name": "Ditto",
      "percent": 1.07155,
      "usage": 1016,
      "rank": 96
    }
  },
  "1630": {
    "2022-11": {
      "name": "Ditto",
      "percent": 0.73579,
      "usage": 29070,
      "rank": 89
    },
    "2022-12": {
      "name": "Ditto",
      "percent": 0.12558,
      "usage": 7827,
      "rank": 155
    },
    "2023-01": {
      "name": "Ditto",
      "percent": 1.06618,
      "usage": 4100,
      "rank": 84
    },
    "2023-02": {
      "name": "Ditto",
      "percent": 0.97171,
      "usage": 2860,
      "rank": 84
    },
    "2023-03": {
      "name": "Ditto",
      "percent": 1.55489,
      "usage": 2996,
      "rank": 75
    },
    "2023-04": {
      "name": "Ditto",
      "percent": 1.02863,
      "usage": 3861,
      "rank": 88
    },
    "2023-05": {
      "name": "Ditto",
      "percent": 1.63737,
      "usage": 2965,
      "rank": 72
    },
    "2023-06": {
      "name": "Ditto",
      "percent": 1.29925,
      "usage": 2220,
      "rank": 78
    },
    "2023-07": {
      "name": "Ditto",
      "percent": 1.48496,
      "usage": 2578,
      "rank": 71
    },
    "2023-08": {
      "name": "Ditto",
      "percent": 1.35121,
      "usage": 2370,
      "rank": 74
    },
    "2023-09": {
      "name": "Ditto",
      "percent": 1.34541,
      "usage": 2446,
      "rank": 79
    },
    "2023-09-DLC1": {
      "name": "Ditto",
      "percent": 1.40592,
      "usage": 1274,
      "rank": 78
    },
    "2023-10": {
      "name": "Ditto",
      "percent": 2.03746,
      "usage": 2119,
      "rank": 62
    },
    "2023-11": {
      "name": "Ditto",
      "percent": 1.27531,
      "usage": 1825,
      "rank": 78
    },
    "2023-12": {
      "name": "Ditto",
      "percent": 1.91556,
      "usage": 1616,
      "rank": 68
    },
    "2023-12-DLC2": {
      "name": "Ditto",
      "percent": 1.96085,
      "usage": 641,
      "rank": 68
    },
    "2024-01": {
      "name": "Ditto",
      "percent": 2.26181,
      "usage": 1601,
      "rank": 65
    },
    "2024-02": {
      "name": "Ditto",
      "percent": 1.22601,
      "usage": 1258,
      "rank": 78
    },
    "2024-03": {
      "name": "Ditto",
      "percent": 0.50994,
      "usage": 930,
      "rank": 107
    },
    "2024-04": {
      "name": "Ditto",
      "percent": 0.55216,
      "usage": 1091,
      "rank": 101
    },
    "2024-05": {
      "name": "Ditto",
      "percent": 0.37324,
      "usage": 435,
      "rank": 109
    },
    "2024-06": {
      "name": "Ditto",
      "percent": 0.62214,
      "usage": 1016,
      "rank": 93
    }
  },
  "1760": {
    "2022-11": {
      "name": "Ditto",
      "percent": 0.64575,
      "usage": 29070,
      "rank": 89
    },
    "2022-12": {
      "name": "Ditto",
      "percent": 0.00533,
      "usage": 7827,
      "rank": 178
    },
    "2023-01": {
      "name": "Ditto",
      "percent": 0.07566,
      "usage": 4100,
      "rank": 124
    },
    "2023-02": {
      "name": "Ditto",
      "percent": 3.49708,
      "usage": 2860,
      "rank": 44
    },
    "2023-03": {
      "name": "Ditto",