{
  "elos": [
    "0",
    "1500",
    "1630",
    "1760"
  ],
  "firstMonth": "2022-11",
  "0": {
    "2022-11": {
      "name": "Doublade",
      "percent": 0.12992,
      "usage": 2468,
      "rank": 279
    },
    "2022-12": {
      "name": "Doublade",
      "percent": 0.1645,
      "usage": 683,
      "rank": 279
    },
    "2023-01": {
      "name": "Doublade",
      "percent": 0.25728,
      "usage": 715,
      "rank": 223
    },
    "2023-02": {
      "name": "Doublade",
      "percent": 0.14043,
      "usage": 273,
      "rank": 284
    },
    "2023-03": {
      "name": "Doublade",
      "percent": 0.25698,
      "usage": 593,
      "rank": 242
    },
    "2023-04": {
      "name": "Doublade",
      "percent": 0.18256,
      "usage": 418,
      "rank": 278
    },
    "2023-05": {
      "name": "Doublade",
      "percent": 0.12803,
      "usage": 263,
      "rank": 307
    },
    "2023-06": {
      "name": "Doublade",
      "percent": 0.14047,
      "usage": 224,
      "rank": 286
    },
    "2023-07": {
      "name": "Doublade",
      "percent": 0.04602,
      "usage": 82,
      "rank": 374
    },
    "2023-08": {
      "name": "Doublade",
      "percent": 0.09839,
      "usage": 169,
      "rank": 330
    },
    "2023-09": {
      "name": "Doublade",
      "percent": 0.12638,
      "usage": 194,
      "rank": 302
    },
    "2023-09-DLC1": {
      "name": "Doublade",
      "percent": 0.13987,
      "usage": 108,
      "rank": 283
    },
    "2023-10": {
      "name": "Doublade",
      "percent": 0.1329,
      "usage": 191,
      "rank": 284
    },
    "2023-11": {
      "name": "Doublade",
      "percent": 0.21872,
      "usage": 265,
      "rank": 241
    },
    "2023-12": {
      "name": "Doublade",
      "percent": 0.10629,
      "usage": 113,
      "rank": 294
    },
    "2023-12-DLC2": {
      "name": "Doublade",
      "percent": 0.1007,
      "usage": 46,
      "rank": 288
    },
    "2024-01": {
      "name": "Doublade",
      "percent": 0.07949,
      "usage": 71,
      "rank": 326
    },
    "2024-02": {
      "name": "Doublade",
      "percent": 0.05401,
      "usage": 43,
      "rank": 351
    },
    "2024-03": {
      "name": "Doublade",
      "percent": 0.19614,
      "usage": 161,
      "rank": 235
    },
    "2024-04": {
      "name": "Doublade",
      "percent": 0.15872,
      "usage": 126,
      "rank": 261
    },
    "2024-05": {
      "name": "Doublade",
      "percent": 0.17689,
      "usage": 67,
      "rank": 265
    },
    "2024-06": {
      "name": "Doublade",
      "percent": 0.11413,
      "usage": 94,
      "rank": 289
    }
  },
  "1500": {
    "2022-11": {
      "name": "Doublade",
      "percent": 0.12054,
      "usage": 2468,
      "rank": 279
    },
    "2022-12": {
      "name": "Doublade",
      "percent": 0.15634,
      "usage": 683,
      "rank": 280
    },
    "2023-01": {
      "name": "Doublade",
      "percent": 0.25151,
      "usage": 715,
      "rank": 219
    },
    "2023-02": {
      "name": "Doublade",
      "percent": 0.13375,
      "usage": 273,
      "rank": 276
    },
    "2023-03": {
      "name": "Doublade",
      "percent": 0.22571,
      "usage": 593,
      "rank": 232
    },
    "2023-04": {
      "name": "Doublade",
      "percent": 0.10908,
      "usage": 418,
      "rank": 266
    },
    "2023-05": {
      "name": "Doublade",
      "percent": 0.12789,
      "usage": 263,
      "rank": 256
    },
    "2023-06": {
      "name": "Doublade",
      "percent": 0.08722,
      "usage": 224,
      "rank": 270
    },
    "2023-07": {
      "name": "Doublade",
      "percent": 0.02418,
      "usage": 82,
      "rank": 360
    },
    "2023-08": {
      "name": "Doublade",
      "percent": 0.06376,
      "usage": 169,
      "rank": 306
    },
    "2023-09": {
      "name": "Doublade",
      "percent": 0.08273,
      "usage": 194,
      "rank": 269
    },
    "2023-09-DLC1": {
      "name": "Doublade",
      "percent": 0.10884,
      "usage": 108,
      "rank": 247
    },
    "2023-10": {
      "name": "Doublade",
      "percent": 0.08208,
      "usage": 191,
      "rank": 262
    },
    "2023-11": {
      "name": "Doublade",
      "percent": 0.09133,
      "usage": 265,
      "rank": 255
    },
    "2023-12": {
      "name": "Doublade",
      "percent": 0.10186,
      "usage": 113,
      "rank": 244
    },
    "2023-12-DLC2": {
      "name": "Doublade",
      "percent": 0.08047,
      "usage": 46,
      "rank": 248
    },
    "2024-01": {
      "name": "Doublade",
      "percent": 0.01933,
      "usage": 71,
      "rank": 347
    },
    "2024-02": {
      "name": "Doublade",
      "percent": 0.02638,
      "usage": 43,
      "rank": 343
    },
    "2024-03": {
      "name": "Doublade",
      "percent": 0.08367,
      "usage": 161,
      "rank": 243
    },
    "2024-04": {
      "name": "Doublade",
      "percent": 0.13594,
      "usage": 126,
      "rank": 217
    },
    "2024-05": {
      "name": "Doublade",
      "percent": 0.13484,
      "usage": 67,
      "rank": 213
    },
    "2024-06": {
      "name": "Doublade",
      "percent": 0.07778,
      "usage": 94,
      "rank": 257
    }
  },
  "1630": {
    "2022-11": {
      "name": "Doublade",
      "percent": 0.00301,
      "usage": 2468,
      "rank": 370
    },
    "2022-12": {
      "name": "Doublade",
      "percent": 0.00042,
      "usage": 683,
      "rank": 307
    },
    "2023-01": {
      "name": "Doublade",
      "percent": 0.00015,
      "usage": 715,
      "rank": 341
    },
    "2023-02": {
      "name": "Doublade",
      "percent": 0.02472,
      "usage": 273,
      "rank": 244
    },
    "2023-03": {
      "name": "Doublade",
      "percent": 0.16268,
      "usage": 593,
      "rank": 163
    },
    "2023-04": {
      "name": "Doublade",
      "percent": 0.02451,
      "usage": 418,
      "rank": 282
    },
    "2023-05": {
      "name": "Doublade",
      "percent": 0.0307,
      "usage": 263,
      "rank": 271
    },
    "2023-06": {
      "name": "Doublade",
      "percent": 0.01661,
      "usage": 224,
      "rank": 273
    },
    "2023-07": {
      "name": "Doublade",
      "percent": 0.00335,
      "usage": 82,
      "rank": 366
    },
    "2023-08": {
      "name": "Doublade",
      "percent": 0.00627,
      "usage": 169,
      "rank": 335
    },
    "2023-09": {
      "name": "Doublade",
      "percent": 0.01001,
      "usage": 194,
      "rank": 303
    },
    "2023-09-DLC1": {
      "name": "Doublade",
      "percent": 0.00197,
      "usage": 108,
      "rank": 348
    },
    "2023-10": {
      "name": "Doublade",
      "percent": 0.01948,
      "usage": 191,
      "rank": 260
    },
    "2023-11": {
      "name": "Doublade",
      "percent": 0.01115,
      "usage": 265,
      "rank": 296
    },
    "2023-12": {
      "name": "Doublade",
      "percent": 0.07226,
      "usage": 113,
      "rank": 182
    },
    "2023-12-DLC2": {
      "name": "Doublade",
      "percent": 0.04821,
      "usage": 46,
      "rank": 190
    },
    "2024-01": {
      "name": "Doublade",
      "percent": 0.00145,
      "usage": 71,
      "rank": 355
    },
    "2024-02": {
      "name": "Doublade",
      "percent": 0.00526,
      "usage": 43,
      "rank": 305
    },
    "2024-03": {
      "name": "Doublade",
      "percent": 0.01335,
      "usage": 161,
      "rank": 260
    },
    "2024-04": {
      "name": "Doublade",
      "percent": 0.09296,
      "usage": 126,
      "rank": 170
    },
    "2024-05": {
      "name": "Doublade",
      "percent": 0.02911,
      "usage": 67,
      "rank": 216
    },
    "2024-06": {
      "name": "Doublade",
      "percent": 0.02421,
      "usage": 94,
      "rank": 232
    }
  },
  "1760": {
    "2022-11": {
      "name": "Doublade",
      "percent": 0.00079,
      "usage": 2468,
      "rank": 349
    },
    "2022-12": {
      "name": "Doublade",
      "percent": 0.0,
      "usage": 683,
      "rank": 357
    },
    "2023-01": {
      "name": "Doublade",
      "percent": 0.0,
      "usage": 715,