{
  "elos": [
    "0",
    "1500",
    "1630",
    "1760"
  ],
  "firstMonth": "2022-11",
  "0": {
    "2022-11": {
      "name": "Eiscue",
      "percent": 0.2631,
      "usage": 4998,
      "rank": 210
    },
    "2022-12": {
      "name": "Eiscue",
      "percent": 0.42125,
      "usage": 1749,
      "rank": 185
    },
    "2023-01": {
      "name": "Eiscue",
      "percent": 0.43,
      "usage": 1195,
      "rank": 176
    },
    "2023-02": {
      "name": "Eiscue",
      "percent": 0.34619,
      "usage": 673,
      "rank": 203
    },
    "2023-03": {
      "name": "Eiscue",
      "percent": 0.57593,
      "usage": 1329,
      "rank": 165
    },
    "2023-04": {
      "name": "Eiscue",
      "percent": 0.62891,
      "usage": 1440,
      "rank": 156
    },
    "2023-05": {
      "name": "Eiscue",
      "percent": 0.32228,
      "usage": 662,
      "rank": 221
    },
    "2023-06": {
      "name": "Eiscue",
      "percent": 0.44211,
      "usage": 705,
      "rank": 180
    },
    "2023-07": {
      "name": "Eiscue",
      "percent": 0.4956,
      "usage": 883,
      "rank": 177
    },
    "2023-08": {
      "name": "Eiscue",
      "percent": 0.34058,
      "usage": 585,
      "rank": 213
    },
    "2023-09": {
      "name": "Eiscue",
      "percent": 0.2736,
      "usage": 420,
      "rank": 229
    },
    "2023-09-DLC1": {
      "name": "Eiscue",
      "percent": 0.25384,
      "usage": 196,
      "rank": 227
    },
    "2023-10": {
      "name": "Eiscue",
      "percent": 0.33747,
      "usage": 485,
      "rank": 198
    },
    "2023-11": {
      "name": "Eiscue",
      "percent": 0.2765,
      "usage": 335,
      "rank": 214
    },
    "2023-12": {
      "name": "Eiscue",
      "percent": 0.11288,
      "usage": 120,
      "rank": 289
    },
    "2023-12-DLC2": {
      "name": "Eiscue",
      "percent": 0.10727,
      "usage": 49,
      "rank": 281
    },
    "2024-01": {
      "name": "Eiscue",
      "percent": 0.1198,
      "usage": 107,
      "rank": 286
    },
    "2024-02": {
      "name": "Eiscue",
      "percent": 1.13414,
      "usage": 903,
      "rank": 107
    },
    "2024-03": {
      "name": "Eiscue",
      "percent": 0.75776,
      "usage": 622,
      "rank": 131
    },
    "2024-04": {
      "name": "Eiscue",
      "percent": 0.51898,
      "usage": 412,
      "rank": 153
    },
    "2024-05": {
      "name": "Eiscue",
      "percent": 1.47587,
      "usage": 559,
      "rank": 90
    },
    "2024-06": {
      "name": "Eiscue",
      "percent": 0.4881,
      "usage": 402,
      "rank": 174
    }
  },
  "1500": {
    "2022-11": {
      "name": "Eiscue",
      "percent": 0.24097,
      "usage": 4998,
      "rank": 216
    },
    "2022-12": {
      "name": "Eiscue",
      "percent": 0.40217,
      "usage": 1749,
      "rank": 188
    },
    "2023-01": {
      "name": "Eiscue",
      "percent": 0.40428,
      "usage": 1195,
      "rank": 177
    },
    "2023-02": {
      "name": "Eiscue",
      "percent": 0.30752,
      "usage": 673,
      "rank": 203
    },
    "2023-03": {
      "name": "Eiscue",
      "percent": 0.46956,
      "usage": 1329,
      "rank": 167
    },
    "2023-04": {
      "name": "Eiscue",
      "percent": 0.3036,
      "usage": 1440,
      "rank": 183
    },
    "2023-05": {
      "name": "Eiscue",
      "percent": 0.21415,
      "usage": 662,
      "rank": 214
    },
    "2023-06": {
      "name": "Eiscue",
      "percent": 0.3178,
      "usage": 705,
      "rank": 175
    },
    "2023-07": {
      "name": "Eiscue",
      "percent": 0.2999,
      "usage": 883,
      "rank": 176
    },
    "2023-08": {
      "name": "Eiscue",
      "percent": 0.18794,
      "usage": 585,
      "rank": 221
    },
    "2023-09": {
      "name": "Eiscue",
      "percent": 0.16058,
      "usage": 420,
      "rank": 222
    },
    "2023-09-DLC1": {
      "name": "Eiscue",
      "percent": 0.16573,
      "usage": 196,
      "rank": 218
    },
    "2023-10": {
      "name": "Eiscue",
      "percent": 0.16492,
      "usage": 485,
      "rank": 211
    },
    "2023-11": {
      "name": "Eiscue",
      "percent": 0.1374,
      "usage": 335,
      "rank": 224
    },
    "2023-12": {
      "name": "Eiscue",
      "percent": 0.05413,
      "usage": 120,
      "rank": 286
    },
    "2023-12-DLC2": {
      "name": "Eiscue",
      "percent": 0.05524,
      "usage": 49,
      "rank": 273
    },
    "2024-01": {
      "name": "Eiscue",
      "percent": 0.09575,
      "usage": 107,
      "rank": 238
    },
    "2024-02": {
      "name": "Eiscue",
      "percent": 1.52838,
      "usage": 903,
      "rank": 78
    },
    "2024-03": {
      "name": "Eiscue",
      "percent": 0.95259,
      "usage": 622,
      "rank": 96
    },
    "2024-04": {
      "name": "Eiscue",
      "percent": 0.64738,
      "usage": 412,
      "rank": 112
    },
    "2024-05": {
      "name": "Eiscue",
      "percent": 2.36058,
      "usage": 559,
      "rank": 58
    },
    "2024-06": {
      "name": "Eiscue",
      "percent": 0.65149,
      "usage": 402,
      "rank": 115
    }
  },
  "1630": {
    "2022-11": {
      "name": "Eiscue",
      "percent": 0.1007,
      "usage": 4998,
      "rank": 195
    },
    "2022-12": {
      "name": "Eiscue",
      "percent": 0.0017,
      "usage": 1749,
      "rank": 281
    },
    "2023-01": {
      "name": "Eiscue",
      "percent": 0.01892,
      "usage": 1195,
      "rank": 225
    },
    "2023-02": {
      "name": "Eiscue",
      "percent": 0.02683,
      "usage": 673,
      "rank": 239
    },
    "2023-03": {
      "name": "Eiscue",
      "percent": 0.0456,
      "usage": 1329,
      "rank": 242
    },
    "2023-04": {
      "name": "Eiscue",
      "percent": 0.03358,
      "usage": 1440,
      "rank": 254
    },
    "2023-05": {
      "name": "Eiscue",
      "percent": 0.06175,
      "usage": 662,
      "rank": 215
    },
    "2023-06": {
      "name": "Eiscue",
      "percent": 0.0968,
      "usage": 705,
      "rank": 178
    },
    "2023-07": {
      "name": "Eiscue",
      "percent": 0.08753,
      "usage": 883,
      "rank": 184
    },
    "2023-08": {
      "name": "Eiscue",
      "percent": 0.03021,
      "usage": 585,
      "rank": 255
    },
    "2023-09": {
      "name": "Eiscue",
      "percent": 0.0253,
      "usage": 420,
      "rank": 266
    },
    "2023-09-DLC1": {
      "name": "Eiscue",
      "percent": 0.03141,
      "usage": 196,
      "rank": 244
    },
    "2023-10": {
      "name": "Eiscue",
      "percent": 0.02011,
      "usage": 485,
      "rank": 258
    },
    "2023-11": {
      "name": "Eiscue",
      "percent": 0.06634,
      "usage": 335,
      "rank": 197
    },
    "2023-12": {
      "name": "Eiscue",
      "percent": 0.06561,
      "usage": 120,
      "rank": 190
    },
    "2023-12-DLC2": {
      "name": "Eiscue",
      "percent": 0.11697,
      "usage": 49,
      "rank": 157
    },
    "2024-01": {
      "name": "Eiscue",
      "percent": 0.03837,
      "usage": 107,
      "rank": 208
    },
    "2024-02": {
      "name": "Eiscue",
      "percent": 2.85565,
      "usage": 903,
      "rank": 55
    },
    "2024-03": {
      "name": "Eiscue",
      "percent": 2.21428,
      "usage": 622,
      "rank": 61
    },
    "2024-04": {
      "name": "Eiscue",
      "percent": 1.44649,
      "usage": 412,
      "rank": 73
    },
    "2024-05": {
      "name": "Eiscue",
      "percent": 5.80948,
      "usage": 559,
      "rank": 36
    },
    "2024-06": {
      "name": "Eiscue",
      "percent": 1.44428,
      "usage": 402,
      "rank": 69
    }
  },
  "1760": {
    "2022-11": {
      "name": "Eiscue",
      "percent": 0.00833,
      "usage": 4998,
      "rank": 267
    },
    "2022-12": {
      "name": "Eiscue",
      "percent": 1e-05,
      "usage": 1749,
      "rank": 283
    },
    "2023-01": {
      "name": "Eiscue",
      "percent": 0.0051,
      "usage": 1195,
      "rank": 182
    },
    "2023-02": {
      "name": "Eiscue",
      "percent": 0.00636,
      "usage": 673,