{
  "elos": [
    "0",
    "1500",
    "1630",
    "1760"
  ],
  "firstMonth": "2022-11",
  "0": {
    "2022-11": {
      "name": "Lurantis",
      "percent": 0.24094,
      "usage": 4577,
      "rank": 221
    },
    "2022-12": {
      "name": "Lurantis",
      "percent": 0.23459,
      "usage": 974,
      "rank": 244
    },
    "2023-01": {
      "name": "Lurantis",
      "percent": 0.16624,
      "usage": 462,
      "rank": 272
    },
    "2023-02": {
      "name": "Lurantis",
      "percent": 0.15175,
      "usage": 295,
      "rank": 278
    },
    "2023-03": {
      "name": "Lurantis",
      "percent": 0.28212,
      "usage": 651,
      "rank": 229
    },
    "2023-04": {
      "name": "Lurantis",
      "percent": 0.19479,
      "usage": 446,
      "rank": 272
    },
    "2023-05": {
      "name": "Lurantis",
      "percent": 0.17087,
      "usage": 351,
      "rank": 286
    },
    "2023-06": {
      "name": "Lurantis",
      "percent": 0.20695,
      "usage": 330,
      "rank": 250
    },
    "2023-07": {
      "name": "Lurantis",
      "percent": 0.22844,
      "usage": 407,
      "rank": 253
    },
    "2023-08": {
      "name": "Lurantis",
      "percent": 0.1665,
      "usage": 286,
      "rank": 288
    },
    "2023-09": {
      "name": "Lurantis",
      "percent": 0.15439,
      "usage": 237,
      "rank": 285
    },
    "2023-09-DLC1": {
      "name": "Lurantis",
      "percent": 0.12951,
      "usage": 100,
      "rank": 287
    },
    "2023-10": {
      "name": "Lurantis",
      "percent": 0.14751,
      "usage": 212,
      "rank": 274
    },
    "2023-11": {
      "name": "Lurantis",
      "percent": 0.24266,
      "usage": 294,
      "rank": 229
    },
    "2023-12": {
      "name": "Lurantis",
      "percent": 0.26526,
      "usage": 282,
      "rank": 223
    },
    "2023-12-DLC2": {
      "name": "Lurantis",
      "percent": 0.08757,
      "usage": 40,
      "rank": 296
    },
    "2024-01": {
      "name": "Lurantis",
      "percent": 0.08173,
      "usage": 73,
      "rank": 320
    },
    "2024-02": {
      "name": "Lurantis",
      "percent": 0.24491,
      "usage": 195,
      "rank": 227
    },
    "2024-03": {
      "name": "Lurantis",
      "percent": 0.09015,
      "usage": 74,
      "rank": 308
    },
    "2024-04": {
      "name": "Lurantis",
      "percent": 0.07432,
      "usage": 59,
      "rank": 311
    },
    "2024-05": {
      "name": "Lurantis",
      "percent": 0.07393,
      "usage": 28,
      "rank": 327
    },
    "2024-06": {
      "name": "Lurantis",
      "percent": 0.07164,
      "usage": 59,
      "rank": 318
    }
  },
  "1500": {
    "2022-11": {
      "name": "Lurantis",
      "percent": 0.21591,
      "usage": 4577,
      "rank": 224
    },
    "2022-12": {
      "name": "Lurantis",
      "percent": 0.22367,
      "usage": 974,
      "rank": 245
    },
    "2023-01": {
      "name": "Lurantis",
      "percent": 0.15288,
      "usage": 462,
      "rank": 272
    },
    "2023-02": {
      "name": "Lurantis",
      "percent": 0.12626,
      "usage": 295,
      "rank": 282
    },
    "2023-03": {
      "name": "Lurantis",
      "percent": 0.21213,
      "usage": 651,
      "rank": 243
    },
    "2023-04": {
      "name": "Lurantis",
      "percent": 0.08871,
      "usage": 446,
      "rank": 281
    },
    "2023-05": {
      "name": "Lurantis",
      "percent": 0.07203,
      "usage": 351,
      "rank": 302
    },
    "2023-06": {
      "name": "Lurantis",
      "percent": 0.11418,
      "usage": 330,
      "rank": 247
    },
    "2023-07": {
      "name": "Lurantis",
      "percent": 0.10074,
      "usage": 407,
      "rank": 270
    },
    "2023-08": {
      "name": "Lurantis",
      "percent": 0.07538,
      "usage": 286,
      "rank": 291
    },
    "2023-09": {
      "name": "Lurantis",
      "percent": 0.05585,
      "usage": 237,
      "rank": 302
    },
    "2023-09-DLC1": {
      "name": "Lurantis",
      "percent": 0.03963,
      "usage": 100,
      "rank": 321
    },
    "2023-10": {
      "name": "Lurantis",
      "percent": 0.0338,
      "usage": 212,
      "rank": 331
    },
    "2023-11": {
      "name": "Lurantis",
      "percent": 0.10407,
      "usage": 294,
      "rank": 248
    },
    "2023-12": {
      "name": "Lurantis",
      "percent": 0.10125,
      "usage": 282,
      "rank": 246
    },
    "2023-12-DLC2": {
      "name": "Lurantis",
      "percent": 0.02755,
      "usage": 40,
      "rank": 311
    },
    "2024-01": {
      "name": "Lurantis",
      "percent": 0.03232,
      "usage": 73,
      "rank": 322
    },
    "2024-02": {
      "name": "Lurantis",
      "percent": 0.22785,
      "usage": 195,
      "rank": 184
    },
    "2024-03": {
      "name": "Lurantis",
      "percent": 0.03453,
      "usage": 74,
      "rank": 302
    },
    "2024-04": {
      "name": "Lurantis",
      "percent": 0.03778,
      "usage": 59,
      "rank": 305
    },
    "2024-05": {
      "name": "Lurantis",
      "percent": 0.02485,
      "usage": 28,
      "rank": 333
    },
    "2024-06": {
      "name": "Lurantis",
      "percent": 0.06093,
      "usage": 59,
      "rank": 273
    }
  },
  "1630": {
    "2022-11": {
      "name": "Lurantis",
      "percent": 0.06531,
      "usage": 4577,
      "rank": 227
    },
    "2022-12": {
      "name": "Lurantis",
      "percent": 0.00776,
      "usage": 974,
      "rank": 245
    },
    "2023-01": {
      "name": "Lurantis",
      "percent": 0.0012,
      "usage": 462,
      "rank": 313
    },
    "2023-02": {
      "name": "Lurantis",
      "percent": 0.00346,
      "usage": 295,
      "rank": 318
    },
    "2023-03": {
      "name": "Lurantis",
      "percent": 0.0237,
      "usage": 651,
      "rank": 277
    },
    "2023-04": {
      "name": "Lurantis",
      "percent": 0.03261,
      "usage": 446,
      "rank": 257
    },
    "2023-05": {
      "name": "Lurantis",
      "percent": 0.01457,
      "usage": 351,
      "rank": 311
    },
    "2023-06": {
      "name": "Lurantis",
      "percent": 0.0186,
      "usage": 330,
      "rank": 268
    },
    "2023-07": {
      "name": "Lurantis",
      "percent": 0.02064,
      "usage": 407,
      "rank": 273
    },
    "2023-08": {
      "name": "Lurantis",
      "percent": 0.01155,
      "usage": 286,
      "rank": 301
    },
    "2023-09": {
      "name": "Lurantis",
      "percent": 0.00565,
      "usage": 237,
      "rank": 329
    },
    "2023-09-DLC1": {
      "name": "Lurantis",
      "percent": 0.00618,
      "usage": 100,
      "rank": 306
    },
    "2023-10": {
      "name": "Lurantis",
      "percent": 0.0034,
      "usage": 212,
      "rank": 360
    },
    "2023-11": {
      "name": "Lurantis",
      "percent": 0.00904,
      "usage": 294,
      "rank": 301
    },
    "2023-12": {
      "name": "Lurantis",
      "percent": 0.01174,
      "usage": 282,
      "rank": 279
    },
    "2023-12-DLC2": {
      "name": "Lurantis",
      "percent": 0.00414,
      "usage": 40,
      "rank": 288
    },
    "2024-01": {
      "name": "Lurantis",
      "percent": 0.00653,
      "usage": 73,
      "rank": 299
    },
    "2024-02": {
      "name": "Lurantis",
      "percent": 0.07462,
      "usage": 195,
      "rank": 185
    },
    "2024-03": {
      "name": "Lurantis",
      "percent": 0.00352,
      "usage": 74,
      "rank": 319
    },
    "2024-04": {
      "name": "Lurantis",
      "percent": 0.00059,
      "usage": 59,
      "rank": 365
    },
    "2024-05": {
      "name": "Lurantis",
      "percent": 0.00056,
      "usage": 28,
      "rank": 350
    },
    "2024-06": {
      "name": "Lurantis",
      "percent": 0.00299,
      "usage": 59,
      "rank": 330
    }
  },
  "1760": {
    "2022-11": {
      "name": "Lurantis",
      "percent": 0.01214,
      "usage": 4577,
      "rank": 245
    },
    "2022-12": {
      "name": "Lurantis",
      "percent": 2e-05,
      "usage": 974,
      "rank": 273
    },
    "2023-01": {
      "name": "Lurantis",
      "percent": 5e-05,
      "usage": 462,