{
  "elos": [
    "0",
    "1500",
    "1630",
    "1760"
  ],
  "firstMonth": "2022-11",
  "0": {
    "2022-11": {
      "name": "Moltres",
      "percent": 0.83332,
      "usage": 15830,
      "rank": 115
    },
    "2022-12": {
      "name": "Moltres",
      "percent": 0.5896,
      "usage": 2448,
      "rank": 153
    },
    "2023-01": {
      "name": "Moltres",
      "percent": 0.72255,
      "usage": 2008,
      "rank": 132
    },
    "2023-02": {
      "name": "Moltres",
      "percent": 0.74896,
      "usage": 1456,
      "rank": 126
    },
    "2023-03": {
      "name": "Moltres",
      "percent": 0.68167,
      "usage": 1573,
      "rank": 149
    },
    "2023-04": {
      "name": "Moltres",
      "percent": 0.71976,
      "usage": 1648,
      "rank": 144
    },
    "2023-05": {
      "name": "Moltres",
      "percent": 0.49997,
      "usage": 1027,
      "rank": 176
    },
    "2023-06": {
      "name": "Moltres",
      "percent": 0.51423,
      "usage": 820,
      "rank": 168
    },
    "2023-07": {
      "name": "Moltres",
      "percent": 0.5057,
      "usage": 901,
      "rank": 172
    },
    "2023-08": {
      "name": "Moltres",
      "percent": 0.758,
      "usage": 1302,
      "rank": 142
    },
    "2023-09": {
      "name": "Moltres",
      "percent": 0.62472,
      "usage": 959,
      "rank": 147
    },
    "2023-09-DLC1": {
      "name": "Moltres",
      "percent": 0.62683,
      "usage": 484,
      "rank": 150
    },
    "2023-10": {
      "name": "Moltres",
      "percent": 0.57474,
      "usage": 826,
      "rank": 149
    },
    "2023-11": {
      "name": "Moltres",
      "percent": 0.74531,
      "usage": 903,
      "rank": 136
    },
    "2023-12": {
      "name": "Moltres",
      "percent": 0.64152,
      "usage": 682,
      "rank": 138
    },
    "2023-12-DLC2": {
      "name": "Moltres",
      "percent": 0.73777,
      "usage": 337,
      "rank": 128
    },
    "2024-01": {
      "name": "Moltres",
      "percent": 1.20247,
      "usage": 1074,
      "rank": 99
    },
    "2024-02": {
      "name": "Moltres",
      "percent": 1.13665,
      "usage": 905,
      "rank": 106
    },
    "2024-03": {
      "name": "Moltres",
      "percent": 1.11837,
      "usage": 918,
      "rank": 102
    },
    "2024-04": {
      "name": "Moltres",
      "percent": 0.95861,
      "usage": 761,
      "rank": 109
    },
    "2024-05": {
      "name": "Moltres",
      "percent": 0.91879,
      "usage": 348,
      "rank": 122
    },
    "2024-06": {
      "name": "Moltres",
      "percent": 0.60588,
      "usage": 499,
      "rank": 144
    }
  },
  "1500": {
    "2022-11": {
      "name": "Moltres",
      "percent": 0.84079,
      "usage": 15830,
      "rank": 111
    },
    "2022-12": {
      "name": "Moltres",
      "percent": 0.58485,
      "usage": 2448,
      "rank": 148
    },
    "2023-01": {
      "name": "Moltres",
      "percent": 0.71365,
      "usage": 2008,
      "rank": 131
    },
    "2023-02": {
      "name": "Moltres",
      "percent": 0.74026,
      "usage": 1456,
      "rank": 125
    },
    "2023-03": {
      "name": "Moltres",
      "percent": 0.68349,
      "usage": 1573,
      "rank": 134
    },
    "2023-04": {
      "name": "Moltres",
      "percent": 0.58584,
      "usage": 1648,
      "rank": 132
    },
    "2023-05": {
      "name": "Moltres",
      "percent": 0.35989,
      "usage": 1027,
      "rank": 165
    },
    "2023-06": {
      "name": "Moltres",
      "percent": 0.4368,
      "usage": 820,
      "rank": 145
    },
    "2023-07": {
      "name": "Moltres",
      "percent": 0.47748,
      "usage": 901,
      "rank": 142
    },
    "2023-08": {
      "name": "Moltres",
      "percent": 0.78354,
      "usage": 1302,
      "rank": 112
    },
    "2023-09": {
      "name": "Moltres",
      "percent": 0.66467,
      "usage": 959,
      "rank": 114
    },
    "2023-09-DLC1": {
      "name": "Moltres",
      "percent": 0.73149,
      "usage": 484,
      "rank": 116
    },
    "2023-10": {
      "name": "Moltres",
      "percent": 0.49318,
      "usage": 826,
      "rank": 134
    },
    "2023-11": {
      "name": "Moltres",
      "percent": 0.84486,
      "usage": 903,
      "rank": 106
    },
    "2023-12": {
      "name": "Moltres",
      "percent": 0.50529,
      "usage": 682,
      "rank": 131
    },
    "2023-12-DLC2": {
      "name": "Moltres",
      "percent": 0.59006,
      "usage": 337,
      "rank": 130
    },
    "2024-01": {
      "name": "Moltres",
      "percent": 1.38884,
      "usage": 1074,
      "rank": 84
    },
    "2024-02": {
      "name": "Moltres",
      "percent": 1.07899,
      "usage": 905,
      "rank": 96
    },
    "2024-03": {
      "name": "Moltres",
      "percent": 1.10545,
      "usage": 918,
      "rank": 86
    },
    "2024-04": {
      "name": "Moltres",
      "percent": 0.98163,
      "usage": 761,
      "rank": 94
    },
    "2024-05": {
      "name": "Moltres",
      "percent": 1.03427,
      "usage": 348,
      "rank": 96
    },
    "2024-06": {
      "name": "Moltres",
      "percent": 0.48345,
      "usage": 499,
      "rank": 137
    }
  },
  "1630": {
    "2022-11": {
      "name": "Moltres",
      "percent": 0.74105,
      "usage": 15830,
      "rank": 88
    },
    "2022-12": {
      "name": "Moltres",
      "percent": 0.28977,
      "usage": 2448,
      "rank": 123
    },
    "2023-01": {
      "name": "Moltres",
      "percent": 0.30476,
      "usage": 2008,
      "rank": 128
    },
    "2023-02": {
      "name": "Moltres",
      "percent": 0.36998,
      "usage": 1456,
      "rank": 118
    },
    "2023-03": {
      "name": "Moltres",
      "percent": 0.43038,
      "usage": 1573,
      "rank": 127
    },
    "2023-04": {
      "name": "Moltres",
      "percent": 0.56168,
      "usage": 1648,
      "rank": 109
    },
    "2023-05": {
      "name": "Moltres",
      "percent": 0.28368,
      "usage": 1027,
      "rank": 132
    },
    "2023-06": {
      "name": "Moltres",
      "percent": 0.25948,
      "usage": 820,
      "rank": 128
    },
    "2023-07": {
      "name": "Moltres",
      "percent": 0.30378,
      "usage": 901,
      "rank": 131
    },
    "2023-08": {
      "name": "Moltres",
      "percent": 0.30937,
      "usage": 1302,
      "rank": 131
    },
    "2023-09": {
      "name": "Moltres",
      "percent": 0.38364,
      "usage": 959,
      "rank": 121
    },
    "2023-09-DLC1": {
      "name": "Moltres",
      "percent": 0.44151,
      "usage": 484,
      "rank": 111
    },
    "2023-10": {
      "name": "Moltres",
      "percent": 0.2747,
      "usage": 826,
      "rank": 135
    },
    "2023-11": {
      "name": "Moltres",
      "percent": 0.60794,
      "usage": 903,
      "rank": 103
    },
    "2023-12": {
      "name": "Moltres",
      "percent": 0.4466,
      "usage": 682,
      "rank": 114
    },
    "2023-12-DLC2": {
      "name": "Moltres",
      "percent": 0.65032,
      "usage": 337,
      "rank": 100
    },
    "2024-01": {
      "name": "Moltres",
      "percent": 0.45955,
      "usage": 1074,
      "rank": 106
    },
    "2024-02": {
      "name": "Moltres",
      "percent": 0.47616,
      "usage": 905,
      "rank": 113
    },
    "2024-03": {
      "name": "Moltres",
      "percent": 0.42393,
      "usage": 918,
      "rank": 114
    },
    "2024-04": {
      "name": "Moltres",
      "percent": 0.42538,
      "usage": 761,
      "rank": 106
    },
    "2024-05": {
      "name": "Moltres",
      "percent": 0.91743,
      "usage": 348,
      "rank": 88
    },
    "2024-06": {
      "name": "Moltres",
      "percent": 0.38747,
      "usage": 499,
      "rank": 110
    }
  },
  "1760": {
    "2022-11": {
      "name": "Moltres",
      "percent": 0.42321,
      "usage": 15830,
      "rank": 98
    },
    "2022-12": {
      "name": "Moltres",
      "percent": 0.13128,
      "usage": 2448,
      "rank": 115
    },
    "2023-01": {
      "name": "Moltres",
      "percent": 0.07073,
      "usage": 2008,
      "rank": 126
    },