{
  "elos": [
    "0",
    "1500",
    "1630",
    "1760"
  ],
  "firstMonth": "2022-11",
  "0": {
    "2022-11": {
      "name": "Noctowl",
      "percent": 0.04085,
      "usage": 776,
      "rank": 369
    },
    "2022-12": {
      "name": "Noctowl",
      "percent": 0.04648,
      "usage": 193,
      "rank": 366
    },
    "2023-01": {
      "name": "Noctowl",
      "percent": 0.04678,
      "usage": 130,
      "rank": 359
    },
    "2023-02": {
      "name": "Noctowl",
      "percent": 0.0607,
      "usage": 118,
      "rank": 343
    },
    "2023-03": {
      "name": "Noctowl",
      "percent": 0.0494,
      "usage": 114,
      "rank": 364
    },
    "2023-04": {
      "name": "Noctowl",
      "percent": 0.02839,
      "usage": 65,
      "rank": 405
    },
    "2023-05": {
      "name": "Noctowl",
      "percent": 0.05793,
      "usage": 119,
      "rank": 363
    },
    "2023-06": {
      "name": "Noctowl",
      "percent": 0.06961,
      "usage": 111,
      "rank": 341
    },
    "2023-07": {
      "name": "Noctowl",
      "percent": 0.01459,
      "usage": 26,
      "rank": 449
    },
    "2023-08": {
      "name": "Noctowl",
      "percent": 0.05181,
      "usage": 89,
      "rank": 369
    },
    "2023-09": {
      "name": "Noctowl",
      "percent": 0.03127,
      "usage": 48,
      "rank": 390
    },
    "2023-09-DLC1": {
      "name": "Noctowl",
      "percent": 0.00907,
      "usage": 7,
      "rank": 459
    },
    "2023-10": {
      "name": "Noctowl",
      "percent": 0.02018,
      "usage": 29,
      "rank": 398
    },
    "2023-11": {
      "name": "Noctowl",
      "percent": 0.01403,
      "usage": 17,
      "rank": 416
    },
    "2023-12": {
      "name": "Noctowl",
      "percent": 0.04609,
      "usage": 49,
      "rank": 354
    },
    "2023-12-DLC2": {
      "name": "Noctowl",
      "percent": 0.03284,
      "usage": 15,
      "rank": 362
    },
    "2024-01": {
      "name": "Noctowl",
      "percent": 0.0627,
      "usage": 56,
      "rank": 339
    },
    "2024-02": {
      "name": "Noctowl",
      "percent": 0.03014,
      "usage": 24,
      "rank": 378
    },
    "2024-03": {
      "name": "Noctowl",
      "percent": 0.02437,
      "usage": 20,
      "rank": 383
    },
    "2024-04": {
      "name": "Noctowl",
      "percent": 0.05165,
      "usage": 41,
      "rank": 337
    },
    "2024-05": {
      "name": "Noctowl",
      "percent": 0.03432,
      "usage": 13,
      "rank": 360
    },
    "2024-06": {
      "name": "Noctowl",
      "percent": 0.0425,
      "usage": 35,
      "rank": 358
    }
  },
  "1500": {
    "2022-11": {
      "name": "Noctowl",
      "percent": 0.03484,
      "usage": 776,
      "rank": 374
    },
    "2022-12": {
      "name": "Noctowl",
      "percent": 0.04172,
      "usage": 193,
      "rank": 367
    },
    "2023-01": {
      "name": "Noctowl",
      "percent": 0.04221,
      "usage": 130,
      "rank": 358
    },
    "2023-02": {
      "name": "Noctowl",
      "percent": 0.0503,
      "usage": 118,
      "rank": 344
    },
    "2023-03": {
      "name": "Noctowl",
      "percent": 0.02514,
      "usage": 114,
      "rank": 386
    },
    "2023-04": {
      "name": "Noctowl",
      "percent": 0.01096,
      "usage": 65,
      "rank": 412
    },
    "2023-05": {
      "name": "Noctowl",
      "percent": 0.01697,
      "usage": 119,
      "rank": 381
    },
    "2023-06": {
      "name": "Noctowl",
      "percent": 0.03119,
      "usage": 111,
      "rank": 342
    },
    "2023-07": {
      "name": "Noctowl",
      "percent": 0.00812,
      "usage": 26,
      "rank": 408
    },
    "2023-08": {
      "name": "Noctowl",
      "percent": 0.0204,
      "usage": 89,
      "rank": 378
    },
    "2023-09": {
      "name": "Noctowl",
      "percent": 0.01028,
      "usage": 48,
      "rank": 392
    },
    "2023-09-DLC1": {
      "name": "Noctowl",
      "percent": 0.0018,
      "usage": 7,
      "rank": 464
    },
    "2023-10": {
      "name": "Noctowl",
      "percent": 0.01373,
      "usage": 29,
      "rank": 372
    },
    "2023-11": {
      "name": "Noctowl",
      "percent": 0.00714,
      "usage": 17,
      "rank": 396
    },
    "2023-12": {
      "name": "Noctowl",
      "percent": 0.02215,
      "usage": 49,
      "rank": 335
    },
    "2023-12-DLC2": {
      "name": "Noctowl",
      "percent": 0.01875,
      "usage": 15,
      "rank": 334
    },
    "2024-01": {
      "name": "Noctowl",
      "percent": 0.02738,
      "usage": 56,
      "rank": 328
    },
    "2024-02": {
      "name": "Noctowl",
      "percent": 0.00992,
      "usage": 24,
      "rank": 377
    },
    "2024-03": {
      "name": "Noctowl",
      "percent": 0.005,
      "usage": 20,
      "rank": 407
    },
    "2024-04": {
      "name": "Noctowl",
      "percent": 0.00355,
      "usage": 41,
      "rank": 411
    },
    "2024-05": {
      "name": "Noctowl",
      "percent": 0.02058,
      "usage": 13,
      "rank": 343
    },
    "2024-06": {
      "name": "Noctowl",
      "percent": 0.01508,
      "usage": 35,
      "rank": 353
    }
  },
  "1630": {
    "2022-11": {
      "name": "Noctowl",
      "percent": 0.0,
      "usage": 776,
      "rank": 505
    },
    "2022-12": {
      "name": "Noctowl",
      "percent": 0.0,
      "usage": 193,
      "rank": 545
    },
    "2023-01": {
      "name": "Noctowl",
      "percent": 0.0,
      "usage": 130,
      "rank": 534
    },
    "2023-02": {
      "name": "Noctowl",
      "percent": 0.00574,
      "usage": 118,
      "rank": 297
    },
    "2023-03": {
      "name": "Noctowl",
      "percent": 0.00016,
      "usage": 114,
      "rank": 425
    },
    "2023-04": {
      "name": "Noctowl",
      "percent": 0.00696,
      "usage": 65,
      "rank": 357
    },
    "2023-05": {
      "name": "Noctowl",
      "percent": 0.00806,
      "usage": 119,
      "rank": 339
    },
    "2023-06": {
      "name": "Noctowl",
      "percent": 0.01408,
      "usage": 111,
      "rank": 285
    },
    "2023-07": {
      "name": "Noctowl",
      "percent": 0.00704,
      "usage": 26,
      "rank": 331
    },
    "2023-08": {
      "name": "Noctowl",
      "percent": 0.01261,
      "usage": 89,
      "rank": 295
    },
    "2023-09": {
      "name": "Noctowl",
      "percent": 0.00279,
      "usage": 48,
      "rank": 349
    },
    "2023-09-DLC1": {
      "name": "Noctowl",
      "percent": 0.0,
      "usage": 7,
      "rank": 506
    },
    "2023-10": {
      "name": "Noctowl",
      "percent": 0.00207,
      "usage": 29,
      "rank": 378
    },
    "2023-11": {
      "name": "Noctowl",
      "percent": 0.00419,
      "usage": 17,
      "rank": 344
    },
    "2023-12": {
      "name": "Noctowl",
      "percent": 0.00849,
      "usage": 49,
      "rank": 296
    },
    "2023-12-DLC2": {
      "name": "Noctowl",
      "percent": 0.00466,
      "usage": 15,
      "rank": 281
    },
    "2024-01": {
      "name": "Noctowl",
      "percent": 0.00338,
      "usage": 56,
      "rank": 325
    },
    "2024-02": {
      "name": "Noctowl",
      "percent": 0.00199,
      "usage": 24,
      "rank": 349
    },
    "2024-03": {
      "name": "Noctowl",
      "percent": 5e-05,
      "usage": 20,
      "rank": 412
    },
    "2024-04": {
      "name": "Noctowl",
      "percent": 0.0,
      "usage": 41,
      "rank": 444
    },
    "2024-05": {
      "name": "Noctowl",
      "percent": 0.00736,
      "usage": 13,
      "rank": 274
    },
    "2024-06": {
      "name": "Noctowl",
      "percent": 0.01389,
      "usage": 35,
      "rank": 264
    }
  },
  "1760": {
    "2022-11": {
      "name": "Noctowl",
      "percent": 0.0,
      "usage": 776,
      "rank": 534
    },
    "2022-12": {
      "name": "Noctowl",
      "percent": 0.0,
      "usage": 193,
      "rank": 541
    },
    "2023-01": {
      "name": "Noctowl",
      "percent": 0.0,
      "usage": 130,
      "rank": 529
    },
    "2023-02": {
      "name": "Noctowl",
      "percent": 0.00047,
      "usage": 118,
      "rank": 291
    },