{
  "elos": [
    "0",
    "1500",
    "1630",
    "1760"
  ],
  "firstMonth": "2022-11",
  "0": {
    "2022-11": {
      "name": "Orbeetle",
      "percent": 0.17746,
      "usage": 3371,
      "rank": 252
    },
    "2022-12": {
      "name": "Orbeetle",
      "percent": 0.21628,
      "usage": 898,
      "rank": 254
    },
    "2023-01": {
      "name": "Orbeetle",
      "percent": 0.16912,
      "usage": 470,
      "rank": 270
    },
    "2023-02": {
      "name": "Orbeetle",
      "percent": 0.08333,
      "usage": 162,
      "rank": 322
    },
    "2023-03": {
      "name": "Orbeetle",
      "percent": 0.16121,
      "usage": 372,
      "rank": 289
    },
    "2023-04": {
      "name": "Orbeetle",
      "percent": 0.16684,
      "usage": 382,
      "rank": 283
    },
    "2023-05": {
      "name": "Orbeetle",
      "percent": 0.26045,
      "usage": 535,
      "rank": 243
    },
    "2023-06": {
      "name": "Orbeetle",
      "percent": 0.3192,
      "usage": 509,
      "rank": 213
    },
    "2023-07": {
      "name": "Orbeetle",
      "percent": 0.16389,
      "usage": 292,
      "rank": 282
    },
    "2023-08": {
      "name": "Orbeetle",
      "percent": 0.32835,
      "usage": 564,
      "rank": 219
    },
    "2023-09": {
      "name": "Orbeetle",
      "percent": 0.1811,
      "usage": 278,
      "rank": 272
    },
    "2023-09-DLC1": {
      "name": "Orbeetle",
      "percent": 0.20333,
      "usage": 157,
      "rank": 256
    },
    "2023-10": {
      "name": "Orbeetle",
      "percent": 0.21918,
      "usage": 315,
      "rank": 240
    },
    "2023-11": {
      "name": "Orbeetle",
      "percent": 0.12546,
      "usage": 152,
      "rank": 302
    },
    "2023-12": {
      "name": "Orbeetle",
      "percent": 0.12228,
      "usage": 130,
      "rank": 280
    },
    "2023-12-DLC2": {
      "name": "Orbeetle",
      "percent": 0.16419,
      "usage": 75,
      "rank": 247
    },
    "2024-01": {
      "name": "Orbeetle",
      "percent": 0.19593,
      "usage": 175,
      "rank": 237
    },
    "2024-02": {
      "name": "Orbeetle",
      "percent": 0.19467,
      "usage": 155,
      "rank": 251
    },
    "2024-03": {
      "name": "Orbeetle",
      "percent": 0.13645,
      "usage": 112,
      "rank": 271
    },
    "2024-04": {
      "name": "Orbeetle",
      "percent": 0.14234,
      "usage": 113,
      "rank": 271
    },
    "2024-05": {
      "name": "Orbeetle",
      "percent": 0.12937,
      "usage": 49,
      "rank": 291
    },
    "2024-06": {
      "name": "Orbeetle",
      "percent": 0.30112,
      "usage": 248,
      "rank": 207
    }
  },
  "1500": {
    "2022-11": {
      "name": "Orbeetle",
      "percent": 0.1643,
      "usage": 3371,
      "rank": 249
    },
    "2022-12": {
      "name": "Orbeetle",
      "percent": 0.20447,
      "usage": 898,
      "rank": 252
    },
    "2023-01": {
      "name": "Orbeetle",
      "percent": 0.15803,
      "usage": 470,
      "rank": 270
    },
    "2023-02": {
      "name": "Orbeetle",
      "percent": 0.06443,
      "usage": 162,
      "rank": 327
    },
    "2023-03": {
      "name": "Orbeetle",
      "percent": 0.1329,
      "usage": 372,
      "rank": 287
    },
    "2023-04": {
      "name": "Orbeetle",
      "percent": 0.09167,
      "usage": 382,
      "rank": 278
    },
    "2023-05": {
      "name": "Orbeetle",
      "percent": 0.11708,
      "usage": 535,
      "rank": 266
    },
    "2023-06": {
      "name": "Orbeetle",
      "percent": 0.1363,
      "usage": 509,
      "rank": 238
    },
    "2023-07": {
      "name": "Orbeetle",
      "percent": 0.06076,
      "usage": 292,
      "rank": 306
    },
    "2023-08": {
      "name": "Orbeetle",
      "percent": 0.12688,
      "usage": 564,
      "rank": 255
    },
    "2023-09": {
      "name": "Orbeetle",
      "percent": 0.06427,
      "usage": 278,
      "rank": 293
    },
    "2023-09-DLC1": {
      "name": "Orbeetle",
      "percent": 0.05047,
      "usage": 157,
      "rank": 304
    },
    "2023-10": {
      "name": "Orbeetle",
      "percent": 0.12568,
      "usage": 315,
      "rank": 226
    },
    "2023-11": {
      "name": "Orbeetle",
      "percent": 0.0641,
      "usage": 152,
      "rank": 285
    },
    "2023-12": {
      "name": "Orbeetle",
      "percent": 0.06833,
      "usage": 130,
      "rank": 274
    },
    "2023-12-DLC2": {
      "name": "Orbeetle",
      "percent": 0.09533,
      "usage": 75,
      "rank": 232
    },
    "2024-01": {
      "name": "Orbeetle",
      "percent": 0.05785,
      "usage": 175,
      "rank": 276
    },
    "2024-02": {
      "name": "Orbeetle",
      "percent": 0.06984,
      "usage": 155,
      "rank": 272
    },
    "2024-03": {
      "name": "Orbeetle",
      "percent": 0.05921,
      "usage": 112,
      "rank": 270
    },
    "2024-04": {
      "name": "Orbeetle",
      "percent": 0.08738,
      "usage": 113,
      "rank": 253
    },
    "2024-05": {
      "name": "Orbeetle",
      "percent": 0.03485,
      "usage": 49,
      "rank": 313
    },
    "2024-06": {
      "name": "Orbeetle",
      "percent": 0.09867,
      "usage": 248,
      "rank": 241
    }
  },
  "1630": {
    "2022-11": {
      "name": "Orbeetle",
      "percent": 0.02273,
      "usage": 3371,
      "rank": 286
    },
    "2022-12": {
      "name": "Orbeetle",
      "percent": 0.03164,
      "usage": 898,
      "rank": 206
    },
    "2023-01": {
      "name": "Orbeetle",
      "percent": 0.00554,
      "usage": 470,
      "rank": 268
    },
    "2023-02": {
      "name": "Orbeetle",
      "percent": 6e-05,
      "usage": 162,
      "rank": 397
    },
    "2023-03": {
      "name": "Orbeetle",
      "percent": 0.02064,
      "usage": 372,
      "rank": 281
    },
    "2023-04": {
      "name": "Orbeetle",
      "percent": 0.03827,
      "usage": 382,
      "rank": 243
    },
    "2023-05": {
      "name": "Orbeetle",
      "percent": 0.03912,
      "usage": 535,
      "rank": 245
    },
    "2023-06": {
      "name": "Orbeetle",
      "percent": 0.01091,
      "usage": 509,
      "rank": 301
    },
    "2023-07": {
      "name": "Orbeetle",
      "percent": 0.00845,
      "usage": 292,
      "rank": 320
    },
    "2023-08": {
      "name": "Orbeetle",
      "percent": 0.10262,
      "usage": 564,
      "rank": 187
    },
    "2023-09": {
      "name": "Orbeetle",
      "percent": 0.01477,
      "usage": 278,
      "rank": 288
    },
    "2023-09-DLC1": {
      "name": "Orbeetle",
      "percent": 0.00385,
      "usage": 157,
      "rank": 324
    },
    "2023-10": {
      "name": "Orbeetle",
      "percent": 0.01679,
      "usage": 315,
      "rank": 265
    },
    "2023-11": {
      "name": "Orbeetle",
      "percent": 0.02097,
      "usage": 152,
      "rank": 257
    },
    "2023-12": {
      "name": "Orbeetle",
      "percent": 0.0032,
      "usage": 130,
      "rank": 321
    },
    "2023-12-DLC2": {
      "name": "Orbeetle",
      "percent": 0.0047,
      "usage": 75,
      "rank": 280
    },
    "2024-01": {
      "name": "Orbeetle",
      "percent": 0.00886,
      "usage": 175,
      "rank": 281
    },
    "2024-02": {
      "name": "Orbeetle",
      "percent": 0.00509,
      "usage": 155,
      "rank": 307
    },
    "2024-03": {
      "name": "Orbeetle",
      "percent": 0.0105,
      "usage": 112,
      "rank": 274
    },
    "2024-04": {
      "name": "Orbeetle",
      "percent": 0.01702,
      "usage": 113,
      "rank": 250
    },
    "2024-05": {
      "name": "Orbeetle",
      "percent": 0.00246,
      "usage": 49,
      "rank": 307
    },
    "2024-06": {
      "name": "Orbeetle",
      "percent": 0.00872,
      "usage": 248,
      "rank": 289
    }
  },
  "1760": {
    "2022-11": {
      "name": "Orbeetle",
      "percent": 0.02509,
      "usage": 3371,
      "rank": 223
    },
    "2022-12": {
      "name": "Orbeetle",
      "percent": 0.00439,
      "usage": 898,
      "rank": 183
    },
    "2023-01": {
      "name": "Orbeetle",
      "percent": 0.0,
      "usage": 470,