{
  "elos": [
    "0",
    "1500",
    "1630",
    "1760"
  ],
  "firstMonth": "2022-11",
  "0": {
    "2022-11": {
      "name": "Porygon",
      "percent": 0.01169,
      "usage": 222,
      "rank": 424
    },
    "2022-12": {
      "name": "Porygon",
      "percent": 0.01277,
      "usage": 53,
      "rank": 434
    },
    "2023-01": {
      "name": "Porygon",
      "percent": 0.00684,
      "usage": 19,
      "rank": 468
    },
    "2023-02": {
      "name": "Porygon",
      "percent": 0.00874,
      "usage": 17,
      "rank": 463
    },
    "2023-03": {
      "name": "Porygon",
      "percent": 0.01213,
      "usage": 28,
      "rank": 440
    },
    "2023-04": {
      "name": "Porygon",
      "percent": 0.03276,
      "usage": 75,
      "rank": 395
    },
    "2023-05": {
      "name": "Porygon",
      "percent": 0.00828,
      "usage": 17,
      "rank": 493
    },
    "2023-06": {
      "name": "Porygon",
      "percent": 0.01129,
      "usage": 18,
      "rank": 453
    },
    "2023-07": {
      "name": "Porygon",
      "percent": 0.01684,
      "usage": 30,
      "rank": 440
    },
    "2023-08": {
      "name": "Porygon",
      "percent": 0.00931,
      "usage": 16,
      "rank": 473
    },
    "2023-09": {
      "name": "Porygon",
      "percent": 0.06775,
      "usage": 104,
      "rank": 347
    },
    "2023-09-DLC1": {
      "name": "Porygon",
      "percent": 0.12822,
      "usage": 99,
      "rank": 291
    },
    "2023-10": {
      "name": "Porygon",
      "percent": 0.03201,
      "usage": 46,
      "rank": 373
    },
    "2023-11": {
      "name": "Porygon",
      "percent": 0.02394,
      "usage": 29,
      "rank": 388
    },
    "2023-12": {
      "name": "Porygon",
      "percent": 0.05644,
      "usage": 60,
      "rank": 338
    },
    "2023-12-DLC2": {
      "name": "Porygon",
      "percent": 0.05254,
      "usage": 24,
      "rank": 334
    },
    "2024-01": {
      "name": "Porygon",
      "percent": 0.13771,
      "usage": 123,
      "rank": 266
    },
    "2024-02": {
      "name": "Porygon",
      "percent": 0.13062,
      "usage": 104,
      "rank": 294
    },
    "2024-03": {
      "name": "Porygon",
      "percent": 0.00853,
      "usage": 7,
      "rank": 443
    },
    "2024-04": {
      "name": "Porygon",
      "percent": 0.09448,
      "usage": 75,
      "rank": 301
    },
    "2024-05": {
      "name": "Porygon",
      "percent": 0.02376,
      "usage": 9,
      "rank": 382
    },
    "2024-06": {
      "name": "Porygon",
      "percent": 0.02064,
      "usage": 17,
      "rank": 391
    }
  },
  "1500": {
    "2022-11": {
      "name": "Porygon",
      "percent": 0.00972,
      "usage": 222,
      "rank": 428
    },
    "2022-12": {
      "name": "Porygon",
      "percent": 0.01156,
      "usage": 53,
      "rank": 433
    },
    "2023-01": {
      "name": "Porygon",
      "percent": 0.006,
      "usage": 19,
      "rank": 466
    },
    "2023-02": {
      "name": "Porygon",
      "percent": 0.00717,
      "usage": 17,
      "rank": 457
    },
    "2023-03": {
      "name": "Porygon",
      "percent": 0.0097,
      "usage": 28,
      "rank": 432
    },
    "2023-04": {
      "name": "Porygon",
      "percent": 0.03906,
      "usage": 75,
      "rank": 336
    },
    "2023-05": {
      "name": "Porygon",
      "percent": 0.00576,
      "usage": 17,
      "rank": 441
    },
    "2023-06": {
      "name": "Porygon",
      "percent": 0.00562,
      "usage": 18,
      "rank": 435
    },
    "2023-07": {
      "name": "Porygon",
      "percent": 0.01183,
      "usage": 30,
      "rank": 387
    },
    "2023-08": {
      "name": "Porygon",
      "percent": 0.0058,
      "usage": 16,
      "rank": 426
    },
    "2023-09": {
      "name": "Porygon",
      "percent": 0.02032,
      "usage": 104,
      "rank": 361
    },
    "2023-09-DLC1": {
      "name": "Porygon",
      "percent": 0.03931,
      "usage": 99,
      "rank": 322
    },
    "2023-10": {
      "name": "Porygon",
      "percent": 0.00432,
      "usage": 46,
      "rank": 430
    },
    "2023-11": {
      "name": "Porygon",
      "percent": 0.00489,
      "usage": 29,
      "rank": 415
    },
    "2023-12": {
      "name": "Porygon",
      "percent": 0.02281,
      "usage": 60,
      "rank": 333
    },
    "2023-12-DLC2": {
      "name": "Porygon",
      "percent": 0.02038,
      "usage": 24,
      "rank": 328
    },
    "2024-01": {
      "name": "Porygon",
      "percent": 0.03835,
      "usage": 123,
      "rank": 313
    },
    "2024-02": {
      "name": "Porygon",
      "percent": 0.05247,
      "usage": 104,
      "rank": 290
    },
    "2024-03": {
      "name": "Porygon",
      "percent": 0.00299,
      "usage": 7,
      "rank": 433
    },
    "2024-04": {
      "name": "Porygon",
      "percent": 9e-05,
      "usage": 75,
      "rank": 513
    },
    "2024-05": {
      "name": "Porygon",
      "percent": 0.0,
      "usage": 9,
      "rank": 495
    },
    "2024-06": {
      "name": "Porygon",
      "percent": 7e-05,
      "usage": 17,
      "rank": 541
    }
  },
  "1630": {
    "2022-11": {
      "name": "Porygon",
      "percent": 0.00116,
      "usage": 222,
      "rank": 396
    },
    "2022-12": {
      "name": "Porygon",
      "percent": 0.0,
      "usage": 53,
      "rank": 574
    },
    "2023-01": {
      "name": "Porygon",
      "percent": 0.00022,
      "usage": 19,
      "rank": 336
    },
    "2023-02": {
      "name": "Porygon",
      "percent": 0.00021,
      "usage": 17,
      "rank": 378
    },
    "2023-03": {
      "name": "Porygon",
      "percent": 0.0,
      "usage": 28,
      "rank": 625
    },
    "2023-04": {
      "name": "Porygon",
      "percent": 0.00212,
      "usage": 75,
      "rank": 394
    },
    "2023-05": {
      "name": "Porygon",
      "percent": 0.00101,
      "usage": 17,
      "rank": 416
    },
    "2023-06": {
      "name": "Porygon",
      "percent": 0.00346,
      "usage": 18,
      "rank": 364
    },
    "2023-07": {
      "name": "Porygon",
      "percent": 0.00529,
      "usage": 30,
      "rank": 345
    },
    "2023-08": {
      "name": "Porygon",
      "percent": 0.0,
      "usage": 16,
      "rank": 521
    },
    "2023-09": {
      "name": "Porygon",
      "percent": 0.00119,
      "usage": 104,
      "rank": 381
    },
    "2023-09-DLC1": {
      "name": "Porygon",
      "percent": 0.00232,
      "usage": 99,
      "rank": 341
    },
    "2023-10": {
      "name": "Porygon",
      "percent": 1e-05,
      "usage": 46,
      "rank": 478
    },
    "2023-11": {
      "name": "Porygon",
      "percent": 0.0,
      "usage": 29,
      "rank": 479
    },
    "2023-12": {
      "name": "Porygon",
      "percent": 5e-05,
      "usage": 60,
      "rank": 412
    },
    "2023-12-DLC2": {
      "name": "Porygon",
      "percent": 0.00011,
      "usage": 24,
      "rank": 374
    },
    "2024-01": {
      "name": "Porygon",
      "percent": 5e-05,
      "usage": 123,
      "rank": 409
    },
    "2024-02": {
      "name": "Porygon",
      "percent": 0.00417,
      "usage": 104,
      "rank": 316
    },
    "2024-03": {
      "name": "Porygon",
      "percent": 0.0,
      "usage": 7,
      "rank": 467
    },
    "2024-04": {
      "name": "Porygon",
      "percent": 0.0,
      "usage": 75,
      "rank": 521
    },
    "2024-05": {
      "name": "Porygon",
      "percent": 0.0,
      "usage": 9,
      "rank": 484
    },
    "2024-06": {
      "name": "Porygon",
      "percent": 0.0,
      "usage": 17,
      "rank": 506
    }
  },
  "1760": {
    "2022-11": {
      "name": "Porygon",
      "percent": 6e-05,
      "usage": 222,
      "rank": 400
    },
    "2022-12": {
      "name": "Porygon",
      "percent": 0.0,
      "usage": 53,
      "rank": 570
    },
    "2023-01": {
      "name": "Porygon",
      "percent": 0.0,
      "usage": 19,
      "rank": 314
    },
    "2023-02": {
      "name": "Porygon",
      "percent": 0.0,
      "usage": 17,
      "rank": 387
    },