{
  "elos": [
    "0",
    "1500",
    "1630",
    "1760"
  ],
  "firstMonth": "2022-11",
  "0": {
    "2022-11": {
      "name": "Scyther",
      "percent": 0.17835,
      "usage": 3388,
      "rank": 251
    },
    "2022-12": {
      "name": "Scyther",
      "percent": 0.30877,
      "usage": 1282,
      "rank": 216
    },
    "2023-01": {
      "name": "Scyther",
      "percent": 0.29435,
      "usage": 818,
      "rank": 211
    },
    "2023-02": {
      "name": "Scyther",
      "percent": 0.45678,
      "usage": 888,
      "rank": 176
    },
    "2023-03": {
      "name": "Scyther",
      "percent": 0.45373,
      "usage": 1047,
      "rank": 183
    },
    "2023-04": {
      "name": "Scyther",
      "percent": 0.38565,
      "usage": 883,
      "rank": 199
    },
    "2023-05": {
      "name": "Scyther",
      "percent": 0.48147,
      "usage": 989,
      "rank": 180
    },
    "2023-06": {
      "name": "Scyther",
      "percent": 0.52426,
      "usage": 836,
      "rank": 166
    },
    "2023-07": {
      "name": "Scyther",
      "percent": 0.5231,
      "usage": 932,
      "rank": 169
    },
    "2023-08": {
      "name": "Scyther",
      "percent": 0.3953,
      "usage": 679,
      "rank": 195
    },
    "2023-09": {
      "name": "Scyther",
      "percent": 0.36284,
      "usage": 557,
      "rank": 198
    },
    "2023-09-DLC1": {
      "name": "Scyther",
      "percent": 0.2642,
      "usage": 204,
      "rank": 224
    },
    "2023-10": {
      "name": "Scyther",
      "percent": 0.45089,
      "usage": 648,
      "rank": 174
    },
    "2023-11": {
      "name": "Scyther",
      "percent": 0.3252,
      "usage": 394,
      "rank": 206
    },
    "2023-12": {
      "name": "Scyther",
      "percent": 0.58884,
      "usage": 626,
      "rank": 149
    },
    "2023-12-DLC2": {
      "name": "Scyther",
      "percent": 0.79688,
      "usage": 364,
      "rank": 123
    },
    "2024-01": {
      "name": "Scyther",
      "percent": 0.41538,
      "usage": 371,
      "rank": 170
    },
    "2024-02": {
      "name": "Scyther",
      "percent": 0.29138,
      "usage": 232,
      "rank": 211
    },
    "2024-03": {
      "name": "Scyther",
      "percent": 0.56527,
      "usage": 464,
      "rank": 148
    },
    "2024-04": {
      "name": "Scyther",
      "percent": 0.62731,
      "usage": 498,
      "rank": 134
    },
    "2024-05": {
      "name": "Scyther",
      "percent": 0.44883,
      "usage": 170,
      "rank": 174
    },
    "2024-06": {
      "name": "Scyther",
      "percent": 0.58645,
      "usage": 483,
      "rank": 150
    }
  },
  "1500": {
    "2022-11": {
      "name": "Scyther",
      "percent": 0.16207,
      "usage": 3388,
      "rank": 251
    },
    "2022-12": {
      "name": "Scyther",
      "percent": 0.29898,
      "usage": 1282,
      "rank": 214
    },
    "2023-01": {
      "name": "Scyther",
      "percent": 0.27918,
      "usage": 818,
      "rank": 210
    },
    "2023-02": {
      "name": "Scyther",
      "percent": 0.38088,
      "usage": 888,
      "rank": 183
    },
    "2023-03": {
      "name": "Scyther",
      "percent": 0.37403,
      "usage": 1047,
      "rank": 190
    },
    "2023-04": {
      "name": "Scyther",
      "percent": 0.306,
      "usage": 883,
      "rank": 181
    },
    "2023-05": {
      "name": "Scyther",
      "percent": 0.32433,
      "usage": 989,
      "rank": 179
    },
    "2023-06": {
      "name": "Scyther",
      "percent": 0.34337,
      "usage": 836,
      "rank": 169
    },
    "2023-07": {
      "name": "Scyther",
      "percent": 0.39779,
      "usage": 932,
      "rank": 153
    },
    "2023-08": {
      "name": "Scyther",
      "percent": 0.33284,
      "usage": 679,
      "rank": 174
    },
    "2023-09": {
      "name": "Scyther",
      "percent": 0.1992,
      "usage": 557,
      "rank": 207
    },
    "2023-09-DLC1": {
      "name": "Scyther",
      "percent": 0.14917,
      "usage": 204,
      "rank": 224
    },
    "2023-10": {
      "name": "Scyther",
      "percent": 0.26951,
      "usage": 648,
      "rank": 174
    },
    "2023-11": {
      "name": "Scyther",
      "percent": 0.13052,
      "usage": 394,
      "rank": 226
    },
    "2023-12": {
      "name": "Scyther",
      "percent": 0.34339,
      "usage": 626,
      "rank": 154
    },
    "2023-12-DLC2": {
      "name": "Scyther",
      "percent": 0.61521,
      "usage": 364,
      "rank": 126
    },
    "2024-01": {
      "name": "Scyther",
      "percent": 0.26596,
      "usage": 371,
      "rank": 166
    },
    "2024-02": {
      "name": "Scyther",
      "percent": 0.18585,
      "usage": 232,
      "rank": 197
    },
    "2024-03": {
      "name": "Scyther",
      "percent": 0.13573,
      "usage": 464,
      "rank": 207
    },
    "2024-04": {
      "name": "Scyther",
      "percent": 0.13314,
      "usage": 498,
      "rank": 221
    },
    "2024-05": {
      "name": "Scyther",
      "percent": 0.15195,
      "usage": 170,
      "rank": 204
    },
    "2024-06": {
      "name": "Scyther",
      "percent": 0.31027,
      "usage": 483,
      "rank": 166
    }
  },
  "1630": {
    "2022-11": {
      "name": "Scyther",
      "percent": 0.01276,
      "usage": 3388,
      "rank": 312
    },
    "2022-12": {
      "name": "Scyther",
      "percent": 0.03868,
      "usage": 1282,
      "rank": 196
    },
    "2023-01": {
      "name": "Scyther",
      "percent": 0.00302,
      "usage": 818,
      "rank": 288
    },
    "2023-02": {
      "name": "Scyther",
      "percent": 0.0013,
      "usage": 888,
      "rank": 344
    },
    "2023-03": {
      "name": "Scyther",
      "percent": 0.05943,
      "usage": 1047,
      "rank": 228
    },
    "2023-04": {
      "name": "Scyther",
      "percent": 0.02709,
      "usage": 883,
      "rank": 272
    },
    "2023-05": {
      "name": "Scyther",
      "percent": 0.06035,
      "usage": 989,
      "rank": 217
    },
    "2023-06": {
      "name": "Scyther",
      "percent": 0.02685,
      "usage": 836,
      "rank": 241
    },
    "2023-07": {
      "name": "Scyther",
      "percent": 0.03583,
      "usage": 932,
      "rank": 236
    },
    "2023-08": {
      "name": "Scyther",
      "percent": 0.00822,
      "usage": 679,
      "rank": 324
    },
    "2023-09": {
      "name": "Scyther",
      "percent": 0.01233,
      "usage": 557,
      "rank": 292
    },
    "2023-09-DLC1": {
      "name": "Scyther",
      "percent": 0.01399,
      "usage": 204,
      "rank": 278
    },
    "2023-10": {
      "name": "Scyther",
      "percent": 0.02268,
      "usage": 648,
      "rank": 253
    },
    "2023-11": {
      "name": "Scyther",
      "percent": 0.00387,
      "usage": 394,
      "rank": 346
    },
    "2023-12": {
      "name": "Scyther",
      "percent": 0.0024,
      "usage": 626,
      "rank": 329
    },
    "2023-12-DLC2": {
      "name": "Scyther",
      "percent": 0.00454,
      "usage": 364,
      "rank": 285
    },
    "2024-01": {
      "name": "Scyther",
      "percent": 0.00747,
      "usage": 371,
      "rank": 291
    },
    "2024-02": {
      "name": "Scyther",
      "percent": 0.00186,
      "usage": 232,
      "rank": 354
    },
    "2024-03": {
      "name": "Scyther",
      "percent": 0.00604,
      "usage": 464,
      "rank": 298
    },
    "2024-04": {
      "name": "Scyther",
      "percent": 0.00485,
      "usage": 498,
      "rank": 309
    },
    "2024-05": {
      "name": "Scyther",
      "percent": 0.01178,
      "usage": 170,
      "rank": 247
    },
    "2024-06": {
      "name": "Scyther",
      "percent": 0.00114,
      "usage": 483,
      "rank": 353
    }
  },
  "1760": {
    "2022-11": {
      "name": "Scyther",
      "percent": 0.00325,
      "usage": 3388,
      "rank": 301
    },
    "2022-12": {
      "name": "Scyther",
      "percent": 0.00491,
      "usage": 1282,
      "rank": 182
    },
    "2023-01": {
      "name": "Scyther",
      "percent": 6e-05,
      "usage": 818,
      "rank": 283
    },