{
  "elos": [
    "0",
    "1500",
    "1630",
    "1760"
  ],
  "firstMonth": "2022-11",
  "0": {
    "2022-11": {
      "name": "Snom",
      "percent": 0.00379,
      "usage": 72,
      "rank": 501
    },
    "2022-12": {
      "name": "Snom",
      "percent": 0.01397,
      "usage": 58,
      "rank": 432
    },
    "2023-01": {
      "name": "Snom",
      "percent": 0.00288,
      "usage": 8,
      "rank": 527
    },
    "2023-02": {
      "name": "Snom",
      "percent": 0.0144,
      "usage": 28,
      "rank": 432
    },
    "2023-03": {
      "name": "Snom",
      "percent": 0.0143,
      "usage": 33,
      "rank": 428
    },
    "2023-04": {
      "name": "Snom",
      "percent": 0.0131,
      "usage": 30,
      "rank": 452
    },
    "2023-05": {
      "name": "Snom",
      "percent": 0.0258,
      "usage": 53,
      "rank": 420
    },
    "2023-06": {
      "name": "Snom",
      "percent": 0.00376,
      "usage": 6,
      "rank": 532
    },
    "2023-07": {
      "name": "Snom",
      "percent": 0.01515,
      "usage": 27,
      "rank": 448
    },
    "2023-08": {
      "name": "Snom",
      "percent": 0.01048,
      "usage": 18,
      "rank": 463
    },
    "2023-09": {
      "name": "Snom",
      "percent": 0.01368,
      "usage": 21,
      "rank": 440
    },
    "2023-09-DLC1": {
      "name": "Snom",
      "percent": 0.02072,
      "usage": 16,
      "rank": 411
    },
    "2023-11": {
      "name": "Snom",
      "percent": 0.01568,
      "usage": 19,
      "rank": 413
    },
    "2023-12": {
      "name": "Snom",
      "percent": 0.00753,
      "usage": 8,
      "rank": 449
    },
    "2023-12-DLC2": {
      "name": "Snom",
      "percent": 0.01314,
      "usage": 6,
      "rank": 398
    },
    "2024-01": {
      "name": "Snom",
      "percent": 0.00672,
      "usage": 6,
      "rank": 452
    },
    "2024-02": {
      "name": "Snom",
      "percent": 0.01382,
      "usage": 11,
      "rank": 418
    },
    "2024-03": {
      "name": "Snom",
      "percent": 0.00487,
      "usage": 4,
      "rank": 484
    },
    "2024-04": {
      "name": "Snom",
      "percent": 0.00252,
      "usage": 2,
      "rank": 485
    },
    "2024-06": {
      "name": "Snom",
      "percent": 0.00121,
      "usage": 1,
      "rank": 551
    }
  },
  "1500": {
    "2022-11": {
      "name": "Snom",
      "percent": 0.00273,
      "usage": 72,
      "rank": 513
    },
    "2022-12": {
      "name": "Snom",
      "percent": 0.01095,
      "usage": 58,
      "rank": 434
    },
    "2023-01": {
      "name": "Snom",
      "percent": 0.00267,
      "usage": 8,
      "rank": 515
    },
    "2023-02": {
      "name": "Snom",
      "percent": 0.01121,
      "usage": 28,
      "rank": 438
    },
    "2023-03": {
      "name": "Snom",
      "percent": 0.00976,
      "usage": 33,
      "rank": 431
    },
    "2023-04": {
      "name": "Snom",
      "percent": 0.00698,
      "usage": 30,
      "rank": 426
    },
    "2023-05": {
      "name": "Snom",
      "percent": 0.00686,
      "usage": 53,
      "rank": 433
    },
    "2023-06": {
      "name": "Snom",
      "percent": 0.0014,
      "usage": 6,
      "rank": 523
    },
    "2023-07": {
      "name": "Snom",
      "percent": 0.00373,
      "usage": 27,
      "rank": 460
    },
    "2023-08": {
      "name": "Snom",
      "percent": 0.00393,
      "usage": 18,
      "rank": 446
    },
    "2023-09": {
      "name": "Snom",
      "percent": 0.00187,
      "usage": 21,
      "rank": 485
    },
    "2023-09-DLC1": {
      "name": "Snom",
      "percent": 0.00185,
      "usage": 16,
      "rank": 462
    },
    "2023-11": {
      "name": "Snom",
      "percent": 0.00321,
      "usage": 19,
      "rank": 437
    },
    "2023-12": {
      "name": "Snom",
      "percent": 0.00157,
      "usage": 8,
      "rank": 459
    },
    "2023-12-DLC2": {
      "name": "Snom",
      "percent": 0.0025,
      "usage": 6,
      "rank": 409
    },
    "2024-01": {
      "name": "Snom",
      "percent": 0.00207,
      "usage": 6,
      "rank": 442
    },
    "2024-02": {
      "name": "Snom",
      "percent": 0.00462,
      "usage": 11,
      "rank": 418
    },
    "2024-03": {
      "name": "Snom",
      "percent": 0.00226,
      "usage": 4,
      "rank": 452
    },
    "2024-04": {
      "name": "Snom",
      "percent": 0.00112,
      "usage": 2,
      "rank": 463
    },
    "2024-06": {
      "name": "Snom",
      "percent": 0.0,
      "usage": 1,
      "rank": 562
    }
  },
  "1630": {
    "2022-11": {
      "name": "Snom",
      "percent": 0.0,
      "usage": 72,
      "rank": 503
    },
    "2022-12": {
      "name": "Snom",
      "percent": 1e-05,
      "usage": 58,
      "rank": 344
    },
    "2023-01": {
      "name": "Snom",
      "percent": 0.0,
      "usage": 8,
      "rank": 556
    },
    "2023-02": {
      "name": "Snom",
      "percent": 2e-05,
      "usage": 28,
      "rank": 411
    },
    "2023-03": {
      "name": "Snom",
      "percent": 0.00032,
      "usage": 33,
      "rank": 408
    },
    "2023-04": {
      "name": "Snom",
      "percent": 0.00158,
      "usage": 30,
      "rank": 404
    },
    "2023-05": {
      "name": "Snom",
      "percent": 0.00099,
      "usage": 53,
      "rank": 419
    },
    "2023-06": {
      "name": "Snom",
      "percent": 1e-05,
      "usage": 6,
      "rank": 519
    },
    "2023-07": {
      "name": "Snom",
      "percent": 5e-05,
      "usage": 27,
      "rank": 495
    },
    "2023-08": {
      "name": "Snom",
      "percent": 0.0,
      "usage": 18,
      "rank": 580
    },
    "2023-09": {
      "name": "Snom",
      "percent": 3e-05,
      "usage": 21,
      "rank": 470
    },
    "2023-09-DLC1": {
      "name": "Snom",
      "percent": 6e-05,
      "usage": 16,
      "rank": 427
    },
    "2023-11": {
      "name": "Snom",
      "percent": 5e-05,
      "usage": 19,
      "rank": 435
    },
    "2023-12": {
      "name": "Snom",
      "percent": 0.00015,
      "usage": 8,
      "rank": 398
    },
    "2023-12-DLC2": {
      "name": "Snom",
      "percent": 0.00035,
      "usage": 6,
      "rank": 353
    },
    "2024-01": {
      "name": "Snom",
      "percent": 0.0,
      "usage": 6,
      "rank": 536
    },
    "2024-02": {
      "name": "Snom",
      "percent": 6e-05,
      "usage": 11,
      "rank": 433
    },
    "2024-03": {
      "name": "Snom",
      "percent": 0.0,
      "usage": 4,
      "rank": 539
    },
    "2024-04": {
      "name": "Snom",
      "percent": 0.0,
      "usage": 2,
      "rank": 497
    },
    "2024-06": {
      "name": "Snom",
      "percent": 0.0,
      "usage": 1,
      "rank": 541
    }
  },
  "1760": {
    "2022-11": {
      "name": "Snom",
      "percent": 0.0,
      "usage": 72,
      "rank": 478
    },
    "2022-12": {
      "name": "Snom",
      "percent": 0.0,
      "usage": 58,
      "rank": 329
    },
    "2023-01": {
      "name": "Snom",
      "percent": 0.0,
      "usage": 8,
      "rank": 551
    },
    "2023-02": {
      "name": "Snom",
      "percent": 0.0,
      "usage": 28,
      "rank": 400
    },
    "2023-03": {
      "name": "Snom",
      "percent": 4e-05,
      "usage": 33,
      "rank": 385
    },
    "2023-04": {
      "name": "Snom",
      "percent": 0.00027,
      "usage": 30,
      "rank": 386
    },
    "2023-05": {
      "name": "Snom",
      "percent": 8e-05,
      "usage": 53,
      "rank": 418
    },
    "2023-06": {
      "name": "Snom",
      "percent": 0.0,
      "usage": 6,
      "rank": 508
    },
    "2023-07": {
      "name": "Snom",
      "percent": 0.0,
      "usage": 27,
      "rank": 486
    },
    "2023-08": {
      "name": "Snom",
      "percent": 0.0,
      "usage": 18,
      "rank": 615
    },
    "2023-09": {
      "name": "Snom",
      "percent": 0.0,
      "usage": 21,
      "rank": 456
    },
    "2023-09-DLC1": {
      "name": "Snom",
      "percent": 0.0,
      "usage": 16,
      "rank": 414
    },
    "2023-11": {
      "name": "Snom",
      "percent": 0.0,
      "usage": 19,