{
  "elos": [
    "0",
    "1500",
    "1630",
    "1760"
  ],
  "firstMonth": "2022-11",
  "0": {
    "2022-11": {
      "name": "Talonflame",
      "percent": 0.51594,
      "usage": 9801,
      "rank": 152
    },
    "2022-12": {
      "name": "Talonflame",
      "percent": 0.6279,
      "usage": 2607,
      "rank": 143
    },
    "2023-01": {
      "name": "Talonflame",
      "percent": 0.54083,
      "usage": 1503,
      "rank": 156
    },
    "2023-02": {
      "name": "Talonflame",
      "percent": 0.76696,
      "usage": 1491,
      "rank": 125
    },
    "2023-03": {
      "name": "Talonflame",
      "percent": 0.62837,
      "usage": 1450,
      "rank": 156
    },
    "2023-04": {
      "name": "Talonflame",
      "percent": 0.63852,
      "usage": 1462,
      "rank": 155
    },
    "2023-05": {
      "name": "Talonflame",
      "percent": 0.53989,
      "usage": 1109,
      "rank": 172
    },
    "2023-06": {
      "name": "Talonflame",
      "percent": 0.72368,
      "usage": 1154,
      "rank": 137
    },
    "2023-07": {
      "name": "Talonflame",
      "percent": 0.73919,
      "usage": 1317,
      "rank": 143
    },
    "2023-08": {
      "name": "Talonflame",
      "percent": 0.9705,
      "usage": 1667,
      "rank": 117
    },
    "2023-09": {
      "name": "Talonflame",
      "percent": 0.81754,
      "usage": 1255,
      "rank": 125
    },
    "2023-09-DLC1": {
      "name": "Talonflame",
      "percent": 0.74209,
      "usage": 573,
      "rank": 132
    },
    "2023-10": {
      "name": "Talonflame",
      "percent": 0.55178,
      "usage": 793,
      "rank": 154
    },
    "2023-11": {
      "name": "Talonflame",
      "percent": 0.69496,
      "usage": 842,
      "rank": 142
    },
    "2023-12": {
      "name": "Talonflame",
      "percent": 0.67726,
      "usage": 720,
      "rank": 134
    },
    "2023-12-DLC2": {
      "name": "Talonflame",
      "percent": 0.51228,
      "usage": 234,
      "rank": 160
    },
    "2024-01": {
      "name": "Talonflame",
      "percent": 0.4792,
      "usage": 428,
      "rank": 157
    },
    "2024-02": {
      "name": "Talonflame",
      "percent": 0.6845,
      "usage": 545,
      "rank": 137
    },
    "2024-03": {
      "name": "Talonflame",
      "percent": 0.53604,
      "usage": 440,
      "rank": 150
    },
    "2024-04": {
      "name": "Talonflame",
      "percent": 0.4686,
      "usage": 372,
      "rank": 172
    },
    "2024-05": {
      "name": "Talonflame",
      "percent": 0.55708,
      "usage": 211,
      "rank": 157
    },
    "2024-06": {
      "name": "Talonflame",
      "percent": 0.44925,
      "usage": 370,
      "rank": 182
    }
  },
  "1500": {
    "2022-11": {
      "name": "Talonflame",
      "percent": 0.46661,
      "usage": 9801,
      "rank": 155
    },
    "2022-12": {
      "name": "Talonflame",
      "percent": 0.58236,
      "usage": 2607,
      "rank": 149
    },
    "2023-01": {
      "name": "Talonflame",
      "percent": 0.49597,
      "usage": 1503,
      "rank": 160
    },
    "2023-02": {
      "name": "Talonflame",
      "percent": 0.68737,
      "usage": 1491,
      "rank": 129
    },
    "2023-03": {
      "name": "Talonflame",
      "percent": 0.50742,
      "usage": 1450,
      "rank": 160
    },
    "2023-04": {
      "name": "Talonflame",
      "percent": 0.3011,
      "usage": 1462,
      "rank": 185
    },
    "2023-05": {
      "name": "Talonflame",
      "percent": 0.27867,
      "usage": 1109,
      "rank": 194
    },
    "2023-06": {
      "name": "Talonflame",
      "percent": 0.36441,
      "usage": 1154,
      "rank": 163
    },
    "2023-07": {
      "name": "Talonflame",
      "percent": 0.30602,
      "usage": 1317,
      "rank": 171
    },
    "2023-08": {
      "name": "Talonflame",
      "percent": 0.333,
      "usage": 1667,
      "rank": 173
    },
    "2023-09": {
      "name": "Talonflame",
      "percent": 0.39205,
      "usage": 1255,
      "rank": 150
    },
    "2023-09-DLC1": {
      "name": "Talonflame",
      "percent": 0.44705,
      "usage": 573,
      "rank": 145
    },
    "2023-10": {
      "name": "Talonflame",
      "percent": 0.26188,
      "usage": 793,
      "rank": 179
    },
    "2023-11": {
      "name": "Talonflame",
      "percent": 0.29527,
      "usage": 842,
      "rank": 168
    },
    "2023-12": {
      "name": "Talonflame",
      "percent": 0.17052,
      "usage": 720,
      "rank": 204
    },
    "2023-12-DLC2": {
      "name": "Talonflame",
      "percent": 0.09941,
      "usage": 234,
      "rank": 231
    },
    "2024-01": {
      "name": "Talonflame",
      "percent": 0.2189,
      "usage": 428,
      "rank": 177
    },
    "2024-02": {
      "name": "Talonflame",
      "percent": 0.17373,
      "usage": 545,
      "rank": 203
    },
    "2024-03": {
      "name": "Talonflame",
      "percent": 0.12897,
      "usage": 440,
      "rank": 215
    },
    "2024-04": {
      "name": "Talonflame",
      "percent": 0.21132,
      "usage": 372,
      "rank": 190
    },
    "2024-05": {
      "name": "Talonflame",
      "percent": 0.24716,
      "usage": 211,
      "rank": 174
    },
    "2024-06": {
      "name": "Talonflame",
      "percent": 0.1627,
      "usage": 370,
      "rank": 203
    }
  },
  "1630": {
    "2022-11": {
      "name": "Talonflame",
      "percent": 0.06205,
      "usage": 9801,
      "rank": 232
    },
    "2022-12": {
      "name": "Talonflame",
      "percent": 0.08844,
      "usage": 2607,
      "rank": 170
    },
    "2023-01": {
      "name": "Talonflame",
      "percent": 0.04621,
      "usage": 1503,
      "rank": 196
    },
    "2023-02": {
      "name": "Talonflame",
      "percent": 0.13214,
      "usage": 1491,
      "rank": 155
    },
    "2023-03": {
      "name": "Talonflame",
      "percent": 0.21341,
      "usage": 1450,
      "rank": 153
    },
    "2023-04": {
      "name": "Talonflame",
      "percent": 0.06215,
      "usage": 1462,
      "rank": 221
    },
    "2023-05": {
      "name": "Talonflame",
      "percent": 0.05592,
      "usage": 1109,
      "rank": 227
    },
    "2023-06": {
      "name": "Talonflame",
      "percent": 0.11563,
      "usage": 1154,
      "rank": 168
    },
    "2023-07": {
      "name": "Talonflame",
      "percent": 0.08556,
      "usage": 1317,
      "rank": 186
    },
    "2023-08": {
      "name": "Talonflame",
      "percent": 0.1107,
      "usage": 1667,
      "rank": 183
    },
    "2023-09": {
      "name": "Talonflame",
      "percent": 0.08033,
      "usage": 1255,
      "rank": 203
    },
    "2023-09-DLC1": {
      "name": "Talonflame",
      "percent": 0.08088,
      "usage": 573,
      "rank": 203
    },
    "2023-10": {
      "name": "Talonflame",
      "percent": 0.06025,
      "usage": 793,
      "rank": 200
    },
    "2023-11": {
      "name": "Talonflame",
      "percent": 0.06367,
      "usage": 842,
      "rank": 199
    },
    "2023-12": {
      "name": "Talonflame",
      "percent": 0.02157,
      "usage": 720,
      "rank": 246
    },
    "2023-12-DLC2": {
      "name": "Talonflame",
      "percent": 0.01224,
      "usage": 234,
      "rank": 242
    },
    "2024-01": {
      "name": "Talonflame",
      "percent": 0.10463,
      "usage": 428,
      "rank": 163
    },
    "2024-02": {
      "name": "Talonflame",
      "percent": 0.01783,
      "usage": 545,
      "rank": 256
    },
    "2024-03": {
      "name": "Talonflame",
      "percent": 0.01663,
      "usage": 440,
      "rank": 245
    },
    "2024-04": {
      "name": "Talonflame",
      "percent": 0.04478,
      "usage": 372,
      "rank": 206
    },
    "2024-05": {
      "name": "Talonflame",
      "percent": 0.12276,
      "usage": 211,
      "rank": 158
    },
    "2024-06": {
      "name": "Talonflame",
      "percent": 0.01974,
      "usage": 370,
      "rank": 241
    }
  },
  "1760": {
    "2022-11": {
      "name": "Talonflame",
      "percent": 0.01337,
      "usage": 9801,
      "rank": 242
    },