{
  "elos": [
    "0",
    "1500",
    "1630",
    "1760"
  ],
  "firstMonth": "2022-11",
  "0": {
    "2022-11": {
      "name": "Togekiss",
      "percent": 2.19616,
      "usage": 41719,
      "rank": 58
    },
    "2022-12": {
      "name": "Togekiss",
      "percent": 3.56532,
      "usage": 14803,
      "rank": 46
    },
    "2023-01": {
      "name": "Togekiss",
      "percent": 3.02622,
      "usage": 8410,
      "rank": 50
    },
    "2023-02": {
      "name": "Togekiss",
      "percent": 2.84819,
      "usage": 5537,
      "rank": 53
    },
    "2023-03": {
      "name": "Togekiss",
      "percent": 4.1468,
      "usage": 9569,
      "rank": 41
    },
    "2023-04": {
      "name": "Togekiss",
      "percent": 3.93115,
      "usage": 9001,
      "rank": 43
    },
    "2023-05": {
      "name": "Togekiss",
      "percent": 4.76063,
      "usage": 9779,
      "rank": 35
    },
    "2023-06": {
      "name": "Togekiss",
      "percent": 3.90124,
      "usage": 6221,
      "rank": 40
    },
    "2023-07": {
      "name": "Togekiss",
      "percent": 3.49165,
      "usage": 6221,
      "rank": 42
    },
    "2023-08": {
      "name": "Togekiss",
      "percent": 3.48319,
      "usage": 5983,
      "rank": 44
    },
    "2023-09": {
      "name": "Togekiss",
      "percent": 3.57827,
      "usage": 5493,
      "rank": 41
    },
    "2023-09-DLC1": {
      "name": "Togekiss",
      "percent": 4.07698,
      "usage": 3148,
      "rank": 38
    },
    "2023-10": {
      "name": "Togekiss",
      "percent": 3.30443,
      "usage": 4749,
      "rank": 46
    },
    "2023-11": {
      "name": "Togekiss",
      "percent": 2.8013,
      "usage": 3394,
      "rank": 54
    },
    "2023-12": {
      "name": "Togekiss",
      "percent": 2.86426,
      "usage": 3045,
      "rank": 52
    },
    "2023-12-DLC2": {
      "name": "Togekiss",
      "percent": 2.76501,
      "usage": 1263,
      "rank": 52
    },
    "2024-01": {
      "name": "Togekiss",
      "percent": 2.87966,
      "usage": 2572,
      "rank": 52
    },
    "2024-02": {
      "name": "Togekiss",
      "percent": 2.86109,
      "usage": 2278,
      "rank": 50
    },
    "2024-03": {
      "name": "Togekiss",
      "percent": 2.57419,
      "usage": 2113,
      "rank": 58
    },
    "2024-04": {
      "name": "Togekiss",
      "percent": 3.05218,
      "usage": 2423,
      "rank": 50
    },
    "2024-05": {
      "name": "Togekiss",
      "percent": 2.83557,
      "usage": 1074,
      "rank": 52
    },
    "2024-06": {
      "name": "Togekiss",
      "percent": 2.7829,
      "usage": 2292,
      "rank": 52
    }
  },
  "1500": {
    "2022-11": {
      "name": "Togekiss",
      "percent": 2.07344,
      "usage": 41719,
      "rank": 62
    },
    "2022-12": {
      "name": "Togekiss",
      "percent": 3.49462,
      "usage": 14803,
      "rank": 46
    },
    "2023-01": {
      "name": "Togekiss",
      "percent": 2.9454,
      "usage": 8410,
      "rank": 52
    },
    "2023-02": {
      "name": "Togekiss",
      "percent": 2.63768,
      "usage": 5537,
      "rank": 55
    },
    "2023-03": {
      "name": "Togekiss",
      "percent": 3.71445,
      "usage": 9569,
      "rank": 46
    },
    "2023-04": {
      "name": "Togekiss",
      "percent": 2.99244,
      "usage": 9001,
      "rank": 51
    },
    "2023-05": {
      "name": "Togekiss",
      "percent": 3.50917,
      "usage": 9779,
      "rank": 48
    },
    "2023-06": {
      "name": "Togekiss",
      "percent": 3.37692,
      "usage": 6221,
      "rank": 48
    },
    "2023-07": {
      "name": "Togekiss",
      "percent": 2.54255,
      "usage": 6221,
      "rank": 57
    },
    "2023-08": {
      "name": "Togekiss",
      "percent": 2.46014,
      "usage": 5983,
      "rank": 60
    },
    "2023-09": {
      "name": "Togekiss",
      "percent": 2.52171,
      "usage": 5493,
      "rank": 56
    },
    "2023-09-DLC1": {
      "name": "Togekiss",
      "percent": 2.88206,
      "usage": 3148,
      "rank": 50
    },
    "2023-10": {
      "name": "Togekiss",
      "percent": 2.12038,
      "usage": 4749,
      "rank": 63
    },
    "2023-11": {
      "name": "Togekiss",
      "percent": 1.91018,
      "usage": 3394,
      "rank": 69
    },
    "2023-12": {
      "name": "Togekiss",
      "percent": 1.8158,
      "usage": 3045,
      "rank": 69
    },
    "2023-12-DLC2": {
      "name": "Togekiss",
      "percent": 1.65582,
      "usage": 1263,
      "rank": 71
    },
    "2024-01": {
      "name": "Togekiss",
      "percent": 1.42169,
      "usage": 2572,
      "rank": 82
    },
    "2024-02": {
      "name": "Togekiss",
      "percent": 1.5634,
      "usage": 2278,
      "rank": 76
    },
    "2024-03": {
      "name": "Togekiss",
      "percent": 1.76205,
      "usage": 2113,
      "rank": 71
    },
    "2024-04": {
      "name": "Togekiss",
      "percent": 2.43765,
      "usage": 2423,
      "rank": 56
    },
    "2024-05": {
      "name": "Togekiss",
      "percent": 2.25429,
      "usage": 1074,
      "rank": 61
    },
    "2024-06": {
      "name": "Togekiss",
      "percent": 2.00649,
      "usage": 2292,
      "rank": 67
    }
  },
  "1630": {
    "2022-11": {
      "name": "Togekiss",
      "percent": 0.49924,
      "usage": 41719,
      "rank": 104
    },
    "2022-12": {
      "name": "Togekiss",
      "percent": 0.60997,
      "usage": 14803,
      "rank": 95
    },
    "2023-01": {
      "name": "Togekiss",
      "percent": 1.67329,
      "usage": 8410,
      "rank": 68
    },
    "2023-02": {
      "name": "Togekiss",
      "percent": 0.63071,
      "usage": 5537,
      "rank": 97
    },
    "2023-03": {
      "name": "Togekiss",
      "percent": 1.13992,
      "usage": 9569,
      "rank": 86
    },
    "2023-04": {
      "name": "Togekiss",
      "percent": 1.32903,
      "usage": 9001,
      "rank": 78
    },
    "2023-05": {
      "name": "Togekiss",
      "percent": 1.1549,
      "usage": 9779,
      "rank": 84
    },
    "2023-06": {
      "name": "Togekiss",
      "percent": 1.2263,
      "usage": 6221,
      "rank": 80
    },
    "2023-07": {
      "name": "Togekiss",
      "percent": 0.81951,
      "usage": 6221,
      "rank": 99
    },
    "2023-08": {
      "name": "Togekiss",
      "percent": 0.72605,
      "usage": 5983,
      "rank": 100
    },
    "2023-09": {
      "name": "Togekiss",
      "percent": 0.84338,
      "usage": 5493,
      "rank": 90
    },
    "2023-09-DLC1": {
      "name": "Togekiss",
      "percent": 0.89966,
      "usage": 3148,
      "rank": 89
    },
    "2023-10": {
      "name": "Togekiss",
      "percent": 0.81947,
      "usage": 4749,
      "rank": 94
    },
    "2023-11": {
      "name": "Togekiss",
      "percent": 0.81884,
      "usage": 3394,
      "rank": 94
    },
    "2023-12": {
      "name": "Togekiss",
      "percent": 0.62609,
      "usage": 3045,
      "rank": 101
    },
    "2023-12-DLC2": {
      "name": "Togekiss",
      "percent": 0.51921,
      "usage": 1263,
      "rank": 110
    },
    "2024-01": {
      "name": "Togekiss",
      "percent": 0.44143,
      "usage": 2572,
      "rank": 107
    },
    "2024-02": {
      "name": "Togekiss",
      "percent": 0.41559,
      "usage": 2278,
      "rank": 115
    },
    "2024-03": {
      "name": "Togekiss",
      "percent": 0.89467,
      "usage": 2113,
      "rank": 91
    },
    "2024-04": {
      "name": "Togekiss",
      "percent": 1.8086,
      "usage": 2423,
      "rank": 61
    },
    "2024-05": {
      "name": "Togekiss",
      "percent": 1.1223,
      "usage": 1074,
      "rank": 81
    },
    "2024-06": {
      "name": "Togekiss",
      "percent": 0.99411,
      "usage": 2292,
      "rank": 85
    }
  },
  "1760": {
    "2022-11": {
      "name": "Togekiss",
      "percent": 0.29596,
      "usage": 41719,
      "rank": 107
    },
    "2022-12": {
      "name": "Togekiss",
      "percent": 0.1824,
      "usage": 14803,
      "rank": 106
    },
    "2023-01": {
      "name": "Togekiss",