{
  "elos": [
    "0",
    "1500",
    "1630",
    "1760"
  ],
  "firstMonth": "2022-11",
  "0": {
    "2022-11": {
      "name": "Victini",
      "percent": 4.42133,
      "usage": 83989,
      "rank": 39
    },
    "2022-12": {
      "name": "Victini",
      "percent": 3.98175,
      "usage": 16532,
      "rank": 42
    },
    "2023-01": {
      "name": "Victini",
      "percent": 4.34251,
      "usage": 12068,
      "rank": 38
    },
    "2023-02": {
      "name": "Victini",
      "percent": 4.30598,
      "usage": 8371,
      "rank": 41
    },
    "2023-03": {
      "name": "Victini",
      "percent": 4.04497,
      "usage": 9334,
      "rank": 43
    },
    "2023-04": {
      "name": "Victini",
      "percent": 4.06829,
      "usage": 9315,
      "rank": 40
    },
    "2023-05": {
      "name": "Victini",
      "percent": 4.18667,
      "usage": 8600,
      "rank": 40
    },
    "2023-06": {
      "name": "Victini",
      "percent": 4.20727,
      "usage": 6709,
      "rank": 39
    },
    "2023-07": {
      "name": "Victini",
      "percent": 4.55581,
      "usage": 8117,
      "rank": 34
    },
    "2023-08": {
      "name": "Victini",
      "percent": 3.8226,
      "usage": 6566,
      "rank": 40
    },
    "2023-09": {
      "name": "Victini",
      "percent": 3.5229,
      "usage": 5408,
      "rank": 42
    },
    "2023-09-DLC1": {
      "name": "Victini",
      "percent": 3.43979,
      "usage": 2656,
      "rank": 43
    },
    "2023-10": {
      "name": "Victini",
      "percent": 3.67948,
      "usage": 5288,
      "rank": 41
    },
    "2023-11": {
      "name": "Victini",
      "percent": 3.99478,
      "usage": 4840,
      "rank": 39
    },
    "2023-12": {
      "name": "Victini",
      "percent": 3.09849,
      "usage": 3294,
      "rank": 50
    },
    "2023-12-DLC2": {
      "name": "Victini",
      "percent": 2.66649,
      "usage": 1218,
      "rank": 56
    },
    "2024-01": {
      "name": "Victini",
      "percent": 2.95468,
      "usage": 2639,
      "rank": 51
    },
    "2024-02": {
      "name": "Victini",
      "percent": 4.59181,
      "usage": 3656,
      "rank": 37
    },
    "2024-03": {
      "name": "Victini",
      "percent": 4.4893,
      "usage": 3685,
      "rank": 37
    },
    "2024-04": {
      "name": "Victini",
      "percent": 4.47056,
      "usage": 3549,
      "rank": 36
    },
    "2024-05": {
      "name": "Victini",
      "percent": 4.45401,
      "usage": 1687,
      "rank": 35
    },
    "2024-06": {
      "name": "Victini",
      "percent": 4.26663,
      "usage": 3514,
      "rank": 36
    }
  },
  "1500": {
    "2022-11": {
      "name": "Victini",
      "percent": 4.47912,
      "usage": 83989,
      "rank": 38
    },
    "2022-12": {
      "name": "Victini",
      "percent": 4.02459,
      "usage": 16532,
      "rank": 42
    },
    "2023-01": {
      "name": "Victini",
      "percent": 4.35666,
      "usage": 12068,
      "rank": 39
    },
    "2023-02": {
      "name": "Victini",
      "percent": 4.48781,
      "usage": 8371,
      "rank": 38
    },
    "2023-03": {
      "name": "Victini",
      "percent": 4.38441,
      "usage": 9334,
      "rank": 38
    },
    "2023-04": {
      "name": "Victini",
      "percent": 4.49995,
      "usage": 9315,
      "rank": 37
    },
    "2023-05": {
      "name": "Victini",
      "percent": 4.80772,
      "usage": 8600,
      "rank": 35
    },
    "2023-06": {
      "name": "Victini",
      "percent": 4.84006,
      "usage": 6709,
      "rank": 34
    },
    "2023-07": {
      "name": "Victini",
      "percent": 5.30386,
      "usage": 8117,
      "rank": 32
    },
    "2023-08": {
      "name": "Victini",
      "percent": 4.42839,
      "usage": 6566,
      "rank": 38
    },
    "2023-09": {
      "name": "Victini",
      "percent": 3.97104,
      "usage": 5408,
      "rank": 39
    },
    "2023-09-DLC1": {
      "name": "Victini",
      "percent": 3.77182,
      "usage": 2656,
      "rank": 41
    },
    "2023-10": {
      "name": "Victini",
      "percent": 3.95008,
      "usage": 5288,
      "rank": 40
    },
    "2023-11": {
      "name": "Victini",
      "percent": 4.59701,
      "usage": 4840,
      "rank": 37
    },
    "2023-12": {
      "name": "Victini",
      "percent": 3.35601,
      "usage": 3294,
      "rank": 47
    },
    "2023-12-DLC2": {
      "name": "Victini",
      "percent": 2.92085,
      "usage": 1218,
      "rank": 51
    },
    "2024-01": {
      "name": "Victini",
      "percent": 3.40642,
      "usage": 2639,
      "rank": 49
    },
    "2024-02": {
      "name": "Victini",
      "percent": 5.6386,
      "usage": 3656,
      "rank": 32
    },
    "2024-03": {
      "name": "Victini",
      "percent": 4.91189,
      "usage": 3685,
      "rank": 36
    },
    "2024-04": {
      "name": "Victini",
      "percent": 4.85239,
      "usage": 3549,
      "rank": 35
    },
    "2024-05": {
      "name": "Victini",
      "percent": 5.13148,
      "usage": 1687,
      "rank": 33
    },
    "2024-06": {
      "name": "Victini",
      "percent": 4.83956,
      "usage": 3514,
      "rank": 34
    }
  },
  "1630": {
    "2022-11": {
      "name": "Victini",
      "percent": 6.00785,
      "usage": 83989,
      "rank": 31
    },
    "2022-12": {
      "name": "Victini",
      "percent": 5.51791,
      "usage": 16532,
      "rank": 32
    },
    "2023-01": {
      "name": "Victini",
      "percent": 3.85171,
      "usage": 12068,
      "rank": 42
    },
    "2023-02": {
      "name": "Victini",
      "percent": 6.28582,
      "usage": 8371,
      "rank": 32
    },
    "2023-03": {
      "name": "Victini",
      "percent": 7.45819,
      "usage": 9334,
      "rank": 25
    },
    "2023-04": {
      "name": "Victini",
      "percent": 4.9215,
      "usage": 9315,
      "rank": 37
    },
    "2023-05": {
      "name": "Victini",
      "percent": 4.2345,
      "usage": 8600,
      "rank": 39
    },
    "2023-06": {
      "name": "Victini",
      "percent": 3.9714,
      "usage": 6709,
      "rank": 43
    },
    "2023-07": {
      "name": "Victini",
      "percent": 4.98659,
      "usage": 8117,
      "rank": 35
    },
    "2023-08": {
      "name": "Victini",
      "percent": 3.83647,
      "usage": 6566,
      "rank": 43
    },
    "2023-09": {
      "name": "Victini",
      "percent": 3.37302,
      "usage": 5408,
      "rank": 47
    },
    "2023-09-DLC1": {
      "name": "Victini",
      "percent": 2.90175,
      "usage": 2656,
      "rank": 53
    },
    "2023-10": {
      "name": "Victini",
      "percent": 4.14193,
      "usage": 5288,
      "rank": 40
    },
    "2023-11": {
      "name": "Victini",
      "percent": 3.9431,
      "usage": 4840,
      "rank": 45
    },
    "2023-12": {
      "name": "Victini",
      "percent": 3.95204,
      "usage": 3294,
      "rank": 44
    },
    "2023-12-DLC2": {
      "name": "Victini",
      "percent": 3.47366,
      "usage": 1218,
      "rank": 51
    },
    "2024-01": {
      "name": "Victini",
      "percent": 3.93164,
      "usage": 2639,
      "rank": 48
    },
    "2024-02": {
      "name": "Victini",
      "percent": 5.88577,
      "usage": 3656,
      "rank": 33
    },
    "2024-03": {
      "name": "Victini",
      "percent": 4.92211,
      "usage": 3685,
      "rank": 39
    },
    "2024-04": {
      "name": "Victini",
      "percent": 5.20542,
      "usage": 3549,
      "rank": 36
    },
    "2024-05": {
      "name": "Victini",
      "percent": 3.85376,
      "usage": 1687,
      "rank": 45
    },
    "2024-06": {
      "name": "Victini",
      "percent": 4.71457,
      "usage": 3514,
      "rank": 34
    }
  },
  "1760": {
    "2022-11": {
      "name": "Victini",
      "percent": 3.49456,
      "usage": 83989,
      "rank": 45
    },
    "2022-12": {
      "name": "Victini",
      "percent": 20.3972,
      "usage": 16532,
      "rank": 8
    },
    "2023-01": {
      "name": "Victini",
      "percent": 2.73838,
      "usage": 12068,
      "rank": 47
    },