{
  "2022-11": {
    "name": "Larvesta",
    "percent": 4.73708,
    "usage": 6155,
    "rank": 28
  },
  "2022-12": {
    "name": "Larvesta",
    "percent": 9.66846,
    "usage": 10693,
    "rank": 17
  },
  "2023-01": {
    "name": "Larvesta",
    "percent": 10.67711,
    "usage": 10129,
    "rank": 13
  },
  "2023-02": {
    "name": "Larvesta",
    "percent": 4.89639,
    "usage": 6586,
    "rank": 28
  },
  "2023-03": {
    "name": "Larvesta",
    "percent": 14.55915,
    "usage": 5116,
    "rank": 13
  },
  "2023-04": {
    "name": "Larvesta",
    "percent": 8.19894,
    "usage": 4819,
    "rank": 21
  },
  "2023-05": {
    "name": "Larvesta",
    "percent": 6.44161,
    "usage": 4127,
    "rank": 27
  },
  "2023-06": {
    "name": "Larvesta",
    "percent": 3.30942,
    "usage": 2142,
    "rank": 33
  },
  "2023-07": {
    "name": "Larvesta",
    "percent": 5.18304,
    "usage": 2530,
    "rank": 26
  },
  "2023-08": {
    "name": "Larvesta",
    "percent": 2.34759,
    "usage": 3806,
    "rank": 35
  },
  "2023-09": {
    "name": "Larvesta",
    "percent": 4.37449,
    "usage": 3223,
    "rank": 34
  },
  "2023-09-DLC1": {
    "name": "Larvesta",
    "percent": 6.12281,
    "usage": 1804,
    "rank": 26
  },
  "2023-10": {
    "name": "Larvesta",
    "percent": 5.92491,
    "usage": 4811,
    "rank": 21
  },
  "2023-11": {
    "name": "Larvesta",
    "percent": 6.00509,
    "usage": 2964,
    "rank": 27
  },
  "2023-12": {
    "name": "Larvesta",
    "percent": 2.42189,
    "usage": 2326,
    "rank": 42
  },
  "2023-12-DLC2": {
    "name": "Larvesta",
    "percent": 3.51696,
    "usage": 1141,
    "rank": 34
  },
  "2024-01": {
    "name": "Larvesta",
    "percent": 2.15952,
    "usage": 2742,
    "rank": 40
  },
  "2024-02": {
    "name": "Larvesta",
    "percent": 4.47874,
    "usage": 1875,
    "rank": 32
  },
  "2024-03": {
    "name": "Larvesta",
    "percent": 1.33988,
    "usage": 1624,
    "rank": 44
  },
  "2024-04": {
    "name": "Larvesta",
    "percent": 2.15779,
    "usage": 1288,
    "rank": 39
  },
  "2024-05": {
    "name": "Larvesta",
    "percent": 1.23461,
    "usage": 695,
    "rank": 55
  },
  "2024-06": {
    "name": "Larvesta",
    "percent": 1.41634,
    "usage": 1365,
    "rank": 53
  }
}