{
  "2023-12": {
    "name": "Suicune",
    "percent": 0.17004,
    "usage": 732,
    "rank": 424
  },
  "2023-12-DLC2": {
    "name": "Suicune",
    "percent": 0.34644,
    "usage": 691,
    "rank": 314
  },
  "2024-01": {
    "name": "Suicune",
    "percent": 0.32196,
    "usage": 1583,
    "rank": 321
  },
  "2024-02": {
    "name": "Suicune",
    "percent": 0.31834,
    "usage": 1456,
    "rank": 322
  },
  "2024-03": {
    "name": "Suicune",
    "percent": 0.23505,
    "usage": 1117,
    "rank": 379
  },
  "2024-04": {
    "name": "Suicune",
    "percent": 0.32877,
    "usage": 1475,
    "rank": 314
  },
  "2024-05": {
    "name": "Suicune",
    "percent": 0.25685,
    "usage": 545,
    "rank": 356
  },
  "2024-06": {
    "name": "Suicune",
    "percent": 0.38811,
    "usage": 1417,
    "rank": 283
  }
}