{
  "2023-09": {
    "name": "Dusknoir",
    "percent": 0.02333,
    "usage": 379,
    "rank": 262
  },
  "2023-09-DLC1": {
    "name": "Dusknoir",
    "percent": 0.04207,
    "usage": 366,
    "rank": 236
  },
  "2023-10": {
    "name": "Dusknoir",
    "percent": 0.04635,
    "usage": 257,
    "rank": 207
  },
  "2023-11": {
    "name": "Dusknoir",
    "percent": 0.07078,
    "usage": 250,
    "rank": 183
  },
  "2023-12": {
    "name": "Dusknoir",
    "percent": 0.01927,
    "usage": 447,
    "rank": 329
  },
  "2023-12-DLC2": {
    "name": "Dusknoir",
    "percent": 0.01628,
    "usage": 183,
    "rank": 314
  },
  "2024-01": {
    "name": "Dusknoir",
    "percent": 0.01335,
    "usage": 350,
    "rank": 343
  },
  "2024-02": {
    "name": "Dusknoir",
    "percent": 0.01375,
    "usage": 427,
    "rank": 320
  },
  "2024-03": {
    "name": "Dusknoir",
    "percent": 0.00848,
    "usage": 471,
    "rank": 355
  },
  "2024-04": {
    "name": "Dusknoir",
    "percent": 0.00321,
    "usage": 274,
    "rank": 418
  },
  "2024-05": {
    "name": "Dusknoir",
    "percent": 0.00856,
    "usage": 180,
    "rank": 349
  },
  "2024-06": {
    "name": "Dusknoir",
    "percent": 0.03022,
    "usage": 594,
    "rank": 269
  }
}