{
  "2023-12": {
    "name": "Espurr",
    "percent": 0.2102,
    "usage": 188,
    "rank": 102
  },
  "2023-12-DLC2": {
    "name": "Espurr",
    "percent": 0.35093,
    "usage": 143,
    "rank": 83
  },
  "2024-01": {
    "name": "Espurr",
    "percent": 0.03163,
    "usage": 270,
    "rank": 131
  },
  "2024-02": {
    "name": "Espurr",
    "percent": 0.00387,
    "usage": 223,
    "rank": 164
  },
  "2024-03": {
    "name": "Espurr",
    "percent": 0.00237,
    "usage": 265,
    "rank": 179
  },
  "2024-04": {
    "name": "Espurr",
    "percent": 0.00617,
    "usage": 261,
    "rank": 155
  },
  "2024-05": {
    "name": "Espurr",
    "percent": 0.03975,
    "usage": 210,
    "rank": 111
  },
  "2024-06": {
    "name": "Espurr",
    "percent": 0.00098,
    "usage": 110,
    "rank": 180
  }
}