{
  "2023-12": {
    "name": "Rampardos",
    "percent": 0.11273,
    "usage": 9597,
    "rank": 180
  },
  "2023-12-DLC2": {
    "name": "Rampardos",
    "percent": 0.16295,
    "usage": 7585,
    "rank": 154
  },
  "2024-01": {
    "name": "Rampardos",
    "percent": 0.0378,
    "usage": 9332,
    "rank": 227
  },
  "2024-02": {
    "name": "Rampardos",
    "percent": 0.01729,
    "usage": 4925,
    "rank": 268
  },
  "2024-03": {
    "name": "Rampardos",
    "percent": 0.01934,
    "usage": 4794,
    "rank": 260
  },
  "2024-04": {
    "name": "Rampardos",
    "percent": 0.02545,
    "usage": 3792,
    "rank": 243
  },
  "2024-05": {
    "name": "Rampardos",
    "percent": 0.02391,
    "usage": 1922,
    "rank": 256
  },
  "2024-06": {
    "name": "Rampardos",
    "percent": 0.0098,
    "usage": 3374,
    "rank": 294
  }
}