{
  "2022-11": {
    "name": "Grapploct",
    "percent": 0.05617,
    "usage": 332,
    "rank": 571
  },
  "2022-12": {
    "name": "Grapploct",
    "percent": 0.08748,
    "usage": 1075,
    "rank": 530
  },
  "2023-01": {
    "name": "Grapploct",
    "percent": 0.14501,
    "usage": 1969,
    "rank": 463
  },
  "2023-02": {
    "name": "Grapploct",
    "percent": 0.11278,
    "usage": 1760,
    "rank": 498
  },
  "2023-03": {
    "name": "Grapploct",
    "percent": 0.07774,
    "usage": 1371,
    "rank": 538
  },
  "2023-04": {
    "name": "Grapploct",
    "percent": 0.07676,
    "usage": 1351,
    "rank": 527
  },
  "2023-05": {
    "name": "Grapploct",
    "percent": 0.1122,
    "usage": 2094,
    "rank": 494
  },
  "2023-06": {
    "name": "Grapploct",
    "percent": 0.13043,
    "usage": 2193,
    "rank": 447
  },
  "2023-07": {
    "name": "Grapploct",
    "percent": 0.08483,
    "usage": 1373,
    "rank": 530
  },
  "2023-08": {
    "name": "Grapploct",
    "percent": 0.10441,
    "usage": 1921,
    "rank": 488
  },
  "2023-09": {
    "name": "Grapploct",
    "percent": 0.09285,
    "usage": 1592,
    "rank": 518
  },
  "2023-09-DLC1": {
    "name": "Grapploct",
    "percent": 0.08731,
    "usage": 745,
    "rank": 525
  },
  "2023-10": {
    "name": "Grapploct",
    "percent": 0.14017,
    "usage": 2210,
    "rank": 465
  },
  "2023-11": {
    "name": "Grapploct",
    "percent": 0.09509,
    "usage": 1286,
    "rank": 524
  },
  "2023-12": {
    "name": "Grapploct",
    "percent": 0.13615,
    "usage": 1741,
    "rank": 469
  },
  "2023-12-DLC2": {
    "name": "Grapploct",
    "percent": 0.14876,
    "usage": 815,
    "rank": 441
  },
  "2024-01": {
    "name": "Grapploct",
    "percent": 0.11253,
    "usage": 1389,
    "rank": 483
  },
  "2024-02": {
    "name": "Grapploct",
    "percent": 0.09908,
    "usage": 1283,
    "rank": 497
  },
  "2024-03": {
    "name": "Grapploct",
    "percent": 0.09377,
    "usage": 1262,
    "rank": 523
  },
  "2024-04": {
    "name": "Grapploct",
    "percent": 0.07434,
    "usage": 904,
    "rank": 560
  },
  "2024-05": {
    "name": "Grapploct",
    "percent": 0.07289,
    "usage": 436,
    "rank": 555
  },
  "2024-06": {
    "name": "Grapploct",
    "percent": 0.0876,
    "usage": 1143,
    "rank": 508
  }
}