{
  "2023-09": {
    "name": "Mandibuzz",
    "percent": 0.24884,
    "usage": 598,
    "rank": 181
  },
  "2023-09-DLC1": {
    "name": "Mandibuzz",
    "percent": 0.40755,
    "usage": 559,
    "rank": 149
  },
  "2023-10": {
    "name": "Mandibuzz",
    "percent": 0.20726,
    "usage": 595,
    "rank": 189
  },
  "2023-11": {
    "name": "Mandibuzz",
    "percent": 0.30431,
    "usage": 1038,
    "rank": 159
  },
  "2023-12": {
    "name": "Mandibuzz",
    "percent": 0.21575,
    "usage": 1037,
    "rank": 212
  },
  "2023-12-DLC2": {
    "name": "Mandibuzz",
    "percent": 0.13055,
    "usage": 334,
    "rank": 261
  },
  "2024-01": {
    "name": "Mandibuzz",
    "percent": 0.2703,
    "usage": 1195,
    "rank": 193
  },
  "2024-02": {
    "name": "Mandibuzz",
    "percent": 0.31741,
    "usage": 1732,
    "rank": 176
  },
  "2024-03": {
    "name": "Mandibuzz",
    "percent": 0.27979,
    "usage": 1383,
    "rank": 168
  },
  "2024-04": {
    "name": "Mandibuzz",
    "percent": 0.35785,
    "usage": 1148,
    "rank": 155
  },
  "2024-05": {
    "name": "Mandibuzz",
    "percent": 0.36128,
    "usage": 523,
    "rank": 153
  },
  "2024-06": {
    "name": "Mandibuzz",
    "percent": 0.28562,
    "usage": 912,
    "rank": 184
  }
}