{
  "2022-11": {
    "name": "Pelipper",
    "percent": 2.72407,
    "usage": 137729,
    "rank": 55
  },
  "2022-12": {
    "name": "Pelipper",
    "percent": 3.64844,
    "usage": 244423,
    "rank": 42
  },
  "2023-01": {
    "name": "Pelipper",
    "percent": 5.38599,
    "usage": 232946,
    "rank": 35
  },
  "2023-02": {
    "name": "Pelipper",
    "percent": 6.29931,
    "usage": 183896,
    "rank": 35
  },
  "2023-03": {
    "name": "Pelipper",
    "percent": 4.37696,
    "usage": 138351,
    "rank": 38
  },
  "2023-04": {
    "name": "Pelipper",
    "percent": 3.75772,
    "usage": 91790,
    "rank": 37
  },
  "2023-05": {
    "name": "Pelipper",
    "percent": 4.52777,
    "usage": 120021,
    "rank": 36
  },
  "2023-06": {
    "name": "Pelipper",
    "percent": 7.42182,
    "usage": 298326,
    "rank": 26
  },
  "2023-07": {
    "name": "Pelipper",
    "percent": 4.78978,
    "usage": 130684,
    "rank": 38
  },
  "2023-08": {
    "name": "Pelipper",
    "percent": 5.32386,
    "usage": 133034,
    "rank": 38
  },
  "2023-09": {
    "name": "Pelipper",
    "percent": 4.61434,
    "usage": 179115,
    "rank": 44
  },
  "2023-09-DLC1": {
    "name": "Pelipper",
    "percent": 4.7891,
    "usage": 116207,
    "rank": 41
  },
  "2023-10": {
    "name": "Pelipper",
    "percent": 3.58419,
    "usage": 134928,
    "rank": 44
  },
  "2023-11": {
    "name": "Pelipper",
    "percent": 3.8005,
    "usage": 109115,
    "rank": 43
  },
  "2023-12": {
    "name": "Pelipper",
    "percent": 5.90128,
    "usage": 218668,
    "rank": 35
  },
  "2023-12-DLC2": {
    "name": "Pelipper",
    "percent": 6.83175,
    "usage": 143026,
    "rank": 30
  },
  "2024-01": {
    "name": "Pelipper",
    "percent": 6.86635,
    "usage": 248057,
    "rank": 32
  },
  "2024-02": {
    "name": "Pelipper",
    "percent": 9.13549,
    "usage": 241106,
    "rank": 22
  },
  "2024-03": {
    "name": "Pelipper",
    "percent": 3.30086,
    "usage": 104873,
    "rank": 48
  },
  "2024-04": {
    "name": "Pelipper",
    "percent": 2.77191,
    "usage": 69265,
    "rank": 50
  },
  "2024-05": {
    "name": "Pelipper",
    "percent": 3.4862,
    "usage": 38343,
    "rank": 46
  },
  "2024-06": {
    "name": "Pelipper",
    "percent": 3.42225,
    "usage": 73968,
    "rank": 46
  }
}