{
  "2022-11": {
    "name": "Weavile",
    "percent": 0.25993,
    "usage": 13854,
    "rank": 144
  },
  "2022-12": {
    "name": "Weavile",
    "percent": 0.21011,
    "usage": 14896,
    "rank": 144
  },
  "2023-01": {
    "name": "Weavile",
    "percent": 0.23216,
    "usage": 10948,
    "rank": 146
  },
  "2023-02": {
    "name": "Weavile",
    "percent": 0.62066,
    "usage": 19429,
    "rank": 96
  },
  "2023-03": {
    "name": "Weavile",
    "percent": 0.66088,
    "usage": 21604,
    "rank": 89
  },
  "2023-04": {
    "name": "Weavile",
    "percent": 1.3107,
    "usage": 29044,
    "rank": 62
  },
  "2023-05": {
    "name": "Weavile",
    "percent": 0.66066,
    "usage": 19145,
    "rank": 105
  },
  "2023-06": {
    "name": "Weavile",
    "percent": 0.19194,
    "usage": 13031,
    "rank": 154
  },
  "2023-07": {
    "name": "Weavile",
    "percent": 0.24277,
    "usage": 9524,
    "rank": 139
  },
  "2023-08": {
    "name": "Weavile",
    "percent": 0.26709,
    "usage": 10410,
    "rank": 133
  },
  "2023-09": {
    "name": "Weavile",
    "percent": 1.51188,
    "usage": 59397,
    "rank": 83
  },
  "2023-09-DLC1": {
    "name": "Weavile",
    "percent": 1.85973,
    "usage": 45379,
    "rank": 75
  },
  "2023-10": {
    "name": "Weavile",
    "percent": 2.11609,
    "usage": 72722,
    "rank": 57
  },
  "2023-11": {
    "name": "Weavile",
    "percent": 3.17732,
    "usage": 82953,
    "rank": 48
  },
  "2023-12": {
    "name": "Weavile",
    "percent": 2.47579,
    "usage": 87481,
    "rank": 64
  },
  "2023-12-DLC2": {
    "name": "Weavile",
    "percent": 2.43607,
    "usage": 48137,
    "rank": 67
  },
  "2024-01": {
    "name": "Weavile",
    "percent": 5.57882,
    "usage": 203479,
    "rank": 42
  },
  "2024-02": {
    "name": "Weavile",
    "percent": 4.86175,
    "usage": 137937,
    "rank": 44
  },
  "2024-03": {
    "name": "Weavile",
    "percent": 5.2003,
    "usage": 137105,
    "rank": 39
  },
  "2024-04": {
    "name": "Weavile",
    "percent": 4.98353,
    "usage": 116765,
    "rank": 41
  },
  "2024-05": {
    "name": "Weavile",
    "percent": 4.5761,
    "usage": 51185,
    "rank": 42
  },
  "2024-06": {
    "name": "Weavile",
    "percent": 4.68434,
    "usage": 98031,
    "rank": 41
  }
}