{
  "2022-11": {
    "name": "Grotle",
    "percent": 0.00135,
    "usage": 8,
    "rank": 960
  },
  "2022-12": {
    "name": "Grotle",
    "percent": 0.00757,
    "usage": 93,
    "rank": 753
  },
  "2023-01": {
    "name": "Grotle",
    "percent": 0.00449,
    "usage": 61,
    "rank": 841
  },
  "2023-02": {
    "name": "Grotle",
    "percent": 0.00641,
    "usage": 100,
    "rank": 794
  },
  "2023-03": {
    "name": "Grotle",
    "percent": 0.0195,
    "usage": 344,
    "rank": 659
  },
  "2023-04": {
    "name": "Grotle",
    "percent": 0.01318,
    "usage": 232,
    "rank": 689
  },
  "2023-05": {
    "name": "Grotle",
    "percent": 0.01088,
    "usage": 203,
    "rank": 716
  },
  "2023-06": {
    "name": "Grotle",
    "percent": 0.01392,
    "usage": 234,
    "rank": 692
  },
  "2023-07": {
    "name": "Grotle",
    "percent": 0.02274,
    "usage": 368,
    "rank": 653
  },
  "2023-08": {
    "name": "Grotle",
    "percent": 0.01614,
    "usage": 297,
    "rank": 674
  },
  "2023-09": {
    "name": "Grotle",
    "percent": 0.01015,
    "usage": 174,
    "rank": 723
  },
  "2023-09-DLC1": {
    "name": "Grotle",
    "percent": 0.00961,
    "usage": 82,
    "rank": 729
  },
  "2023-10": {
    "name": "Grotle",
    "percent": 0.00863,
    "usage": 136,
    "rank": 756
  },
  "2023-11": {
    "name": "Grotle",
    "percent": 0.00525,
    "usage": 71,
    "rank": 823
  },
  "2023-12": {
    "name": "Grotle",
    "percent": 0.01705,
    "usage": 218,
    "rank": 683
  },
  "2023-12-DLC2": {
    "name": "Grotle",
    "percent": 0.0157,
    "usage": 86,
    "rank": 694
  },
  "2024-01": {
    "name": "Grotle",
    "percent": 0.00834,
    "usage": 103,
    "rank": 758
  },
  "2024-02": {
    "name": "Grotle",
    "percent": 0.00695,
    "usage": 90,
    "rank": 760
  },
  "2024-03": {
    "name": "Grotle",
    "percent": 0.00282,
    "usage": 38,
    "rank": 898
  },
  "2024-04": {
    "name": "Grotle",
    "percent": 0.00617,
    "usage": 75,
    "rank": 790
  },
  "2024-05": {
    "name": "Grotle",
    "percent": 0.00886,
    "usage": 53,
    "rank": 743
  },
  "2024-06": {
    "name": "Grotle",
    "percent": 0.00238,
    "usage": 31,
    "rank": 877
  }
}