{
  "2022-11": {
    "name": "Dugtrio",
    "percent": 3.11507,
    "usage": 19471,
    "rank": 42
  },
  "2022-12": {
    "name": "Dugtrio",
    "percent": 1.51935,
    "usage": 17525,
    "rank": 72
  },
  "2023-01": {
    "name": "Dugtrio",
    "percent": 1.52551,
    "usage": 12677,
    "rank": 79
  },
  "2023-02": {
    "name": "Dugtrio",
    "percent": 1.4886,
    "usage": 8693,
    "rank": 85
  },
  "2023-03": {
    "name": "Dugtrio",
    "percent": 1.70103,
    "usage": 8631,
    "rank": 82
  },
  "2023-04": {
    "name": "Dugtrio",
    "percent": 1.79066,
    "usage": 7334,
    "rank": 76
  },
  "2023-05": {
    "name": "Dugtrio",
    "percent": 1.66021,
    "usage": 7757,
    "rank": 80
  },
  "2023-06": {
    "name": "Dugtrio",
    "percent": 0.73788,
    "usage": 4521,
    "rank": 149
  },
  "2023-07": {
    "name": "Dugtrio",
    "percent": 0.83689,
    "usage": 5565,
    "rank": 140
  },
  "2023-08": {
    "name": "Dugtrio",
    "percent": 0.89798,
    "usage": 6857,
    "rank": 137
  },
  "2023-09": {
    "name": "Dugtrio",
    "percent": 0.76615,
    "usage": 6196,
    "rank": 163
  },
  "2023-09-DLC1": {
    "name": "Dugtrio",
    "percent": 0.56991,
    "usage": 2665,
    "rank": 201
  },
  "2023-10": {
    "name": "Dugtrio",
    "percent": 0.72672,
    "usage": 7060,
    "rank": 165
  },
  "2023-11": {
    "name": "Dugtrio",
    "percent": 0.7016,
    "usage": 5156,
    "rank": 163
  },
  "2023-12": {
    "name": "Dugtrio",
    "percent": 0.76356,
    "usage": 3547,
    "rank": 161
  },
  "2023-12-DLC2": {
    "name": "Dugtrio",
    "percent": 0.65292,
    "usage": 1238,
    "rank": 189
  },
  "2024-01": {
    "name": "Dugtrio",
    "percent": 0.49113,
    "usage": 2419,
    "rank": 217
  },
  "2024-02": {
    "name": "Dugtrio",
    "percent": 0.52694,
    "usage": 3122,
    "rank": 214
  },
  "2024-03": {
    "name": "Dugtrio",
    "percent": 0.64069,
    "usage": 2881,
    "rank": 191
  },
  "2024-04": {
    "name": "Dugtrio",
    "percent": 0.80231,
    "usage": 3464,
    "rank": 154
  },
  "2024-05": {
    "name": "Dugtrio",
    "percent": 0.75652,
    "usage": 1650,
    "rank": 156
  },
  "2024-06": {
    "name": "Dugtrio",
    "percent": 0.62729,
    "usage": 2331,
    "rank": 183
  }
}