{
  "2022-11": {
    "name": "Hatterene",
    "percent": 0.7073,
    "usage": 2468,
    "rank": 72
  },
  "2022-12": {
    "name": "Hatterene",
    "percent": 4.37647,
    "usage": 6075,
    "rank": 28
  },
  "2023-01": {
    "name": "Hatterene",
    "percent": 4.64178,
    "usage": 10054,
    "rank": 30
  },
  "2023-02": {
    "name": "Hatterene",
    "percent": 4.69257,
    "usage": 7817,
    "rank": 26
  },
  "2023-03": {
    "name": "Hatterene",
    "percent": 10.61792,
    "usage": 10128,
    "rank": 18
  },
  "2023-04": {
    "name": "Hatterene",
    "percent": 9.01749,
    "usage": 12102,
    "rank": 21
  },
  "2023-05": {
    "name": "Hatterene",
    "percent": 9.08316,
    "usage": 9478,
    "rank": 20
  },
  "2023-06": {
    "name": "Hatterene",
    "percent": 5.40389,
    "usage": 9636,
    "rank": 32
  },
  "2023-07": {
    "name": "Hatterene",
    "percent": 4.11669,
    "usage": 5798,
    "rank": 32
  },
  "2023-08": {
    "name": "Hatterene",
    "percent": 3.39812,
    "usage": 5337,
    "rank": 35
  },
  "2023-09": {
    "name": "Hatterene",
    "percent": 3.93088,
    "usage": 5403,
    "rank": 36
  },
  "2023-09-DLC1": {
    "name": "Hatterene",
    "percent": 3.90177,
    "usage": 2957,
    "rank": 37
  },
  "2023-10": {
    "name": "Hatterene",
    "percent": 5.02611,
    "usage": 7696,
    "rank": 32
  },
  "2023-11": {
    "name": "Hatterene",
    "percent": 4.91853,
    "usage": 8665,
    "rank": 32
  },
  "2023-12": {
    "name": "Hatterene",
    "percent": 5.13013,
    "usage": 9081,
    "rank": 29
  },
  "2023-12-DLC2": {
    "name": "Hatterene",
    "percent": 5.08181,
    "usage": 4403,
    "rank": 30
  },
  "2024-01": {
    "name": "Hatterene",
    "percent": 4.34628,
    "usage": 10360,
    "rank": 32
  },
  "2024-02": {
    "name": "Hatterene",
    "percent": 5.60072,
    "usage": 10814,
    "rank": 25
  },
  "2024-03": {
    "name": "Hatterene",
    "percent": 4.73992,
    "usage": 11589,
    "rank": 27
  },
  "2024-04": {
    "name": "Hatterene",
    "percent": 3.37197,
    "usage": 8060,
    "rank": 35
  },
  "2024-05": {
    "name": "Hatterene",
    "percent": 4.44082,
    "usage": 3965,
    "rank": 29
  },
  "2024-06": {
    "name": "Hatterene",
    "percent": 4.26531,
    "usage": 8147,
    "rank": 30
  }
}