{
  "2022-11": {
    "name": "Raichu",
    "percent": 0.02558,
    "usage": 1999,
    "rank": 348
  },
  "2022-12": {
    "name": "Raichu",
    "percent": 0.00077,
    "usage": 4345,
    "rank": 499
  },
  "2023-01": {
    "name": "Raichu",
    "percent": 0.00077,
    "usage": 4781,
    "rank": 537
  },
  "2023-02": {
    "name": "Raichu",
    "percent": 0.01277,
    "usage": 6298,
    "rank": 399
  },
  "2023-03": {
    "name": "Raichu",
    "percent": 0.00457,
    "usage": 7144,
    "rank": 494
  },
  "2023-04": {
    "name": "Raichu",
    "percent": 0.0094,
    "usage": 5117,
    "rank": 433
  },
  "2023-05": {
    "name": "Raichu",
    "percent": 0.0041,
    "usage": 5427,
    "rank": 518
  },
  "2023-06": {
    "name": "Raichu",
    "percent": 0.00499,
    "usage": 3862,
    "rank": 452
  },
  "2023-07": {
    "name": "Raichu",
    "percent": 0.01111,
    "usage": 4436,
    "rank": 399
  },
  "2023-08": {
    "name": "Raichu",
    "percent": 0.00369,
    "usage": 6264,
    "rank": 527
  },
  "2023-09": {
    "name": "Raichu",
    "percent": 0.01025,
    "usage": 5818,
    "rank": 401
  },
  "2023-09-DLC1": {
    "name": "Raichu",
    "percent": 0.00554,
    "usage": 2726,
    "rank": 444
  },
  "2023-10": {
    "name": "Raichu",
    "percent": 0.00479,
    "usage": 4658,
    "rank": 490
  },
  "2023-11": {
    "name": "Raichu",
    "percent": 0.02277,
    "usage": 4071,
    "rank": 349
  },
  "2023-12": {
    "name": "Raichu",
    "percent": 0.01897,
    "usage": 3641,
    "rank": 345
  },
  "2023-12-DLC2": {
    "name": "Raichu",
    "percent": 0.01974,
    "usage": 1718,
    "rank": 299
  },
  "2024-01": {
    "name": "Raichu",
    "percent": 0.00761,
    "usage": 3224,
    "rank": 415
  },
  "2024-02": {
    "name": "Raichu",
    "percent": 0.00259,
    "usage": 3995,
    "rank": 521
  },
  "2024-03": {
    "name": "Raichu",
    "percent": 0.00215,
    "usage": 4724,
    "rank": 549
  },
  "2024-04": {
    "name": "Raichu",
    "percent": 0.0056,
    "usage": 3916,
    "rank": 440
  },
  "2024-05": {
    "name": "Raichu",
    "percent": 0.00254,
    "usage": 1137,
    "rank": 494
  },
  "2024-06": {
    "name": "Raichu",
    "percent": 0.0039,
    "usage": 2994,
    "rank": 454
  }
}