{
  "2022-11": {
    "name": "Snom",
    "percent": 0.13386,
    "usage": 103,
    "rank": 131
  },
  "2022-12": {
    "name": "Snom",
    "percent": 0.14239,
    "usage": 160,
    "rank": 135
  },
  "2023-01": {
    "name": "Snom",
    "percent": 0.15402,
    "usage": 153,
    "rank": 131
  },
  "2023-02": {
    "name": "Snom",
    "percent": 0.23282,
    "usage": 151,
    "rank": 128
  },
  "2023-03": {
    "name": "Snom",
    "percent": 0.27222,
    "usage": 148,
    "rank": 127
  },
  "2023-04": {
    "name": "Snom",
    "percent": 0.14266,
    "usage": 75,
    "rank": 135
  },
  "2023-05": {
    "name": "Snom",
    "percent": 0.19852,
    "usage": 107,
    "rank": 138
  },
  "2023-06": {
    "name": "Snom",
    "percent": 0.12299,
    "usage": 51,
    "rank": 144
  },
  "2023-07": {
    "name": "Snom",
    "percent": 0.157,
    "usage": 66,
    "rank": 140
  },
  "2023-08": {
    "name": "Snom",
    "percent": 0.15891,
    "usage": 90,
    "rank": 140
  },
  "2023-09": {
    "name": "Snom",
    "percent": 0.11903,
    "usage": 68,
    "rank": 173
  },
  "2023-09-DLC1": {
    "name": "Snom",
    "percent": 0.14289,
    "usage": 43,
    "rank": 171
  },
  "2023-10": {
    "name": "Snom",
    "percent": 0.15879,
    "usage": 111,
    "rank": 166
  },
  "2023-11": {
    "name": "Snom",
    "percent": 0.12814,
    "usage": 57,
    "rank": 169
  },
  "2023-12": {
    "name": "Snom",
    "percent": 0.17641,
    "usage": 79,
    "rank": 193
  },
  "2023-12-DLC2": {
    "name": "Snom",
    "percent": 0.04418,
    "usage": 10,
    "rank": 220
  },
  "2024-01": {
    "name": "Snom",
    "percent": 0.13336,
    "usage": 73,
    "rank": 199
  },
  "2024-02": {
    "name": "Snom",
    "percent": 0.12215,
    "usage": 52,
    "rank": 199
  },
  "2024-03": {
    "name": "Snom",
    "percent": 0.10458,
    "usage": 47,
    "rank": 210
  },
  "2024-04": {
    "name": "Snom",
    "percent": 0.06151,
    "usage": 35,
    "rank": 215
  },
  "2024-05": {
    "name": "Snom",
    "percent": 0.09228,
    "usage": 16,
    "rank": 204
  },
  "2024-06": {
    "name": "Snom",
    "percent": 0.03795,
    "usage": 12,
    "rank": 219
  }
}