{
  "2022-11": {
    "name": "Snom",
    "percent": 0.0,
    "usage": 103,
    "rank": 127
  },
  "2022-12": {
    "name": "Snom",
    "percent": 0.0,
    "usage": 160,
    "rank": 128
  },
  "2023-01": {
    "name": "Snom",
    "percent": 0.0,
    "usage": 153,
    "rank": 135
  },
  "2023-02": {
    "name": "Snom",
    "percent": 0.00012,
    "usage": 151,
    "rank": 134
  },
  "2023-03": {
    "name": "Snom",
    "percent": 0.00192,
    "usage": 148,
    "rank": 134
  },
  "2023-04": {
    "name": "Snom",
    "percent": 0.00628,
    "usage": 75,
    "rank": 136
  },
  "2023-05": {
    "name": "Snom",
    "percent": 0.01367,
    "usage": 107,
    "rank": 141
  },
  "2023-06": {
    "name": "Snom",
    "percent": 0.00354,
    "usage": 51,
    "rank": 146
  },
  "2023-07": {
    "name": "Snom",
    "percent": 0.01035,
    "usage": 66,
    "rank": 139
  },
  "2023-08": {
    "name": "Snom",
    "percent": 0.01044,
    "usage": 90,
    "rank": 132
  },
  "2023-09": {
    "name": "Snom",
    "percent": 0.0004,
    "usage": 68,
    "rank": 181
  },
  "2023-09-DLC1": {
    "name": "Snom",
    "percent": 0.00055,
    "usage": 43,
    "rank": 178
  },
  "2023-10": {
    "name": "Snom",
    "percent": 0.00379,
    "usage": 111,
    "rank": 170
  },
  "2023-11": {
    "name": "Snom",
    "percent": 0.02689,
    "usage": 57,
    "rank": 149
  },
  "2023-12": {
    "name": "Snom",
    "percent": 0.03676,
    "usage": 79,
    "rank": 169
  },
  "2023-12-DLC2": {
    "name": "Snom",
    "percent": 0.00295,
    "usage": 10,
    "rank": 203
  },
  "2024-01": {
    "name": "Snom",
    "percent": 0.00257,
    "usage": 73,
    "rank": 206
  },
  "2024-02": {
    "name": "Snom",
    "percent": 0.00359,
    "usage": 52,
    "rank": 203
  },
  "2024-03": {
    "name": "Snom",
    "percent": 0.04546,
    "usage": 47,
    "rank": 163
  },
  "2024-04": {
    "name": "Snom",
    "percent": 0.00493,
    "usage": 35,
    "rank": 200
  },
  "2024-05": {
    "name": "Snom",
    "percent": 0.0,
    "usage": 16,
    "rank": 221
  },
  "2024-06": {
    "name": "Snom",
    "percent": 0.00394,
    "usage": 12,
    "rank": 199
  }
}