{
  "2022-11": {
    "name": "Golbat",
    "percent": 0.022,
    "usage": 130,
    "rank": 648
  },
  "2022-12": {
    "name": "Golbat",
    "percent": 0.03255,
    "usage": 400,
    "rank": 614
  },
  "2023-01": {
    "name": "Golbat",
    "percent": 0.02776,
    "usage": 377,
    "rank": 627
  },
  "2023-02": {
    "name": "Golbat",
    "percent": 0.03339,
    "usage": 521,
    "rank": 622
  },
  "2023-03": {
    "name": "Golbat",
    "percent": 0.04406,
    "usage": 777,
    "rank": 593
  },
  "2023-04": {
    "name": "Golbat",
    "percent": 0.02875,
    "usage": 506,
    "rank": 627
  },
  "2023-05": {
    "name": "Golbat",
    "percent": 0.04292,
    "usage": 801,
    "rank": 595
  },
  "2023-06": {
    "name": "Golbat",
    "percent": 0.03027,
    "usage": 509,
    "rank": 629
  },
  "2023-07": {
    "name": "Golbat",
    "percent": 0.0346,
    "usage": 560,
    "rank": 623
  },
  "2023-08": {
    "name": "Golbat",
    "percent": 0.03337,
    "usage": 614,
    "rank": 625
  },
  "2023-09": {
    "name": "Golbat",
    "percent": 0.02257,
    "usage": 387,
    "rank": 658
  },
  "2023-09-DLC1": {
    "name": "Golbat",
    "percent": 0.0191,
    "usage": 163,
    "rank": 668
  },
  "2023-10": {
    "name": "Golbat",
    "percent": 0.03165,
    "usage": 499,
    "rank": 645
  },
  "2023-11": {
    "name": "Golbat",
    "percent": 0.02093,
    "usage": 283,
    "rank": 673
  },
  "2023-12": {
    "name": "Golbat",
    "percent": 0.02862,
    "usage": 366,
    "rank": 655
  },
  "2023-12-DLC2": {
    "name": "Golbat",
    "percent": 0.02574,
    "usage": 141,
    "rank": 658
  },
  "2024-01": {
    "name": "Golbat",
    "percent": 0.02763,
    "usage": 341,
    "rank": 653
  },
  "2024-02": {
    "name": "Golbat",
    "percent": 0.02827,
    "usage": 366,
    "rank": 640
  },
  "2024-03": {
    "name": "Golbat",
    "percent": 0.02162,
    "usage": 291,
    "rank": 663
  },
  "2024-04": {
    "name": "Golbat",
    "percent": 0.02886,
    "usage": 351,
    "rank": 651
  },
  "2024-05": {
    "name": "Golbat",
    "percent": 0.02491,
    "usage": 149,
    "rank": 650
  },
  "2024-06": {
    "name": "Golbat",
    "percent": 0.04238,
    "usage": 553,
    "rank": 599
  }
}