{
  "2023-12": {
    "name": "Iron Boulder",
    "percent": 3.82537,
    "usage": 48917,
    "rank": 42
  },
  "2023-12-DLC2": {
    "name": "Iron Boulder",
    "percent": 7.26601,
    "usage": 39807,
    "rank": 14
  },
  "2024-01": {
    "name": "Iron Boulder",
    "percent": 4.36829,
    "usage": 53918,
    "rank": 36
  },
  "2024-02": {
    "name": "Iron Boulder",
    "percent": 3.33417,
    "usage": 43173,
    "rank": 49
  },
  "2024-03": {
    "name": "Iron Boulder",
    "percent": 2.97023,
    "usage": 39974,
    "rank": 56
  },
  "2024-04": {
    "name": "Iron Boulder",
    "percent": 2.13846,
    "usage": 26005,
    "rank": 74
  },
  "2024-05": {
    "name": "Iron Boulder",
    "percent": 2.14082,
    "usage": 12805,
    "rank": 76
  },
  "2024-06": {
    "name": "Iron Boulder",
    "percent": 2.15924,
    "usage": 28174,
    "rank": 71
  }
}