{
  "elos": [
    "0",
    "1500",
    "1630",
    "1760"
  ],
  "firstMonth": "2022-11",
  "0": {
    "2022-11": {
      "name": "Bagon",
      "percent": 1.8507,
      "usage": 1424,
      "rank": 65
    },
    "2022-12": {
      "name": "Bagon",
      "percent": 2.34938,
      "usage": 2640,
      "rank": 55
    },
    "2023-01": {
      "name": "Bagon",
      "percent": 1.96094,
      "usage": 1948,
      "rank": 55
    },
    "2023-02": {
      "name": "Bagon",
      "percent": 2.90336,
      "usage": 1883,
      "rank": 48
    },
    "2023-03": {
      "name": "Bagon",
      "percent": 2.90796,
      "usage": 1581,
      "rank": 52
    },
    "2023-04": {
      "name": "Bagon",
      "percent": 2.94263,
      "usage": 1547,
      "rank": 48
    },
    "2023-05": {
      "name": "Bagon",
      "percent": 2.41382,
      "usage": 1301,
      "rank": 56
    },
    "2023-06": {
      "name": "Bagon",
      "percent": 2.17276,
      "usage": 901,
      "rank": 57
    },
    "2023-07": {
      "name": "Bagon",
      "percent": 2.6595,
      "usage": 1118,
      "rank": 51
    },
    "2023-08": {
      "name": "Bagon",
      "percent": 2.66791,
      "usage": 1511,
      "rank": 46
    },
    "2023-09": {
      "name": "Bagon",
      "percent": 2.08472,
      "usage": 1191,
      "rank": 57
    },
    "2023-09-DLC1": {
      "name": "Bagon",
      "percent": 2.06353,
      "usage": 621,
      "rank": 59
    },
    "2023-10": {
      "name": "Bagon",
      "percent": 2.83683,
      "usage": 1983,
      "rank": 39
    },
    "2023-11": {
      "name": "Bagon",
      "percent": 2.6459,
      "usage": 1177,
      "rank": 48
    },
    "2023-12": {
      "name": "Bagon",
      "percent": 1.40458,
      "usage": 629,
      "rank": 85
    },
    "2023-12-DLC2": {
      "name": "Bagon",
      "percent": 1.16197,
      "usage": 263,
      "rank": 90
    },
    "2024-01": {
      "name": "Bagon",
      "percent": 1.66795,
      "usage": 913,
      "rank": 75
    },
    "2024-02": {
      "name": "Bagon",
      "percent": 1.24501,
      "usage": 530,
      "rank": 90
    },
    "2024-03": {
      "name": "Bagon",
      "percent": 1.58204,
      "usage": 711,
      "rank": 73
    },
    "2024-04": {
      "name": "Bagon",
      "percent": 1.53076,
      "usage": 871,
      "rank": 71
    },
    "2024-05": {
      "name": "Bagon",
      "percent": 1.83412,
      "usage": 318,
      "rank": 69
    },
    "2024-06": {
      "name": "Bagon",
      "percent": 1.48966,
      "usage": 471,
      "rank": 80
    }
  },
  "1500": {
    "2022-11": {
      "name": "Bagon",
      "percent": 1.75078,
      "usage": 1424,
      "rank": 66
    },
    "2022-12": {
      "name": "Bagon",
      "percent": 2.20065,
      "usage": 2640,
      "rank": 56
    },
    "2023-01": {
      "name": "Bagon",
      "percent": 1.76578,
      "usage": 1948,
      "rank": 57
    },
    "2023-02": {
      "name": "Bagon",
      "percent": 2.5313,
      "usage": 1883,
      "rank": 52
    },
    "2023-03": {
      "name": "Bagon",
      "percent": 2.52823,
      "usage": 1581,
      "rank": 52
    },
    "2023-04": {
      "name": "Bagon",
      "percent": 2.03483,
      "usage": 1547,
      "rank": 52
    },
    "2023-05": {
      "name": "Bagon",
      "percent": 1.41761,
      "usage": 1301,
      "rank": 66
    },
    "2023-06": {
      "name": "Bagon",
      "percent": 1.30848,
      "usage": 901,
      "rank": 71
    },
    "2023-07": {
      "name": "Bagon",
      "percent": 1.63185,
      "usage": 1118,
      "rank": 57
    },
    "2023-08": {
      "name": "Bagon",
      "percent": 1.89287,
      "usage": 1511,
      "rank": 52
    },
    "2023-09": {
      "name": "Bagon",
      "percent": 1.16437,
      "usage": 1191,
      "rank": 73
    },
    "2023-09-DLC1": {
      "name": "Bagon",
      "percent": 1.37673,
      "usage": 621,
      "rank": 63
    },
    "2023-10": {
      "name": "Bagon",
      "percent": 1.91844,
      "usage": 1983,
      "rank": 45
    },
    "2023-11": {
      "name": "Bagon",
      "percent": 1.89818,
      "usage": 1177,
      "rank": 54
    },
    "2023-12": {
      "name": "Bagon",
      "percent": 0.81333,
      "usage": 629,
      "rank": 94
    },
    "2023-12-DLC2": {
      "name": "Bagon",
      "percent": 0.60864,
      "usage": 263,
      "rank": 99
    },
    "2024-01": {
      "name": "Bagon",
      "percent": 0.77915,
      "usage": 913,
      "rank": 93
    },
    "2024-02": {
      "name": "Bagon",
      "percent": 0.62959,
      "usage": 530,
      "rank": 96
    },
    "2024-03": {
      "name": "Bagon",
      "percent": 1.08192,
      "usage": 711,
      "rank": 73
    },
    "2024-04": {
      "name": "Bagon",
      "percent": 0.8462,
      "usage": 871,
      "rank": 81
    },
    "2024-05": {
      "name": "Bagon",
      "percent": 1.39073,
      "usage": 318,
      "rank": 69
    },
    "2024-06": {
      "name": "Bagon",
      "percent": 0.71995,
      "usage": 471,
      "rank": 97
    }
  },
  "1630": {
    "2022-11": {
      "name": "Bagon",
      "percent": 1.09009,
      "usage": 1424,
      "rank": 54
    },
    "2022-12": {
      "name": "Bagon",
      "percent": 0.1131,
      "usage": 2640,
      "rank": 85
    },
    "2023-01": {
      "name": "Bagon",
      "percent": 1.50102,
      "usage": 1948,
      "rank": 42
    },
    "2023-02": {
      "name": "Bagon",
      "percent": 0.54148,
      "usage": 1883,
      "rank": 73
    },
    "2023-03": {
      "name": "Bagon",
      "percent": 1.00168,
      "usage": 1581,
      "rank": 63
    },
    "2023-04": {
      "name": "Bagon",
      "percent": 0.96208,
      "usage": 1547,
      "rank": 58
    },
    "2023-05": {
      "name": "Bagon",
      "percent": 0.28083,
      "usage": 1301,
      "rank": 87
    },
    "2023-06": {
      "name": "Bagon",
      "percent": 0.59635,
      "usage": 901,
      "rank": 74
    },
    "2023-07": {
      "name": "Bagon",
      "percent": 0.56814,
      "usage": 1118,
      "rank": 69
    },
    "2023-08": {
      "name": "Bagon",
      "percent": 1.24473,
      "usage": 1511,
      "rank": 55
    },
    "2023-09": {
      "name": "Bagon",
      "percent": 0.69733,
      "usage": 1191,
      "rank": 67
    },
    "2023-09-DLC1": {
      "name": "Bagon",
      "percent": 1.24258,
      "usage": 621,
      "rank": 55
    },
    "2023-10": {
      "name": "Bagon",
      "percent": 0.58254,
      "usage": 1983,
      "rank": 68
    },
    "2023-11": {
      "name": "Bagon",
      "percent": 0.99529,
      "usage": 1177,
      "rank": 59
    },
    "2023-12": {
      "name": "Bagon",
      "percent": 0.14771,
      "usage": 629,
      "rank": 133
    },
    "2023-12-DLC2": {
      "name": "Bagon",
      "percent": 0.12194,
      "usage": 263,
      "rank": 118
    },
    "2024-01": {
      "name": "Bagon",
      "percent": 0.12606,
      "usage": 913,
      "rank": 132
    },
    "2024-02": {
      "name": "Bagon",
      "percent": 0.13513,
      "usage": 530,
      "rank": 116
    },
    "2024-03": {
      "name": "Bagon",
      "percent": 0.72359,
      "usage": 711,
      "rank": 71
    },
    "2024-04": {
      "name": "Bagon",
      "percent": 0.14891,
      "usage": 871,
      "rank": 114
    },
    "2024-05": {
      "name": "Bagon",
      "percent": 0.99035,
      "usage": 318,
      "rank": 68
    },
    "2024-06": {
      "name": "Bagon",
      "percent": 0.13481,
      "usage": 471,
      "rank": 115
    }
  },
  "1760": {
    "2022-11": {
      "name": "Bagon",
      "percent": 0.74318,
      "usage": 1424,
      "rank": 49
    },
    "2022-12": {
      "name": "Bagon",
      "percent": 0.01412,
      "usage": 2640,
      "rank": 83
    },
    "2023-01": {
      "name": "Bagon",
      "percent": 1.17392,
      "usage": 1948,
      "rank": 40
    },
    "2023-02": {
      "name": "Bagon",
      "percent": 0.69927,
      "usage": 1883,
      "rank": 54
    },
    "2023-03": {
      "name": "Bagon",
      "percent": 0.46323,