{
  "elos": [
    "0",
    "1500",
    "1630",
    "1760"
  ],
  "firstMonth": "2022-11",
  "0": {
    "2023-12": {
      "name": "Chinchou",
      "percent": 2.70868,
      "usage": 1213,
      "rank": 54
    },
    "2023-12-DLC2": {
      "name": "Chinchou",
      "percent": 4.08677,
      "usage": 925,
      "rank": 41
    },
    "2024-01": {
      "name": "Chinchou",
      "percent": 7.7332,
      "usage": 4233,
      "rank": 16
    },
    "2024-02": {
      "name": "Chinchou",
      "percent": 8.46136,
      "usage": 3602,
      "rank": 15
    },
    "2024-03": {
      "name": "Chinchou",
      "percent": 6.2258,
      "usage": 2798,
      "rank": 20
    },
    "2024-04": {
      "name": "Chinchou",
      "percent": 3.9174,
      "usage": 2229,
      "rank": 32
    },
    "2024-05": {
      "name": "Chinchou",
      "percent": 4.52763,
      "usage": 785,
      "rank": 32
    },
    "2024-06": {
      "name": "Chinchou",
      "percent": 5.65817,
      "usage": 1789,
      "rank": 22
    }
  },
  "1500": {
    "2023-12": {
      "name": "Chinchou",
      "percent": 3.24602,
      "usage": 1213,
      "rank": 44
    },
    "2023-12-DLC2": {
      "name": "Chinchou",
      "percent": 4.66419,
      "usage": 925,
      "rank": 38
    },
    "2024-01": {
      "name": "Chinchou",
      "percent": 8.47796,
      "usage": 4233,
      "rank": 17
    },
    "2024-02": {
      "name": "Chinchou",
      "percent": 8.96288,
      "usage": 3602,
      "rank": 16
    },
    "2024-03": {
      "name": "Chinchou",
      "percent": 6.6545,
      "usage": 2798,
      "rank": 20
    },
    "2024-04": {
      "name": "Chinchou",
      "percent": 3.32787,
      "usage": 2229,
      "rank": 33
    },
    "2024-05": {
      "name": "Chinchou",
      "percent": 3.89257,
      "usage": 785,
      "rank": 35
    },
    "2024-06": {
      "name": "Chinchou",
      "percent": 5.72984,
      "usage": 1789,
      "rank": 24
    }
  },
  "1630": {
    "2023-12": {
      "name": "Chinchou",
      "percent": 2.63166,
      "usage": 1213,
      "rank": 45
    },
    "2023-12-DLC2": {
      "name": "Chinchou",
      "percent": 3.21106,
      "usage": 925,
      "rank": 43
    },
    "2024-01": {
      "name": "Chinchou",
      "percent": 10.17117,
      "usage": 4233,
      "rank": 15
    },
    "2024-02": {
      "name": "Chinchou",
      "percent": 7.56187,
      "usage": 3602,
      "rank": 19
    },
    "2024-03": {
      "name": "Chinchou",
      "percent": 7.00969,
      "usage": 2798,
      "rank": 16
    },
    "2024-04": {
      "name": "Chinchou",
      "percent": 3.40859,
      "usage": 2229,
      "rank": 29
    },
    "2024-05": {
      "name": "Chinchou",
      "percent": 3.14912,
      "usage": 785,
      "rank": 38
    },
    "2024-06": {
      "name": "Chinchou",
      "percent": 3.4828,
      "usage": 1789,
      "rank": 38
    }
  },
  "1760": {
    "2023-12": {
      "name": "Chinchou",
      "percent": 1.9428,
      "usage": 1213,
      "rank": 46
    },
    "2023-12-DLC2": {
      "name": "Chinchou",
      "percent": 2.01414,
      "usage": 925,
      "rank": 46
    },
    "2024-01": {
      "name": "Chinchou",
      "percent": 11.66471,
      "usage": 4233,
      "rank": 14
    },
    "2024-02": {
      "name": "Chinchou",
      "percent": 7.96833,
      "usage": 3602,
      "rank": 18
    },
    "2024-03": {
      "name": "Chinchou",
      "percent": 2.7807,
      "usage": 2798,
      "rank": 25
    },
    "2024-04": {
      "name": "Chinchou",
      "percent": 2.26338,
      "usage": 2229,
      "rank": 37
    },
    "2024-05": {
      "name": "Chinchou",
      "percent": 1.65776,
      "usage": 785,
      "rank": 50
    },
    "2024-06": {
      "name": "Chinchou",
      "percent": 2.14992,
      "usage": 1789,
      "rank": 41
    }
  }
}