{
  "elos": [
    "0",
    "1500",
    "1630",
    "1760"
  ],
  "firstMonth": "2022-11",
  "0": {
    "2022-11": {
      "name": "Eevee",
      "percent": 1.17748,
      "usage": 906,
      "rank": 84
    },
    "2022-12": {
      "name": "Eevee",
      "percent": 1.62766,
      "usage": 1829,
      "rank": 71
    },
    "2023-01": {
      "name": "Eevee",
      "percent": 1.68613,
      "usage": 1675,
      "rank": 63
    },
    "2023-02": {
      "name": "Eevee",
      "percent": 2.48705,
      "usage": 1613,
      "rank": 56
    },
    "2023-03": {
      "name": "Eevee",
      "percent": 2.35065,
      "usage": 1278,
      "rank": 60
    },
    "2023-04": {
      "name": "Eevee",
      "percent": 2.24264,
      "usage": 1179,
      "rank": 60
    },
    "2023-05": {
      "name": "Eevee",
      "percent": 2.03718,
      "usage": 1098,
      "rank": 64
    },
    "2023-06": {
      "name": "Eevee",
      "percent": 1.9292,
      "usage": 800,
      "rank": 64
    },
    "2023-07": {
      "name": "Eevee",
      "percent": 3.16618,
      "usage": 1331,
      "rank": 44
    },
    "2023-08": {
      "name": "Eevee",
      "percent": 2.42778,
      "usage": 1375,
      "rank": 51
    },
    "2023-09": {
      "name": "Eevee",
      "percent": 2.27901,
      "usage": 1302,
      "rank": 55
    },
    "2023-09-DLC1": {
      "name": "Eevee",
      "percent": 2.70486,
      "usage": 814,
      "rank": 47
    },
    "2023-10": {
      "name": "Eevee",
      "percent": 1.87977,
      "usage": 1314,
      "rank": 63
    },
    "2023-11": {
      "name": "Eevee",
      "percent": 2.00746,
      "usage": 893,
      "rank": 64
    },
    "2023-12": {
      "name": "Eevee",
      "percent": 1.5006,
      "usage": 672,
      "rank": 82
    },
    "2023-12-DLC2": {
      "name": "Eevee",
      "percent": 1.43147,
      "usage": 324,
      "rank": 83
    },
    "2024-01": {
      "name": "Eevee",
      "percent": 1.13267,
      "usage": 620,
      "rank": 93
    },
    "2024-02": {
      "name": "Eevee",
      "percent": 1.60207,
      "usage": 682,
      "rank": 78
    },
    "2024-03": {
      "name": "Eevee",
      "percent": 1.24383,
      "usage": 559,
      "rank": 84
    },
    "2024-04": {
      "name": "Eevee",
      "percent": 1.63093,
      "usage": 928,
      "rank": 66
    },
    "2024-05": {
      "name": "Eevee",
      "percent": 1.28619,
      "usage": 223,
      "rank": 88
    },
    "2024-06": {
      "name": "Eevee",
      "percent": 1.77431,
      "usage": 561,
      "rank": 69
    }
  },
  "1500": {
    "2022-11": {
      "name": "Eevee",
      "percent": 1.09501,
      "usage": 906,
      "rank": 84
    },
    "2022-12": {
      "name": "Eevee",
      "percent": 1.52532,
      "usage": 1829,
      "rank": 72
    },
    "2023-01": {
      "name": "Eevee",
      "percent": 1.50222,
      "usage": 1675,
      "rank": 65
    },
    "2023-02": {
      "name": "Eevee",
      "percent": 2.28785,
      "usage": 1613,
      "rank": 55
    },
    "2023-03": {
      "name": "Eevee",
      "percent": 1.96779,
      "usage": 1278,
      "rank": 63
    },
    "2023-04": {
      "name": "Eevee",
      "percent": 1.28682,
      "usage": 1179,
      "rank": 70
    },
    "2023-05": {
      "name": "Eevee",
      "percent": 1.41795,
      "usage": 1098,
      "rank": 65
    },
    "2023-06": {
      "name": "Eevee",
      "percent": 1.09442,
      "usage": 800,
      "rank": 76
    },
    "2023-07": {
      "name": "Eevee",
      "percent": 2.10946,
      "usage": 1331,
      "rank": 52
    },
    "2023-08": {
      "name": "Eevee",
      "percent": 1.39543,
      "usage": 1375,
      "rank": 66
    },
    "2023-09": {
      "name": "Eevee",
      "percent": 1.25649,
      "usage": 1302,
      "rank": 70
    },
    "2023-09-DLC1": {
      "name": "Eevee",
      "percent": 1.54243,
      "usage": 814,
      "rank": 57
    },
    "2023-10": {
      "name": "Eevee",
      "percent": 0.92004,
      "usage": 1314,
      "rank": 84
    },
    "2023-11": {
      "name": "Eevee",
      "percent": 1.47646,
      "usage": 893,
      "rank": 62
    },
    "2023-12": {
      "name": "Eevee",
      "percent": 0.8015,
      "usage": 672,
      "rank": 96
    },
    "2023-12-DLC2": {
      "name": "Eevee",
      "percent": 0.73134,
      "usage": 324,
      "rank": 94
    },
    "2024-01": {
      "name": "Eevee",
      "percent": 0.50592,
      "usage": 620,
      "rank": 115
    },
    "2024-02": {
      "name": "Eevee",
      "percent": 1.08408,
      "usage": 682,
      "rank": 78
    },
    "2024-03": {
      "name": "Eevee",
      "percent": 0.61558,
      "usage": 559,
      "rank": 99
    },
    "2024-04": {
      "name": "Eevee",
      "percent": 1.30129,
      "usage": 928,
      "rank": 62
    },
    "2024-05": {
      "name": "Eevee",
      "percent": 0.75892,
      "usage": 223,
      "rank": 96
    },
    "2024-06": {
      "name": "Eevee",
      "percent": 0.97251,
      "usage": 561,
      "rank": 85
    }
  },
  "1630": {
    "2022-11": {
      "name": "Eevee",
      "percent": 0.10617,
      "usage": 906,
      "rank": 90
    },
    "2022-12": {
      "name": "Eevee",
      "percent": 2.21511,
      "usage": 1829,
      "rank": 39
    },
    "2023-01": {
      "name": "Eevee",
      "percent": 0.05343,
      "usage": 1675,
      "rank": 97
    },
    "2023-02": {
      "name": "Eevee",
      "percent": 1.04232,
      "usage": 1613,
      "rank": 54
    },
    "2023-03": {
      "name": "Eevee",
      "percent": 0.62374,
      "usage": 1278,
      "rank": 72
    },
    "2023-04": {
      "name": "Eevee",
      "percent": 0.6603,
      "usage": 1179,
      "rank": 71
    },
    "2023-05": {
      "name": "Eevee",
      "percent": 1.30071,
      "usage": 1098,
      "rank": 51
    },
    "2023-06": {
      "name": "Eevee",
      "percent": 0.52198,
      "usage": 800,
      "rank": 75
    },
    "2023-07": {
      "name": "Eevee",
      "percent": 0.70935,
      "usage": 1331,
      "rank": 63
    },
    "2023-08": {
      "name": "Eevee",
      "percent": 0.46049,
      "usage": 1375,
      "rank": 72
    },
    "2023-09": {
      "name": "Eevee",
      "percent": 0.61174,
      "usage": 1302,
      "rank": 75
    },
    "2023-09-DLC1": {
      "name": "Eevee",
      "percent": 1.00793,
      "usage": 814,
      "rank": 57
    },
    "2023-10": {
      "name": "Eevee",
      "percent": 0.31492,
      "usage": 1314,
      "rank": 94
    },
    "2023-11": {
      "name": "Eevee",
      "percent": 0.46967,
      "usage": 893,
      "rank": 82
    },
    "2023-12": {
      "name": "Eevee",
      "percent": 0.25953,
      "usage": 672,
      "rank": 112
    },
    "2023-12-DLC2": {
      "name": "Eevee",
      "percent": 0.3934,
      "usage": 324,
      "rank": 96
    },
    "2024-01": {
      "name": "Eevee",
      "percent": 0.08375,
      "usage": 620,
      "rank": 147
    },
    "2024-02": {
      "name": "Eevee",
      "percent": 0.16887,
      "usage": 682,
      "rank": 105
    },
    "2024-03": {
      "name": "Eevee",
      "percent": 0.13937,
      "usage": 559,
      "rank": 127
    },
    "2024-04": {
      "name": "Eevee",
      "percent": 0.27306,
      "usage": 928,
      "rank": 93
    },
    "2024-05": {
      "name": "Eevee",
      "percent": 0.13915,
      "usage": 223,
      "rank": 124
    },
    "2024-06": {
      "name": "Eevee",
      "percent": 0.37279,
      "usage": 561,
      "rank": 85
    }
  },
  "1760": {
    "2022-11": {
      "name": "Eevee",
      "percent": 0.01183,
      "usage": 906,
      "rank": 87
    },
    "2022-12": {
      "name": "Eevee",
      "percent": 0.97416,
      "usage": 1829,
      "rank": 36
    },
    "2023-01": {
      "name": "Eevee",
      "percent": 0.00412,
      "usage": 1675,
      "rank": 91
    },
    "2023-02": {
      "name": "Eevee",
      "percent": 0.89361,
      "usage": 1613,
      "rank": 50
    },
    "2023-03": {
      "name": "Eevee",
      "percent": 0.18912,
      "usage": 1278,