{
  "elos": [
    "0",
    "1500",
    "1630",
    "1760"
  ],
  "firstMonth": "2022-11",
  "0": {
    "2022-11": {
      "name": "Finneon",
      "percent": 0.29242,
      "usage": 225,
      "rank": 115
    },
    "2022-12": {
      "name": "Finneon",
      "percent": 0.7057,
      "usage": 793,
      "rank": 99
    },
    "2023-01": {
      "name": "Finneon",
      "percent": 0.98248,
      "usage": 976,
      "rank": 85
    },
    "2023-02": {
      "name": "Finneon",
      "percent": 0.46256,
      "usage": 300,
      "rank": 114
    },
    "2023-03": {
      "name": "Finneon",
      "percent": 0.6548,
      "usage": 356,
      "rank": 108
    },
    "2023-04": {
      "name": "Finneon",
      "percent": 0.63151,
      "usage": 332,
      "rank": 103
    },
    "2023-05": {
      "name": "Finneon",
      "percent": 0.52136,
      "usage": 281,
      "rank": 112
    },
    "2023-06": {
      "name": "Finneon",
      "percent": 0.57635,
      "usage": 239,
      "rank": 112
    },
    "2023-07": {
      "name": "Finneon",
      "percent": 0.77549,
      "usage": 326,
      "rank": 99
    },
    "2023-08": {
      "name": "Finneon",
      "percent": 0.57031,
      "usage": 323,
      "rank": 109
    },
    "2023-09": {
      "name": "Finneon",
      "percent": 0.51112,
      "usage": 292,
      "rank": 130
    },
    "2023-09-DLC1": {
      "name": "Finneon",
      "percent": 0.3921,
      "usage": 118,
      "rank": 138
    },
    "2023-10": {
      "name": "Finneon",
      "percent": 0.32474,
      "usage": 227,
      "rank": 143
    },
    "2023-11": {
      "name": "Finneon",
      "percent": 0.60696,
      "usage": 270,
      "rank": 122
    },
    "2023-12": {
      "name": "Finneon",
      "percent": 0.74807,
      "usage": 335,
      "rank": 123
    },
    "2023-12-DLC2": {
      "name": "Finneon",
      "percent": 0.97641,
      "usage": 221,
      "rank": 101
    },
    "2024-01": {
      "name": "Finneon",
      "percent": 0.84585,
      "usage": 463,
      "rank": 111
    },
    "2024-02": {
      "name": "Finneon",
      "percent": 0.26545,
      "usage": 113,
      "rank": 169
    },
    "2024-03": {
      "name": "Finneon",
      "percent": 0.31596,
      "usage": 142,
      "rank": 169
    },
    "2024-04": {
      "name": "Finneon",
      "percent": 0.23902,
      "usage": 136,
      "rank": 172
    },
    "2024-05": {
      "name": "Finneon",
      "percent": 0.18457,
      "usage": 32,
      "rank": 184
    },
    "2024-06": {
      "name": "Finneon",
      "percent": 0.15181,
      "usage": 48,
      "rank": 189
    }
  },
  "1500": {
    "2022-11": {
      "name": "Finneon",
      "percent": 0.26717,
      "usage": 225,
      "rank": 116
    },
    "2022-12": {
      "name": "Finneon",
      "percent": 0.67476,
      "usage": 793,
      "rank": 98
    },
    "2023-01": {
      "name": "Finneon",
      "percent": 0.92009,
      "usage": 976,
      "rank": 85
    },
    "2023-02": {
      "name": "Finneon",
      "percent": 0.38225,
      "usage": 300,
      "rank": 115
    },
    "2023-03": {
      "name": "Finneon",
      "percent": 0.52634,
      "usage": 356,
      "rank": 107
    },
    "2023-04": {
      "name": "Finneon",
      "percent": 0.45522,
      "usage": 332,
      "rank": 101
    },
    "2023-05": {
      "name": "Finneon",
      "percent": 0.31651,
      "usage": 281,
      "rank": 114
    },
    "2023-06": {
      "name": "Finneon",
      "percent": 0.30944,
      "usage": 239,
      "rank": 113
    },
    "2023-07": {
      "name": "Finneon",
      "percent": 0.59357,
      "usage": 326,
      "rank": 92
    },
    "2023-08": {
      "name": "Finneon",
      "percent": 0.39334,
      "usage": 323,
      "rank": 103
    },
    "2023-09": {
      "name": "Finneon",
      "percent": 0.36655,
      "usage": 292,
      "rank": 123
    },
    "2023-09-DLC1": {
      "name": "Finneon",
      "percent": 0.18013,
      "usage": 118,
      "rank": 138
    },
    "2023-10": {
      "name": "Finneon",
      "percent": 0.15616,
      "usage": 227,
      "rank": 147
    },
    "2023-11": {
      "name": "Finneon",
      "percent": 0.35909,
      "usage": 270,
      "rank": 124
    },
    "2023-12": {
      "name": "Finneon",
      "percent": 0.27148,
      "usage": 335,
      "rank": 147
    },
    "2023-12-DLC2": {
      "name": "Finneon",
      "percent": 0.27705,
      "usage": 221,
      "rank": 142
    },
    "2024-01": {
      "name": "Finneon",
      "percent": 0.71987,
      "usage": 463,
      "rank": 100
    },
    "2024-02": {
      "name": "Finneon",
      "percent": 0.21881,
      "usage": 113,
      "rank": 151
    },
    "2024-03": {
      "name": "Finneon",
      "percent": 0.17226,
      "usage": 142,
      "rank": 164
    },
    "2024-04": {
      "name": "Finneon",
      "percent": 0.1024,
      "usage": 136,
      "rank": 175
    },
    "2024-05": {
      "name": "Finneon",
      "percent": 0.05378,
      "usage": 32,
      "rank": 197
    },
    "2024-06": {
      "name": "Finneon",
      "percent": 0.06927,
      "usage": 48,
      "rank": 195
    }
  },
  "1630": {
    "2022-11": {
      "name": "Finneon",
      "percent": 0.0,
      "usage": 225,
      "rank": 131
    },
    "2022-12": {
      "name": "Finneon",
      "percent": 0.26733,
      "usage": 793,
      "rank": 74
    },
    "2023-01": {
      "name": "Finneon",
      "percent": 0.01725,
      "usage": 976,
      "rank": 108
    },
    "2023-02": {
      "name": "Finneon",
      "percent": 0.35112,
      "usage": 300,
      "rank": 79
    },
    "2023-03": {
      "name": "Finneon",
      "percent": 0.02718,
      "usage": 356,
      "rank": 120
    },
    "2023-04": {
      "name": "Finneon",
      "percent": 0.38362,
      "usage": 332,
      "rank": 83
    },
    "2023-05": {
      "name": "Finneon",
      "percent": 0.07795,
      "usage": 281,
      "rank": 117
    },
    "2023-06": {
      "name": "Finneon",
      "percent": 0.11223,
      "usage": 239,
      "rank": 108
    },
    "2023-07": {
      "name": "Finneon",
      "percent": 0.53195,
      "usage": 326,
      "rank": 71
    },
    "2023-08": {
      "name": "Finneon",
      "percent": 0.13505,
      "usage": 323,
      "rank": 103
    },
    "2023-09": {
      "name": "Finneon",
      "percent": 0.34938,
      "usage": 292,
      "rank": 85
    },
    "2023-09-DLC1": {
      "name": "Finneon",
      "percent": 0.0659,
      "usage": 118,
      "rank": 128
    },
    "2023-10": {
      "name": "Finneon",
      "percent": 0.02664,
      "usage": 227,
      "rank": 144
    },
    "2023-11": {
      "name": "Finneon",
      "percent": 0.11043,
      "usage": 270,
      "rank": 123
    },
    "2023-12": {
      "name": "Finneon",
      "percent": 0.28749,
      "usage": 335,
      "rank": 106
    },
    "2023-12-DLC2": {
      "name": "Finneon",
      "percent": 0.31742,
      "usage": 221,
      "rank": 99
    },
    "2024-01": {
      "name": "Finneon",
      "percent": 0.75069,
      "usage": 463,
      "rank": 81
    },
    "2024-02": {
      "name": "Finneon",
      "percent": 0.12683,
      "usage": 113,
      "rank": 119
    },
    "2024-03": {
      "name": "Finneon",
      "percent": 0.03823,
      "usage": 142,
      "rank": 168
    },
    "2024-04": {
      "name": "Finneon",
      "percent": 0.01631,
      "usage": 136,
      "rank": 178
    },
    "2024-05": {
      "name": "Finneon",
      "percent": 0.00845,
      "usage": 32,
      "rank": 178
    },
    "2024-06": {
      "name": "Finneon",
      "percent": 0.00172,
      "usage": 48,
      "rank": 206
    }
  },
  "1760": {
    "2022-11": {
      "name": "Finneon",
      "percent": 0.0,
      "usage": 225,
      "rank": 131
    },
    "2022-12": {
      "name": "Finneon",
      "percent": 0.00116,
      "usage": 793,
      "rank": 100
    },
    "2023-01": {
      "name": "Finneon",
      "percent": 0.00019,
      "usage": 976,
      "rank": 112
    },
    "2023-02": {
      "name": "Finneon",