{
  "elos": [
    "0",
    "1500",
    "1630",
    "1760"
  ],
  "firstMonth": "2022-11",
  "0": {
    "2023-12": {
      "name": "Joltik",
      "percent": 0.90661,
      "usage": 406,
      "rank": 112
    },
    "2023-12-DLC2": {
      "name": "Joltik",
      "percent": 1.72307,
      "usage": 390,
      "rank": 71
    },
    "2024-01": {
      "name": "Joltik",
      "percent": 1.15642,
      "usage": 633,
      "rank": 91
    },
    "2024-02": {
      "name": "Joltik",
      "percent": 1.05473,
      "usage": 449,
      "rank": 95
    },
    "2024-03": {
      "name": "Joltik",
      "percent": 0.83663,
      "usage": 376,
      "rank": 106
    },
    "2024-04": {
      "name": "Joltik",
      "percent": 0.86995,
      "usage": 495,
      "rank": 101
    },
    "2024-05": {
      "name": "Joltik",
      "percent": 1.21121,
      "usage": 210,
      "rank": 94
    },
    "2024-06": {
      "name": "Joltik",
      "percent": 1.27143,
      "usage": 402,
      "rank": 87
    }
  },
  "1500": {
    "2023-12": {
      "name": "Joltik",
      "percent": 0.98093,
      "usage": 406,
      "rank": 85
    },
    "2023-12-DLC2": {
      "name": "Joltik",
      "percent": 1.8921,
      "usage": 390,
      "rank": 58
    },
    "2024-01": {
      "name": "Joltik",
      "percent": 1.06615,
      "usage": 633,
      "rank": 82
    },
    "2024-02": {
      "name": "Joltik",
      "percent": 0.50341,
      "usage": 449,
      "rank": 109
    },
    "2024-03": {
      "name": "Joltik",
      "percent": 0.75479,
      "usage": 376,
      "rank": 86
    },
    "2024-04": {
      "name": "Joltik",
      "percent": 0.54226,
      "usage": 495,
      "rank": 98
    },
    "2024-05": {
      "name": "Joltik",
      "percent": 0.84622,
      "usage": 210,
      "rank": 90
    },
    "2024-06": {
      "name": "Joltik",
      "percent": 1.01298,
      "usage": 402,
      "rank": 83
    }
  },
  "1630": {
    "2023-12": {
      "name": "Joltik",
      "percent": 0.78677,
      "usage": 406,
      "rank": 76
    },
    "2023-12-DLC2": {
      "name": "Joltik",
      "percent": 1.54106,
      "usage": 390,
      "rank": 56
    },
    "2024-01": {
      "name": "Joltik",
      "percent": 0.81715,
      "usage": 633,
      "rank": 77
    },
    "2024-02": {
      "name": "Joltik",
      "percent": 0.19563,
      "usage": 449,
      "rank": 101
    },
    "2024-03": {
      "name": "Joltik",
      "percent": 0.25897,
      "usage": 376,
      "rank": 100
    },
    "2024-04": {
      "name": "Joltik",
      "percent": 0.16378,
      "usage": 495,
      "rank": 110
    },
    "2024-05": {
      "name": "Joltik",
      "percent": 0.14879,
      "usage": 210,
      "rank": 121
    },
    "2024-06": {
      "name": "Joltik",
      "percent": 1.09272,
      "usage": 402,
      "rank": 69
    }
  },
  "1760": {
    "2023-12": {
      "name": "Joltik",
      "percent": 0.27973,
      "usage": 406,
      "rank": 97
    },
    "2023-12-DLC2": {
      "name": "Joltik",
      "percent": 0.54809,
      "usage": 390,
      "rank": 74
    },
    "2024-01": {
      "name": "Joltik",
      "percent": 0.06915,
      "usage": 633,
      "rank": 117
    },
    "2024-02": {
      "name": "Joltik",
      "percent": 0.02513,
      "usage": 449,
      "rank": 120
    },
    "2024-03": {
      "name": "Joltik",
      "percent": 0.01257,
      "usage": 376,
      "rank": 143
    },
    "2024-04": {
      "name": "Joltik",
      "percent": 0.0483,
      "usage": 495,
      "rank": 112
    },
    "2024-05": {
      "name": "Joltik",
      "percent": 0.0116,
      "usage": 210,
      "rank": 134
    },
    "2024-06": {
      "name": "Joltik",
      "percent": 2.03284,
      "usage": 402,
      "rank": 43
    }
  }
}