{
  "elos": [
    "0",
    "1500",
    "1630",
    "1760"
  ],
  "firstMonth": "2022-11",
  "0": {
    "2022-11": {
      "name": "Lechonk",
      "percent": 0.70701,
      "usage": 544,
      "rank": 94
    },
    "2022-12": {
      "name": "Lechonk",
      "percent": 0.54018,
      "usage": 607,
      "rank": 111
    },
    "2023-01": {
      "name": "Lechonk",
      "percent": 0.70968,
      "usage": 705,
      "rank": 96
    },
    "2023-02": {
      "name": "Lechonk",
      "percent": 0.42556,
      "usage": 276,
      "rank": 116
    },
    "2023-03": {
      "name": "Lechonk",
      "percent": 0.4911,
      "usage": 267,
      "rank": 119
    },
    "2023-04": {
      "name": "Lechonk",
      "percent": 0.39565,
      "usage": 208,
      "rank": 120
    },
    "2023-05": {
      "name": "Lechonk",
      "percent": 0.32098,
      "usage": 173,
      "rank": 129
    },
    "2023-06": {
      "name": "Lechonk",
      "percent": 0.20257,
      "usage": 84,
      "rank": 135
    },
    "2023-07": {
      "name": "Lechonk",
      "percent": 0.21171,
      "usage": 89,
      "rank": 134
    },
    "2023-08": {
      "name": "Lechonk",
      "percent": 0.0671,
      "usage": 38,
      "rank": 147
    },
    "2023-09": {
      "name": "Lechonk",
      "percent": 0.16629,
      "usage": 95,
      "rank": 167
    },
    "2023-09-DLC1": {
      "name": "Lechonk",
      "percent": 0.1595,
      "usage": 48,
      "rank": 166
    },
    "2023-10": {
      "name": "Lechonk",
      "percent": 0.15879,
      "usage": 111,
      "rank": 167
    },
    "2023-11": {
      "name": "Lechonk",
      "percent": 0.16635,
      "usage": 74,
      "rank": 162
    },
    "2023-12": {
      "name": "Lechonk",
      "percent": 0.17641,
      "usage": 79,
      "rank": 194
    },
    "2023-12-DLC2": {
      "name": "Lechonk",
      "percent": 0.10604,
      "usage": 24,
      "rank": 205
    },
    "2024-01": {
      "name": "Lechonk",
      "percent": 0.25942,
      "usage": 142,
      "rank": 180
    },
    "2024-02": {
      "name": "Lechonk",
      "percent": 0.04698,
      "usage": 20,
      "rank": 222
    },
    "2024-03": {
      "name": "Lechonk",
      "percent": 0.10903,
      "usage": 49,
      "rank": 209
    },
    "2024-04": {
      "name": "Lechonk",
      "percent": 0.08612,
      "usage": 49,
      "rank": 208
    },
    "2024-05": {
      "name": "Lechonk",
      "percent": 0.12112,
      "usage": 21,
      "rank": 198
    },
    "2024-06": {
      "name": "Lechonk",
      "percent": 0.05377,
      "usage": 17,
      "rank": 215
    }
  },
  "1500": {
    "2022-11": {
      "name": "Lechonk",
      "percent": 0.61173,
      "usage": 544,
      "rank": 96
    },
    "2022-12": {
      "name": "Lechonk",
      "percent": 0.47145,
      "usage": 607,
      "rank": 112
    },
    "2023-01": {
      "name": "Lechonk",
      "percent": 0.65627,
      "usage": 705,
      "rank": 96
    },
    "2023-02": {
      "name": "Lechonk",
      "percent": 0.35417,
      "usage": 276,
      "rank": 118
    },
    "2023-03": {
      "name": "Lechonk",
      "percent": 0.37743,
      "usage": 267,
      "rank": 117
    },
    "2023-04": {
      "name": "Lechonk",
      "percent": 0.13681,
      "usage": 208,
      "rank": 127
    },
    "2023-05": {
      "name": "Lechonk",
      "percent": 0.21187,
      "usage": 173,
      "rank": 126
    },
    "2023-06": {
      "name": "Lechonk",
      "percent": 0.10472,
      "usage": 84,
      "rank": 134
    },
    "2023-07": {
      "name": "Lechonk",
      "percent": 0.10983,
      "usage": 89,
      "rank": 135
    },
    "2023-08": {
      "name": "Lechonk",
      "percent": 0.02871,
      "usage": 38,
      "rank": 146
    },
    "2023-09": {
      "name": "Lechonk",
      "percent": 0.12052,
      "usage": 95,
      "rank": 155
    },
    "2023-09-DLC1": {
      "name": "Lechonk",
      "percent": 0.09283,
      "usage": 48,
      "rank": 158
    },
    "2023-10": {
      "name": "Lechonk",
      "percent": 0.05842,
      "usage": 111,
      "rank": 166
    },
    "2023-11": {
      "name": "Lechonk",
      "percent": 0.0562,
      "usage": 74,
      "rank": 168
    },
    "2023-12": {
      "name": "Lechonk",
      "percent": 0.08899,
      "usage": 79,
      "rank": 194
    },
    "2023-12-DLC2": {
      "name": "Lechonk",
      "percent": 0.06152,
      "usage": 24,
      "rank": 200
    },
    "2024-01": {
      "name": "Lechonk",
      "percent": 0.18166,
      "usage": 142,
      "rank": 170
    },
    "2024-02": {
      "name": "Lechonk",
      "percent": 0.02907,
      "usage": 20,
      "rank": 214
    },
    "2024-03": {
      "name": "Lechonk",
      "percent": 0.04839,
      "usage": 49,
      "rank": 204
    },
    "2024-04": {
      "name": "Lechonk",
      "percent": 0.01585,
      "usage": 49,
      "rank": 220
    },
    "2024-05": {
      "name": "Lechonk",
      "percent": 0.04266,
      "usage": 21,
      "rank": 208
    },
    "2024-06": {
      "name": "Lechonk",
      "percent": 0.02951,
      "usage": 17,
      "rank": 210
    }
  },
  "1630": {
    "2022-11": {
      "name": "Lechonk",
      "percent": 0.02394,
      "usage": 544,
      "rank": 100
    },
    "2022-12": {
      "name": "Lechonk",
      "percent": 0.23781,
      "usage": 607,
      "rank": 76
    },
    "2023-01": {
      "name": "Lechonk",
      "percent": 0.00022,
      "usage": 705,
      "rank": 125
    },
    "2023-02": {
      "name": "Lechonk",
      "percent": 0.01897,
      "usage": 276,
      "rank": 114
    },
    "2023-03": {
      "name": "Lechonk",
      "percent": 0.01098,
      "usage": 267,
      "rank": 128
    },
    "2023-04": {
      "name": "Lechonk",
      "percent": 0.01691,
      "usage": 208,
      "rank": 131
    },
    "2023-05": {
      "name": "Lechonk",
      "percent": 0.04802,
      "usage": 173,
      "rank": 125
    },
    "2023-06": {
      "name": "Lechonk",
      "percent": 0.00592,
      "usage": 84,
      "rank": 144
    },
    "2023-07": {
      "name": "Lechonk",
      "percent": 0.00385,
      "usage": 89,
      "rank": 143
    },
    "2023-08": {
      "name": "Lechonk",
      "percent": 0.00054,
      "usage": 38,
      "rank": 147
    },
    "2023-09": {
      "name": "Lechonk",
      "percent": 0.17066,
      "usage": 95,
      "rank": 112
    },
    "2023-09-DLC1": {
      "name": "Lechonk",
      "percent": 0.14126,
      "usage": 48,
      "rank": 109
    },
    "2023-10": {
      "name": "Lechonk",
      "percent": 0.00943,
      "usage": 111,
      "rank": 158
    },
    "2023-11": {
      "name": "Lechonk",
      "percent": 0.00037,
      "usage": 74,
      "rank": 181
    },
    "2023-12": {
      "name": "Lechonk",
      "percent": 0.00344,
      "usage": 79,
      "rank": 209
    },
    "2023-12-DLC2": {
      "name": "Lechonk",
      "percent": 0.00305,
      "usage": 24,
      "rank": 202
    },
    "2024-01": {
      "name": "Lechonk",
      "percent": 0.00265,
      "usage": 142,
      "rank": 205
    },
    "2024-02": {
      "name": "Lechonk",
      "percent": 0.00187,
      "usage": 20,
      "rank": 211
    },
    "2024-03": {
      "name": "Lechonk",
      "percent": 0.00032,
      "usage": 49,
      "rank": 219
    },
    "2024-04": {
      "name": "Lechonk",
      "percent": 0.00064,
      "usage": 49,
      "rank": 213
    },
    "2024-05": {
      "name": "Lechonk",
      "percent": 0.00032,
      "usage": 21,
      "rank": 208
    },
    "2024-06": {
      "name": "Lechonk",
      "percent": 0.0007,
      "usage": 17,
      "rank": 212
    }
  },
  "1760": {
    "2022-11": {
      "name": "Lechonk",
      "percent": 0.00292,
      "usage": 544,
      "rank": 94
    },
    "2022-12": {
      "name": "Lechonk",
      "percent": 0.10395,
      "usage": 607,
      "rank": 64
    },
    "2023-01": {
      "name": "Lechonk",
      "percent": 0.0,
      "usage": 705,
      "rank": 127
    },
    "2023-02": {
      "name": "Lechonk",
      "percent": 0.00561,