{
  "elos": [
    "0",
    "1500",
    "1630",
    "1760"
  ],
  "firstMonth": "2022-11",
  "0": {
    "2022-11": {
      "name": "Silicobra",
      "percent": 0.33791,
      "usage": 260,
      "rank": 111
    },
    "2022-12": {
      "name": "Silicobra",
      "percent": 0.35241,
      "usage": 396,
      "rank": 117
    },
    "2023-01": {
      "name": "Silicobra",
      "percent": 0.32011,
      "usage": 318,
      "rank": 119
    },
    "2023-02": {
      "name": "Silicobra",
      "percent": 0.51653,
      "usage": 335,
      "rank": 110
    },
    "2023-03": {
      "name": "Silicobra",
      "percent": 0.4911,
      "usage": 267,
      "rank": 118
    },
    "2023-04": {
      "name": "Silicobra",
      "percent": 0.60108,
      "usage": 316,
      "rank": 107
    },
    "2023-05": {
      "name": "Silicobra",
      "percent": 0.57516,
      "usage": 310,
      "rank": 108
    },
    "2023-06": {
      "name": "Silicobra",
      "percent": 0.59805,
      "usage": 248,
      "rank": 108
    },
    "2023-07": {
      "name": "Silicobra",
      "percent": 0.39488,
      "usage": 166,
      "rank": 124
    },
    "2023-08": {
      "name": "Silicobra",
      "percent": 0.59503,
      "usage": 337,
      "rank": 105
    },
    "2023-09": {
      "name": "Silicobra",
      "percent": 0.55663,
      "usage": 318,
      "rank": 123
    },
    "2023-09-DLC1": {
      "name": "Silicobra",
      "percent": 0.83738,
      "usage": 252,
      "rank": 101
    },
    "2023-10": {
      "name": "Silicobra",
      "percent": 0.64948,
      "usage": 454,
      "rank": 116
    },
    "2023-11": {
      "name": "Silicobra",
      "percent": 0.83401,
      "usage": 371,
      "rank": 107
    },
    "2023-12": {
      "name": "Silicobra",
      "percent": 0.29253,
      "usage": 131,
      "rank": 176
    },
    "2023-12-DLC2": {
      "name": "Silicobra",
      "percent": 0.33578,
      "usage": 76,
      "rank": 165
    },
    "2024-01": {
      "name": "Silicobra",
      "percent": 0.78921,
      "usage": 432,
      "rank": 116
    },
    "2024-02": {
      "name": "Silicobra",
      "percent": 0.65539,
      "usage": 279,
      "rank": 121
    },
    "2024-03": {
      "name": "Silicobra",
      "percent": 0.37382,
      "usage": 168,
      "rank": 160
    },
    "2024-04": {
      "name": "Silicobra",
      "percent": 0.46221,
      "usage": 263,
      "rank": 133
    },
    "2024-05": {
      "name": "Silicobra",
      "percent": 0.31145,
      "usage": 54,
      "rank": 169
    },
    "2024-06": {
      "name": "Silicobra",
      "percent": 1.5371,
      "usage": 486,
      "rank": 79
    }
  },
  "1500": {
    "2022-11": {
      "name": "Silicobra",
      "percent": 0.32056,
      "usage": 260,
      "rank": 109
    },
    "2022-12": {
      "name": "Silicobra",
      "percent": 0.33278,
      "usage": 396,
      "rank": 117
    },
    "2023-01": {
      "name": "Silicobra",
      "percent": 0.28568,
      "usage": 318,
      "rank": 119
    },
    "2023-02": {
      "name": "Silicobra",
      "percent": 0.47301,
      "usage": 335,
      "rank": 107
    },
    "2023-03": {
      "name": "Silicobra",
      "percent": 0.4863,
      "usage": 267,
      "rank": 111
    },
    "2023-04": {
      "name": "Silicobra",
      "percent": 0.5657,
      "usage": 316,
      "rank": 93
    },
    "2023-05": {
      "name": "Silicobra",
      "percent": 0.53908,
      "usage": 310,
      "rank": 98
    },
    "2023-06": {
      "name": "Silicobra",
      "percent": 0.52412,
      "usage": 248,
      "rank": 96
    },
    "2023-07": {
      "name": "Silicobra",
      "percent": 0.22575,
      "usage": 166,
      "rank": 119
    },
    "2023-08": {
      "name": "Silicobra",
      "percent": 0.41879,
      "usage": 337,
      "rank": 99
    },
    "2023-09": {
      "name": "Silicobra",
      "percent": 0.53832,
      "usage": 318,
      "rank": 107
    },
    "2023-09-DLC1": {
      "name": "Silicobra",
      "percent": 0.90407,
      "usage": 252,
      "rank": 84
    },
    "2023-10": {
      "name": "Silicobra",
      "percent": 0.51594,
      "usage": 454,
      "rank": 106
    },
    "2023-11": {
      "name": "Silicobra",
      "percent": 0.72608,
      "usage": 371,
      "rank": 92
    },
    "2023-12": {
      "name": "Silicobra",
      "percent": 0.26538,
      "usage": 131,
      "rank": 151
    },
    "2023-12-DLC2": {
      "name": "Silicobra",
      "percent": 0.28014,
      "usage": 76,
      "rank": 141
    },
    "2024-01": {
      "name": "Silicobra",
      "percent": 0.63278,
      "usage": 432,
      "rank": 107
    },
    "2024-02": {
      "name": "Silicobra",
      "percent": 0.58381,
      "usage": 279,
      "rank": 100
    },
    "2024-03": {
      "name": "Silicobra",
      "percent": 0.27865,
      "usage": 168,
      "rank": 139
    },
    "2024-04": {
      "name": "Silicobra",
      "percent": 0.45536,
      "usage": 263,
      "rank": 107
    },
    "2024-05": {
      "name": "Silicobra",
      "percent": 0.17276,
      "usage": 54,
      "rank": 162
    },
    "2024-06": {
      "name": "Silicobra",
      "percent": 1.87826,
      "usage": 486,
      "rank": 62
    }
  },
  "1630": {
    "2022-11": {
      "name": "Silicobra",
      "percent": 0.74593,
      "usage": 260,
      "rank": 64
    },
    "2022-12": {
      "name": "Silicobra",
      "percent": 0.0,
      "usage": 396,
      "rank": 132
    },
    "2023-01": {
      "name": "Silicobra",
      "percent": 0.00836,
      "usage": 318,
      "rank": 115
    },
    "2023-02": {
      "name": "Silicobra",
      "percent": 0.35681,
      "usage": 335,
      "rank": 78
    },
    "2023-03": {
      "name": "Silicobra",
      "percent": 0.13778,
      "usage": 267,
      "rank": 99
    },
    "2023-04": {
      "name": "Silicobra",
      "percent": 0.42592,
      "usage": 316,
      "rank": 80
    },
    "2023-05": {
      "name": "Silicobra",
      "percent": 0.157,
      "usage": 310,
      "rank": 102
    },
    "2023-06": {
      "name": "Silicobra",
      "percent": 0.25162,
      "usage": 248,
      "rank": 93
    },
    "2023-07": {
      "name": "Silicobra",
      "percent": 0.1319,
      "usage": 166,
      "rank": 101
    },
    "2023-08": {
      "name": "Silicobra",
      "percent": 0.11262,
      "usage": 337,
      "rank": 105
    },
    "2023-09": {
      "name": "Silicobra",
      "percent": 0.324,
      "usage": 318,
      "rank": 90
    },
    "2023-09-DLC1": {
      "name": "Silicobra",
      "percent": 0.60414,
      "usage": 252,
      "rank": 72
    },
    "2023-10": {
      "name": "Silicobra",
      "percent": 0.15659,
      "usage": 454,
      "rank": 115
    },
    "2023-11": {
      "name": "Silicobra",
      "percent": 0.21389,
      "usage": 371,
      "rank": 110
    },
    "2023-12": {
      "name": "Silicobra",
      "percent": 0.09179,
      "usage": 131,
      "rank": 146
    },
    "2023-12-DLC2": {
      "name": "Silicobra",
      "percent": 0.10179,
      "usage": 76,
      "rank": 125
    },
    "2024-01": {
      "name": "Silicobra",
      "percent": 0.44749,
      "usage": 432,
      "rank": 97
    },
    "2024-02": {
      "name": "Silicobra",
      "percent": 0.0408,
      "usage": 279,
      "rank": 159
    },
    "2024-03": {
      "name": "Silicobra",
      "percent": 0.10628,
      "usage": 168,
      "rank": 140
    },
    "2024-04": {
      "name": "Silicobra",
      "percent": 0.33385,
      "usage": 263,
      "rank": 81
    },
    "2024-05": {
      "name": "Silicobra",
      "percent": 0.15142,
      "usage": 54,
      "rank": 120
    },
    "2024-06": {
      "name": "Silicobra",
      "percent": 1.91345,
      "usage": 486,
      "rank": 53
    }
  },
  "1760": {
    "2022-11": {
      "name": "Silicobra",
      "percent": 0.99572,
      "usage": 260,
      "rank": 45
    },
    "2022-12": {
      "name": "Silicobra",
      "percent": 0.0,
      "usage": 396,
      "rank": 132
    },
    "2023-01": {
      "name": "Silicobra",