{
  "elos": [
    "0",
    "1500",
    "1630",
    "1760"
  ],
  "firstMonth": "2022-11",
  "0": {
    "2023-12": {
      "name": "Tepig",
      "percent": 0.06253,
      "usage": 28,
      "rank": 217
    },
    "2023-12-DLC2": {
      "name": "Tepig",
      "percent": 0.08836,
      "usage": 20,
      "rank": 209
    },
    "2024-01": {
      "name": "Tepig",
      "percent": 0.12788,
      "usage": 70,
      "rank": 202
    },
    "2024-02": {
      "name": "Tepig",
      "percent": 0.21377,
      "usage": 91,
      "rank": 183
    },
    "2024-03": {
      "name": "Tepig",
      "percent": 0.07343,
      "usage": 33,
      "rank": 214
    },
    "2024-04": {
      "name": "Tepig",
      "percent": 0.01933,
      "usage": 11,
      "rank": 225
    },
    "2024-05": {
      "name": "Tepig",
      "percent": 0.13842,
      "usage": 24,
      "rank": 194
    },
    "2024-06": {
      "name": "Tepig",
      "percent": 0.19293,
      "usage": 61,
      "rank": 180
    }
  },
  "1500": {
    "2023-12": {
      "name": "Tepig",
      "percent": 0.04473,
      "usage": 28,
      "rank": 209
    },
    "2023-12-DLC2": {
      "name": "Tepig",
      "percent": 0.07105,
      "usage": 20,
      "rank": 195
    },
    "2024-01": {
      "name": "Tepig",
      "percent": 0.04925,
      "usage": 70,
      "rank": 202
    },
    "2024-02": {
      "name": "Tepig",
      "percent": 0.06644,
      "usage": 91,
      "rank": 197
    },
    "2024-03": {
      "name": "Tepig",
      "percent": 0.02637,
      "usage": 33,
      "rank": 216
    },
    "2024-04": {
      "name": "Tepig",
      "percent": 0.01907,
      "usage": 11,
      "rank": 218
    },
    "2024-05": {
      "name": "Tepig",
      "percent": 0.01611,
      "usage": 24,
      "rank": 217
    },
    "2024-06": {
      "name": "Tepig",
      "percent": 0.08683,
      "usage": 61,
      "rank": 187
    }
  },
  "1630": {
    "2023-12": {
      "name": "Tepig",
      "percent": 0.01795,
      "usage": 28,
      "rank": 181
    },
    "2023-12-DLC2": {
      "name": "Tepig",
      "percent": 0.03368,
      "usage": 20,
      "rank": 162
    },
    "2024-01": {
      "name": "Tepig",
      "percent": 0.01472,
      "usage": 70,
      "rank": 190
    },
    "2024-02": {
      "name": "Tepig",
      "percent": 0.01073,
      "usage": 91,
      "rank": 184
    },
    "2024-03": {
      "name": "Tepig",
      "percent": 0.00334,
      "usage": 33,
      "rank": 206
    },
    "2024-04": {
      "name": "Tepig",
      "percent": 0.01105,
      "usage": 11,
      "rank": 185
    },
    "2024-05": {
      "name": "Tepig",
      "percent": 0.0,
      "usage": 24,
      "rank": 223
    },
    "2024-06": {
      "name": "Tepig",
      "percent": 0.008,
      "usage": 61,
      "rank": 185
    }
  },
  "1760": {
    "2023-12": {
      "name": "Tepig",
      "percent": 0.00098,
      "usage": 28,
      "rank": 188
    },
    "2023-12-DLC2": {
      "name": "Tepig",
      "percent": 0.00188,
      "usage": 20,
      "rank": 165
    },
    "2024-01": {
      "name": "Tepig",
      "percent": 0.00066,
      "usage": 70,
      "rank": 196
    },
    "2024-02": {
      "name": "Tepig",
      "percent": 0.00412,
      "usage": 91,
      "rank": 163
    },
    "2024-03": {
      "name": "Tepig",
      "percent": 0.0007,
      "usage": 33,
      "rank": 198
    },
    "2024-04": {
      "name": "Tepig",
      "percent": 0.00777,
      "usage": 11,
      "rank": 152
    },
    "2024-05": {
      "name": "Tepig",
      "percent": 0.0,
      "usage": 24,
      "rank": 224
    },
    "2024-06": {
      "name": "Tepig",
      "percent": 0.00064,
      "usage": 61,
      "rank": 188
    }
  }
}