{
  "2022-11": {
    "name": "Tropius",
    "percent": 0.09443,
    "usage": 577,
    "rank": 235
  },
  "2022-12": {
    "name": "Tropius",
    "percent": 0.221,
    "usage": 2526,
    "rank": 204
  },
  "2023-01": {
    "name": "Tropius",
    "percent": 0.56941,
    "usage": 4811,
    "rank": 152
  },
  "2023-02": {
    "name": "Tropius",
    "percent": 0.52524,
    "usage": 3201,
    "rank": 162
  },
  "2023-03": {
    "name": "Tropius",
    "percent": 0.51191,
    "usage": 3041,
    "rank": 157
  },
  "2023-04": {
    "name": "Tropius",
    "percent": 0.59946,
    "usage": 3272,
    "rank": 141
  },
  "2023-05": {
    "name": "Tropius",
    "percent": 0.43873,
    "usage": 2713,
    "rank": 169
  },
  "2023-06": {
    "name": "Tropius",
    "percent": 0.44396,
    "usage": 2936,
    "rank": 200
  },
  "2023-07": {
    "name": "Tropius",
    "percent": 0.7202,
    "usage": 3402,
    "rank": 154
  },
  "2023-08": {
    "name": "Tropius",
    "percent": 0.60715,
    "usage": 4289,
    "rank": 168
  },
  "2023-09": {
    "name": "Tropius",
    "percent": 0.46229,
    "usage": 3428,
    "rank": 214
  },
  "2023-09-DLC1": {
    "name": "Tropius",
    "percent": 0.42279,
    "usage": 1784,
    "rank": 230
  },
  "2023-10": {
    "name": "Tropius",
    "percent": 0.46832,
    "usage": 3723,
    "rank": 217
  },
  "2023-11": {
    "name": "Tropius",
    "percent": 0.48292,
    "usage": 2686,
    "rank": 201
  },
  "2023-12": {
    "name": "Tropius",
    "percent": 0.27958,
    "usage": 1832,
    "rank": 292
  },
  "2023-12-DLC2": {
    "name": "Tropius",
    "percent": 0.31614,
    "usage": 876,
    "rank": 280
  },
  "2024-01": {
    "name": "Tropius",
    "percent": 0.39929,
    "usage": 2099,
    "rank": 249
  },
  "2024-02": {
    "name": "Tropius",
    "percent": 0.69072,
    "usage": 2803,
    "rank": 182
  },
  "2024-03": {
    "name": "Tropius",
    "percent": 0.48875,
    "usage": 2384,
    "rank": 222
  },
  "2024-04": {
    "name": "Tropius",
    "percent": 0.33498,
    "usage": 1751,
    "rank": 268
  },
  "2024-05": {
    "name": "Tropius",
    "percent": 0.31862,
    "usage": 812,
    "rank": 268
  },
  "2024-06": {
    "name": "Tropius",
    "percent": 0.36561,
    "usage": 1633,
    "rank": 241
  }
}