{
  "2023-12": {
    "name": "Raging Bolt",
    "percent": 1.36751,
    "usage": 5887,
    "rank": 121
  },
  "2023-12-DLC2": {
    "name": "Raging Bolt",
    "percent": 2.52537,
    "usage": 5037,
    "rank": 67
  },
  "2024-01": {
    "name": "Raging Bolt",
    "percent": 1.39137,
    "usage": 6841,
    "rank": 119
  },
  "2024-02": {
    "name": "Raging Bolt",
    "percent": 1.11769,
    "usage": 5112,
    "rank": 139
  },
  "2024-03": {
    "name": "Raging Bolt",
    "percent": 1.0513,
    "usage": 4996,
    "rank": 145
  },
  "2024-04": {
    "name": "Raging Bolt",
    "percent": 0.98632,
    "usage": 4425,
    "rank": 150
  },
  "2024-05": {
    "name": "Raging Bolt",
    "percent": 0.84547,
    "usage": 1794,
    "rank": 161
  },
  "2024-06": {
    "name": "Raging Bolt",
    "percent": 1.02738,
    "usage": 3751,
    "rank": 149
  }
}