{
  "2022-11": {
    "name": "Lilligant",
    "percent": 0.2821,
    "usage": 1668,
    "rank": 180
  },
  "2022-12": {
    "name": "Lilligant",
    "percent": 0.33504,
    "usage": 3761,
    "rank": 180
  },
  "2023-01": {
    "name": "Lilligant",
    "percent": 0.36863,
    "usage": 3072,
    "rank": 188
  },
  "2023-02": {
    "name": "Lilligant",
    "percent": 0.30693,
    "usage": 1879,
    "rank": 200
  },
  "2023-03": {
    "name": "Lilligant",
    "percent": 0.27979,
    "usage": 1785,
    "rank": 201
  },
  "2023-04": {
    "name": "Lilligant",
    "percent": 0.37337,
    "usage": 2012,
    "rank": 170
  },
  "2023-05": {
    "name": "Lilligant",
    "percent": 0.34462,
    "usage": 1783,
    "rank": 193
  },
  "2023-06": {
    "name": "Lilligant",
    "percent": 0.24382,
    "usage": 1517,
    "rank": 260
  },
  "2023-07": {
    "name": "Lilligant",
    "percent": 0.26822,
    "usage": 1581,
    "rank": 254
  },
  "2023-08": {
    "name": "Lilligant",
    "percent": 0.25235,
    "usage": 1712,
    "rank": 257
  },
  "2023-09": {
    "name": "Lilligant",
    "percent": 0.19346,
    "usage": 1591,
    "rank": 320
  },
  "2023-09-DLC1": {
    "name": "Lilligant",
    "percent": 0.17304,
    "usage": 834,
    "rank": 322
  },
  "2023-10": {
    "name": "Lilligant",
    "percent": 0.12747,
    "usage": 1167,
    "rank": 348
  },
  "2023-11": {
    "name": "Lilligant",
    "percent": 0.17873,
    "usage": 1170,
    "rank": 312
  },
  "2023-12": {
    "name": "Lilligant",
    "percent": 0.12169,
    "usage": 879,
    "rank": 404
  },
  "2023-12-DLC2": {
    "name": "Lilligant",
    "percent": 0.12076,
    "usage": 345,
    "rank": 410
  },
  "2024-01": {
    "name": "Lilligant",
    "percent": 0.07624,
    "usage": 738,
    "rank": 445
  },
  "2024-02": {
    "name": "Lilligant",
    "percent": 0.09188,
    "usage": 804,
    "rank": 429
  },
  "2024-03": {
    "name": "Lilligant",
    "percent": 0.09262,
    "usage": 881,
    "rank": 434
  },
  "2024-04": {
    "name": "Lilligant",
    "percent": 0.06738,
    "usage": 678,
    "rank": 458
  },
  "2024-05": {
    "name": "Lilligant",
    "percent": 0.15232,
    "usage": 473,
    "rank": 375
  },
  "2024-06": {
    "name": "Lilligant",
    "percent": 0.10704,
    "usage": 598,
    "rank": 405
  }
}