{
  "2023-12": {
    "name": "Regigigas",
    "percent": 0.01623,
    "usage": 5387,
    "rank": 238
  },
  "2023-12-DLC2": {
    "name": "Regigigas",
    "percent": 0.02506,
    "usage": 4102,
    "rank": 194
  },
  "2024-01": {
    "name": "Regigigas",
    "percent": 0.00456,
    "usage": 3707,
    "rank": 287
  },
  "2024-02": {
    "name": "Regigigas",
    "percent": 0.00157,
    "usage": 2606,
    "rank": 332
  },
  "2024-03": {
    "name": "Regigigas",
    "percent": 0.00152,
    "usage": 2081,
    "rank": 332
  },
  "2024-04": {
    "name": "Regigigas",
    "percent": 0.00469,
    "usage": 2551,
    "rank": 276
  },
  "2024-05": {
    "name": "Regigigas",
    "percent": 0.00479,
    "usage": 1496,
    "rank": 278
  },
  "2024-06": {
    "name": "Regigigas",
    "percent": 0.00199,
    "usage": 2007,
    "rank": 323
  }
}