{
  "2022-11": {
    "name": "Iron Jugulis",
    "percent": 2.09436,
    "usage": 12115,
    "rank": 63
  },
  "2022-12": {
    "name": "Iron Jugulis",
    "percent": 0.98642,
    "usage": 10773,
    "rank": 103
  },
  "2023-01": {
    "name": "Iron Jugulis",
    "percent": 0.95639,
    "usage": 7721,
    "rank": 112
  },
  "2023-02": {
    "name": "Iron Jugulis",
    "percent": 0.87912,
    "usage": 5105,
    "rank": 124
  },
  "2023-03": {
    "name": "Iron Jugulis",
    "percent": 0.87168,
    "usage": 4843,
    "rank": 125
  },
  "2023-04": {
    "name": "Iron Jugulis",
    "percent": 0.81847,
    "usage": 3866,
    "rank": 130
  },
  "2023-05": {
    "name": "Iron Jugulis",
    "percent": 0.74793,
    "usage": 3482,
    "rank": 145
  },
  "2023-06": {
    "name": "Iron Jugulis",
    "percent": 0.39342,
    "usage": 1862,
    "rank": 239
  },
  "2023-07": {
    "name": "Iron Jugulis",
    "percent": 0.38269,
    "usage": 1760,
    "rank": 244
  },
  "2023-08": {
    "name": "Iron Jugulis",
    "percent": 0.45438,
    "usage": 2180,
    "rank": 232
  },
  "2023-09": {
    "name": "Iron Jugulis",
    "percent": 0.38217,
    "usage": 2165,
    "rank": 274
  },
  "2023-09-DLC1": {
    "name": "Iron Jugulis",
    "percent": 0.25406,
    "usage": 825,
    "rank": 319
  },
  "2023-10": {
    "name": "Iron Jugulis",
    "percent": 0.33044,
    "usage": 2042,
    "rank": 288
  },
  "2023-11": {
    "name": "Iron Jugulis",
    "percent": 0.33336,
    "usage": 1653,
    "rank": 293
  },
  "2023-12": {
    "name": "Iron Jugulis",
    "percent": 0.30198,
    "usage": 1300,
    "rank": 334
  },
  "2023-12-DLC2": {
    "name": "Iron Jugulis",
    "percent": 0.30483,
    "usage": 608,
    "rank": 338
  },
  "2024-01": {
    "name": "Iron Jugulis",
    "percent": 0.35939,
    "usage": 1767,
    "rank": 301
  },
  "2024-02": {
    "name": "Iron Jugulis",
    "percent": 0.24072,
    "usage": 1101,
    "rank": 372
  },
  "2024-03": {
    "name": "Iron Jugulis",
    "percent": 0.28008,
    "usage": 1331,
    "rank": 350
  },
  "2024-04": {
    "name": "Iron Jugulis",
    "percent": 0.28709,
    "usage": 1288,
    "rank": 343
  },
  "2024-05": {
    "name": "Iron Jugulis",
    "percent": 0.20925,
    "usage": 444,
    "rank": 383
  },
  "2024-06": {
    "name": "Iron Jugulis",
    "percent": 0.23199,
    "usage": 847,
    "rank": 368
  }
}