{
  "2022-11": {
    "name": "Gardevoir",
    "percent": 0.1053,
    "usage": 9402,
    "rank": 139
  },
  "2022-12": {
    "name": "Gardevoir",
    "percent": 0.16974,
    "usage": 20585,
    "rank": 111
  },
  "2023-01": {
    "name": "Gardevoir",
    "percent": 0.08267,
    "usage": 16700,
    "rank": 133
  },
  "2023-02": {
    "name": "Gardevoir",
    "percent": 0.14072,
    "usage": 11575,
    "rank": 134
  },
  "2023-03": {
    "name": "Gardevoir",
    "percent": 0.08274,
    "usage": 11443,
    "rank": 142
  },
  "2023-04": {
    "name": "Gardevoir",
    "percent": 0.07965,
    "usage": 10242,
    "rank": 135
  },
  "2023-05": {
    "name": "Gardevoir",
    "percent": 0.12386,
    "usage": 9310,
    "rank": 151
  },
  "2023-06": {
    "name": "Gardevoir",
    "percent": 0.04613,
    "usage": 7174,
    "rank": 202
  },
  "2023-07": {
    "name": "Gardevoir",
    "percent": 0.18796,
    "usage": 9656,
    "rank": 128
  },
  "2023-08": {
    "name": "Gardevoir",
    "percent": 0.10328,
    "usage": 8331,
    "rank": 164
  },
  "2023-09": {
    "name": "Gardevoir",
    "percent": 0.11975,
    "usage": 8866,
    "rank": 179
  },
  "2023-09-DLC1": {
    "name": "Gardevoir",
    "percent": 0.14879,
    "usage": 5286,
    "rank": 177
  },
  "2023-10": {
    "name": "Gardevoir",
    "percent": 0.10283,
    "usage": 10356,
    "rank": 173
  },
  "2023-11": {
    "name": "Gardevoir",
    "percent": 0.059,
    "usage": 8436,
    "rank": 202
  },
  "2023-12": {
    "name": "Gardevoir",
    "percent": 0.04363,
    "usage": 6047,
    "rank": 256
  },
  "2023-12-DLC2": {
    "name": "Gardevoir",
    "percent": 0.02763,
    "usage": 2517,
    "rank": 296
  },
  "2024-01": {
    "name": "Gardevoir",
    "percent": 0.04917,
    "usage": 7033,
    "rank": 240
  },
  "2024-02": {
    "name": "Gardevoir",
    "percent": 0.05226,
    "usage": 6905,
    "rank": 215
  },
  "2024-03": {
    "name": "Gardevoir",
    "percent": 0.06009,
    "usage": 7863,
    "rank": 210
  },
  "2024-04": {
    "name": "Gardevoir",
    "percent": 0.02939,
    "usage": 7036,
    "rank": 251
  },
  "2024-05": {
    "name": "Gardevoir",
    "percent": 0.02531,
    "usage": 3058,
    "rank": 253
  },
  "2024-06": {
    "name": "Gardevoir",
    "percent": 0.02721,
    "usage": 5188,
    "rank": 242
  }
}