{
  "2023-05": {
    "name": "Arceus",
    "percent": 5.27621,
    "usage": 6710,
    "rank": 30
  },
  "2023-06": {
    "name": "Arceus",
    "percent": 28.1975,
    "usage": 63052,
    "rank": 4
  },
  "2023-07": {
    "name": "Arceus",
    "percent": 16.91282,
    "usage": 29145,
    "rank": 6
  },
  "2023-08": {
    "name": "Arceus",
    "percent": 17.90454,
    "usage": 30440,
    "rank": 7
  },
  "2023-09": {
    "name": "Arceus",
    "percent": 16.76819,
    "usage": 27924,
    "rank": 6
  },
  "2023-09-DLC1": {
    "name": "Arceus",
    "percent": 16.6324,
    "usage": 15046,
    "rank": 6
  },
  "2023-10": {
    "name": "Arceus",
    "percent": 21.22052,
    "usage": 40400,
    "rank": 5
  },
  "2023-11": {
    "name": "Arceus",
    "percent": 21.20577,
    "usage": 40077,
    "rank": 6
  },
  "2023-12": {
    "name": "Arceus",
    "percent": 21.42117,
    "usage": 50653,
    "rank": 4
  },
  "2023-12-DLC2": {
    "name": "Arceus",
    "percent": 21.6816,
    "usage": 26474,
    "rank": 5
  },
  "2024-01": {
    "name": "Arceus",
    "percent": 20.62154,
    "usage": 53704,
    "rank": 5
  },
  "2024-02": {
    "name": "Arceus",
    "percent": 24.47241,
    "usage": 59469,
    "rank": 5
  },
  "2024-03": {
    "name": "Arceus",
    "percent": 25.36111,
    "usage": 70751,
    "rank": 5
  },
  "2024-04": {
    "name": "Arceus",
    "percent": 25.51345,
    "usage": 58207,
    "rank": 5
  },
  "2024-05": {
    "name": "Arceus",
    "percent": 24.86326,
    "usage": 28485,
    "rank": 5
  },
  "2024-06": {
    "name": "Arceus",
    "percent": 23.06967,
    "usage": 48750,
    "rank": 5
  }
}