{
  "2022-11": {
    "name": "Glalie-Mega",
    "percent": 0.14331,
    "usage": 847,
    "rank": 458
  },
  "2022-12": {
    "name": "Glalie-Mega",
    "percent": 0.22883,
    "usage": 2812,
    "rank": 403
  },
  "2023-01": {
    "name": "Glalie-Mega",
    "percent": 0.29657,
    "usage": 4027,
    "rank": 328
  },
  "2023-02": {
    "name": "Glalie-Mega",
    "percent": 0.30656,
    "usage": 4784,
    "rank": 322
  },
  "2023-03": {
    "name": "Glalie-Mega",
    "percent": 0.27244,
    "usage": 4805,
    "rank": 330
  },
  "2023-04": {
    "name": "Glalie-Mega",
    "percent": 0.21334,
    "usage": 3755,
    "rank": 371
  },
  "2023-05": {
    "name": "Glalie-Mega",
    "percent": 0.23768,
    "usage": 4436,
    "rank": 342
  },
  "2023-06": {
    "name": "Glalie-Mega",
    "percent": 0.22511,
    "usage": 3785,
    "rank": 340
  },
  "2023-07": {
    "name": "Glalie-Mega",
    "percent": 0.31177,
    "usage": 5046,
    "rank": 302
  },
  "2023-08": {
    "name": "Glalie-Mega",
    "percent": 0.25078,
    "usage": 4614,
    "rank": 329
  },
  "2023-09": {
    "name": "Glalie-Mega",
    "percent": 0.2359,
    "usage": 4045,
    "rank": 355
  },
  "2023-09-DLC1": {
    "name": "Glalie-Mega",
    "percent": 0.19488,
    "usage": 1663,
    "rank": 376
  },
  "2023-10": {
    "name": "Glalie-Mega",
    "percent": 0.26055,
    "usage": 4108,
    "rank": 341
  },
  "2023-11": {
    "name": "Glalie-Mega",
    "percent": 0.28972,
    "usage": 3918,
    "rank": 327
  },
  "2023-12": {
    "name": "Glalie-Mega",
    "percent": 0.33642,
    "usage": 4302,
    "rank": 292
  },
  "2023-12-DLC2": {
    "name": "Glalie-Mega",
    "percent": 0.372,
    "usage": 2038,
    "rank": 266
  },
  "2024-01": {
    "name": "Glalie-Mega",
    "percent": 0.23163,
    "usage": 2859,
    "rank": 353
  },
  "2024-02": {
    "name": "Glalie-Mega",
    "percent": 0.30953,
    "usage": 4008,
    "rank": 292
  },
  "2024-03": {
    "name": "Glalie-Mega",
    "percent": 0.34098,
    "usage": 4589,
    "rank": 285
  },
  "2024-04": {
    "name": "Glalie-Mega",
    "percent": 0.31199,
    "usage": 3794,
    "rank": 304
  },
  "2024-05": {
    "name": "Glalie-Mega",
    "percent": 0.46344,
    "usage": 2772,
    "rank": 238
  },
  "2024-06": {
    "name": "Glalie-Mega",
    "percent": 0.35576,
    "usage": 4642,
    "rank": 258
  }
}