{
  "2022-11": {
    "name": "Tapu Bulu",
    "percent": 0.33856,
    "usage": 2001,
    "rank": 321
  },
  "2022-12": {
    "name": "Tapu Bulu",
    "percent": 0.37197,
    "usage": 4571,
    "rank": 301
  },
  "2023-01": {
    "name": "Tapu Bulu",
    "percent": 0.47722,
    "usage": 6480,
    "rank": 249
  },
  "2023-02": {
    "name": "Tapu Bulu",
    "percent": 0.51623,
    "usage": 8056,
    "rank": 230
  },
  "2023-03": {
    "name": "Tapu Bulu",
    "percent": 0.47939,
    "usage": 8455,
    "rank": 228
  },
  "2023-04": {
    "name": "Tapu Bulu",
    "percent": 0.44571,
    "usage": 7845,
    "rank": 239
  },
  "2023-05": {
    "name": "Tapu Bulu",
    "percent": 0.44696,
    "usage": 8342,
    "rank": 236
  },
  "2023-06": {
    "name": "Tapu Bulu",
    "percent": 0.45743,
    "usage": 7691,
    "rank": 234
  },
  "2023-07": {
    "name": "Tapu Bulu",
    "percent": 0.4304,
    "usage": 6966,
    "rank": 250
  },
  "2023-08": {
    "name": "Tapu Bulu",
    "percent": 1.04948,
    "usage": 19309,
    "rank": 130
  },
  "2023-09": {
    "name": "Tapu Bulu",
    "percent": 0.47962,
    "usage": 8224,
    "rank": 239
  },
  "2023-09-DLC1": {
    "name": "Tapu Bulu",
    "percent": 0.39375,
    "usage": 3360,
    "rank": 257
  },
  "2023-10": {
    "name": "Tapu Bulu",
    "percent": 0.49459,
    "usage": 7798,
    "rank": 239
  },
  "2023-11": {
    "name": "Tapu Bulu",
    "percent": 0.40803,
    "usage": 5518,
    "rank": 264
  },
  "2023-12": {
    "name": "Tapu Bulu",
    "percent": 0.49994,
    "usage": 6393,
    "rank": 231
  },
  "2023-12-DLC2": {
    "name": "Tapu Bulu",
    "percent": 0.43442,
    "usage": 2380,
    "rank": 244
  },
  "2024-01": {
    "name": "Tapu Bulu",
    "percent": 0.44681,
    "usage": 5515,
    "rank": 246
  },
  "2024-02": {
    "name": "Tapu Bulu",
    "percent": 0.51866,
    "usage": 6716,
    "rank": 215
  },
  "2024-03": {
    "name": "Tapu Bulu",
    "percent": 0.49806,
    "usage": 6703,
    "rank": 225
  },
  "2024-04": {
    "name": "Tapu Bulu",
    "percent": 0.62168,
    "usage": 7560,
    "rank": 200
  },
  "2024-05": {
    "name": "Tapu Bulu",
    "percent": 0.5671,
    "usage": 3392,
    "rank": 209
  },
  "2024-06": {
    "name": "Tapu Bulu",
    "percent": 0.74111,
    "usage": 9670,
    "rank": 166
  }
}