{
  "2022-11": {
    "name": "Ralts",
    "percent": 0.0261,
    "usage": 151,
    "rank": 300
  },
  "2022-12": {
    "name": "Ralts",
    "percent": 0.03479,
    "usage": 380,
    "rank": 286
  },
  "2023-01": {
    "name": "Ralts",
    "percent": 0.05289,
    "usage": 427,
    "rank": 274
  },
  "2023-02": {
    "name": "Ralts",
    "percent": 0.03496,
    "usage": 203,
    "rank": 298
  },
  "2023-03": {
    "name": "Ralts",
    "percent": 0.04662,
    "usage": 259,
    "rank": 292
  },
  "2023-04": {
    "name": "Ralts",
    "percent": 0.02668,
    "usage": 126,
    "rank": 312
  },
  "2023-05": {
    "name": "Ralts",
    "percent": 0.04253,
    "usage": 198,
    "rank": 349
  },
  "2023-06": {
    "name": "Ralts",
    "percent": 0.02197,
    "usage": 104,
    "rank": 418
  },
  "2023-07": {
    "name": "Ralts",
    "percent": 0.02414,
    "usage": 111,
    "rank": 418
  },
  "2023-08": {
    "name": "Ralts",
    "percent": 0.03043,
    "usage": 146,
    "rank": 404
  },
  "2023-09": {
    "name": "Ralts",
    "percent": 0.04925,
    "usage": 279,
    "rank": 431
  },
  "2023-09-DLC1": {
    "name": "Ralts",
    "percent": 0.02587,
    "usage": 84,
    "rank": 480
  },
  "2023-10": {
    "name": "Ralts",
    "percent": 0.01214,
    "usage": 75,
    "rank": 552
  },
  "2023-11": {
    "name": "Ralts",
    "percent": 0.01936,
    "usage": 96,
    "rank": 521
  },
  "2023-12": {
    "name": "Ralts",
    "percent": 0.023,
    "usage": 99,
    "rank": 585
  },
  "2023-12-DLC2": {
    "name": "Ralts",
    "percent": 0.00902,
    "usage": 18,
    "rank": 654
  },
  "2024-01": {
    "name": "Ralts",
    "percent": 0.03051,
    "usage": 150,
    "rank": 566
  },
  "2024-02": {
    "name": "Ralts",
    "percent": 0.05422,
    "usage": 248,
    "rank": 520
  },
  "2024-03": {
    "name": "Ralts",
    "percent": 0.01873,
    "usage": 89,
    "rank": 612
  },
  "2024-04": {
    "name": "Ralts",
    "percent": 0.01627,
    "usage": 73,
    "rank": 606
  },
  "2024-05": {
    "name": "Ralts",
    "percent": 0.00707,
    "usage": 15,
    "rank": 671
  },
  "2024-06": {
    "name": "Ralts",
    "percent": 0.03506,
    "usage": 128,
    "rank": 552
  }
}