{
  "2022-11": {
    "name": "Greedent",
    "percent": 0.01508,
    "usage": 1015,
    "rank": 220
  },
  "2022-12": {
    "name": "Greedent",
    "percent": 0.00594,
    "usage": 2176,
    "rank": 255
  },
  "2023-01": {
    "name": "Greedent",
    "percent": 0.03609,
    "usage": 1678,
    "rank": 230
  },
  "2023-02": {
    "name": "Greedent",
    "percent": 0.01612,
    "usage": 1087,
    "rank": 261
  },
  "2023-03": {
    "name": "Greedent",
    "percent": 0.03822,
    "usage": 897,
    "rank": 226
  },
  "2023-04": {
    "name": "Greedent",
    "percent": 0.02892,
    "usage": 805,
    "rank": 247
  },
  "2023-05": {
    "name": "Greedent",
    "percent": 0.05528,
    "usage": 1073,
    "rank": 277
  },
  "2023-06": {
    "name": "Greedent",
    "percent": 0.03823,
    "usage": 786,
    "rank": 304
  },
  "2023-07": {
    "name": "Greedent",
    "percent": 0.01747,
    "usage": 689,
    "rank": 344
  },
  "2023-08": {
    "name": "Greedent",
    "percent": 0.01686,
    "usage": 769,
    "rank": 344
  },
  "2023-09": {
    "name": "Greedent",
    "percent": 0.03493,
    "usage": 848,
    "rank": 367
  },
  "2023-09-DLC1": {
    "name": "Greedent",
    "percent": 0.04272,
    "usage": 482,
    "rank": 349
  },
  "2023-10": {
    "name": "Greedent",
    "percent": 0.0114,
    "usage": 663,
    "rank": 415
  },
  "2023-11": {
    "name": "Greedent",
    "percent": 0.01402,
    "usage": 410,
    "rank": 403
  },
  "2023-12": {
    "name": "Greedent",
    "percent": 0.01449,
    "usage": 343,
    "rank": 464
  },
  "2023-12-DLC2": {
    "name": "Greedent",
    "percent": 0.00817,
    "usage": 108,
    "rank": 493
  },
  "2024-01": {
    "name": "Greedent",
    "percent": 0.0054,
    "usage": 267,
    "rank": 529
  },
  "2024-02": {
    "name": "Greedent",
    "percent": 0.01239,
    "usage": 442,
    "rank": 476
  },
  "2024-03": {
    "name": "Greedent",
    "percent": 0.00495,
    "usage": 253,
    "rank": 548
  },
  "2024-04": {
    "name": "Greedent",
    "percent": 0.01653,
    "usage": 435,
    "rank": 447
  },
  "2024-05": {
    "name": "Greedent",
    "percent": 0.00809,
    "usage": 210,
    "rank": 494
  },
  "2024-06": {
    "name": "Greedent",
    "percent": 0.00665,
    "usage": 447,
    "rank": 505
  }
}