{
  "2022-11": {
    "name": "Xurkitree",
    "percent": 0.32283,
    "usage": 5030,
    "rank": 192
  },
  "2022-12": {
    "name": "Xurkitree",
    "percent": 0.07077,
    "usage": 10531,
    "rank": 237
  },
  "2023-01": {
    "name": "Xurkitree",
    "percent": 1.21469,
    "usage": 17423,
    "rank": 95
  },
  "2023-02": {
    "name": "Xurkitree",
    "percent": 0.84524,
    "usage": 28844,
    "rank": 112
  },
  "2023-03": {
    "name": "Xurkitree",
    "percent": 1.22787,
    "usage": 35910,
    "rank": 92
  },
  "2023-04": {
    "name": "Xurkitree",
    "percent": 1.37017,
    "usage": 33896,
    "rank": 89
  },
  "2023-05": {
    "name": "Xurkitree",
    "percent": 1.54804,
    "usage": 35186,
    "rank": 77
  },
  "2023-06": {
    "name": "Xurkitree",
    "percent": 0.87491,
    "usage": 25295,
    "rank": 107
  },
  "2023-07": {
    "name": "Xurkitree",
    "percent": 0.94425,
    "usage": 28121,
    "rank": 98
  },
  "2023-08": {
    "name": "Xurkitree",
    "percent": 0.69225,
    "usage": 29828,
    "rank": 110
  },
  "2023-09": {
    "name": "Xurkitree",
    "percent": 0.40338,
    "usage": 27583,
    "rank": 144
  },
  "2023-09-DLC1": {
    "name": "Xurkitree",
    "percent": 0.4147,
    "usage": 13451,
    "rank": 146
  },
  "2023-10": {
    "name": "Xurkitree",
    "percent": 0.42578,
    "usage": 28484,
    "rank": 140
  },
  "2023-11": {
    "name": "Xurkitree",
    "percent": 0.48919,
    "usage": 28479,
    "rank": 146
  },
  "2023-12": {
    "name": "Xurkitree",
    "percent": 0.35725,
    "usage": 20574,
    "rank": 154
  },
  "2023-12-DLC2": {
    "name": "Xurkitree",
    "percent": 0.35629,
    "usage": 6849,
    "rank": 144
  },
  "2024-01": {
    "name": "Xurkitree",
    "percent": 0.40764,
    "usage": 18069,
    "rank": 147
  },
  "2024-02": {
    "name": "Xurkitree",
    "percent": 0.61029,
    "usage": 19394,
    "rank": 128
  },
  "2024-03": {
    "name": "Xurkitree",
    "percent": 1.01026,
    "usage": 24561,
    "rank": 111
  },
  "2024-04": {
    "name": "Xurkitree",
    "percent": 0.46685,
    "usage": 20003,
    "rank": 131
  },
  "2024-05": {
    "name": "Xurkitree",
    "percent": 0.38261,
    "usage": 9408,
    "rank": 139
  },
  "2024-06": {
    "name": "Xurkitree",
    "percent": 0.2889,
    "usage": 17189,
    "rank": 158
  }
}