{
  "2023-09": {
    "name": "Okidogi",
    "percent": 1.00549,
    "usage": 17241,
    "rank": 140
  },
  "2023-09-DLC1": {
    "name": "Okidogi",
    "percent": 1.64615,
    "usage": 14047,
    "rank": 93
  },
  "2023-10": {
    "name": "Okidogi",
    "percent": 0.58624,
    "usage": 9243,
    "rank": 210
  },
  "2023-11": {
    "name": "Okidogi",
    "percent": 0.48213,
    "usage": 6520,
    "rank": 243
  },
  "2023-12": {
    "name": "Okidogi",
    "percent": 0.36543,
    "usage": 4673,
    "rank": 280
  },
  "2023-12-DLC2": {
    "name": "Okidogi",
    "percent": 0.25244,
    "usage": 1383,
    "rank": 332
  },
  "2024-01": {
    "name": "Okidogi",
    "percent": 0.30422,
    "usage": 3755,
    "rank": 297
  },
  "2024-02": {
    "name": "Okidogi",
    "percent": 0.19462,
    "usage": 2520,
    "rank": 372
  },
  "2024-03": {
    "name": "Okidogi",
    "percent": 0.14831,
    "usage": 1996,
    "rank": 436
  },
  "2024-04": {
    "name": "Okidogi",
    "percent": 0.15846,
    "usage": 1927,
    "rank": 433
  },
  "2024-05": {
    "name": "Okidogi",
    "percent": 0.09379,
    "usage": 561,
    "rank": 516
  },
  "2024-06": {
    "name": "Okidogi",
    "percent": 0.1624,
    "usage": 2119,
    "rank": 387
  }
}