{
  "2022-11": {
    "name": "Nihilego",
    "percent": 0.69471,
    "usage": 4106,
    "rank": 212
  },
  "2022-12": {
    "name": "Nihilego",
    "percent": 0.69104,
    "usage": 8492,
    "rank": 198
  },
  "2023-01": {
    "name": "Nihilego",
    "percent": 0.61111,
    "usage": 8298,
    "rank": 210
  },
  "2023-02": {
    "name": "Nihilego",
    "percent": 0.73794,
    "usage": 11516,
    "rank": 180
  },
  "2023-03": {
    "name": "Nihilego",
    "percent": 0.70007,
    "usage": 12347,
    "rank": 188
  },
  "2023-04": {
    "name": "Nihilego",
    "percent": 0.67633,
    "usage": 11904,
    "rank": 186
  },
  "2023-05": {
    "name": "Nihilego",
    "percent": 0.69659,
    "usage": 13001,
    "rank": 174
  },
  "2023-06": {
    "name": "Nihilego",
    "percent": 0.61087,
    "usage": 10271,
    "rank": 196
  },
  "2023-07": {
    "name": "Nihilego",
    "percent": 0.96992,
    "usage": 15698,
    "rank": 135
  },
  "2023-08": {
    "name": "Nihilego",
    "percent": 0.7168,
    "usage": 13188,
    "rank": 166
  },
  "2023-09": {
    "name": "Nihilego",
    "percent": 0.64881,
    "usage": 11125,
    "rank": 194
  },
  "2023-09-DLC1": {
    "name": "Nihilego",
    "percent": 0.60493,
    "usage": 5162,
    "rank": 199
  },
  "2023-10": {
    "name": "Nihilego",
    "percent": 0.78844,
    "usage": 12431,
    "rank": 164
  },
  "2023-11": {
    "name": "Nihilego",
    "percent": 0.9701,
    "usage": 13119,
    "rank": 143
  },
  "2023-12": {
    "name": "Nihilego",
    "percent": 0.72602,
    "usage": 9284,
    "rank": 185
  },
  "2023-12-DLC2": {
    "name": "Nihilego",
    "percent": 0.59231,
    "usage": 3245,
    "rank": 202
  },
  "2024-01": {
    "name": "Nihilego",
    "percent": 0.65478,
    "usage": 8082,
    "rank": 196
  },
  "2024-02": {
    "name": "Nihilego",
    "percent": 0.79684,
    "usage": 10318,
    "rank": 161
  },
  "2024-03": {
    "name": "Nihilego",
    "percent": 0.68694,
    "usage": 9245,
    "rank": 186
  },
  "2024-04": {
    "name": "Nihilego",
    "percent": 0.66107,
    "usage": 8039,
    "rank": 194
  },
  "2024-05": {
    "name": "Nihilego",
    "percent": 0.69633,
    "usage": 4165,
    "rank": 174
  },
  "2024-06": {
    "name": "Nihilego",
    "percent": 0.65213,
    "usage": 8509,
    "rank": 175
  }
}