{
  "2023-05": {
    "name": "Basculegion",
    "percent": 2.91327,
    "usage": 4277,
    "rank": 45
  },
  "2023-06": {
    "name": "Basculegion",
    "percent": 12.34103,
    "usage": 33070,
    "rank": 12
  },
  "2023-07": {
    "name": "Basculegion",
    "percent": 14.66632,
    "usage": 25389,
    "rank": 10
  },
  "2023-08": {
    "name": "Basculegion",
    "percent": 10.35165,
    "usage": 17763,
    "rank": 17
  },
  "2023-09": {
    "name": "Basculegion",
    "percent": 7.34275,
    "usage": 12857,
    "rank": 22
  },
  "2023-09-DLC1": {
    "name": "Basculegion",
    "percent": 5.86306,
    "usage": 5869,
    "rank": 27
  },
  "2023-10": {
    "name": "Basculegion",
    "percent": 7.08811,
    "usage": 15020,
    "rank": 22
  },
  "2023-11": {
    "name": "Basculegion",
    "percent": 6.54312,
    "usage": 13613,
    "rank": 23
  },
  "2023-12": {
    "name": "Basculegion",
    "percent": 4.74419,
    "usage": 12635,
    "rank": 35
  },
  "2023-12-DLC2": {
    "name": "Basculegion",
    "percent": 4.18139,
    "usage": 5668,
    "rank": 34
  },
  "2024-01": {
    "name": "Basculegion",
    "percent": 5.24222,
    "usage": 16489,
    "rank": 29
  },
  "2024-02": {
    "name": "Basculegion",
    "percent": 9.7577,
    "usage": 25643,
    "rank": 12
  },
  "2024-03": {
    "name": "Basculegion",
    "percent": 17.01623,
    "usage": 49103,
    "rank": 8
  },
  "2024-04": {
    "name": "Basculegion",
    "percent": 0.59466,
    "usage": 1940,
    "rank": 118
  },
  "2024-05": {
    "name": "Basculegion",
    "percent": 0.30533,
    "usage": 668,
    "rank": 170
  },
  "2024-06": {
    "name": "Basculegion",
    "percent": 0.22247,
    "usage": 876,
    "rank": 210
  }
}