{
  "2023-12": {
    "name": "Rampardos",
    "percent": 0.27504,
    "usage": 1184,
    "rank": 358
  },
  "2023-12-DLC2": {
    "name": "Rampardos",
    "percent": 0.51741,
    "usage": 1032,
    "rank": 241
  },
  "2024-01": {
    "name": "Rampardos",
    "percent": 0.33579,
    "usage": 1651,
    "rank": 313
  },
  "2024-02": {
    "name": "Rampardos",
    "percent": 0.24663,
    "usage": 1128,
    "rank": 368
  },
  "2024-03": {
    "name": "Rampardos",
    "percent": 0.27082,
    "usage": 1287,
    "rank": 357
  },
  "2024-04": {
    "name": "Rampardos",
    "percent": 0.25433,
    "usage": 1141,
    "rank": 369
  },
  "2024-05": {
    "name": "Rampardos",
    "percent": 0.20312,
    "usage": 431,
    "rank": 390
  },
  "2024-06": {
    "name": "Rampardos",
    "percent": 0.20022,
    "usage": 731,
    "rank": 386
  }
}