{
  "2023-12": {
    "name": "Rampardos",
    "percent": 0.00425,
    "usage": 1184,
    "rank": 429
  },
  "2023-12-DLC2": {
    "name": "Rampardos",
    "percent": 0.00774,
    "usage": 1032,
    "rank": 376
  },
  "2024-01": {
    "name": "Rampardos",
    "percent": 0.00756,
    "usage": 1651,
    "rank": 393
  },
  "2024-02": {
    "name": "Rampardos",
    "percent": 0.01461,
    "usage": 1128,
    "rank": 326
  },
  "2024-03": {
    "name": "Rampardos",
    "percent": 0.0807,
    "usage": 1287,
    "rank": 187
  },
  "2024-04": {
    "name": "Rampardos",
    "percent": 0.01126,
    "usage": 1141,
    "rank": 335
  },
  "2024-05": {
    "name": "Rampardos",
    "percent": 0.03329,
    "usage": 431,
    "rank": 217
  },
  "2024-06": {
    "name": "Rampardos",
    "percent": 0.01262,
    "usage": 731,
    "rank": 308
  }
}