{
  "2022-11": {
    "name": "Surskit",
    "percent": 0.02939,
    "usage": 180,
    "rank": 290
  },
  "2022-12": {
    "name": "Surskit",
    "percent": 0.02949,
    "usage": 351,
    "rank": 288
  },
  "2023-01": {
    "name": "Surskit",
    "percent": 0.02651,
    "usage": 248,
    "rank": 297
  },
  "2023-02": {
    "name": "Surskit",
    "percent": 0.05884,
    "usage": 365,
    "rank": 271
  },
  "2023-03": {
    "name": "Surskit",
    "percent": 0.07012,
    "usage": 424,
    "rank": 263
  },
  "2023-04": {
    "name": "Surskit",
    "percent": 0.01541,
    "usage": 209,
    "rank": 304
  },
  "2023-05": {
    "name": "Surskit",
    "percent": 0.01923,
    "usage": 143,
    "rank": 381
  },
  "2023-06": {
    "name": "Surskit",
    "percent": 0.03063,
    "usage": 353,
    "rank": 369
  },
  "2023-07": {
    "name": "Surskit",
    "percent": 0.03392,
    "usage": 439,
    "rank": 368
  },
  "2023-08": {
    "name": "Surskit",
    "percent": 0.03499,
    "usage": 370,
    "rank": 369
  },
  "2023-09": {
    "name": "Surskit",
    "percent": 0.01192,
    "usage": 193,
    "rank": 481
  },
  "2023-09-DLC1": {
    "name": "Surskit",
    "percent": 0.01269,
    "usage": 126,
    "rank": 476
  },
  "2023-10": {
    "name": "Surskit",
    "percent": 0.00936,
    "usage": 61,
    "rank": 497
  },
  "2023-11": {
    "name": "Surskit",
    "percent": 0.01221,
    "usage": 76,
    "rank": 486
  },
  "2023-12": {
    "name": "Surskit",
    "percent": 0.01379,
    "usage": 110,
    "rank": 565
  },
  "2023-12-DLC2": {
    "name": "Surskit",
    "percent": 0.00734,
    "usage": 32,
    "rank": 603
  },
  "2024-01": {
    "name": "Surskit",
    "percent": 0.00485,
    "usage": 78,
    "rank": 657
  },
  "2024-02": {
    "name": "Surskit",
    "percent": 0.01238,
    "usage": 189,
    "rank": 580
  },
  "2024-03": {
    "name": "Surskit",
    "percent": 0.00074,
    "usage": 79,
    "rank": 788
  },
  "2024-04": {
    "name": "Surskit",
    "percent": 0.00222,
    "usage": 32,
    "rank": 714
  },
  "2024-05": {
    "name": "Surskit",
    "percent": 0.00381,
    "usage": 13,
    "rank": 652
  },
  "2024-06": {
    "name": "Surskit",
    "percent": 0.00552,
    "usage": 94,
    "rank": 625
  }
}