{
  "2022-11": {
    "name": "Breloom",
    "percent": 2.36759,
    "usage": 14117,
    "rank": 70
  },
  "2022-12": {
    "name": "Breloom",
    "percent": 2.65855,
    "usage": 33219,
    "rank": 55
  },
  "2023-01": {
    "name": "Breloom",
    "percent": 2.2226,
    "usage": 31140,
    "rank": 69
  },
  "2023-02": {
    "name": "Breloom",
    "percent": 2.04784,
    "usage": 34075,
    "rank": 71
  },
  "2023-03": {
    "name": "Breloom",
    "percent": 1.58252,
    "usage": 31420,
    "rank": 88
  },
  "2023-04": {
    "name": "Breloom",
    "percent": 1.26833,
    "usage": 29224,
    "rank": 102
  },
  "2023-05": {
    "name": "Breloom",
    "percent": 1.33966,
    "usage": 32525,
    "rank": 94
  },
  "2023-06": {
    "name": "Breloom",
    "percent": 0.9055,
    "usage": 21822,
    "rank": 128
  },
  "2023-07": {
    "name": "Breloom",
    "percent": 0.84123,
    "usage": 19953,
    "rank": 131
  },
  "2023-08": {
    "name": "Breloom",
    "percent": 0.8934,
    "usage": 23130,
    "rank": 127
  },
  "2023-09": {
    "name": "Breloom",
    "percent": 0.80604,
    "usage": 20079,
    "rank": 144
  },
  "2023-09-DLC1": {
    "name": "Breloom",
    "percent": 0.76821,
    "usage": 9668,
    "rank": 138
  },
  "2023-10": {
    "name": "Breloom",
    "percent": 0.82959,
    "usage": 19049,
    "rank": 136
  },
  "2023-11": {
    "name": "Breloom",
    "percent": 1.02697,
    "usage": 17721,
    "rank": 122
  },
  "2023-12": {
    "name": "Breloom",
    "percent": 0.99049,
    "usage": 17547,
    "rank": 130
  },
  "2023-12-DLC2": {
    "name": "Breloom",
    "percent": 0.85793,
    "usage": 7475,
    "rank": 132
  },
  "2024-01": {
    "name": "Breloom",
    "percent": 0.92502,
    "usage": 16908,
    "rank": 127
  },
  "2024-02": {
    "name": "Breloom",
    "percent": 0.59052,
    "usage": 13139,
    "rank": 158
  },
  "2024-03": {
    "name": "Breloom",
    "percent": 0.7268,
    "usage": 16391,
    "rank": 148
  },
  "2024-04": {
    "name": "Breloom",
    "percent": 0.65284,
    "usage": 14236,
    "rank": 156
  },
  "2024-05": {
    "name": "Breloom",
    "percent": 0.666,
    "usage": 6534,
    "rank": 154
  },
  "2024-06": {
    "name": "Breloom",
    "percent": 0.53395,
    "usage": 12741,
    "rank": 163
  }
}