{
  "2022-11": {
    "name": "Hariyama",
    "percent": 0.15857,
    "usage": 1004,
    "rank": 433
  },
  "2022-12": {
    "name": "Hariyama",
    "percent": 0.24924,
    "usage": 3210,
    "rank": 372
  },
  "2023-01": {
    "name": "Hariyama",
    "percent": 0.26197,
    "usage": 3744,
    "rank": 337
  },
  "2023-02": {
    "name": "Hariyama",
    "percent": 0.20173,
    "usage": 3463,
    "rank": 380
  },
  "2023-03": {
    "name": "Hariyama",
    "percent": 0.16355,
    "usage": 3502,
    "rank": 388
  },
  "2023-04": {
    "name": "Hariyama",
    "percent": 0.08626,
    "usage": 3327,
    "rank": 424
  },
  "2023-05": {
    "name": "Hariyama",
    "percent": 0.10749,
    "usage": 3669,
    "rank": 389
  },
  "2023-06": {
    "name": "Hariyama",
    "percent": 0.07771,
    "usage": 2634,
    "rank": 410
  },
  "2023-07": {
    "name": "Hariyama",
    "percent": 0.11407,
    "usage": 3111,
    "rank": 364
  },
  "2023-08": {
    "name": "Hariyama",
    "percent": 0.08893,
    "usage": 2906,
    "rank": 393
  },
  "2023-09": {
    "name": "Hariyama",
    "percent": 0.07364,
    "usage": 2219,
    "rank": 423
  },
  "2023-09-DLC1": {
    "name": "Hariyama",
    "percent": 0.07762,
    "usage": 1202,
    "rank": 411
  },
  "2023-10": {
    "name": "Hariyama",
    "percent": 0.09822,
    "usage": 2854,
    "rank": 391
  },
  "2023-11": {
    "name": "Hariyama",
    "percent": 0.08176,
    "usage": 2127,
    "rank": 431
  },
  "2023-12": {
    "name": "Hariyama",
    "percent": 0.08504,
    "usage": 1707,
    "rank": 412
  },
  "2023-12-DLC2": {
    "name": "Hariyama",
    "percent": 0.07281,
    "usage": 587,
    "rank": 423
  },
  "2024-01": {
    "name": "Hariyama",
    "percent": 0.0887,
    "usage": 1940,
    "rank": 381
  },
  "2024-02": {
    "name": "Hariyama",
    "percent": 0.05392,
    "usage": 1820,
    "rank": 457
  },
  "2024-03": {
    "name": "Hariyama",
    "percent": 0.05498,
    "usage": 1694,
    "rank": 465
  },
  "2024-04": {
    "name": "Hariyama",
    "percent": 0.0465,
    "usage": 1877,
    "rank": 481
  },
  "2024-05": {
    "name": "Hariyama",
    "percent": 0.04788,
    "usage": 756,
    "rank": 467
  },
  "2024-06": {
    "name": "Hariyama",
    "percent": 0.0775,
    "usage": 2190,
    "rank": 375
  }
}