{
  "2023-12": {
    "name": "Blastoise",
    "percent": 0.1932,
    "usage": 59990,
    "rank": 142
  },
  "2023-12-DLC2": {
    "name": "Blastoise",
    "percent": 0.17196,
    "usage": 49939,
    "rank": 135
  },
  "2024-01": {
    "name": "Blastoise",
    "percent": 0.25314,
    "usage": 51776,
    "rank": 115
  },
  "2024-02": {
    "name": "Blastoise",
    "percent": 0.07408,
    "usage": 32130,
    "rank": 147
  },
  "2024-03": {
    "name": "Blastoise",
    "percent": 0.09077,
    "usage": 29663,
    "rank": 135
  },
  "2024-04": {
    "name": "Blastoise",
    "percent": 0.04434,
    "usage": 22718,
    "rank": 167
  },
  "2024-05": {
    "name": "Blastoise",
    "percent": 0.0999,
    "usage": 12653,
    "rank": 132
  },
  "2024-06": {
    "name": "Blastoise",
    "percent": 0.03731,
    "usage": 21734,
    "rank": 173
  }
}