{
  "2023-05": {
    "name": "Urshifu",
    "percent": 0.13187,
    "usage": 574,
    "rank": 216
  },
  "2023-06": {
    "name": "Urshifu",
    "percent": 3.70697,
    "usage": 12027,
    "rank": 34
  },
  "2023-07": {
    "name": "Urshifu",
    "percent": 2.57743,
    "usage": 9680,
    "rank": 51
  },
  "2023-08": {
    "name": "Urshifu",
    "percent": 2.57809,
    "usage": 10108,
    "rank": 49
  },
  "2023-09": {
    "name": "Urshifu",
    "percent": 2.32278,
    "usage": 10839,
    "rank": 58
  },
  "2023-09-DLC1": {
    "name": "Urshifu",
    "percent": 1.90483,
    "usage": 5474,
    "rank": 73
  },
  "2023-10": {
    "name": "Urshifu",
    "percent": 1.77019,
    "usage": 10222,
    "rank": 75
  },
  "2023-11": {
    "name": "Urshifu",
    "percent": 1.97006,
    "usage": 8367,
    "rank": 63
  },
  "2023-12": {
    "name": "Urshifu",
    "percent": 1.31311,
    "usage": 6752,
    "rank": 86
  },
  "2023-12-DLC2": {
    "name": "Urshifu",
    "percent": 1.12488,
    "usage": 3123,
    "rank": 108
  },
  "2024-01": {
    "name": "Urshifu",
    "percent": 1.72091,
    "usage": 9043,
    "rank": 72
  },
  "2024-02": {
    "name": "Urshifu",
    "percent": 1.62403,
    "usage": 8115,
    "rank": 70
  },
  "2024-03": {
    "name": "Urshifu",
    "percent": 1.31515,
    "usage": 7452,
    "rank": 83
  },
  "2024-04": {
    "name": "Urshifu",
    "percent": 1.60961,
    "usage": 7484,
    "rank": 68
  },
  "2024-05": {
    "name": "Urshifu",
    "percent": 1.10859,
    "usage": 3037,
    "rank": 84
  },
  "2024-06": {
    "name": "Urshifu",
    "percent": 1.36936,
    "usage": 5826,
    "rank": 73
  }
}