{
  "2022-11": {
    "name": "Farigiraf",
    "percent": 0.9454,
    "usage": 12337,
    "rank": 93
  },
  "2022-12": {
    "name": "Farigiraf",
    "percent": 0.35118,
    "usage": 15885,
    "rank": 128
  },
  "2023-01": {
    "name": "Farigiraf",
    "percent": 0.21211,
    "usage": 7613,
    "rank": 150
  },
  "2023-02": {
    "name": "Farigiraf",
    "percent": 0.33556,
    "usage": 6077,
    "rank": 135
  },
  "2023-03": {
    "name": "Farigiraf",
    "percent": 0.62441,
    "usage": 5530,
    "rank": 106
  },
  "2023-04": {
    "name": "Farigiraf",
    "percent": 0.58132,
    "usage": 4059,
    "rank": 108
  },
  "2023-05": {
    "name": "Farigiraf",
    "percent": 0.37128,
    "usage": 3518,
    "rank": 148
  },
  "2023-06": {
    "name": "Farigiraf",
    "percent": 0.19262,
    "usage": 2466,
    "rank": 201
  },
  "2023-07": {
    "name": "Farigiraf",
    "percent": 0.12619,
    "usage": 3069,
    "rank": 230
  },
  "2023-08": {
    "name": "Farigiraf",
    "percent": 0.13061,
    "usage": 3096,
    "rank": 235
  },
  "2023-09": {
    "name": "Farigiraf",
    "percent": 0.14496,
    "usage": 2801,
    "rank": 260
  },
  "2023-09-DLC1": {
    "name": "Farigiraf",
    "percent": 0.16089,
    "usage": 1442,
    "rank": 253
  },
  "2023-10": {
    "name": "Farigiraf",
    "percent": 0.17429,
    "usage": 3354,
    "rank": 238
  },
  "2023-11": {
    "name": "Farigiraf",
    "percent": 0.2594,
    "usage": 3140,
    "rank": 194
  },
  "2023-12": {
    "name": "Farigiraf",
    "percent": 0.25829,
    "usage": 1353,
    "rank": 204
  },
  "2023-12-DLC2": {
    "name": "Farigiraf",
    "percent": 0.19705,
    "usage": 398,
    "rank": 246
  },
  "2024-01": {
    "name": "Farigiraf",
    "percent": 0.19252,
    "usage": 2041,
    "rank": 242
  },
  "2024-02": {
    "name": "Farigiraf",
    "percent": 0.06748,
    "usage": 1576,
    "rank": 341
  },
  "2024-03": {
    "name": "Farigiraf",
    "percent": 0.1297,
    "usage": 1975,
    "rank": 281
  },
  "2024-04": {
    "name": "Farigiraf",
    "percent": 0.13598,
    "usage": 1888,
    "rank": 254
  },
  "2024-05": {
    "name": "Farigiraf",
    "percent": 0.10946,
    "usage": 1017,
    "rank": 271
  },
  "2024-06": {
    "name": "Farigiraf",
    "percent": 0.07497,
    "usage": 1251,
    "rank": 309
  }
}