{
  "2023-05": {
    "name": "Overqwil",
    "percent": 0.13957,
    "usage": 2605,
    "rank": 455
  },
  "2023-06": {
    "name": "Overqwil",
    "percent": 1.35479,
    "usage": 22779,
    "rank": 106
  },
  "2023-07": {
    "name": "Overqwil",
    "percent": 0.7929,
    "usage": 12833,
    "rank": 163
  },
  "2023-08": {
    "name": "Overqwil",
    "percent": 0.4571,
    "usage": 8410,
    "rank": 235
  },
  "2023-09": {
    "name": "Overqwil",
    "percent": 0.306,
    "usage": 5247,
    "rank": 307
  },
  "2023-09-DLC1": {
    "name": "Overqwil",
    "percent": 0.25371,
    "usage": 2165,
    "rank": 335
  },
  "2023-10": {
    "name": "Overqwil",
    "percent": 0.30761,
    "usage": 4850,
    "rank": 316
  },
  "2023-11": {
    "name": "Overqwil",
    "percent": 0.30407,
    "usage": 4112,
    "rank": 317
  },
  "2023-12": {
    "name": "Overqwil",
    "percent": 0.36019,
    "usage": 4606,
    "rank": 281
  },
  "2023-12-DLC2": {
    "name": "Overqwil",
    "percent": 0.42694,
    "usage": 2339,
    "rank": 250
  },
  "2024-01": {
    "name": "Overqwil",
    "percent": 0.30179,
    "usage": 3725,
    "rank": 299
  },
  "2024-02": {
    "name": "Overqwil",
    "percent": 0.32042,
    "usage": 4149,
    "rank": 283
  },
  "2024-03": {
    "name": "Overqwil",
    "percent": 0.29254,
    "usage": 3937,
    "rank": 313
  },
  "2024-04": {
    "name": "Overqwil",
    "percent": 0.30443,
    "usage": 3702,
    "rank": 307
  },
  "2024-05": {
    "name": "Overqwil",
    "percent": 0.28204,
    "usage": 1687,
    "rank": 313
  },
  "2024-06": {
    "name": "Overqwil",
    "percent": 0.2526,
    "usage": 3296,
    "rank": 314
  }
}