{
  "2023-05": {
    "name": "Overqwil",
    "percent": 0.1259,
    "usage": 2605,
    "rank": 355
  },
  "2023-06": {
    "name": "Overqwil",
    "percent": 1.09634,
    "usage": 22779,
    "rank": 113
  },
  "2023-07": {
    "name": "Overqwil",
    "percent": 0.74896,
    "usage": 12833,
    "rank": 142
  },
  "2023-08": {
    "name": "Overqwil",
    "percent": 0.41034,
    "usage": 8410,
    "rank": 203
  },
  "2023-09": {
    "name": "Overqwil",
    "percent": 0.22101,
    "usage": 5247,
    "rank": 268
  },
  "2023-09-DLC1": {
    "name": "Overqwil",
    "percent": 0.20839,
    "usage": 2165,
    "rank": 273
  },
  "2023-10": {
    "name": "Overqwil",
    "percent": 0.22586,
    "usage": 4850,
    "rank": 278
  },
  "2023-11": {
    "name": "Overqwil",
    "percent": 0.20586,
    "usage": 4112,
    "rank": 296
  },
  "2023-12": {
    "name": "Overqwil",
    "percent": 0.23199,
    "usage": 4606,
    "rank": 281
  },
  "2023-12-DLC2": {
    "name": "Overqwil",
    "percent": 0.29116,
    "usage": 2339,
    "rank": 241
  },
  "2024-01": {
    "name": "Overqwil",
    "percent": 0.15654,
    "usage": 3725,
    "rank": 304
  },
  "2024-02": {
    "name": "Overqwil",
    "percent": 0.21634,
    "usage": 4149,
    "rank": 262
  },
  "2024-03": {
    "name": "Overqwil",
    "percent": 0.19916,
    "usage": 3937,
    "rank": 281
  },
  "2024-04": {
    "name": "Overqwil",
    "percent": 0.22601,
    "usage": 3702,
    "rank": 257
  },
  "2024-05": {
    "name": "Overqwil",
    "percent": 0.16189,
    "usage": 1687,
    "rank": 288
  },
  "2024-06": {
    "name": "Overqwil",
    "percent": 0.145,
    "usage": 3296,
    "rank": 294
  }
}