{
  "2023-05": {
    "name": "Sneasler",
    "percent": 0.59784,
    "usage": 11158,
    "rank": 198
  },
  "2023-06": {
    "name": "Sneasler",
    "percent": 11.25936,
    "usage": 189311,
    "rank": 5
  },
  "2023-07": {
    "name": "Sneasler",
    "percent": 8.6732,
    "usage": 140375,
    "rank": 10
  },
  "2023-08": {
    "name": "Sneasler",
    "percent": 7.71528,
    "usage": 141950,
    "rank": 13
  },
  "2023-09": {
    "name": "Sneasler",
    "percent": 8.27227,
    "usage": 141843,
    "rank": 8
  },
  "2023-09-DLC1": {
    "name": "Sneasler",
    "percent": 8.13442,
    "usage": 69413,
    "rank": 11
  },
  "2023-10": {
    "name": "Sneasler",
    "percent": 6.93141,
    "usage": 109285,
    "rank": 18
  },
  "2023-11": {
    "name": "Sneasler",
    "percent": 8.67749,
    "usage": 117349,
    "rank": 4
  },
  "2023-12": {
    "name": "Sneasler",
    "percent": 1.24911,
    "usage": 15973,
    "rank": 119
  }
}