{
  "2022-11": {
    "name": "Vaporeon",
    "percent": 0.1206,
    "usage": 354,
    "rank": 166
  },
  "2022-12": {
    "name": "Vaporeon",
    "percent": 0.1716,
    "usage": 746,
    "rank": 162
  },
  "2023-01": {
    "name": "Vaporeon",
    "percent": 0.38002,
    "usage": 1160,
    "rank": 131
  },
  "2023-02": {
    "name": "Vaporeon",
    "percent": 0.31071,
    "usage": 710,
    "rank": 147
  },
  "2023-03": {
    "name": "Vaporeon",
    "percent": 0.27505,
    "usage": 598,
    "rank": 143
  },
  "2023-04": {
    "name": "Vaporeon",
    "percent": 0.25228,
    "usage": 482,
    "rank": 150
  },
  "2023-05": {
    "name": "Vaporeon",
    "percent": 0.24707,
    "usage": 429,
    "rank": 181
  },
  "2023-06": {
    "name": "Vaporeon",
    "percent": 0.10967,
    "usage": 313,
    "rank": 250
  },
  "2023-07": {
    "name": "Vaporeon",
    "percent": 0.27243,
    "usage": 592,
    "rank": 190
  },
  "2023-08": {
    "name": "Vaporeon",
    "percent": 0.25824,
    "usage": 550,
    "rank": 191
  },
  "2023-09": {
    "name": "Vaporeon",
    "percent": 0.19668,
    "usage": 436,
    "rank": 259
  },
  "2023-09-DLC1": {
    "name": "Vaporeon",
    "percent": 0.21234,
    "usage": 270,
    "rank": 255
  },
  "2023-10": {
    "name": "Vaporeon",
    "percent": 0.2026,
    "usage": 533,
    "rank": 247
  },
  "2023-11": {
    "name": "Vaporeon",
    "percent": 0.25127,
    "usage": 670,
    "rank": 229
  },
  "2023-12": {
    "name": "Vaporeon",
    "percent": 0.25041,
    "usage": 846,
    "rank": 255
  },
  "2023-12-DLC2": {
    "name": "Vaporeon",
    "percent": 0.15009,
    "usage": 259,
    "rank": 309
  },
  "2024-01": {
    "name": "Vaporeon",
    "percent": 0.22832,
    "usage": 847,
    "rank": 272
  },
  "2024-02": {
    "name": "Vaporeon",
    "percent": 0.20249,
    "usage": 691,
    "rank": 287
  },
  "2024-03": {
    "name": "Vaporeon",
    "percent": 0.17016,
    "usage": 650,
    "rank": 306
  },
  "2024-04": {
    "name": "Vaporeon",
    "percent": 0.19181,
    "usage": 612,
    "rank": 287
  },
  "2024-05": {
    "name": "Vaporeon",
    "percent": 0.21803,
    "usage": 348,
    "rank": 266
  },
  "2024-06": {
    "name": "Vaporeon",
    "percent": 0.25105,
    "usage": 749,
    "rank": 265
  }
}