{
  "2022-11": {
    "name": "Slowbro",
    "percent": 2.33903,
    "usage": 11631,
    "rank": 68
  },
  "2022-12": {
    "name": "Slowbro",
    "percent": 4.00306,
    "usage": 23557,
    "rank": 49
  },
  "2023-01": {
    "name": "Slowbro",
    "percent": 1.86215,
    "usage": 19430,
    "rank": 78
  },
  "2023-02": {
    "name": "Slowbro",
    "percent": 1.36995,
    "usage": 20894,
    "rank": 83
  },
  "2023-03": {
    "name": "Slowbro",
    "percent": 2.50624,
    "usage": 26691,
    "rank": 63
  },
  "2023-04": {
    "name": "Slowbro",
    "percent": 2.89665,
    "usage": 25538,
    "rank": 55
  },
  "2023-05": {
    "name": "Slowbro",
    "percent": 3.24792,
    "usage": 31977,
    "rank": 46
  },
  "2023-06": {
    "name": "Slowbro",
    "percent": 2.70511,
    "usage": 25148,
    "rank": 56
  },
  "2023-07": {
    "name": "Slowbro",
    "percent": 7.01258,
    "usage": 33432,
    "rank": 26
  },
  "2023-08": {
    "name": "Slowbro",
    "percent": 2.76623,
    "usage": 33817,
    "rank": 57
  },
  "2023-09": {
    "name": "Slowbro",
    "percent": 4.32338,
    "usage": 25985,
    "rank": 45
  },
  "2023-09-DLC1": {
    "name": "Slowbro",
    "percent": 3.92985,
    "usage": 11274,
    "rank": 51
  },
  "2023-10": {
    "name": "Slowbro",
    "percent": 3.76244,
    "usage": 20681,
    "rank": 53
  },
  "2023-11": {
    "name": "Slowbro",
    "percent": 3.95647,
    "usage": 25981,
    "rank": 53
  },
  "2023-12": {
    "name": "Slowbro",
    "percent": 3.62148,
    "usage": 31399,
    "rank": 54
  },
  "2023-12-DLC2": {
    "name": "Slowbro",
    "percent": 2.63106,
    "usage": 12336,
    "rank": 72
  },
  "2024-01": {
    "name": "Slowbro",
    "percent": 3.24904,
    "usage": 24871,
    "rank": 61
  },
  "2024-02": {
    "name": "Slowbro",
    "percent": 5.56114,
    "usage": 23726,
    "rank": 37
  },
  "2024-03": {
    "name": "Slowbro",
    "percent": 7.97261,
    "usage": 28316,
    "rank": 24
  },
  "2024-04": {
    "name": "Slowbro",
    "percent": 8.34112,
    "usage": 27234,
    "rank": 22
  },
  "2024-05": {
    "name": "Slowbro",
    "percent": 9.25492,
    "usage": 15063,
    "rank": 19
  },
  "2024-06": {
    "name": "Slowbro",
    "percent": 8.38115,
    "usage": 34913,
    "rank": 22
  }
}