{
  "2023-12": {
    "name": "Keldeo",
    "percent": 0.00175,
    "usage": 380,
    "rank": 366
  },
  "2023-12-DLC2": {
    "name": "Keldeo",
    "percent": 0.00289,
    "usage": 323,
    "rank": 317
  },
  "2024-01": {
    "name": "Keldeo",
    "percent": 0.02963,
    "usage": 518,
    "rank": 188
  },
  "2024-02": {
    "name": "Keldeo",
    "percent": 0.00886,
    "usage": 492,
    "rank": 241
  },
  "2024-03": {
    "name": "Keldeo",
    "percent": 0.00163,
    "usage": 473,
    "rank": 349
  },
  "2024-04": {
    "name": "Keldeo",
    "percent": 0.00266,
    "usage": 343,
    "rank": 295
  },
  "2024-05": {
    "name": "Keldeo",
    "percent": 0.00232,
    "usage": 233,
    "rank": 300
  },
  "2024-06": {
    "name": "Keldeo",
    "percent": 0.00382,
    "usage": 504,
    "rank": 306
  }
}