{
  "2022-11": {
    "name": "Raticate",
    "percent": 0.06125,
    "usage": 362,
    "rank": 561
  },
  "2022-12": {
    "name": "Raticate",
    "percent": 0.09846,
    "usage": 1210,
    "rank": 516
  },
  "2023-01": {
    "name": "Raticate",
    "percent": 0.0774,
    "usage": 1051,
    "rank": 540
  },
  "2023-02": {
    "name": "Raticate",
    "percent": 0.09676,
    "usage": 1510,
    "rank": 524
  },
  "2023-03": {
    "name": "Raticate",
    "percent": 0.10903,
    "usage": 1923,
    "rank": 489
  },
  "2023-04": {
    "name": "Raticate",
    "percent": 0.10596,
    "usage": 1865,
    "rank": 490
  },
  "2023-05": {
    "name": "Raticate",
    "percent": 0.10127,
    "usage": 1890,
    "rank": 506
  },
  "2023-06": {
    "name": "Raticate",
    "percent": 0.08178,
    "usage": 1375,
    "rank": 530
  },
  "2023-07": {
    "name": "Raticate",
    "percent": 0.06951,
    "usage": 1125,
    "rank": 560
  },
  "2023-08": {
    "name": "Raticate",
    "percent": 0.10305,
    "usage": 1896,
    "rank": 493
  },
  "2023-09": {
    "name": "Raticate",
    "percent": 0.09926,
    "usage": 1702,
    "rank": 505
  },
  "2023-09-DLC1": {
    "name": "Raticate",
    "percent": 0.09809,
    "usage": 837,
    "rank": 502
  },
  "2023-10": {
    "name": "Raticate",
    "percent": 0.09615,
    "usage": 1516,
    "rank": 525
  },
  "2023-11": {
    "name": "Raticate",
    "percent": 0.11831,
    "usage": 1600,
    "rank": 497
  },
  "2023-12": {
    "name": "Raticate",
    "percent": 0.09322,
    "usage": 1192,
    "rank": 524
  },
  "2023-12-DLC2": {
    "name": "Raticate",
    "percent": 0.10003,
    "usage": 548,
    "rank": 505
  },
  "2024-01": {
    "name": "Raticate",
    "percent": 0.0926,
    "usage": 1143,
    "rank": 518
  },
  "2024-02": {
    "name": "Raticate",
    "percent": 0.09839,
    "usage": 1274,
    "rank": 499
  },
  "2024-03": {
    "name": "Raticate",
    "percent": 0.09407,
    "usage": 1266,
    "rank": 521
  },
  "2024-04": {
    "name": "Raticate",
    "percent": 0.09843,
    "usage": 1197,
    "rank": 517
  },
  "2024-05": {
    "name": "Raticate",
    "percent": 0.09112,
    "usage": 545,
    "rank": 523
  },
  "2024-06": {
    "name": "Raticate",
    "percent": 0.08246,
    "usage": 1076,
    "rank": 517
  }
}