{
  "2022-11": {
    "name": "Swellow",
    "percent": 0.03699,
    "usage": 2453,
    "rank": 396
  },
  "2022-12": {
    "name": "Swellow",
    "percent": 0.06301,
    "usage": 7153,
    "rank": 338
  },
  "2023-01": {
    "name": "Swellow",
    "percent": 0.67986,
    "usage": 16269,
    "rank": 130
  },
  "2023-02": {
    "name": "Swellow",
    "percent": 1.16269,
    "usage": 36509,
    "rank": 100
  },
  "2023-03": {
    "name": "Swellow",
    "percent": 0.26153,
    "usage": 15886,
    "rank": 193
  },
  "2023-04": {
    "name": "Swellow",
    "percent": 0.23189,
    "usage": 12599,
    "rank": 204
  },
  "2023-05": {
    "name": "Swellow",
    "percent": 0.23419,
    "usage": 12803,
    "rank": 212
  },
  "2023-06": {
    "name": "Swellow",
    "percent": 0.18003,
    "usage": 8123,
    "rank": 225
  },
  "2023-07": {
    "name": "Swellow",
    "percent": 0.21264,
    "usage": 11704,
    "rank": 226
  },
  "2023-08": {
    "name": "Swellow",
    "percent": 0.161,
    "usage": 11891,
    "rank": 236
  },
  "2023-09": {
    "name": "Swellow",
    "percent": 0.27375,
    "usage": 11375,
    "rank": 193
  },
  "2023-09-DLC1": {
    "name": "Swellow",
    "percent": 0.34584,
    "usage": 5193,
    "rank": 177
  },
  "2023-10": {
    "name": "Swellow",
    "percent": 0.25749,
    "usage": 8836,
    "rank": 206
  },
  "2023-11": {
    "name": "Swellow",
    "percent": 0.51561,
    "usage": 10995,
    "rank": 154
  },
  "2023-12": {
    "name": "Swellow",
    "percent": 0.30557,
    "usage": 9355,
    "rank": 188
  },
  "2023-12-DLC2": {
    "name": "Swellow",
    "percent": 0.19749,
    "usage": 3922,
    "rank": 218
  },
  "2024-01": {
    "name": "Swellow",
    "percent": 0.26045,
    "usage": 8430,
    "rank": 187
  },
  "2024-02": {
    "name": "Swellow",
    "percent": 0.20298,
    "usage": 9162,
    "rank": 209
  },
  "2024-03": {
    "name": "Swellow",
    "percent": 0.31758,
    "usage": 10452,
    "rank": 191
  },
  "2024-04": {
    "name": "Swellow",
    "percent": 0.21636,
    "usage": 8199,
    "rank": 209
  },
  "2024-05": {
    "name": "Swellow",
    "percent": 0.12114,
    "usage": 3607,
    "rank": 256
  },
  "2024-06": {
    "name": "Swellow",
    "percent": 0.13564,
    "usage": 7299,
    "rank": 234
  }
}