{
  "2022-11": {
    "name": "Unown",
    "percent": 0.00795,
    "usage": 47,
    "rank": 745
  },
  "2022-12": {
    "name": "Unown",
    "percent": 0.00602,
    "usage": 74,
    "rank": 777
  },
  "2023-01": {
    "name": "Unown",
    "percent": 0.01753,
    "usage": 238,
    "rank": 668
  },
  "2023-02": {
    "name": "Unown",
    "percent": 0.02698,
    "usage": 421,
    "rank": 640
  },
  "2023-03": {
    "name": "Unown",
    "percent": 0.0165,
    "usage": 291,
    "rank": 674
  },
  "2023-04": {
    "name": "Unown",
    "percent": 0.01295,
    "usage": 228,
    "rank": 691
  },
  "2023-05": {
    "name": "Unown",
    "percent": 0.015,
    "usage": 280,
    "rank": 690
  },
  "2023-06": {
    "name": "Unown",
    "percent": 0.01701,
    "usage": 286,
    "rank": 678
  },
  "2023-07": {
    "name": "Unown",
    "percent": 0.01736,
    "usage": 281,
    "rank": 677
  },
  "2023-08": {
    "name": "Unown",
    "percent": 0.01609,
    "usage": 296,
    "rank": 676
  },
  "2023-09": {
    "name": "Unown",
    "percent": 0.01301,
    "usage": 223,
    "rank": 705
  },
  "2023-09-DLC1": {
    "name": "Unown",
    "percent": 0.00996,
    "usage": 85,
    "rank": 722
  },
  "2023-10": {
    "name": "Unown",
    "percent": 0.01941,
    "usage": 306,
    "rank": 674
  },
  "2023-11": {
    "name": "Unown",
    "percent": 0.01435,
    "usage": 194,
    "rank": 697
  },
  "2023-12": {
    "name": "Unown",
    "percent": 0.01337,
    "usage": 171,
    "rank": 708
  },
  "2023-12-DLC2": {
    "name": "Unown",
    "percent": 0.01807,
    "usage": 99,
    "rank": 685
  },
  "2024-01": {
    "name": "Unown",
    "percent": 0.02584,
    "usage": 319,
    "rank": 661
  },
  "2024-02": {
    "name": "Unown",
    "percent": 0.01946,
    "usage": 252,
    "rank": 669
  },
  "2024-03": {
    "name": "Unown",
    "percent": 0.01538,
    "usage": 207,
    "rank": 694
  },
  "2024-04": {
    "name": "Unown",
    "percent": 0.01324,
    "usage": 161,
    "rank": 709
  },
  "2024-05": {
    "name": "Unown",
    "percent": 0.01154,
    "usage": 69,
    "rank": 718
  },
  "2024-06": {
    "name": "Unown",
    "percent": 0.00782,
    "usage": 102,
    "rank": 740
  }
}