{
  "2022-11": {
    "name": "Stunfisk",
    "percent": 0.04078,
    "usage": 241,
    "rank": 600
  },
  "2022-12": {
    "name": "Stunfisk",
    "percent": 0.07112,
    "usage": 874,
    "rank": 557
  },
  "2023-01": {
    "name": "Stunfisk",
    "percent": 0.04647,
    "usage": 631,
    "rank": 584
  },
  "2023-02": {
    "name": "Stunfisk",
    "percent": 0.061,
    "usage": 952,
    "rank": 568
  },
  "2023-03": {
    "name": "Stunfisk",
    "percent": 0.06067,
    "usage": 1070,
    "rank": 558
  },
  "2023-04": {
    "name": "Stunfisk",
    "percent": 0.05824,
    "usage": 1025,
    "rank": 565
  },
  "2023-05": {
    "name": "Stunfisk",
    "percent": 0.05438,
    "usage": 1015,
    "rank": 580
  },
  "2023-06": {
    "name": "Stunfisk",
    "percent": 0.04479,
    "usage": 753,
    "rank": 587
  },
  "2023-07": {
    "name": "Stunfisk",
    "percent": 0.05808,
    "usage": 940,
    "rank": 577
  },
  "2023-08": {
    "name": "Stunfisk",
    "percent": 0.05506,
    "usage": 1013,
    "rank": 573
  },
  "2023-09": {
    "name": "Stunfisk",
    "percent": 0.04555,
    "usage": 781,
    "rank": 596
  },
  "2023-09-DLC1": {
    "name": "Stunfisk",
    "percent": 0.04043,
    "usage": 345,
    "rank": 603
  },
  "2023-10": {
    "name": "Stunfisk",
    "percent": 0.0593,
    "usage": 935,
    "rank": 584
  },
  "2023-11": {
    "name": "Stunfisk",
    "percent": 0.07816,
    "usage": 1057,
    "rank": 560
  },
  "2023-12": {
    "name": "Stunfisk",
    "percent": 0.07124,
    "usage": 911,
    "rank": 564
  },
  "2023-12-DLC2": {
    "name": "Stunfisk",
    "percent": 0.06881,
    "usage": 377,
    "rank": 563
  },
  "2024-01": {
    "name": "Stunfisk",
    "percent": 0.07826,
    "usage": 966,
    "rank": 544
  },
  "2024-02": {
    "name": "Stunfisk",
    "percent": 0.05506,
    "usage": 713,
    "rank": 588
  },
  "2024-03": {
    "name": "Stunfisk",
    "percent": 0.0662,
    "usage": 891,
    "rank": 571
  },
  "2024-04": {
    "name": "Stunfisk",
    "percent": 0.0472,
    "usage": 574,
    "rank": 610
  },
  "2024-05": {
    "name": "Stunfisk",
    "percent": 0.05517,
    "usage": 330,
    "rank": 589
  },
  "2024-06": {
    "name": "Stunfisk",
    "percent": 0.05503,
    "usage": 718,
    "rank": 573
  }
}