{
  "2022-11": {
    "name": "Meowscarada",
    "percent": 6.26914,
    "usage": 37053,
    "rank": 10
  },
  "2022-12": {
    "name": "Meowscarada",
    "percent": 4.13776,
    "usage": 50848,
    "rank": 33
  },
  "2023-01": {
    "name": "Meowscarada",
    "percent": 3.75158,
    "usage": 50941,
    "rank": 35
  },
  "2023-02": {
    "name": "Meowscarada",
    "percent": 3.15157,
    "usage": 49182,
    "rank": 45
  },
  "2023-03": {
    "name": "Meowscarada",
    "percent": 2.61543,
    "usage": 46128,
    "rank": 55
  },
  "2023-04": {
    "name": "Meowscarada",
    "percent": 2.30391,
    "usage": 40551,
    "rank": 62
  },
  "2023-05": {
    "name": "Meowscarada",
    "percent": 2.62893,
    "usage": 49066,
    "rank": 54
  },
  "2023-06": {
    "name": "Meowscarada",
    "percent": 2.20618,
    "usage": 37094,
    "rank": 61
  },
  "2023-07": {
    "name": "Meowscarada",
    "percent": 2.0689,
    "usage": 33485,
    "rank": 66
  },
  "2023-08": {
    "name": "Meowscarada",
    "percent": 2.34589,
    "usage": 43161,
    "rank": 60
  },
  "2023-09": {
    "name": "Meowscarada",
    "percent": 2.39619,
    "usage": 41087,
    "rank": 55
  },
  "2023-09-DLC1": {
    "name": "Meowscarada",
    "percent": 2.11409,
    "usage": 18040,
    "rank": 64
  },
  "2023-10": {
    "name": "Meowscarada",
    "percent": 2.21575,
    "usage": 34935,
    "rank": 69
  },
  "2023-11": {
    "name": "Meowscarada",
    "percent": 2.35481,
    "usage": 31845,
    "rank": 65
  },
  "2023-12": {
    "name": "Meowscarada",
    "percent": 2.38615,
    "usage": 30513,
    "rank": 64
  },
  "2023-12-DLC2": {
    "name": "Meowscarada",
    "percent": 2.35684,
    "usage": 12912,
    "rank": 63
  },
  "2024-01": {
    "name": "Meowscarada",
    "percent": 3.04828,
    "usage": 37625,
    "rank": 53
  },
  "2024-02": {
    "name": "Meowscarada",
    "percent": 2.99367,
    "usage": 38764,
    "rank": 54
  },
  "2024-03": {
    "name": "Meowscarada",
    "percent": 3.08927,
    "usage": 41576,
    "rank": 52
  },
  "2024-04": {
    "name": "Meowscarada",
    "percent": 2.80118,
    "usage": 34064,
    "rank": 55
  },
  "2024-05": {
    "name": "Meowscarada",
    "percent": 2.70423,
    "usage": 16175,
    "rank": 57
  },
  "2024-06": {
    "name": "Meowscarada",
    "percent": 2.62974,
    "usage": 34313,
    "rank": 57
  }
}