{
  "2022-11": {
    "name": "Froslass",
    "percent": 0.37985,
    "usage": 1115,
    "rank": 121
  },
  "2022-12": {
    "name": "Froslass",
    "percent": 0.45245,
    "usage": 1967,
    "rank": 110
  },
  "2023-01": {
    "name": "Froslass",
    "percent": 0.45111,
    "usage": 1377,
    "rank": 120
  },
  "2023-02": {
    "name": "Froslass",
    "percent": 0.69319,
    "usage": 1584,
    "rank": 102
  },
  "2023-03": {
    "name": "Froslass",
    "percent": 1.00775,
    "usage": 2191,
    "rank": 75
  },
  "2023-04": {
    "name": "Froslass",
    "percent": 1.41792,
    "usage": 2709,
    "rank": 64
  },
  "2023-05": {
    "name": "Froslass",
    "percent": 1.18177,
    "usage": 2052,
    "rank": 80
  },
  "2023-06": {
    "name": "Froslass",
    "percent": 0.49614,
    "usage": 1416,
    "rank": 135
  },
  "2023-07": {
    "name": "Froslass",
    "percent": 0.48044,
    "usage": 1044,
    "rank": 139
  },
  "2023-08": {
    "name": "Froslass",
    "percent": 0.30707,
    "usage": 654,
    "rank": 180
  },
  "2023-09": {
    "name": "Froslass",
    "percent": 0.43396,
    "usage": 962,
    "rank": 169
  },
  "2023-09-DLC1": {
    "name": "Froslass",
    "percent": 0.4239,
    "usage": 539,
    "rank": 183
  },
  "2023-10": {
    "name": "Froslass",
    "percent": 0.47096,
    "usage": 1239,
    "rank": 159
  },
  "2023-11": {
    "name": "Froslass",
    "percent": 0.38665,
    "usage": 1031,
    "rank": 178
  },
  "2023-12": {
    "name": "Froslass",
    "percent": 0.28741,
    "usage": 971,
    "rank": 238
  },
  "2023-12-DLC2": {
    "name": "Froslass",
    "percent": 0.26309,
    "usage": 454,
    "rank": 243
  },
  "2024-01": {
    "name": "Froslass",
    "percent": 0.20541,
    "usage": 762,
    "rank": 290
  },
  "2024-02": {
    "name": "Froslass",
    "percent": 0.25377,
    "usage": 866,
    "rank": 255
  },
  "2024-03": {
    "name": "Froslass",
    "percent": 0.21309,
    "usage": 814,
    "rank": 263
  },
  "2024-04": {
    "name": "Froslass",
    "percent": 0.31122,
    "usage": 993,
    "rank": 220
  },
  "2024-05": {
    "name": "Froslass",
    "percent": 0.23996,
    "usage": 383,
    "rank": 252
  },
  "2024-06": {
    "name": "Froslass",
    "percent": 0.27317,
    "usage": 815,
    "rank": 249
  }
}