{
  "2022-11": {
    "name": "Dragonite",
    "percent": 2.72863,
    "usage": 15784,
    "rank": 55
  },
  "2022-12": {
    "name": "Dragonite",
    "percent": 4.22797,
    "usage": 46175,
    "rank": 39
  },
  "2023-01": {
    "name": "Dragonite",
    "percent": 6.09741,
    "usage": 49225,
    "rank": 31
  },
  "2023-02": {
    "name": "Dragonite",
    "percent": 6.7829,
    "usage": 39388,
    "rank": 26
  },
  "2023-03": {
    "name": "Dragonite",
    "percent": 6.43006,
    "usage": 35725,
    "rank": 29
  },
  "2023-04": {
    "name": "Dragonite",
    "percent": 6.39068,
    "usage": 30186,
    "rank": 29
  },
  "2023-05": {
    "name": "Dragonite",
    "percent": 6.13871,
    "usage": 28579,
    "rank": 29
  },
  "2023-06": {
    "name": "Dragonite",
    "percent": 4.56386,
    "usage": 21600,
    "rank": 34
  },
  "2023-07": {
    "name": "Dragonite",
    "percent": 4.95632,
    "usage": 22794,
    "rank": 29
  },
  "2023-08": {
    "name": "Dragonite",
    "percent": 4.10398,
    "usage": 19690,
    "rank": 37
  },
  "2023-09": {
    "name": "Dragonite",
    "percent": 4.34724,
    "usage": 24627,
    "rank": 31
  },
  "2023-09-DLC1": {
    "name": "Dragonite",
    "percent": 4.11947,
    "usage": 13377,
    "rank": 33
  },
  "2023-10": {
    "name": "Dragonite",
    "percent": 4.08323,
    "usage": 25233,
    "rank": 34
  },
  "2023-11": {
    "name": "Dragonite",
    "percent": 4.19636,
    "usage": 20808,
    "rank": 33
  },
  "2023-12": {
    "name": "Dragonite",
    "percent": 3.9757,
    "usage": 17115,
    "rank": 28
  },
  "2023-12-DLC2": {
    "name": "Dragonite",
    "percent": 3.43334,
    "usage": 6848,
    "rank": 32
  },
  "2024-01": {
    "name": "Dragonite",
    "percent": 3.40552,
    "usage": 16744,
    "rank": 37
  },
  "2024-02": {
    "name": "Dragonite",
    "percent": 3.52099,
    "usage": 16104,
    "rank": 36
  },
  "2024-03": {
    "name": "Dragonite",
    "percent": 3.70669,
    "usage": 17615,
    "rank": 30
  },
  "2024-04": {
    "name": "Dragonite",
    "percent": 3.83005,
    "usage": 17183,
    "rank": 31
  },
  "2024-05": {
    "name": "Dragonite",
    "percent": 3.99548,
    "usage": 8478,
    "rank": 29
  },
  "2024-06": {
    "name": "Dragonite",
    "percent": 3.77646,
    "usage": 13788,
    "rank": 32
  }
}