{
  "2022-11": {
    "name": "Dragonite",
    "percent": 2.72926,
    "usage": 15784,
    "rank": 54
  },
  "2022-12": {
    "name": "Dragonite",
    "percent": 4.28104,
    "usage": 46175,
    "rank": 40
  },
  "2023-01": {
    "name": "Dragonite",
    "percent": 6.18245,
    "usage": 49225,
    "rank": 31
  },
  "2023-02": {
    "name": "Dragonite",
    "percent": 6.88692,
    "usage": 39388,
    "rank": 28
  },
  "2023-03": {
    "name": "Dragonite",
    "percent": 6.54986,
    "usage": 35725,
    "rank": 31
  },
  "2023-04": {
    "name": "Dragonite",
    "percent": 6.53637,
    "usage": 30186,
    "rank": 32
  },
  "2023-05": {
    "name": "Dragonite",
    "percent": 6.69175,
    "usage": 28579,
    "rank": 29
  },
  "2023-06": {
    "name": "Dragonite",
    "percent": 4.61089,
    "usage": 21600,
    "rank": 36
  },
  "2023-07": {
    "name": "Dragonite",
    "percent": 4.94514,
    "usage": 22794,
    "rank": 32
  },
  "2023-08": {
    "name": "Dragonite",
    "percent": 4.03614,
    "usage": 19690,
    "rank": 42
  },
  "2023-09": {
    "name": "Dragonite",
    "percent": 4.2571,
    "usage": 24627,
    "rank": 36
  },
  "2023-09-DLC1": {
    "name": "Dragonite",
    "percent": 4.08296,
    "usage": 13377,
    "rank": 40
  },
  "2023-10": {
    "name": "Dragonite",
    "percent": 3.71978,
    "usage": 25233,
    "rank": 45
  },
  "2023-11": {
    "name": "Dragonite",
    "percent": 3.80674,
    "usage": 20808,
    "rank": 43
  },
  "2023-12": {
    "name": "Dragonite",
    "percent": 3.67593,
    "usage": 17115,
    "rank": 34
  },
  "2023-12-DLC2": {
    "name": "Dragonite",
    "percent": 3.16886,
    "usage": 6848,
    "rank": 47
  },
  "2024-01": {
    "name": "Dragonite",
    "percent": 3.18207,
    "usage": 16744,
    "rank": 49
  },
  "2024-02": {
    "name": "Dragonite",
    "percent": 2.97225,
    "usage": 16104,
    "rank": 52
  },
  "2024-03": {
    "name": "Dragonite",
    "percent": 3.39814,
    "usage": 17615,
    "rank": 42
  },
  "2024-04": {
    "name": "Dragonite",
    "percent": 3.54952,
    "usage": 17183,
    "rank": 37
  },
  "2024-05": {
    "name": "Dragonite",
    "percent": 3.66131,
    "usage": 8478,
    "rank": 39
  },
  "2024-06": {
    "name": "Dragonite",
    "percent": 3.36706,
    "usage": 13788,
    "rank": 41
  }
}