{
  "2022-11": {
    "name": "Dragonite",
    "percent": 11.52055,
    "usage": 15784,
    "rank": 8
  },
  "2022-12": {
    "name": "Dragonite",
    "percent": 4.4883,
    "usage": 46175,
    "rank": 33
  },
  "2023-01": {
    "name": "Dragonite",
    "percent": 2.84366,
    "usage": 49225,
    "rank": 35
  },
  "2023-02": {
    "name": "Dragonite",
    "percent": 4.10591,
    "usage": 39388,
    "rank": 34
  },
  "2023-03": {
    "name": "Dragonite",
    "percent": 2.38035,
    "usage": 35725,
    "rank": 42
  },
  "2023-04": {
    "name": "Dragonite",
    "percent": 1.57854,
    "usage": 30186,
    "rank": 48
  },
  "2023-05": {
    "name": "Dragonite",
    "percent": 2.23162,
    "usage": 28579,
    "rank": 44
  },
  "2023-06": {
    "name": "Dragonite",
    "percent": 0.70376,
    "usage": 21600,
    "rank": 70
  },
  "2023-07": {
    "name": "Dragonite",
    "percent": 0.85324,
    "usage": 22794,
    "rank": 63
  },
  "2023-08": {
    "name": "Dragonite",
    "percent": 0.49114,
    "usage": 19690,
    "rank": 92
  },
  "2023-09": {
    "name": "Dragonite",
    "percent": 0.53436,
    "usage": 24627,
    "rank": 96
  },
  "2023-09-DLC1": {
    "name": "Dragonite",
    "percent": 0.59809,
    "usage": 13377,
    "rank": 96
  },
  "2023-10": {
    "name": "Dragonite",
    "percent": 0.49404,
    "usage": 25233,
    "rank": 99
  },
  "2023-11": {
    "name": "Dragonite",
    "percent": 0.40674,
    "usage": 20808,
    "rank": 106
  },
  "2023-12": {
    "name": "Dragonite",
    "percent": 0.38582,
    "usage": 17115,
    "rank": 109
  },
  "2023-12-DLC2": {
    "name": "Dragonite",
    "percent": 0.19612,
    "usage": 6848,
    "rank": 148
  },
  "2024-01": {
    "name": "Dragonite",
    "percent": 0.45484,
    "usage": 16744,
    "rank": 104
  },
  "2024-02": {
    "name": "Dragonite",
    "percent": 0.27503,
    "usage": 16104,
    "rank": 115
  },
  "2024-03": {
    "name": "Dragonite",
    "percent": 0.32564,
    "usage": 17615,
    "rank": 112
  },
  "2024-04": {
    "name": "Dragonite",
    "percent": 0.30782,
    "usage": 17183,
    "rank": 104
  },
  "2024-05": {
    "name": "Dragonite",
    "percent": 0.16456,
    "usage": 8478,
    "rank": 129
  },
  "2024-06": {
    "name": "Dragonite",
    "percent": 0.27923,
    "usage": 13788,
    "rank": 103
  }
}