{
  "2022-11": {
    "name": "Galvantula",
    "percent": 2.44316,
    "usage": 14440,
    "rank": 68
  },
  "2022-12": {
    "name": "Galvantula",
    "percent": 2.22032,
    "usage": 27285,
    "rank": 66
  },
  "2023-01": {
    "name": "Galvantula",
    "percent": 2.25333,
    "usage": 30597,
    "rank": 66
  },
  "2023-02": {
    "name": "Galvantula",
    "percent": 2.17172,
    "usage": 33891,
    "rank": 66
  },
  "2023-03": {
    "name": "Galvantula",
    "percent": 2.1217,
    "usage": 37420,
    "rank": 68
  },
  "2023-04": {
    "name": "Galvantula",
    "percent": 2.00341,
    "usage": 35262,
    "rank": 72
  },
  "2023-05": {
    "name": "Galvantula",
    "percent": 2.00682,
    "usage": 37455,
    "rank": 68
  },
  "2023-06": {
    "name": "Galvantula",
    "percent": 1.99076,
    "usage": 33472,
    "rank": 67
  },
  "2023-07": {
    "name": "Galvantula",
    "percent": 2.66341,
    "usage": 43107,
    "rank": 46
  },
  "2023-08": {
    "name": "Galvantula",
    "percent": 2.28578,
    "usage": 42055,
    "rank": 65
  },
  "2023-09": {
    "name": "Galvantula",
    "percent": 2.13754,
    "usage": 36652,
    "rank": 61
  },
  "2023-09-DLC1": {
    "name": "Galvantula",
    "percent": 2.09229,
    "usage": 17854,
    "rank": 66
  },
  "2023-10": {
    "name": "Galvantula",
    "percent": 2.23897,
    "usage": 35301,
    "rank": 68
  },
  "2023-11": {
    "name": "Galvantula",
    "percent": 1.99188,
    "usage": 26937,
    "rank": 80
  },
  "2023-12": {
    "name": "Galvantula",
    "percent": 1.92273,
    "usage": 24587,
    "rank": 81
  },
  "2023-12-DLC2": {
    "name": "Galvantula",
    "percent": 2.07008,
    "usage": 11341,
    "rank": 76
  },
  "2024-01": {
    "name": "Galvantula",
    "percent": 1.97917,
    "usage": 24429,
    "rank": 79
  },
  "2024-02": {
    "name": "Galvantula",
    "percent": 2.00739,
    "usage": 25993,
    "rank": 75
  },
  "2024-03": {
    "name": "Galvantula",
    "percent": 2.01327,
    "usage": 27095,
    "rank": 78
  },
  "2024-04": {
    "name": "Galvantula",
    "percent": 1.94801,
    "usage": 23689,
    "rank": 79
  },
  "2024-05": {
    "name": "Galvantula",
    "percent": 1.75512,
    "usage": 10498,
    "rank": 87
  },
  "2024-06": {
    "name": "Galvantula",
    "percent": 1.63802,
    "usage": 21373,
    "rank": 90
  }
}