{
  "2022-11": {
    "name": "Pinsir-Mega",
    "percent": 0.72466,
    "usage": 4283,
    "rank": 207
  },
  "2022-12": {
    "name": "Pinsir-Mega",
    "percent": 0.80097,
    "usage": 9843,
    "rank": 184
  },
  "2023-01": {
    "name": "Pinsir-Mega",
    "percent": 1.16191,
    "usage": 15777,
    "rank": 131
  },
  "2023-02": {
    "name": "Pinsir-Mega",
    "percent": 1.14619,
    "usage": 17887,
    "rank": 129
  },
  "2023-03": {
    "name": "Pinsir-Mega",
    "percent": 1.06448,
    "usage": 18774,
    "rank": 133
  },
  "2023-04": {
    "name": "Pinsir-Mega",
    "percent": 1.5331,
    "usage": 26984,
    "rank": 94
  },
  "2023-05": {
    "name": "Pinsir-Mega",
    "percent": 1.60283,
    "usage": 29915,
    "rank": 89
  },
  "2023-06": {
    "name": "Pinsir-Mega",
    "percent": 1.80972,
    "usage": 30428,
    "rank": 76
  },
  "2023-07": {
    "name": "Pinsir-Mega",
    "percent": 2.11567,
    "usage": 34242,
    "rank": 64
  },
  "2023-08": {
    "name": "Pinsir-Mega",
    "percent": 2.13538,
    "usage": 39288,
    "rank": 68
  },
  "2023-09": {
    "name": "Pinsir-Mega",
    "percent": 1.58811,
    "usage": 27231,
    "rank": 92
  },
  "2023-09-DLC1": {
    "name": "Pinsir-Mega",
    "percent": 1.49463,
    "usage": 12754,
    "rank": 103
  },
  "2023-10": {
    "name": "Pinsir-Mega",
    "percent": 1.62051,
    "usage": 25550,
    "rank": 94
  },
  "2023-11": {
    "name": "Pinsir-Mega",
    "percent": 1.50451,
    "usage": 20346,
    "rank": 102
  },
  "2023-12": {
    "name": "Pinsir-Mega",
    "percent": 1.36594,
    "usage": 17467,
    "rank": 108
  },
  "2023-12-DLC2": {
    "name": "Pinsir-Mega",
    "percent": 1.17641,
    "usage": 6445,
    "rank": 124
  },
  "2024-01": {
    "name": "Pinsir-Mega",
    "percent": 1.51802,
    "usage": 18737,
    "rank": 98
  },
  "2024-02": {
    "name": "Pinsir-Mega",
    "percent": 1.55375,
    "usage": 20119,
    "rank": 95
  },
  "2024-03": {
    "name": "Pinsir-Mega",
    "percent": 1.66612,
    "usage": 22423,
    "rank": 93
  },
  "2024-04": {
    "name": "Pinsir-Mega",
    "percent": 1.49063,
    "usage": 18127,
    "rank": 99
  },
  "2024-05": {
    "name": "Pinsir-Mega",
    "percent": 1.31843,
    "usage": 7886,
    "rank": 105
  },
  "2024-06": {
    "name": "Pinsir-Mega",
    "percent": 1.72983,
    "usage": 22571,
    "rank": 85
  }
}