{
  "2022-11": {
    "name": "Slaking",
    "percent": 0.18396,
    "usage": 540,
    "rank": 147
  },
  "2022-12": {
    "name": "Slaking",
    "percent": 0.19759,
    "usage": 859,
    "rank": 152
  },
  "2023-01": {
    "name": "Slaking",
    "percent": 0.36102,
    "usage": 1102,
    "rank": 135
  },
  "2023-02": {
    "name": "Slaking",
    "percent": 0.35403,
    "usage": 809,
    "rank": 139
  },
  "2023-03": {
    "name": "Slaking",
    "percent": 0.29437,
    "usage": 640,
    "rank": 138
  },
  "2023-04": {
    "name": "Slaking",
    "percent": 0.12981,
    "usage": 248,
    "rank": 187
  },
  "2023-05": {
    "name": "Slaking",
    "percent": 0.17565,
    "usage": 305,
    "rank": 210
  },
  "2023-06": {
    "name": "Slaking",
    "percent": 0.10371,
    "usage": 296,
    "rank": 255
  },
  "2023-07": {
    "name": "Slaking",
    "percent": 0.14588,
    "usage": 317,
    "rank": 234
  },
  "2023-08": {
    "name": "Slaking",
    "percent": 0.16011,
    "usage": 341,
    "rank": 230
  },
  "2023-09": {
    "name": "Slaking",
    "percent": 0.15924,
    "usage": 353,
    "rank": 278
  },
  "2023-09-DLC1": {
    "name": "Slaking",
    "percent": 0.14785,
    "usage": 188,
    "rank": 292
  },
  "2023-10": {
    "name": "Slaking",
    "percent": 0.15509,
    "usage": 408,
    "rank": 269
  },
  "2023-11": {
    "name": "Slaking",
    "percent": 0.22914,
    "usage": 611,
    "rank": 242
  },
  "2023-12": {
    "name": "Slaking",
    "percent": 0.18293,
    "usage": 618,
    "rank": 301
  },
  "2023-12-DLC2": {
    "name": "Slaking",
    "percent": 0.12981,
    "usage": 224,
    "rank": 333
  },
  "2024-01": {
    "name": "Slaking",
    "percent": 0.13856,
    "usage": 514,
    "rank": 331
  },
  "2024-02": {
    "name": "Slaking",
    "percent": 0.16088,
    "usage": 549,
    "rank": 317
  },
  "2024-03": {
    "name": "Slaking",
    "percent": 0.10733,
    "usage": 410,
    "rank": 355
  },
  "2024-04": {
    "name": "Slaking",
    "percent": 0.1589,
    "usage": 507,
    "rank": 317
  },
  "2024-05": {
    "name": "Slaking",
    "percent": 0.23871,
    "usage": 381,
    "rank": 253
  },
  "2024-06": {
    "name": "Slaking",
    "percent": 0.22624,
    "usage": 675,
    "rank": 283
  }
}