{
  "2022-11": {
    "name": "Bruxish",
    "percent": 0.08434,
    "usage": 521,
    "rank": 523
  },
  "2022-12": {
    "name": "Bruxish",
    "percent": 0.11316,
    "usage": 1462,
    "rank": 488
  },
  "2023-01": {
    "name": "Bruxish",
    "percent": 0.07244,
    "usage": 1024,
    "rank": 539
  },
  "2023-02": {
    "name": "Bruxish",
    "percent": 0.08864,
    "usage": 1488,
    "rank": 514
  },
  "2023-03": {
    "name": "Bruxish",
    "percent": 0.07086,
    "usage": 1532,
    "rank": 512
  },
  "2023-04": {
    "name": "Bruxish",
    "percent": 0.04543,
    "usage": 1493,
    "rank": 507
  },
  "2023-05": {
    "name": "Bruxish",
    "percent": 0.06131,
    "usage": 2189,
    "rank": 471
  },
  "2023-06": {
    "name": "Bruxish",
    "percent": 0.02594,
    "usage": 1047,
    "rank": 551
  },
  "2023-07": {
    "name": "Bruxish",
    "percent": 0.06192,
    "usage": 2471,
    "rank": 452
  },
  "2023-08": {
    "name": "Bruxish",
    "percent": 0.0479,
    "usage": 1574,
    "rank": 481
  },
  "2023-09": {
    "name": "Bruxish",
    "percent": 0.03614,
    "usage": 2073,
    "rank": 518
  },
  "2023-09-DLC1": {
    "name": "Bruxish",
    "percent": 0.03481,
    "usage": 1087,
    "rank": 512
  },
  "2023-10": {
    "name": "Bruxish",
    "percent": 0.06535,
    "usage": 1930,
    "rank": 455
  },
  "2023-11": {
    "name": "Bruxish",
    "percent": 0.05509,
    "usage": 1326,
    "rank": 476
  },
  "2023-12": {
    "name": "Bruxish",
    "percent": 0.05088,
    "usage": 1444,
    "rank": 493
  },
  "2023-12-DLC2": {
    "name": "Bruxish",
    "percent": 0.04298,
    "usage": 588,
    "rank": 495
  },
  "2024-01": {
    "name": "Bruxish",
    "percent": 0.05272,
    "usage": 1237,
    "rank": 464
  },
  "2024-02": {
    "name": "Bruxish",
    "percent": 0.04172,
    "usage": 993,
    "rank": 488
  },
  "2024-03": {
    "name": "Bruxish",
    "percent": 0.04339,
    "usage": 971,
    "rank": 496
  },
  "2024-04": {
    "name": "Bruxish",
    "percent": 0.06637,
    "usage": 1044,
    "rank": 438
  },
  "2024-05": {
    "name": "Bruxish",
    "percent": 0.03742,
    "usage": 555,
    "rank": 496
  },
  "2024-06": {
    "name": "Bruxish",
    "percent": 0.05553,
    "usage": 1410,
    "rank": 423
  }
}