{
  "2022-11": {
    "name": "Bruxish",
    "percent": 0.01243,
    "usage": 521,
    "rank": 385
  },
  "2022-12": {
    "name": "Bruxish",
    "percent": 0.0,
    "usage": 1462,
    "rank": 650
  },
  "2023-01": {
    "name": "Bruxish",
    "percent": 0.00565,
    "usage": 1024,
    "rank": 419
  },
  "2023-02": {
    "name": "Bruxish",
    "percent": 0.0295,
    "usage": 1488,
    "rank": 334
  },
  "2023-03": {
    "name": "Bruxish",
    "percent": 0.01343,
    "usage": 1532,
    "rank": 390
  },
  "2023-04": {
    "name": "Bruxish",
    "percent": 0.01845,
    "usage": 1493,
    "rank": 364
  },
  "2023-05": {
    "name": "Bruxish",
    "percent": 0.02383,
    "usage": 2189,
    "rank": 351
  },
  "2023-06": {
    "name": "Bruxish",
    "percent": 0.0025,
    "usage": 1047,
    "rank": 521
  },
  "2023-07": {
    "name": "Bruxish",
    "percent": 0.00241,
    "usage": 2471,
    "rank": 550
  },
  "2023-08": {
    "name": "Bruxish",
    "percent": 0.00341,
    "usage": 1574,
    "rank": 533
  },
  "2023-09": {
    "name": "Bruxish",
    "percent": 0.00322,
    "usage": 2073,
    "rank": 519
  },
  "2023-09-DLC1": {
    "name": "Bruxish",
    "percent": 0.00619,
    "usage": 1087,
    "rank": 429
  },
  "2023-10": {
    "name": "Bruxish",
    "percent": 0.01796,
    "usage": 1930,
    "rank": 368
  },
  "2023-11": {
    "name": "Bruxish",
    "percent": 0.03364,
    "usage": 1326,
    "rank": 313
  },
  "2023-12": {
    "name": "Bruxish",
    "percent": 0.00553,
    "usage": 1444,
    "rank": 454
  },
  "2023-12-DLC2": {
    "name": "Bruxish",
    "percent": 0.00827,
    "usage": 588,
    "rank": 367
  },
  "2024-01": {
    "name": "Bruxish",
    "percent": 0.00218,
    "usage": 1237,
    "rank": 530
  },
  "2024-02": {
    "name": "Bruxish",
    "percent": 0.00093,
    "usage": 993,
    "rank": 592
  },
  "2024-03": {
    "name": "Bruxish",
    "percent": 0.00321,
    "usage": 971,
    "rank": 519
  },
  "2024-04": {
    "name": "Bruxish",
    "percent": 0.01243,
    "usage": 1044,
    "rank": 362
  },
  "2024-05": {
    "name": "Bruxish",
    "percent": 0.01115,
    "usage": 555,
    "rank": 364
  },
  "2024-06": {
    "name": "Bruxish",
    "percent": 0.00785,
    "usage": 1410,
    "rank": 390
  }
}