{
  "2023-12": {
    "name": "Golurk",
    "percent": 0.07762,
    "usage": 21209,
    "rank": 171
  },
  "2023-12-DLC2": {
    "name": "Golurk",
    "percent": 0.11395,
    "usage": 17378,
    "rank": 144
  },
  "2024-01": {
    "name": "Golurk",
    "percent": 0.09631,
    "usage": 17363,
    "rank": 155
  },
  "2024-02": {
    "name": "Golurk",
    "percent": 0.02111,
    "usage": 7511,
    "rank": 197
  },
  "2024-03": {
    "name": "Golurk",
    "percent": 0.00327,
    "usage": 5713,
    "rank": 295
  },
  "2024-04": {
    "name": "Golurk",
    "percent": 0.00205,
    "usage": 4559,
    "rank": 317
  },
  "2024-05": {
    "name": "Golurk",
    "percent": 0.00516,
    "usage": 3041,
    "rank": 275
  },
  "2024-06": {
    "name": "Golurk",
    "percent": 0.00291,
    "usage": 4700,
    "rank": 309
  }
}