{
  "2023-12": {
    "name": "Lanturn",
    "percent": 0.01244,
    "usage": 743,
    "rank": 351
  },
  "2023-12-DLC2": {
    "name": "Lanturn",
    "percent": 0.02722,
    "usage": 580,
    "rank": 297
  },
  "2024-01": {
    "name": "Lanturn",
    "percent": 0.00517,
    "usage": 790,
    "rank": 414
  },
  "2024-02": {
    "name": "Lanturn",
    "percent": 0.00191,
    "usage": 577,
    "rank": 467
  },
  "2024-03": {
    "name": "Lanturn",
    "percent": 0.00173,
    "usage": 776,
    "rank": 486
  },
  "2024-04": {
    "name": "Lanturn",
    "percent": 0.00039,
    "usage": 616,
    "rank": 542
  },
  "2024-05": {
    "name": "Lanturn",
    "percent": 0.00247,
    "usage": 476,
    "rank": 433
  },
  "2024-06": {
    "name": "Lanturn",
    "percent": 0.00109,
    "usage": 726,
    "rank": 479
  }
}