{
  "2022-11": {
    "name": "Volbeat",
    "percent": 0.02555,
    "usage": 151,
    "rank": 635
  },
  "2022-12": {
    "name": "Volbeat",
    "percent": 0.06453,
    "usage": 793,
    "rank": 564
  },
  "2023-01": {
    "name": "Volbeat",
    "percent": 0.05096,
    "usage": 692,
    "rank": 578
  },
  "2023-02": {
    "name": "Volbeat",
    "percent": 0.05767,
    "usage": 900,
    "rank": 573
  },
  "2023-03": {
    "name": "Volbeat",
    "percent": 0.05148,
    "usage": 908,
    "rank": 574
  },
  "2023-04": {
    "name": "Volbeat",
    "percent": 0.04551,
    "usage": 801,
    "rank": 583
  },
  "2023-05": {
    "name": "Volbeat",
    "percent": 0.0546,
    "usage": 1019,
    "rank": 579
  },
  "2023-06": {
    "name": "Volbeat",
    "percent": 0.04901,
    "usage": 824,
    "rank": 585
  },
  "2023-07": {
    "name": "Volbeat",
    "percent": 0.05054,
    "usage": 818,
    "rank": 588
  },
  "2023-08": {
    "name": "Volbeat",
    "percent": 0.06441,
    "usage": 1185,
    "rank": 557
  },
  "2023-09": {
    "name": "Volbeat",
    "percent": 0.10952,
    "usage": 1878,
    "rank": 491
  },
  "2023-09-DLC1": {
    "name": "Volbeat",
    "percent": 0.10934,
    "usage": 933,
    "rank": 482
  },
  "2023-10": {
    "name": "Volbeat",
    "percent": 0.12159,
    "usage": 1917,
    "rank": 487
  },
  "2023-11": {
    "name": "Volbeat",
    "percent": 0.07794,
    "usage": 1054,
    "rank": 562
  },
  "2023-12": {
    "name": "Volbeat",
    "percent": 0.06553,
    "usage": 838,
    "rank": 582
  },
  "2023-12-DLC2": {
    "name": "Volbeat",
    "percent": 0.06224,
    "usage": 341,
    "rank": 577
  },
  "2024-01": {
    "name": "Volbeat",
    "percent": 0.0922,
    "usage": 1138,
    "rank": 520
  },
  "2024-02": {
    "name": "Volbeat",
    "percent": 0.06132,
    "usage": 794,
    "rank": 574
  },
  "2024-03": {
    "name": "Volbeat",
    "percent": 0.11123,
    "usage": 1497,
    "rank": 492
  },
  "2024-04": {
    "name": "Volbeat",
    "percent": 0.08445,
    "usage": 1027,
    "rank": 541
  },
  "2024-05": {
    "name": "Volbeat",
    "percent": 0.06152,
    "usage": 368,
    "rank": 578
  },
  "2024-06": {
    "name": "Volbeat",
    "percent": 0.04859,
    "usage": 634,
    "rank": 586
  }
}