{
  "2022-11": {
    "name": "Volbeat",
    "percent": 0.0,
    "usage": 151,
    "rank": 951
  },
  "2022-12": {
    "name": "Volbeat",
    "percent": 8e-05,
    "usage": 793,
    "rank": 678
  },
  "2023-01": {
    "name": "Volbeat",
    "percent": 0.00065,
    "usage": 692,
    "rank": 642
  },
  "2023-02": {
    "name": "Volbeat",
    "percent": 0.00899,
    "usage": 900,
    "rank": 543
  },
  "2023-03": {
    "name": "Volbeat",
    "percent": 0.00273,
    "usage": 908,
    "rank": 630
  },
  "2023-04": {
    "name": "Volbeat",
    "percent": 0.0058,
    "usage": 801,
    "rank": 570
  },
  "2023-05": {
    "name": "Volbeat",
    "percent": 0.00943,
    "usage": 1019,
    "rank": 539
  },
  "2023-06": {
    "name": "Volbeat",
    "percent": 0.00246,
    "usage": 824,
    "rank": 626
  },
  "2023-07": {
    "name": "Volbeat",
    "percent": 0.01626,
    "usage": 818,
    "rank": 466
  },
  "2023-08": {
    "name": "Volbeat",
    "percent": 0.00904,
    "usage": 1185,
    "rank": 531
  },
  "2023-09": {
    "name": "Volbeat",
    "percent": 0.01874,
    "usage": 1878,
    "rank": 450
  },
  "2023-09-DLC1": {
    "name": "Volbeat",
    "percent": 0.02447,
    "usage": 933,
    "rank": 394
  },
  "2023-10": {
    "name": "Volbeat",
    "percent": 0.01265,
    "usage": 1917,
    "rank": 501
  },
  "2023-11": {
    "name": "Volbeat",
    "percent": 0.00776,
    "usage": 1054,
    "rank": 546
  },
  "2023-12": {
    "name": "Volbeat",
    "percent": 0.00566,
    "usage": 838,
    "rank": 581
  },
  "2023-12-DLC2": {
    "name": "Volbeat",
    "percent": 0.00943,
    "usage": 341,
    "rank": 496
  },
  "2024-01": {
    "name": "Volbeat",
    "percent": 0.00261,
    "usage": 1138,
    "rank": 628
  },
  "2024-02": {
    "name": "Volbeat",
    "percent": 0.01034,
    "usage": 794,
    "rank": 511
  },
  "2024-03": {
    "name": "Volbeat",
    "percent": 0.00452,
    "usage": 1497,
    "rank": 602
  },
  "2024-04": {
    "name": "Volbeat",
    "percent": 0.00447,
    "usage": 1027,
    "rank": 588
  },
  "2024-05": {
    "name": "Volbeat",
    "percent": 0.00522,
    "usage": 368,
    "rank": 562
  },
  "2024-06": {
    "name": "Volbeat",
    "percent": 0.00635,
    "usage": 634,
    "rank": 523
  }
}