{
  "2022-11": {
    "name": "Metang",
    "percent": 0.00592,
    "usage": 35,
    "rank": 779
  },
  "2022-12": {
    "name": "Metang",
    "percent": 0.00749,
    "usage": 92,
    "rank": 754
  },
  "2023-01": {
    "name": "Metang",
    "percent": 0.00869,
    "usage": 118,
    "rank": 738
  },
  "2023-02": {
    "name": "Metang",
    "percent": 0.01711,
    "usage": 267,
    "rank": 674
  },
  "2023-03": {
    "name": "Metang",
    "percent": 0.0165,
    "usage": 291,
    "rank": 672
  },
  "2023-04": {
    "name": "Metang",
    "percent": 0.00898,
    "usage": 158,
    "rank": 724
  },
  "2023-05": {
    "name": "Metang",
    "percent": 0.00981,
    "usage": 183,
    "rank": 731
  },
  "2023-06": {
    "name": "Metang",
    "percent": 0.00785,
    "usage": 132,
    "rank": 751
  },
  "2023-07": {
    "name": "Metang",
    "percent": 0.01106,
    "usage": 179,
    "rank": 720
  },
  "2023-08": {
    "name": "Metang",
    "percent": 0.00549,
    "usage": 101,
    "rank": 802
  },
  "2023-09": {
    "name": "Metang",
    "percent": 0.00408,
    "usage": 70,
    "rank": 839
  },
  "2023-09-DLC1": {
    "name": "Metang",
    "percent": 0.00457,
    "usage": 39,
    "rank": 823
  },
  "2023-10": {
    "name": "Metang",
    "percent": 0.00603,
    "usage": 95,
    "rank": 792
  },
  "2023-11": {
    "name": "Metang",
    "percent": 0.00458,
    "usage": 62,
    "rank": 833
  },
  "2023-12": {
    "name": "Metang",
    "percent": 0.00688,
    "usage": 88,
    "rank": 780
  },
  "2023-12-DLC2": {
    "name": "Metang",
    "percent": 0.00675,
    "usage": 37,
    "rank": 788
  },
  "2024-01": {
    "name": "Metang",
    "percent": 0.00486,
    "usage": 60,
    "rank": 830
  },
  "2024-02": {
    "name": "Metang",
    "percent": 0.00633,
    "usage": 82,
    "rank": 772
  },
  "2024-03": {
    "name": "Metang",
    "percent": 0.00379,
    "usage": 51,
    "rank": 856
  },
  "2024-04": {
    "name": "Metang",
    "percent": 0.00518,
    "usage": 63,
    "rank": 803
  },
  "2024-05": {
    "name": "Metang",
    "percent": 0.00669,
    "usage": 40,
    "rank": 767
  },
  "2024-06": {
    "name": "Metang",
    "percent": 0.00345,
    "usage": 45,
    "rank": 829
  }
}