{
  "2022-11": {
    "name": "Tinkatink",
    "percent": 2.23037,
    "usage": 3744,
    "rank": 35
  },
  "2022-12": {
    "name": "Tinkatink",
    "percent": 6.93658,
    "usage": 9028,
    "rank": 19
  },
  "2023-01": {
    "name": "Tinkatink",
    "percent": 6.54421,
    "usage": 8238,
    "rank": 21
  },
  "2023-02": {
    "name": "Tinkatink",
    "percent": 6.66992,
    "usage": 4293,
    "rank": 25
  },
  "2023-03": {
    "name": "Tinkatink",
    "percent": 9.08935,
    "usage": 3091,
    "rank": 19
  },
  "2023-04": {
    "name": "Tinkatink",
    "percent": 8.34001,
    "usage": 2539,
    "rank": 20
  },
  "2023-05": {
    "name": "Tinkatink",
    "percent": 12.99481,
    "usage": 2772,
    "rank": 17
  },
  "2023-06": {
    "name": "Tinkatink",
    "percent": 10.48976,
    "usage": 1813,
    "rank": 22
  },
  "2023-07": {
    "name": "Tinkatink",
    "percent": 6.65475,
    "usage": 2098,
    "rank": 23
  },
  "2023-08": {
    "name": "Tinkatink",
    "percent": 10.7319,
    "usage": 3457,
    "rank": 18
  },
  "2023-09": {
    "name": "Tinkatink",
    "percent": 23.06276,
    "usage": 5400,
    "rank": 8
  },
  "2023-09-DLC1": {
    "name": "Tinkatink",
    "percent": 24.43112,
    "usage": 2940,
    "rank": 8
  },
  "2023-10": {
    "name": "Tinkatink",
    "percent": 31.1862,
    "usage": 7554,
    "rank": 6
  },
  "2023-11": {
    "name": "Tinkatink",
    "percent": 17.86042,
    "usage": 4374,
    "rank": 11
  },
  "2023-12": {
    "name": "Tinkatink",
    "percent": 15.14224,
    "usage": 4168,
    "rank": 12
  },
  "2023-12-DLC2": {
    "name": "Tinkatink",
    "percent": 12.03032,
    "usage": 2064,
    "rank": 17
  },
  "2024-01": {
    "name": "Tinkatink",
    "percent": 8.94935,
    "usage": 3398,
    "rank": 18
  },
  "2024-02": {
    "name": "Tinkatink",
    "percent": 6.97641,
    "usage": 2362,
    "rank": 21
  },
  "2024-03": {
    "name": "Tinkatink",
    "percent": 5.64338,
    "usage": 1950,
    "rank": 17
  },
  "2024-04": {
    "name": "Tinkatink",
    "percent": 9.50789,
    "usage": 3249,
    "rank": 15
  },
  "2024-05": {
    "name": "Tinkatink",
    "percent": 6.80544,
    "usage": 763,
    "rank": 16
  },
  "2024-06": {
    "name": "Tinkatink",
    "percent": 10.92221,
    "usage": 1717,
    "rank": 13
  }
}