{
  "2023-09": {
    "name": "Phione",
    "percent": 0.00943,
    "usage": 237,
    "rank": 426
  },
  "2023-09-DLC1": {
    "name": "Phione",
    "percent": 0.01606,
    "usage": 162,
    "rank": 398
  },
  "2023-10": {
    "name": "Phione",
    "percent": 0.0113,
    "usage": 403,
    "rank": 417
  },
  "2023-11": {
    "name": "Phione",
    "percent": 0.02197,
    "usage": 367,
    "rank": 378
  },
  "2023-12": {
    "name": "Phione",
    "percent": 0.00289,
    "usage": 177,
    "rank": 567
  },
  "2023-12-DLC2": {
    "name": "Phione",
    "percent": 0.00185,
    "usage": 74,
    "rank": 576
  },
  "2024-01": {
    "name": "Phione",
    "percent": 0.00174,
    "usage": 113,
    "rank": 592
  },
  "2024-02": {
    "name": "Phione",
    "percent": 0.00315,
    "usage": 186,
    "rank": 562
  },
  "2024-03": {
    "name": "Phione",
    "percent": 0.00663,
    "usage": 141,
    "rank": 525
  },
  "2024-04": {
    "name": "Phione",
    "percent": 0.00024,
    "usage": 68,
    "rank": 667
  },
  "2024-05": {
    "name": "Phione",
    "percent": 0.00026,
    "usage": 49,
    "rank": 654
  },
  "2024-06": {
    "name": "Phione",
    "percent": 0.00773,
    "usage": 242,
    "rank": 493
  }
}