{
  "2022-11": {
    "name": "Avalugg",
    "percent": 0.73988,
    "usage": 4373,
    "rank": 203
  },
  "2022-12": {
    "name": "Avalugg",
    "percent": 0.53187,
    "usage": 6536,
    "rank": 250
  },
  "2023-01": {
    "name": "Avalugg",
    "percent": 0.49615,
    "usage": 6737,
    "rank": 241
  },
  "2023-02": {
    "name": "Avalugg",
    "percent": 0.40646,
    "usage": 6343,
    "rank": 270
  },
  "2023-03": {
    "name": "Avalugg",
    "percent": 0.31655,
    "usage": 5583,
    "rank": 300
  },
  "2023-04": {
    "name": "Avalugg",
    "percent": 0.30674,
    "usage": 5399,
    "rank": 300
  },
  "2023-05": {
    "name": "Avalugg",
    "percent": 0.37758,
    "usage": 7047,
    "rank": 267
  },
  "2023-06": {
    "name": "Avalugg",
    "percent": 0.24635,
    "usage": 4142,
    "rank": 329
  },
  "2023-07": {
    "name": "Avalugg",
    "percent": 0.31585,
    "usage": 5112,
    "rank": 299
  },
  "2023-08": {
    "name": "Avalugg",
    "percent": 0.24051,
    "usage": 4425,
    "rank": 332
  },
  "2023-09": {
    "name": "Avalugg",
    "percent": 0.20803,
    "usage": 3567,
    "rank": 377
  },
  "2023-09-DLC1": {
    "name": "Avalugg",
    "percent": 0.21656,
    "usage": 1848,
    "rank": 359
  },
  "2023-10": {
    "name": "Avalugg",
    "percent": 0.26505,
    "usage": 4179,
    "rank": 338
  },
  "2023-11": {
    "name": "Avalugg",
    "percent": 0.20416,
    "usage": 2761,
    "rank": 392
  },
  "2023-12": {
    "name": "Avalugg",
    "percent": 0.20278,
    "usage": 2593,
    "rank": 385
  },
  "2023-12-DLC2": {
    "name": "Avalugg",
    "percent": 0.17486,
    "usage": 958,
    "rank": 405
  },
  "2024-01": {
    "name": "Avalugg",
    "percent": 0.19039,
    "usage": 2350,
    "rank": 387
  },
  "2024-02": {
    "name": "Avalugg",
    "percent": 0.2286,
    "usage": 2960,
    "rank": 345
  },
  "2024-03": {
    "name": "Avalugg",
    "percent": 0.20976,
    "usage": 2823,
    "rank": 366
  },
  "2024-04": {
    "name": "Avalugg",
    "percent": 0.24464,
    "usage": 2975,
    "rank": 343
  },
  "2024-05": {
    "name": "Avalugg",
    "percent": 0.23022,
    "usage": 1377,
    "rank": 348
  },
  "2024-06": {
    "name": "Avalugg",
    "percent": 0.22348,
    "usage": 2916,
    "rank": 336
  }
}