{
  "2022-11": {
    "name": "Gliscor",
    "percent": 3.10812,
    "usage": 24301,
    "rank": 56
  },
  "2022-12": {
    "name": "Gliscor",
    "percent": 4.51684,
    "usage": 76318,
    "rank": 42
  },
  "2023-01": {
    "name": "Gliscor",
    "percent": 7.31256,
    "usage": 61506,
    "rank": 29
  },
  "2023-02": {
    "name": "Gliscor",
    "percent": 3.96485,
    "usage": 62353,
    "rank": 43
  },
  "2023-03": {
    "name": "Gliscor",
    "percent": 4.88424,
    "usage": 72730,
    "rank": 39
  },
  "2023-04": {
    "name": "Gliscor",
    "percent": 4.26882,
    "usage": 82832,
    "rank": 40
  },
  "2023-05": {
    "name": "Gliscor",
    "percent": 6.97417,
    "usage": 136963,
    "rank": 28
  },
  "2023-06": {
    "name": "Gliscor",
    "percent": 8.17487,
    "usage": 109632,
    "rank": 25
  },
  "2023-07": {
    "name": "Gliscor",
    "percent": 7.71798,
    "usage": 115505,
    "rank": 22
  },
  "2023-08": {
    "name": "Gliscor",
    "percent": 5.80337,
    "usage": 134740,
    "rank": 35
  },
  "2023-09": {
    "name": "Gliscor",
    "percent": 7.37351,
    "usage": 129968,
    "rank": 28
  },
  "2023-09-DLC1": {
    "name": "Gliscor",
    "percent": 6.22488,
    "usage": 63075,
    "rank": 30
  },
  "2023-10": {
    "name": "Gliscor",
    "percent": 11.77087,
    "usage": 143958,
    "rank": 9
  },
  "2023-11": {
    "name": "Gliscor",
    "percent": 15.21266,
    "usage": 144451,
    "rank": 3
  },
  "2023-12": {
    "name": "Gliscor",
    "percent": 10.64838,
    "usage": 124606,
    "rank": 15
  },
  "2023-12-DLC2": {
    "name": "Gliscor",
    "percent": 11.11608,
    "usage": 51513,
    "rank": 13
  },
  "2024-01": {
    "name": "Gliscor",
    "percent": 9.94621,
    "usage": 112390,
    "rank": 17
  },
  "2024-02": {
    "name": "Gliscor",
    "percent": 10.29435,
    "usage": 113218,
    "rank": 18
  },
  "2024-03": {
    "name": "Gliscor",
    "percent": 9.44337,
    "usage": 118244,
    "rank": 18
  },
  "2024-04": {
    "name": "Gliscor",
    "percent": 12.08009,
    "usage": 110034,
    "rank": 12
  },
  "2024-05": {
    "name": "Gliscor",
    "percent": 10.33289,
    "usage": 55032,
    "rank": 15
  },
  "2024-06": {
    "name": "Gliscor",
    "percent": 11.63991,
    "usage": 115510,
    "rank": 14
  }
}