{
  "2023-09": {
    "name": "Golem-Alola",
    "percent": 0.1274,
    "usage": 3252,
    "rank": 276
  },
  "2023-09-DLC1": {
    "name": "Golem-Alola",
    "percent": 0.18242,
    "usage": 2697,
    "rank": 242
  },
  "2023-10": {
    "name": "Golem-Alola",
    "percent": 0.10064,
    "usage": 2460,
    "rank": 289
  },
  "2023-11": {
    "name": "Golem-Alola",
    "percent": 0.24767,
    "usage": 2261,
    "rank": 197
  },
  "2023-12": {
    "name": "Golem-Alola",
    "percent": 0.09097,
    "usage": 2199,
    "rank": 312
  },
  "2023-12-DLC2": {
    "name": "Golem-Alola",
    "percent": 0.06127,
    "usage": 819,
    "rank": 360
  },
  "2024-01": {
    "name": "Golem-Alola",
    "percent": 0.30403,
    "usage": 2043,
    "rank": 197
  },
  "2024-02": {
    "name": "Golem-Alola",
    "percent": 0.38902,
    "usage": 2439,
    "rank": 163
  },
  "2024-03": {
    "name": "Golem-Alola",
    "percent": 0.13765,
    "usage": 1762,
    "rank": 272
  },
  "2024-04": {
    "name": "Golem-Alola",
    "percent": 0.08646,
    "usage": 1999,
    "rank": 305
  },
  "2024-05": {
    "name": "Golem-Alola",
    "percent": 0.14367,
    "usage": 876,
    "rank": 246
  },
  "2024-06": {
    "name": "Golem-Alola",
    "percent": 0.04552,
    "usage": 1563,
    "rank": 356
  }
}