{
  "2022-11": {
    "name": "Palafin",
    "percent": 10.45289,
    "usage": 52940,
    "rank": 15
  },
  "2022-12": {
    "name": "Palafin",
    "percent": 21.64828,
    "usage": 133128,
    "rank": 8
  },
  "2023-01": {
    "name": "Palafin",
    "percent": 17.8293,
    "usage": 78154,
    "rank": 10
  },
  "2023-02": {
    "name": "Palafin",
    "percent": 13.3748,
    "usage": 48614,
    "rank": 13
  },
  "2023-03": {
    "name": "Palafin",
    "percent": 17.88265,
    "usage": 40053,
    "rank": 8
  },
  "2023-04": {
    "name": "Palafin",
    "percent": 15.66065,
    "usage": 40881,
    "rank": 11
  },
  "2023-05": {
    "name": "Palafin",
    "percent": 15.82112,
    "usage": 34917,
    "rank": 8
  },
  "2023-06": {
    "name": "Palafin",
    "percent": 3.65664,
    "usage": 25091,
    "rank": 40
  },
  "2023-07": {
    "name": "Palafin",
    "percent": 2.68041,
    "usage": 16855,
    "rank": 42
  },
  "2023-08": {
    "name": "Palafin",
    "percent": 2.0788,
    "usage": 15344,
    "rank": 49
  },
  "2023-09": {
    "name": "Palafin",
    "percent": 2.95506,
    "usage": 16563,
    "rank": 42
  },
  "2023-09-DLC1": {
    "name": "Palafin",
    "percent": 2.58434,
    "usage": 8629,
    "rank": 45
  },
  "2023-10": {
    "name": "Palafin",
    "percent": 2.66622,
    "usage": 18402,
    "rank": 47
  },
  "2023-11": {
    "name": "Palafin",
    "percent": 2.45837,
    "usage": 17581,
    "rank": 49
  },
  "2023-12": {
    "name": "Palafin",
    "percent": 1.63662,
    "usage": 17554,
    "rank": 58
  },
  "2023-12-DLC2": {
    "name": "Palafin",
    "percent": 1.45174,
    "usage": 8235,
    "rank": 60
  },
  "2024-01": {
    "name": "Palafin",
    "percent": 1.81454,
    "usage": 18282,
    "rank": 50
  },
  "2024-02": {
    "name": "Palafin",
    "percent": 1.38855,
    "usage": 15519,
    "rank": 57
  },
  "2024-03": {
    "name": "Palafin",
    "percent": 0.87866,
    "usage": 15857,
    "rank": 67
  },
  "2024-04": {
    "name": "Palafin",
    "percent": 0.76584,
    "usage": 13473,
    "rank": 71
  },
  "2024-05": {
    "name": "Palafin",
    "percent": 0.86299,
    "usage": 6712,
    "rank": 69
  },
  "2024-06": {
    "name": "Palafin",
    "percent": 1.1641,
    "usage": 13254,
    "rank": 58
  }
}