{
  "2023-09": {
    "name": "Manaphy",
    "percent": 8.0064,
    "usage": 264579,
    "rank": 23
  },
  "2023-09-DLC1": {
    "name": "Manaphy",
    "percent": 9.57735,
    "usage": 203763,
    "rank": 16
  },
  "2023-10": {
    "name": "Manaphy",
    "percent": 8.47942,
    "usage": 259531,
    "rank": 23
  },
  "2023-11": {
    "name": "Manaphy",
    "percent": 6.80405,
    "usage": 159284,
    "rank": 28
  },
  "2023-12": {
    "name": "Manaphy",
    "percent": 2.38629,
    "usage": 85219,
    "rank": 66
  },
  "2023-12-DLC2": {
    "name": "Manaphy",
    "percent": 1.14977,
    "usage": 26110,
    "rank": 89
  },
  "2024-01": {
    "name": "Manaphy",
    "percent": 0.85812,
    "usage": 32264,
    "rank": 95
  },
  "2024-02": {
    "name": "Manaphy",
    "percent": 0.81849,
    "usage": 22670,
    "rank": 93
  },
  "2024-03": {
    "name": "Manaphy",
    "percent": 0.99698,
    "usage": 22420,
    "rank": 84
  },
  "2024-04": {
    "name": "Manaphy",
    "percent": 1.43315,
    "usage": 29921,
    "rank": 75
  },
  "2024-05": {
    "name": "Manaphy",
    "percent": 1.66718,
    "usage": 14988,
    "rank": 68
  },
  "2024-06": {
    "name": "Manaphy",
    "percent": 1.77046,
    "usage": 32488,
    "rank": 66
  }
}