{
  "2022-11": {
    "name": "Great Tusk",
    "percent": 23.13149,
    "usage": 1145583,
    "rank": 2
  },
  "2022-12": {
    "name": "Great Tusk",
    "percent": 26.41175,
    "usage": 1748259,
    "rank": 3
  },
  "2023-01": {
    "name": "Great Tusk",
    "percent": 35.78165,
    "usage": 1524297,
    "rank": 1
  },
  "2023-02": {
    "name": "Great Tusk",
    "percent": 41.51056,
    "usage": 1159071,
    "rank": 1
  },
  "2023-03": {
    "name": "Great Tusk",
    "percent": 45.74514,
    "usage": 1296892,
    "rank": 1
  },
  "2023-04": {
    "name": "Great Tusk",
    "percent": 49.93338,
    "usage": 1021818,
    "rank": 1
  },
  "2023-05": {
    "name": "Great Tusk",
    "percent": 46.69391,
    "usage": 1033046,
    "rank": 1
  },
  "2023-06": {
    "name": "Great Tusk",
    "percent": 37.05379,
    "usage": 1308769,
    "rank": 1
  },
  "2023-07": {
    "name": "Great Tusk",
    "percent": 43.19444,
    "usage": 1014918,
    "rank": 1
  },
  "2023-08": {
    "name": "Great Tusk",
    "percent": 39.578,
    "usage": 876426,
    "rank": 1
  },
  "2023-09": {
    "name": "Great Tusk",
    "percent": 33.77868,
    "usage": 1143813,
    "rank": 1
  },
  "2023-09-DLC1": {
    "name": "Great Tusk",
    "percent": 31.45267,
    "usage": 671389,
    "rank": 1
  },
  "2023-10": {
    "name": "Great Tusk",
    "percent": 33.14913,
    "usage": 1020773,
    "rank": 2
  },
  "2023-11": {
    "name": "Great Tusk",
    "percent": 36.43334,
    "usage": 863925,
    "rank": 1
  },
  "2023-12": {
    "name": "Great Tusk",
    "percent": 31.59142,
    "usage": 1026454,
    "rank": 1
  },
  "2023-12-DLC2": {
    "name": "Great Tusk",
    "percent": 30.99343,
    "usage": 570200,
    "rank": 1
  },
  "2024-01": {
    "name": "Great Tusk",
    "percent": 30.13411,
    "usage": 981696,
    "rank": 1
  },
  "2024-02": {
    "name": "Great Tusk",
    "percent": 28.21011,
    "usage": 678105,
    "rank": 1
  },
  "2024-03": {
    "name": "Great Tusk",
    "percent": 30.2452,
    "usage": 682297,
    "rank": 1
  },
  "2024-04": {
    "name": "Great Tusk",
    "percent": 29.59018,
    "usage": 579568,
    "rank": 2
  },
  "2024-05": {
    "name": "Great Tusk",
    "percent": 30.08709,
    "usage": 265333,
    "rank": 1
  },
  "2024-06": {
    "name": "Great Tusk",
    "percent": 28.1321,
    "usage": 488452,
    "rank": 1
  }
}