{
  "2023-01": {
    "name": "Greninja",
    "percent": 0.52004,
    "usage": 1677,
    "rank": 106
  },
  "2023-02": {
    "name": "Greninja",
    "percent": 2.86681,
    "usage": 7493,
    "rank": 45
  },
  "2023-03": {
    "name": "Greninja",
    "percent": 2.05983,
    "usage": 5433,
    "rank": 57
  },
  "2023-04": {
    "name": "Greninja",
    "percent": 1.34659,
    "usage": 4433,
    "rank": 63
  },
  "2023-05": {
    "name": "Greninja",
    "percent": 0.94017,
    "usage": 2778,
    "rank": 81
  },
  "2023-06": {
    "name": "Greninja",
    "percent": 0.56565,
    "usage": 2803,
    "rank": 108
  },
  "2023-07": {
    "name": "Greninja",
    "percent": 0.73278,
    "usage": 3239,
    "rank": 92
  },
  "2023-08": {
    "name": "Greninja",
    "percent": 1.20787,
    "usage": 4761,
    "rank": 71
  },
  "2023-09": {
    "name": "Greninja",
    "percent": 1.4334,
    "usage": 5733,
    "rank": 73
  },
  "2023-09-DLC1": {
    "name": "Greninja",
    "percent": 1.47338,
    "usage": 3300,
    "rank": 73
  },
  "2023-10": {
    "name": "Greninja",
    "percent": 1.10512,
    "usage": 5976,
    "rank": 81
  },
  "2023-11": {
    "name": "Greninja",
    "percent": 1.32218,
    "usage": 6782,
    "rank": 75
  },
  "2023-12": {
    "name": "Greninja",
    "percent": 1.23908,
    "usage": 8077,
    "rank": 91
  },
  "2023-12-DLC2": {
    "name": "Greninja",
    "percent": 0.89988,
    "usage": 3459,
    "rank": 107
  },
  "2024-01": {
    "name": "Greninja",
    "percent": 1.05563,
    "usage": 7218,
    "rank": 99
  },
  "2024-02": {
    "name": "Greninja",
    "percent": 0.92466,
    "usage": 6169,
    "rank": 99
  },
  "2024-03": {
    "name": "Greninja",
    "percent": 0.87474,
    "usage": 7077,
    "rank": 95
  },
  "2024-04": {
    "name": "Greninja",
    "percent": 0.89259,
    "usage": 6311,
    "rank": 92
  },
  "2024-05": {
    "name": "Greninja",
    "percent": 0.96319,
    "usage": 3957,
    "rank": 89
  },
  "2024-06": {
    "name": "Greninja",
    "percent": 1.22659,
    "usage": 7029,
    "rank": 83
  }
}