{
  "2023-09": {
    "name": "Shaymin",
    "percent": 0.00259,
    "usage": 577,
    "rank": 415
  },
  "2023-09-DLC1": {
    "name": "Shaymin",
    "percent": 0.00416,
    "usage": 494,
    "rank": 386
  },
  "2023-10": {
    "name": "Shaymin",
    "percent": 0.00732,
    "usage": 896,
    "rank": 348
  },
  "2023-11": {
    "name": "Shaymin",
    "percent": 0.00806,
    "usage": 688,
    "rank": 336
  },
  "2023-12": {
    "name": "Shaymin",
    "percent": 0.00262,
    "usage": 572,
    "rank": 459
  },
  "2023-12-DLC2": {
    "name": "Shaymin",
    "percent": 0.00156,
    "usage": 195,
    "rank": 467
  },
  "2024-01": {
    "name": "Shaymin",
    "percent": 0.00177,
    "usage": 448,
    "rank": 492
  },
  "2024-02": {
    "name": "Shaymin",
    "percent": 0.01051,
    "usage": 538,
    "rank": 349
  },
  "2024-03": {
    "name": "Shaymin",
    "percent": 0.15886,
    "usage": 567,
    "rank": 154
  },
  "2024-04": {
    "name": "Shaymin",
    "percent": 0.02961,
    "usage": 308,
    "rank": 249
  },
  "2024-05": {
    "name": "Shaymin",
    "percent": 0.00682,
    "usage": 283,
    "rank": 357
  },
  "2024-06": {
    "name": "Shaymin",
    "percent": 0.00049,
    "usage": 258,
    "rank": 527
  }
}