{
  "2023-05": {
    "name": "Volcanion",
    "percent": 0.73782,
    "usage": 18927,
    "rank": 108
  },
  "2023-06": {
    "name": "Volcanion",
    "percent": 4.86903,
    "usage": 194699,
    "rank": 42
  },
  "2023-07": {
    "name": "Volcanion",
    "percent": 4.08172,
    "usage": 109143,
    "rank": 41
  },
  "2023-08": {
    "name": "Volcanion",
    "percent": 2.64715,
    "usage": 66190,
    "rank": 51
  },
  "2023-09": {
    "name": "Volcanion",
    "percent": 1.33368,
    "usage": 51002,
    "rank": 90
  },
  "2023-09-DLC1": {
    "name": "Volcanion",
    "percent": 0.96715,
    "usage": 23307,
    "rank": 102
  },
  "2023-10": {
    "name": "Volcanion",
    "percent": 1.1668,
    "usage": 39884,
    "rank": 87
  },
  "2023-11": {
    "name": "Volcanion",
    "percent": 1.31334,
    "usage": 35184,
    "rank": 80
  },
  "2023-12": {
    "name": "Volcanion",
    "percent": 0.82137,
    "usage": 30592,
    "rank": 115
  },
  "2023-12-DLC2": {
    "name": "Volcanion",
    "percent": 0.61767,
    "usage": 13217,
    "rank": 126
  },
  "2024-01": {
    "name": "Volcanion",
    "percent": 1.03465,
    "usage": 38923,
    "rank": 99
  },
  "2024-02": {
    "name": "Volcanion",
    "percent": 1.14582,
    "usage": 32329,
    "rank": 87
  },
  "2024-03": {
    "name": "Volcanion",
    "percent": 1.17511,
    "usage": 31260,
    "rank": 83
  },
  "2024-04": {
    "name": "Volcanion",
    "percent": 1.00294,
    "usage": 23345,
    "rank": 95
  },
  "2024-05": {
    "name": "Volcanion",
    "percent": 1.12044,
    "usage": 11930,
    "rank": 94
  },
  "2024-06": {
    "name": "Volcanion",
    "percent": 1.07814,
    "usage": 22281,
    "rank": 96
  }
}