{
  "2022-11": {
    "name": "Espeon",
    "percent": 1.42216,
    "usage": 73595,
    "rank": 79
  },
  "2022-12": {
    "name": "Espeon",
    "percent": 1.78369,
    "usage": 124012,
    "rank": 54
  },
  "2023-01": {
    "name": "Espeon",
    "percent": 1.38091,
    "usage": 63046,
    "rank": 64
  },
  "2023-02": {
    "name": "Espeon",
    "percent": 1.12201,
    "usage": 36322,
    "rank": 75
  },
  "2023-03": {
    "name": "Espeon",
    "percent": 1.30029,
    "usage": 46597,
    "rank": 67
  },
  "2023-04": {
    "name": "Espeon",
    "percent": 0.91195,
    "usage": 38313,
    "rank": 75
  },
  "2023-05": {
    "name": "Espeon",
    "percent": 0.83552,
    "usage": 36579,
    "rank": 94
  },
  "2023-06": {
    "name": "Espeon",
    "percent": 0.40476,
    "usage": 32259,
    "rank": 118
  },
  "2023-07": {
    "name": "Espeon",
    "percent": 0.4704,
    "usage": 25973,
    "rank": 105
  },
  "2023-08": {
    "name": "Espeon",
    "percent": 0.40039,
    "usage": 22077,
    "rank": 111
  },
  "2023-09": {
    "name": "Espeon",
    "percent": 0.38918,
    "usage": 26756,
    "rank": 136
  },
  "2023-09-DLC1": {
    "name": "Espeon",
    "percent": 0.37786,
    "usage": 15704,
    "rank": 132
  },
  "2023-10": {
    "name": "Espeon",
    "percent": 0.51498,
    "usage": 31602,
    "rank": 110
  },
  "2023-11": {
    "name": "Espeon",
    "percent": 0.5717,
    "usage": 27968,
    "rank": 104
  },
  "2023-12": {
    "name": "Espeon",
    "percent": 0.42309,
    "usage": 30932,
    "rank": 141
  },
  "2023-12-DLC2": {
    "name": "Espeon",
    "percent": 0.28147,
    "usage": 12400,
    "rank": 158
  },
  "2024-01": {
    "name": "Espeon",
    "percent": 0.43467,
    "usage": 29947,
    "rank": 129
  },
  "2024-02": {
    "name": "Espeon",
    "percent": 0.41147,
    "usage": 23045,
    "rank": 125
  },
  "2024-03": {
    "name": "Espeon",
    "percent": 0.48103,
    "usage": 23802,
    "rank": 121
  },
  "2024-04": {
    "name": "Espeon",
    "percent": 0.42571,
    "usage": 20614,
    "rank": 131
  },
  "2024-05": {
    "name": "Espeon",
    "percent": 0.54516,
    "usage": 12875,
    "rank": 126
  },
  "2024-06": {
    "name": "Espeon",
    "percent": 0.44734,
    "usage": 24102,
    "rank": 132
  }
}