{
  "elos": [
    "0",
    "1500",
    "1695",
    "1825"
  ],
  "firstMonth": "2022-11",
  "0": {
    "2022-11": {
      "name": "Applin",
      "percent": 0.00055,
      "usage": 28,
      "rank": 361
    },
    "2022-12": {
      "name": "Applin",
      "percent": 0.00068,
      "usage": 46,
      "rank": 355
    },
    "2023-01": {
      "name": "Applin",
      "percent": 0.00069,
      "usage": 30,
      "rank": 378
    },
    "2023-02": {
      "name": "Applin",
      "percent": 0.00143,
      "usage": 42,
      "rank": 341
    },
    "2023-03": {
      "name": "Applin",
      "percent": 0.00122,
      "usage": 37,
      "rank": 365
    },
    "2023-04": {
      "name": "Applin",
      "percent": 0.00167,
      "usage": 40,
      "rank": 361
    },
    "2023-05": {
      "name": "Applin",
      "percent": 0.00238,
      "usage": 61,
      "rank": 386
    },
    "2023-06": {
      "name": "Applin",
      "percent": 0.00018,
      "usage": 7,
      "rank": 492
    },
    "2023-07": {
      "name": "Applin",
      "percent": 0.0006,
      "usage": 16,
      "rank": 458
    },
    "2023-08": {
      "name": "Applin",
      "percent": 0.00308,
      "usage": 77,
      "rank": 375
    },
    "2023-09": {
      "name": "Applin",
      "percent": 0.00324,
      "usage": 124,
      "rank": 413
    },
    "2023-09-DLC1": {
      "name": "Applin",
      "percent": 0.00328,
      "usage": 79,
      "rank": 411
    },
    "2023-10": {
      "name": "Applin",
      "percent": 0.00091,
      "usage": 31,
      "rank": 521
    },
    "2023-11": {
      "name": "Applin",
      "percent": 0.00138,
      "usage": 37,
      "rank": 487
    },
    "2023-12": {
      "name": "Applin",
      "percent": 0.0033,
      "usage": 123,
      "rank": 488
    },
    "2023-12-DLC2": {
      "name": "Applin",
      "percent": 0.00355,
      "usage": 76,
      "rank": 483
    },
    "2024-01": {
      "name": "Applin",
      "percent": 0.00452,
      "usage": 170,
      "rank": 484
    },
    "2024-02": {
      "name": "Applin",
      "percent": 0.00624,
      "usage": 176,
      "rank": 475
    },
    "2024-03": {
      "name": "Applin",
      "percent": 0.00327,
      "usage": 87,
      "rank": 520
    },
    "2024-04": {
      "name": "Applin",
      "percent": 0.00404,
      "usage": 94,
      "rank": 509
    },
    "2024-05": {
      "name": "Applin",
      "percent": 0.00263,
      "usage": 28,
      "rank": 539
    },
    "2024-06": {
      "name": "Applin",
      "percent": 0.00135,
      "usage": 28,
      "rank": 611
    }
  },
  "1500": {
    "2022-11": {
      "name": "Applin",
      "percent": 0.00043,
      "usage": 28,
      "rank": 365
    },
    "2022-12": {
      "name": "Applin",
      "percent": 0.00054,
      "usage": 46,
      "rank": 356
    },
    "2023-01": {
      "name": "Applin",
      "percent": 0.00053,
      "usage": 30,
      "rank": 380
    },
    "2023-02": {
      "name": "Applin",
      "percent": 0.00107,
      "usage": 42,
      "rank": 339
    },
    "2023-03": {
      "name": "Applin",
      "percent": 0.00054,
      "usage": 37,
      "rank": 381
    },
    "2023-04": {
      "name": "Applin",
      "percent": 0.0005,
      "usage": 40,
      "rank": 348
    },
    "2023-05": {
      "name": "Applin",
      "percent": 0.00028,
      "usage": 61,
      "rank": 425
    },
    "2023-06": {
      "name": "Applin",
      "percent": 5e-05,
      "usage": 7,
      "rank": 483
    },
    "2023-07": {
      "name": "Applin",
      "percent": 0.00015,
      "usage": 16,
      "rank": 455
    },
    "2023-08": {
      "name": "Applin",
      "percent": 0.0007,
      "usage": 77,
      "rank": 372
    },
    "2023-09": {
      "name": "Applin",
      "percent": 0.00052,
      "usage": 124,
      "rank": 447
    },
    "2023-09-DLC1": {
      "name": "Applin",
      "percent": 0.00029,
      "usage": 79,
      "rank": 481
    },
    "2023-10": {
      "name": "Applin",
      "percent": 0.00013,
      "usage": 31,
      "rank": 548
    },
    "2023-11": {
      "name": "Applin",
      "percent": 0.00024,
      "usage": 37,
      "rank": 512
    },
    "2023-12": {
      "name": "Applin",
      "percent": 0.00083,
      "usage": 123,
      "rank": 500
    },
    "2023-12-DLC2": {
      "name": "Applin",
      "percent": 0.0009,
      "usage": 76,
      "rank": 488
    },
    "2024-01": {
      "name": "Applin",
      "percent": 0.00105,
      "usage": 170,
      "rank": 494
    },
    "2024-02": {
      "name": "Applin",
      "percent": 0.00156,
      "usage": 176,
      "rank": 483
    },
    "2024-03": {
      "name": "Applin",
      "percent": 0.00063,
      "usage": 87,
      "rank": 541
    },
    "2024-04": {
      "name": "Applin",
      "percent": 0.00098,
      "usage": 94,
      "rank": 509
    },
    "2024-05": {
      "name": "Applin",
      "percent": 0.00013,
      "usage": 28,
      "rank": 670
    },
    "2024-06": {
      "name": "Applin",
      "percent": 0.0002,
      "usage": 28,
      "rank": 653
    }
  },
  "1695": {
    "2022-11": {
      "name": "Applin",
      "percent": 0.0,
      "usage": 28,
      "rank": 305
    },
    "2022-12": {
      "name": "Applin",
      "percent": 0.0,
      "usage": 46,
      "rank": 318
    },
    "2023-01": {
      "name": "Applin",
      "percent": 0.0,
      "usage": 30,
      "rank": 334
    },
    "2023-02": {
      "name": "Applin",
      "percent": 0.0,
      "usage": 42,
      "rank": 379
    },
    "2023-03": {
      "name": "Applin",
      "percent": 7e-05,
      "usage": 37,
      "rank": 290
    },
    "2023-04": {
      "name": "Applin",
      "percent": 0.0,
      "usage": 40,
      "rank": 362
    },
    "2023-05": {
      "name": "Applin",
      "percent": 0.0,
      "usage": 61,
      "rank": 433
    },
    "2023-06": {
      "name": "Applin",
      "percent": 0.0,
      "usage": 7,
      "rank": 501
    },
    "2023-07": {
      "name": "Applin",
      "percent": 0.0,
      "usage": 16,
      "rank": 457
    },
    "2023-08": {
      "name": "Applin",
      "percent": 2e-05,
      "usage": 77,
      "rank": 375
    },
    "2023-09": {
      "name": "Applin",
      "percent": 1e-05,
      "usage": 124,
      "rank": 471
    },
    "2023-09-DLC1": {
      "name": "Applin",
      "percent": 0.0,
      "usage": 79,
      "rank": 493
    },
    "2023-10": {
      "name": "Applin",
      "percent": 0.0,
      "usage": 31,
      "rank": 563
    },
    "2023-11": {
      "name": "Applin",
      "percent": 0.0,
      "usage": 37,
      "rank": 540
    },
    "2023-12": {
      "name": "Applin",
      "percent": 1e-05,
      "usage": 123,
      "rank": 541
    },
    "2023-12-DLC2": {
      "name": "Applin",
      "percent": 0.0,
      "usage": 76,
      "rank": 550
    },
    "2024-01": {
      "name": "Applin",
      "percent": 1e-05,
      "usage": 170,
      "rank": 542
    },
    "2024-02": {
      "name": "Applin",
      "percent": 4e-05,
      "usage": 176,
      "rank": 507
    },
    "2024-03": {
      "name": "Applin",
      "percent": 0.0,
      "usage": 87,
      "rank": 697
    },
    "2024-04": {
      "name": "Applin",
      "percent": 0.00037,
      "usage": 94,
      "rank": 441
    },
    "2024-05": {
      "name": "Applin",
      "percent": 0.0,
      "usage": 28,
      "rank": 658
    },
    "2024-06": {
      "name": "Applin",
      "percent": 0.0,
      "usage": 28,
      "rank": 613
    }
  },
  "1825": {
    "2022-11": {
      "name": "Applin",
      "percent": 0.0,
      "usage": 28,
      "rank": 301
    },
    "2022-12": {
      "name": "Applin",
      "percent": 0.0,
      "usage": 46,
      "rank": 306
    },
    "2023-01": {
      "name": "Applin",
      "percent": 0.0,
      "usage": 30,
      "rank": 326
    },
    "2023-02": {
      "name": "Applin",
      "percent": 0.0,
      "usage": 42,
      "rank": 367
    },
    "2023-03": {
      "name": "Applin",
      "percent": 0.0,
      "usage": 37,
      "rank": 290
    },