{
  "elos": [
    "0",
    "1500",
    "1695",
    "1825"
  ],
  "firstMonth": "2022-11",
  "0": {
    "2022-11": {
      "name": "Barraskewda",
      "percent": 1.51784,
      "usage": 76843,
      "rank": 77
    },
    "2022-12": {
      "name": "Barraskewda",
      "percent": 1.59375,
      "usage": 107905,
      "rank": 59
    },
    "2023-01": {
      "name": "Barraskewda",
      "percent": 1.31079,
      "usage": 57371,
      "rank": 67
    },
    "2023-02": {
      "name": "Barraskewda",
      "percent": 1.3586,
      "usage": 39842,
      "rank": 70
    },
    "2023-03": {
      "name": "Barraskewda",
      "percent": 0.87153,
      "usage": 26349,
      "rank": 81
    },
    "2023-04": {
      "name": "Barraskewda",
      "percent": 0.69542,
      "usage": 16614,
      "rank": 100
    },
    "2023-05": {
      "name": "Barraskewda",
      "percent": 0.59086,
      "usage": 15157,
      "rank": 126
    },
    "2023-06": {
      "name": "Barraskewda",
      "percent": 0.57293,
      "usage": 22910,
      "rank": 117
    },
    "2023-07": {
      "name": "Barraskewda",
      "percent": 0.49642,
      "usage": 13274,
      "rank": 122
    },
    "2023-08": {
      "name": "Barraskewda",
      "percent": 0.6768,
      "usage": 16923,
      "rank": 105
    },
    "2023-09": {
      "name": "Barraskewda",
      "percent": 1.23716,
      "usage": 47311,
      "rank": 94
    },
    "2023-09-DLC1": {
      "name": "Barraskewda",
      "percent": 1.45706,
      "usage": 35113,
      "rank": 87
    },
    "2023-10": {
      "name": "Barraskewda",
      "percent": 1.25293,
      "usage": 42828,
      "rank": 83
    },
    "2023-11": {
      "name": "Barraskewda",
      "percent": 1.27721,
      "usage": 34216,
      "rank": 81
    },
    "2023-12": {
      "name": "Barraskewda",
      "percent": 2.76614,
      "usage": 103025,
      "rank": 61
    },
    "2023-12-DLC2": {
      "name": "Barraskewda",
      "percent": 3.46186,
      "usage": 74078,
      "rank": 57
    },
    "2024-01": {
      "name": "Barraskewda",
      "percent": 3.43637,
      "usage": 129274,
      "rank": 48
    },
    "2024-02": {
      "name": "Barraskewda",
      "percent": 6.98053,
      "usage": 196954,
      "rank": 30
    },
    "2024-03": {
      "name": "Barraskewda",
      "percent": 2.81937,
      "usage": 75000,
      "rank": 57
    },
    "2024-04": {
      "name": "Barraskewda",
      "percent": 1.73281,
      "usage": 40334,
      "rank": 68
    },
    "2024-05": {
      "name": "Barraskewda",
      "percent": 2.0771,
      "usage": 22116,
      "rank": 62
    },
    "2024-06": {
      "name": "Barraskewda",
      "percent": 2.02606,
      "usage": 41871,
      "rank": 63
    }
  },
  "1500": {
    "2022-11": {
      "name": "Barraskewda",
      "percent": 1.511,
      "usage": 76843,
      "rank": 76
    },
    "2022-12": {
      "name": "Barraskewda",
      "percent": 1.60367,
      "usage": 107905,
      "rank": 60
    },
    "2023-01": {
      "name": "Barraskewda",
      "percent": 1.30033,
      "usage": 57371,
      "rank": 68
    },
    "2023-02": {
      "name": "Barraskewda",
      "percent": 1.306,
      "usage": 39842,
      "rank": 69
    },
    "2023-03": {
      "name": "Barraskewda",
      "percent": 0.80281,
      "usage": 26349,
      "rank": 80
    },
    "2023-04": {
      "name": "Barraskewda",
      "percent": 0.55206,
      "usage": 16614,
      "rank": 88
    },
    "2023-05": {
      "name": "Barraskewda",
      "percent": 0.50205,
      "usage": 15157,
      "rank": 116
    },
    "2023-06": {
      "name": "Barraskewda",
      "percent": 0.52556,
      "usage": 22910,
      "rank": 108
    },
    "2023-07": {
      "name": "Barraskewda",
      "percent": 0.42869,
      "usage": 13274,
      "rank": 109
    },
    "2023-08": {
      "name": "Barraskewda",
      "percent": 0.61902,
      "usage": 16923,
      "rank": 91
    },
    "2023-09": {
      "name": "Barraskewda",
      "percent": 1.41942,
      "usage": 47311,
      "rank": 85
    },
    "2023-09-DLC1": {
      "name": "Barraskewda",
      "percent": 1.70393,
      "usage": 35113,
      "rank": 77
    },
    "2023-10": {
      "name": "Barraskewda",
      "percent": 1.29601,
      "usage": 42828,
      "rank": 74
    },
    "2023-11": {
      "name": "Barraskewda",
      "percent": 1.31241,
      "usage": 34216,
      "rank": 74
    },
    "2023-12": {
      "name": "Barraskewda",
      "percent": 3.22572,
      "usage": 103025,
      "rank": 57
    },
    "2023-12-DLC2": {
      "name": "Barraskewda",
      "percent": 4.18029,
      "usage": 74078,
      "rank": 45
    },
    "2024-01": {
      "name": "Barraskewda",
      "percent": 4.38004,
      "usage": 129274,
      "rank": 45
    },
    "2024-02": {
      "name": "Barraskewda",
      "percent": 7.81463,
      "usage": 196954,
      "rank": 29
    },
    "2024-03": {
      "name": "Barraskewda",
      "percent": 2.44393,
      "usage": 75000,
      "rank": 56
    },
    "2024-04": {
      "name": "Barraskewda",
      "percent": 1.75575,
      "usage": 40334,
      "rank": 66
    },
    "2024-05": {
      "name": "Barraskewda",
      "percent": 2.32693,
      "usage": 22116,
      "rank": 57
    },
    "2024-06": {
      "name": "Barraskewda",
      "percent": 2.2219,
      "usage": 41871,
      "rank": 56
    }
  },
  "1695": {
    "2022-11": {
      "name": "Barraskewda",
      "percent": 1.12256,
      "usage": 76843,
      "rank": 71
    },
    "2022-12": {
      "name": "Barraskewda",
      "percent": 1.45367,
      "usage": 107905,
      "rank": 53
    },
    "2023-01": {
      "name": "Barraskewda",
      "percent": 0.94354,
      "usage": 57371,
      "rank": 65
    },
    "2023-02": {
      "name": "Barraskewda",
      "percent": 0.6295,
      "usage": 39842,
      "rank": 74
    },
    "2023-03": {
      "name": "Barraskewda",
      "percent": 0.66938,
      "usage": 26349,
      "rank": 71
    },
    "2023-04": {
      "name": "Barraskewda",
      "percent": 0.32039,
      "usage": 16614,
      "rank": 87
    },
    "2023-05": {
      "name": "Barraskewda",
      "percent": 0.25951,
      "usage": 15157,
      "rank": 119
    },
    "2023-06": {
      "name": "Barraskewda",
      "percent": 0.34831,
      "usage": 22910,
      "rank": 105
    },
    "2023-07": {
      "name": "Barraskewda",
      "percent": 0.16047,
      "usage": 13274,
      "rank": 124
    },
    "2023-08": {
      "name": "Barraskewda",
      "percent": 0.22956,
      "usage": 16923,
      "rank": 102
    },
    "2023-09": {
      "name": "Barraskewda",
      "percent": 1.1791,
      "usage": 47311,
      "rank": 81
    },
    "2023-09-DLC1": {
      "name": "Barraskewda",
      "percent": 1.33723,
      "usage": 35113,
      "rank": 77
    },
    "2023-10": {
      "name": "Barraskewda",
      "percent": 1.14701,
      "usage": 42828,
      "rank": 73
    },
    "2023-11": {
      "name": "Barraskewda",
      "percent": 0.90993,
      "usage": 34216,
      "rank": 78
    },
    "2023-12": {
      "name": "Barraskewda",
      "percent": 2.55224,
      "usage": 103025,
      "rank": 66
    },
    "2023-12-DLC2": {
      "name": "Barraskewda",
      "percent": 3.45897,
      "usage": 74078,
      "rank": 54
    },
    "2024-01": {
      "name": "Barraskewda",
      "percent": 6.24219,
      "usage": 129274,
      "rank": 37
    },
    "2024-02": {
      "name": "Barraskewda",
      "percent": 7.01174,
      "usage": 196954,
      "rank": 32
    },
    "2024-03": {
      "name": "Barraskewda",
      "percent": 1.54021,
      "usage": 75000,
      "rank": 67
    },
    "2024-04": {
      "name": "Barraskewda",
      "percent": 1.46976,
      "usage": 40334,
      "rank": 68
    },
    "2024-05": {
      "name": "Barraskewda",
      "percent": 1.19296,
      "usage": 22116,
      "rank": 76
    },
    "2024-06": {
      "name": "Barraskewda",
      "percent": 1.27917,
      "usage": 41871,
      "rank": 76
    }
  },