{
  "elos": [
    "0",
    "1500",
    "1695",
    "1825"
  ],
  "firstMonth": "2022-11",
  "0": {
    "2022-11": {
      "name": "Cloyster",
      "percent": 1.58776,
      "usage": 80383,
      "rank": 74
    },
    "2022-12": {
      "name": "Cloyster",
      "percent": 1.22347,
      "usage": 82835,
      "rank": 69
    },
    "2023-01": {
      "name": "Cloyster",
      "percent": 0.97813,
      "usage": 42811,
      "rank": 80
    },
    "2023-02": {
      "name": "Cloyster",
      "percent": 1.16679,
      "usage": 34217,
      "rank": 76
    },
    "2023-03": {
      "name": "Cloyster",
      "percent": 1.15893,
      "usage": 35038,
      "rank": 74
    },
    "2023-04": {
      "name": "Cloyster",
      "percent": 1.09457,
      "usage": 26150,
      "rank": 77
    },
    "2023-05": {
      "name": "Cloyster",
      "percent": 0.96902,
      "usage": 24858,
      "rank": 97
    },
    "2023-06": {
      "name": "Cloyster",
      "percent": 0.59369,
      "usage": 23740,
      "rank": 115
    },
    "2023-07": {
      "name": "Cloyster",
      "percent": 0.83184,
      "usage": 22243,
      "rank": 96
    },
    "2023-08": {
      "name": "Cloyster",
      "percent": 0.89941,
      "usage": 22489,
      "rank": 87
    },
    "2023-09": {
      "name": "Cloyster",
      "percent": 0.76271,
      "usage": 29167,
      "rank": 111
    },
    "2023-09-DLC1": {
      "name": "Cloyster",
      "percent": 0.80113,
      "usage": 19306,
      "rank": 109
    },
    "2023-10": {
      "name": "Cloyster",
      "percent": 0.84585,
      "usage": 28913,
      "rank": 101
    },
    "2023-11": {
      "name": "Cloyster",
      "percent": 0.8127,
      "usage": 21772,
      "rank": 104
    },
    "2023-12": {
      "name": "Cloyster",
      "percent": 0.60505,
      "usage": 22535,
      "rank": 137
    },
    "2023-12-DLC2": {
      "name": "Cloyster",
      "percent": 0.47107,
      "usage": 10080,
      "rank": 151
    },
    "2024-01": {
      "name": "Cloyster",
      "percent": 0.57813,
      "usage": 21749,
      "rank": 135
    },
    "2024-02": {
      "name": "Cloyster",
      "percent": 0.7226,
      "usage": 20388,
      "rank": 118
    },
    "2024-03": {
      "name": "Cloyster",
      "percent": 0.85205,
      "usage": 22666,
      "rank": 105
    },
    "2024-04": {
      "name": "Cloyster",
      "percent": 0.86525,
      "usage": 20140,
      "rank": 108
    },
    "2024-05": {
      "name": "Cloyster",
      "percent": 1.02136,
      "usage": 10875,
      "rank": 101
    },
    "2024-06": {
      "name": "Cloyster",
      "percent": 1.01131,
      "usage": 20900,
      "rank": 104
    }
  },
  "1500": {
    "2022-11": {
      "name": "Cloyster",
      "percent": 1.55273,
      "usage": 80383,
      "rank": 75
    },
    "2022-12": {
      "name": "Cloyster",
      "percent": 1.1843,
      "usage": 82835,
      "rank": 69
    },
    "2023-01": {
      "name": "Cloyster",
      "percent": 0.93253,
      "usage": 42811,
      "rank": 80
    },
    "2023-02": {
      "name": "Cloyster",
      "percent": 1.10324,
      "usage": 34217,
      "rank": 77
    },
    "2023-03": {
      "name": "Cloyster",
      "percent": 1.07824,
      "usage": 35038,
      "rank": 72
    },
    "2023-04": {
      "name": "Cloyster",
      "percent": 0.88906,
      "usage": 26150,
      "rank": 76
    },
    "2023-05": {
      "name": "Cloyster",
      "percent": 0.66,
      "usage": 24858,
      "rank": 107
    },
    "2023-06": {
      "name": "Cloyster",
      "percent": 0.3738,
      "usage": 23740,
      "rank": 122
    },
    "2023-07": {
      "name": "Cloyster",
      "percent": 0.45417,
      "usage": 22243,
      "rank": 106
    },
    "2023-08": {
      "name": "Cloyster",
      "percent": 0.45562,
      "usage": 22489,
      "rank": 105
    },
    "2023-09": {
      "name": "Cloyster",
      "percent": 0.44175,
      "usage": 29167,
      "rank": 129
    },
    "2023-09-DLC1": {
      "name": "Cloyster",
      "percent": 0.46228,
      "usage": 19306,
      "rank": 124
    },
    "2023-10": {
      "name": "Cloyster",
      "percent": 0.50385,
      "usage": 28913,
      "rank": 111
    },
    "2023-11": {
      "name": "Cloyster",
      "percent": 0.41478,
      "usage": 21772,
      "rank": 123
    },
    "2023-12": {
      "name": "Cloyster",
      "percent": 0.28733,
      "usage": 22535,
      "rank": 161
    },
    "2023-12-DLC2": {
      "name": "Cloyster",
      "percent": 0.23751,
      "usage": 10080,
      "rank": 167
    },
    "2024-01": {
      "name": "Cloyster",
      "percent": 0.29072,
      "usage": 21749,
      "rank": 146
    },
    "2024-02": {
      "name": "Cloyster",
      "percent": 0.33463,
      "usage": 20388,
      "rank": 140
    },
    "2024-03": {
      "name": "Cloyster",
      "percent": 0.43214,
      "usage": 22666,
      "rank": 128
    },
    "2024-04": {
      "name": "Cloyster",
      "percent": 0.43916,
      "usage": 20140,
      "rank": 124
    },
    "2024-05": {
      "name": "Cloyster",
      "percent": 0.47432,
      "usage": 10875,
      "rank": 135
    },
    "2024-06": {
      "name": "Cloyster",
      "percent": 0.52145,
      "usage": 20900,
      "rank": 119
    }
  },
  "1695": {
    "2022-11": {
      "name": "Cloyster",
      "percent": 0.94859,
      "usage": 80383,
      "rank": 74
    },
    "2022-12": {
      "name": "Cloyster",
      "percent": 0.33745,
      "usage": 82835,
      "rank": 84
    },
    "2023-01": {
      "name": "Cloyster",
      "percent": 0.47077,
      "usage": 42811,
      "rank": 83
    },
    "2023-02": {
      "name": "Cloyster",
      "percent": 1.19264,
      "usage": 34217,
      "rank": 60
    },
    "2023-03": {
      "name": "Cloyster",
      "percent": 1.23059,
      "usage": 35038,
      "rank": 58
    },
    "2023-04": {
      "name": "Cloyster",
      "percent": 1.10538,
      "usage": 26150,
      "rank": 65
    },
    "2023-05": {
      "name": "Cloyster",
      "percent": 0.46445,
      "usage": 24858,
      "rank": 101
    },
    "2023-06": {
      "name": "Cloyster",
      "percent": 0.12678,
      "usage": 23740,
      "rank": 135
    },
    "2023-07": {
      "name": "Cloyster",
      "percent": 0.13197,
      "usage": 22243,
      "rank": 132
    },
    "2023-08": {
      "name": "Cloyster",
      "percent": 0.15497,
      "usage": 22489,
      "rank": 118
    },
    "2023-09": {
      "name": "Cloyster",
      "percent": 0.13457,
      "usage": 29167,
      "rank": 156
    },
    "2023-09-DLC1": {
      "name": "Cloyster",
      "percent": 0.13106,
      "usage": 19306,
      "rank": 151
    },
    "2023-10": {
      "name": "Cloyster",
      "percent": 0.18996,
      "usage": 28913,
      "rank": 130
    },
    "2023-11": {
      "name": "Cloyster",
      "percent": 0.07415,
      "usage": 21772,
      "rank": 161
    },
    "2023-12": {
      "name": "Cloyster",
      "percent": 0.05796,
      "usage": 22535,
      "rank": 214
    },
    "2023-12-DLC2": {
      "name": "Cloyster",
      "percent": 0.04672,
      "usage": 10080,
      "rank": 210
    },
    "2024-01": {
      "name": "Cloyster",
      "percent": 0.16155,
      "usage": 21749,
      "rank": 148
    },
    "2024-02": {
      "name": "Cloyster",
      "percent": 0.06981,
      "usage": 20388,
      "rank": 178
    },
    "2024-03": {
      "name": "Cloyster",
      "percent": 0.11637,
      "usage": 22666,
      "rank": 166
    },
    "2024-04": {
      "name": "Cloyster",
      "percent": 0.18197,
      "usage": 20140,
      "rank": 140
    },
    "2024-05": {
      "name": "Cloyster",
      "percent": 0.12225,
      "usage": 10875,
      "rank": 155
    },
    "2024-06": {
      "name": "Cloyster",
      "percent": 0.19528,
      "usage": 20900,
      "rank": 142
    }
  },
  "1825": {
    "2022-11": {
      "name": "Cloyster",
      "percent": 1.0691,
      "usage": 80383,
      "rank": 71
    },
    "2022-12": {
      "name": "Cloyster",
      "percent": 0.1192,