{
  "elos": [
    "0",
    "1500",
    "1695",
    "1825"
  ],
  "firstMonth": "2022-11",
  "0": {
    "2022-11": {
      "name": "Drakloak",
      "percent": 0.00186,
      "usage": 94,
      "rank": 297
    },
    "2022-12": {
      "name": "Drakloak",
      "percent": 0.00179,
      "usage": 121,
      "rank": 305
    },
    "2023-01": {
      "name": "Drakloak",
      "percent": 0.00491,
      "usage": 215,
      "rank": 276
    },
    "2023-02": {
      "name": "Drakloak",
      "percent": 0.00321,
      "usage": 94,
      "rank": 297
    },
    "2023-03": {
      "name": "Drakloak",
      "percent": 0.00569,
      "usage": 172,
      "rank": 286
    },
    "2023-04": {
      "name": "Drakloak",
      "percent": 0.00452,
      "usage": 108,
      "rank": 307
    },
    "2023-05": {
      "name": "Drakloak",
      "percent": 0.00257,
      "usage": 66,
      "rank": 380
    },
    "2023-06": {
      "name": "Drakloak",
      "percent": 0.00415,
      "usage": 166,
      "rank": 328
    },
    "2023-07": {
      "name": "Drakloak",
      "percent": 0.00288,
      "usage": 77,
      "rank": 356
    },
    "2023-08": {
      "name": "Drakloak",
      "percent": 0.0032,
      "usage": 80,
      "rank": 368
    },
    "2023-09": {
      "name": "Drakloak",
      "percent": 0.00178,
      "usage": 68,
      "rank": 453
    },
    "2023-09-DLC1": {
      "name": "Drakloak",
      "percent": 0.00187,
      "usage": 45,
      "rank": 448
    },
    "2023-10": {
      "name": "Drakloak",
      "percent": 0.00436,
      "usage": 149,
      "rank": 403
    },
    "2023-11": {
      "name": "Drakloak",
      "percent": 0.00265,
      "usage": 71,
      "rank": 443
    },
    "2023-12": {
      "name": "Drakloak",
      "percent": 0.00274,
      "usage": 102,
      "rank": 507
    },
    "2023-12-DLC2": {
      "name": "Drakloak",
      "percent": 0.00285,
      "usage": 61,
      "rank": 494
    },
    "2024-01": {
      "name": "Drakloak",
      "percent": 0.00274,
      "usage": 103,
      "rank": 527
    },
    "2024-02": {
      "name": "Drakloak",
      "percent": 0.00486,
      "usage": 137,
      "rank": 487
    },
    "2024-03": {
      "name": "Drakloak",
      "percent": 0.00192,
      "usage": 51,
      "rank": 564
    },
    "2024-04": {
      "name": "Drakloak",
      "percent": 0.00292,
      "usage": 68,
      "rank": 543
    },
    "2024-05": {
      "name": "Drakloak",
      "percent": 0.00319,
      "usage": 34,
      "rank": 527
    },
    "2024-06": {
      "name": "Drakloak",
      "percent": 0.00498,
      "usage": 103,
      "rank": 491
    }
  },
  "1500": {
    "2022-11": {
      "name": "Drakloak",
      "percent": 0.00153,
      "usage": 94,
      "rank": 298
    },
    "2022-12": {
      "name": "Drakloak",
      "percent": 0.00142,
      "usage": 121,
      "rank": 309
    },
    "2023-01": {
      "name": "Drakloak",
      "percent": 0.00411,
      "usage": 215,
      "rank": 275
    },
    "2023-02": {
      "name": "Drakloak",
      "percent": 0.002,
      "usage": 94,
      "rank": 304
    },
    "2023-03": {
      "name": "Drakloak",
      "percent": 0.00505,
      "usage": 172,
      "rank": 272
    },
    "2023-04": {
      "name": "Drakloak",
      "percent": 0.0029,
      "usage": 108,
      "rank": 264
    },
    "2023-05": {
      "name": "Drakloak",
      "percent": 0.00085,
      "usage": 66,
      "rank": 369
    },
    "2023-06": {
      "name": "Drakloak",
      "percent": 0.00318,
      "usage": 166,
      "rank": 309
    },
    "2023-07": {
      "name": "Drakloak",
      "percent": 0.00126,
      "usage": 77,
      "rank": 336
    },
    "2023-08": {
      "name": "Drakloak",
      "percent": 0.00094,
      "usage": 80,
      "rank": 358
    },
    "2023-09": {
      "name": "Drakloak",
      "percent": 0.00056,
      "usage": 68,
      "rank": 443
    },
    "2023-09-DLC1": {
      "name": "Drakloak",
      "percent": 0.00075,
      "usage": 45,
      "rank": 420
    },
    "2023-10": {
      "name": "Drakloak",
      "percent": 0.00111,
      "usage": 149,
      "rank": 409
    },
    "2023-11": {
      "name": "Drakloak",
      "percent": 0.00049,
      "usage": 71,
      "rank": 467
    },
    "2023-12": {
      "name": "Drakloak",
      "percent": 0.00083,
      "usage": 102,
      "rank": 498
    },
    "2023-12-DLC2": {
      "name": "Drakloak",
      "percent": 0.00016,
      "usage": 61,
      "rank": 599
    },
    "2024-01": {
      "name": "Drakloak",
      "percent": 0.00045,
      "usage": 103,
      "rank": 549
    },
    "2024-02": {
      "name": "Drakloak",
      "percent": 0.00109,
      "usage": 137,
      "rank": 498
    },
    "2024-03": {
      "name": "Drakloak",
      "percent": 0.00024,
      "usage": 51,
      "rank": 616
    },
    "2024-04": {
      "name": "Drakloak",
      "percent": 0.0008,
      "usage": 68,
      "rank": 522
    },
    "2024-05": {
      "name": "Drakloak",
      "percent": 0.00058,
      "usage": 34,
      "rank": 552
    },
    "2024-06": {
      "name": "Drakloak",
      "percent": 0.00124,
      "usage": 103,
      "rank": 506
    }
  },
  "1695": {
    "2022-11": {
      "name": "Drakloak",
      "percent": 0.0,
      "usage": 94,
      "rank": 333
    },
    "2022-12": {
      "name": "Drakloak",
      "percent": 0.0,
      "usage": 121,
      "rank": 275
    },
    "2023-01": {
      "name": "Drakloak",
      "percent": 2e-05,
      "usage": 215,
      "rank": 260
    },
    "2023-02": {
      "name": "Drakloak",
      "percent": 0.0,
      "usage": 94,
      "rank": 387
    },
    "2023-03": {
      "name": "Drakloak",
      "percent": 0.00033,
      "usage": 172,
      "rank": 266
    },
    "2023-04": {
      "name": "Drakloak",
      "percent": 0.00012,
      "usage": 108,
      "rank": 283
    },
    "2023-05": {
      "name": "Drakloak",
      "percent": 8e-05,
      "usage": 66,
      "rank": 347
    },
    "2023-06": {
      "name": "Drakloak",
      "percent": 0.00167,
      "usage": 166,
      "rank": 276
    },
    "2023-07": {
      "name": "Drakloak",
      "percent": 3e-05,
      "usage": 77,
      "rank": 350
    },
    "2023-08": {
      "name": "Drakloak",
      "percent": 4e-05,
      "usage": 80,
      "rank": 358
    },
    "2023-09": {
      "name": "Drakloak",
      "percent": 8e-05,
      "usage": 68,
      "rank": 410
    },
    "2023-09-DLC1": {
      "name": "Drakloak",
      "percent": 0.00012,
      "usage": 45,
      "rank": 383
    },
    "2023-10": {
      "name": "Drakloak",
      "percent": 4e-05,
      "usage": 149,
      "rank": 432
    },
    "2023-11": {
      "name": "Drakloak",
      "percent": 1e-05,
      "usage": 71,
      "rank": 453
    },
    "2023-12": {
      "name": "Drakloak",
      "percent": 0.00054,
      "usage": 102,
      "rank": 432
    },
    "2023-12-DLC2": {
      "name": "Drakloak",
      "percent": 0.0,
      "usage": 61,
      "rank": 547
    },
    "2024-01": {
      "name": "Drakloak",
      "percent": 0.0,
      "usage": 103,
      "rank": 714
    },
    "2024-02": {
      "name": "Drakloak",
      "percent": 7e-05,
      "usage": 137,
      "rank": 490
    },
    "2024-03": {
      "name": "Drakloak",
      "percent": 0.0,
      "usage": 51,
      "rank": 603
    },
    "2024-04": {
      "name": "Drakloak",
      "percent": 0.0003,
      "usage": 68,
      "rank": 448
    },
    "2024-05": {
      "name": "Drakloak",
      "percent": 0.0,
      "usage": 34,
      "rank": 681
    },
    "2024-06": {
      "name": "Drakloak",
      "percent": 0.00011,
      "usage": 103,
      "rank": 482
    }
  },
  "1825": {
    "2022-11": {
      "name": "Drakloak",
      "percent": 0.0,
      "usage": 94,
      "rank": 330
    },
    "2022-12": {
      "name": "Drakloak",
      "percent": 0.0,
      "usage": 121,
      "rank": 271
    },
    "2023-01": {
      "name": "Drakloak",
      "percent": 0.0,
      "usage": 215,
      "rank": 250
    },
    "2023-02": {
      "name": "Drakloak",