{
  "elos": [
    "0",
    "1500",
    "1695",
    "1825"
  ],
  "firstMonth": "2022-11",
  "0": {
    "2023-09": {
      "name": "Furret",
      "percent": 0.43372,
      "usage": 16586,
      "rank": 154
    },
    "2023-09-DLC1": {
      "name": "Furret",
      "percent": 0.53132,
      "usage": 12804,
      "rank": 135
    },
    "2023-10": {
      "name": "Furret",
      "percent": 0.17012,
      "usage": 5815,
      "rank": 213
    },
    "2023-11": {
      "name": "Furret",
      "percent": 0.10198,
      "usage": 2732,
      "rank": 265
    },
    "2023-12": {
      "name": "Furret",
      "percent": 0.06506,
      "usage": 2423,
      "rank": 344
    },
    "2023-12-DLC2": {
      "name": "Furret",
      "percent": 0.06192,
      "usage": 1325,
      "rank": 332
    },
    "2024-01": {
      "name": "Furret",
      "percent": 0.06781,
      "usage": 2551,
      "rank": 339
    },
    "2024-02": {
      "name": "Furret",
      "percent": 0.0594,
      "usage": 1676,
      "rank": 356
    },
    "2024-03": {
      "name": "Furret",
      "percent": 0.06909,
      "usage": 1838,
      "rank": 340
    },
    "2024-04": {
      "name": "Furret",
      "percent": 0.05808,
      "usage": 1352,
      "rank": 358
    },
    "2024-05": {
      "name": "Furret",
      "percent": 0.03466,
      "usage": 369,
      "rank": 402
    },
    "2024-06": {
      "name": "Furret",
      "percent": 0.04007,
      "usage": 828,
      "rank": 391
    }
  },
  "1500": {
    "2023-09": {
      "name": "Furret",
      "percent": 0.21273,
      "usage": 16586,
      "rank": 169
    },
    "2023-09-DLC1": {
      "name": "Furret",
      "percent": 0.2415,
      "usage": 12804,
      "rank": 157
    },
    "2023-10": {
      "name": "Furret",
      "percent": 0.05854,
      "usage": 5815,
      "rank": 238
    },
    "2023-11": {
      "name": "Furret",
      "percent": 0.0276,
      "usage": 2732,
      "rank": 286
    },
    "2023-12": {
      "name": "Furret",
      "percent": 0.02095,
      "usage": 2423,
      "rank": 361
    },
    "2023-12-DLC2": {
      "name": "Furret",
      "percent": 0.01926,
      "usage": 1325,
      "rank": 349
    },
    "2024-01": {
      "name": "Furret",
      "percent": 0.02345,
      "usage": 2551,
      "rank": 347
    },
    "2024-02": {
      "name": "Furret",
      "percent": 0.02332,
      "usage": 1676,
      "rank": 357
    },
    "2024-03": {
      "name": "Furret",
      "percent": 0.02723,
      "usage": 1838,
      "rank": 340
    },
    "2024-04": {
      "name": "Furret",
      "percent": 0.01959,
      "usage": 1352,
      "rank": 356
    },
    "2024-05": {
      "name": "Furret",
      "percent": 0.01006,
      "usage": 369,
      "rank": 404
    },
    "2024-06": {
      "name": "Furret",
      "percent": 0.00756,
      "usage": 828,
      "rank": 420
    }
  },
  "1695": {
    "2023-09": {
      "name": "Furret",
      "percent": 0.04798,
      "usage": 16586,
      "rank": 201
    },
    "2023-09-DLC1": {
      "name": "Furret",
      "percent": 0.04568,
      "usage": 12804,
      "rank": 202
    },
    "2023-10": {
      "name": "Furret",
      "percent": 0.00878,
      "usage": 5815,
      "rank": 257
    },
    "2023-11": {
      "name": "Furret",
      "percent": 0.00778,
      "usage": 2732,
      "rank": 265
    },
    "2023-12": {
      "name": "Furret",
      "percent": 0.01824,
      "usage": 2423,
      "rank": 285
    },
    "2023-12-DLC2": {
      "name": "Furret",
      "percent": 0.00862,
      "usage": 1325,
      "rank": 298
    },
    "2024-01": {
      "name": "Furret",
      "percent": 0.00483,
      "usage": 2551,
      "rank": 343
    },
    "2024-02": {
      "name": "Furret",
      "percent": 0.00257,
      "usage": 1676,
      "rank": 366
    },
    "2024-03": {
      "name": "Furret",
      "percent": 0.00174,
      "usage": 1838,
      "rank": 395
    },
    "2024-04": {
      "name": "Furret",
      "percent": 0.0005,
      "usage": 1352,
      "rank": 431
    },
    "2024-05": {
      "name": "Furret",
      "percent": 0.00107,
      "usage": 369,
      "rank": 396
    },
    "2024-06": {
      "name": "Furret",
      "percent": 0.00071,
      "usage": 828,
      "rank": 416
    }
  },
  "1825": {
    "2023-09": {
      "name": "Furret",
      "percent": 0.03106,
      "usage": 16586,
      "rank": 195
    },
    "2023-09-DLC1": {
      "name": "Furret",
      "percent": 0.02801,
      "usage": 12804,
      "rank": 186
    },
    "2023-10": {
      "name": "Furret",
      "percent": 0.01421,
      "usage": 5815,
      "rank": 206
    },
    "2023-11": {
      "name": "Furret",
      "percent": 0.00606,
      "usage": 2732,
      "rank": 242
    },
    "2023-12": {
      "name": "Furret",
      "percent": 0.00334,
      "usage": 2423,
      "rank": 321
    },
    "2023-12-DLC2": {
      "name": "Furret",
      "percent": 0.00471,
      "usage": 1325,
      "rank": 276
    },
    "2024-01": {
      "name": "Furret",
      "percent": 0.00298,
      "usage": 2551,
      "rank": 317
    },
    "2024-02": {
      "name": "Furret",
      "percent": 0.00052,
      "usage": 1676,
      "rank": 385
    },
    "2024-03": {
      "name": "Furret",
      "percent": 0.00037,
      "usage": 1838,
      "rank": 393
    },
    "2024-04": {
      "name": "Furret",
      "percent": 6e-05,
      "usage": 1352,
      "rank": 447
    },
    "2024-05": {
      "name": "Furret",
      "percent": 7e-05,
      "usage": 369,
      "rank": 421
    },
    "2024-06": {
      "name": "Furret",
      "percent": 0.00027,
      "usage": 828,
      "rank": 402
    }
  }
}