{
  "elos": [
    "0",
    "1500",
    "1695",
    "1825"
  ],
  "firstMonth": "2022-11",
  "0": {
    "2023-12": {
      "name": "Gloom",
      "percent": 0.00314,
      "usage": 117,
      "rank": 494
    },
    "2023-12-DLC2": {
      "name": "Gloom",
      "percent": 0.00477,
      "usage": 102,
      "rank": 467
    },
    "2024-01": {
      "name": "Gloom",
      "percent": 0.00502,
      "usage": 189,
      "rank": 479
    },
    "2024-02": {
      "name": "Gloom",
      "percent": 0.00737,
      "usage": 208,
      "rank": 469
    },
    "2024-03": {
      "name": "Gloom",
      "percent": 0.01019,
      "usage": 271,
      "rank": 455
    },
    "2024-04": {
      "name": "Gloom",
      "percent": 0.00507,
      "usage": 118,
      "rank": 488
    },
    "2024-05": {
      "name": "Gloom",
      "percent": 0.01784,
      "usage": 190,
      "rank": 435
    },
    "2024-06": {
      "name": "Gloom",
      "percent": 0.0226,
      "usage": 467,
      "rank": 423
    }
  },
  "1500": {
    "2023-12": {
      "name": "Gloom",
      "percent": 0.00099,
      "usage": 117,
      "rank": 490
    },
    "2023-12-DLC2": {
      "name": "Gloom",
      "percent": 0.00131,
      "usage": 102,
      "rank": 467
    },
    "2024-01": {
      "name": "Gloom",
      "percent": 0.00196,
      "usage": 189,
      "rank": 465
    },
    "2024-02": {
      "name": "Gloom",
      "percent": 0.00357,
      "usage": 208,
      "rank": 446
    },
    "2024-03": {
      "name": "Gloom",
      "percent": 0.00991,
      "usage": 271,
      "rank": 407
    },
    "2024-04": {
      "name": "Gloom",
      "percent": 0.00058,
      "usage": 118,
      "rank": 541
    },
    "2024-05": {
      "name": "Gloom",
      "percent": 0.01284,
      "usage": 190,
      "rank": 392
    },
    "2024-06": {
      "name": "Gloom",
      "percent": 0.02274,
      "usage": 467,
      "rank": 361
    }
  },
  "1695": {
    "2023-12": {
      "name": "Gloom",
      "percent": 4e-05,
      "usage": 117,
      "rank": 506
    },
    "2023-12-DLC2": {
      "name": "Gloom",
      "percent": 7e-05,
      "usage": 102,
      "rank": 482
    },
    "2024-01": {
      "name": "Gloom",
      "percent": 0.0,
      "usage": 189,
      "rank": 611
    },
    "2024-02": {
      "name": "Gloom",
      "percent": 0.00235,
      "usage": 208,
      "rank": 372
    },
    "2024-03": {
      "name": "Gloom",
      "percent": 0.00603,
      "usage": 271,
      "rank": 333
    },
    "2024-04": {
      "name": "Gloom",
      "percent": 0.0,
      "usage": 118,
      "rank": 586
    },
    "2024-05": {
      "name": "Gloom",
      "percent": 0.00038,
      "usage": 190,
      "rank": 420
    },
    "2024-06": {
      "name": "Gloom",
      "percent": 0.00043,
      "usage": 467,
      "rank": 435
    }
  },
  "1825": {
    "2023-12": {
      "name": "Gloom",
      "percent": 1e-05,
      "usage": 117,
      "rank": 512
    },
    "2023-12-DLC2": {
      "name": "Gloom",
      "percent": 1e-05,
      "usage": 102,
      "rank": 475
    },
    "2024-01": {
      "name": "Gloom",
      "percent": 0.0,
      "usage": 189,
      "rank": 636
    },
    "2024-02": {
      "name": "Gloom",
      "percent": 0.00124,
      "usage": 208,
      "rank": 341
    },
    "2024-03": {
      "name": "Gloom",
      "percent": 0.00273,
      "usage": 271,
      "rank": 304
    },
    "2024-04": {
      "name": "Gloom",
      "percent": 0.0,
      "usage": 118,
      "rank": 585
    },
    "2024-05": {
      "name": "Gloom",
      "percent": 9e-05,
      "usage": 190,
      "rank": 415
    },
    "2024-06": {
      "name": "Gloom",
      "percent": 1e-05,
      "usage": 467,
      "rank": 489
    }
  }
}