{
  "elos": [
    "0",
    "1500",
    "1695",
    "1825"
  ],
  "firstMonth": "2022-11",
  "0": {
    "2022-11": {
      "name": "Hattrem",
      "percent": 0.01843,
      "usage": 933,
      "rank": 232
    },
    "2022-12": {
      "name": "Hattrem",
      "percent": 0.03599,
      "usage": 2437,
      "rank": 218
    },
    "2023-01": {
      "name": "Hattrem",
      "percent": 0.0533,
      "usage": 2333,
      "rank": 211
    },
    "2023-02": {
      "name": "Hattrem",
      "percent": 0.07563,
      "usage": 2218,
      "rank": 196
    },
    "2023-03": {
      "name": "Hattrem",
      "percent": 0.06354,
      "usage": 1921,
      "rank": 200
    },
    "2023-04": {
      "name": "Hattrem",
      "percent": 0.046,
      "usage": 1099,
      "rank": 221
    },
    "2023-05": {
      "name": "Hattrem",
      "percent": 0.04502,
      "usage": 1155,
      "rank": 271
    },
    "2023-06": {
      "name": "Hattrem",
      "percent": 0.0135,
      "usage": 540,
      "rank": 299
    },
    "2023-07": {
      "name": "Hattrem",
      "percent": 0.0236,
      "usage": 631,
      "rank": 285
    },
    "2023-08": {
      "name": "Hattrem",
      "percent": 0.01288,
      "usage": 322,
      "rank": 306
    },
    "2023-09": {
      "name": "Hattrem",
      "percent": 0.0125,
      "usage": 478,
      "rank": 360
    },
    "2023-09-DLC1": {
      "name": "Hattrem",
      "percent": 0.01328,
      "usage": 320,
      "rank": 355
    },
    "2023-10": {
      "name": "Hattrem",
      "percent": 0.02238,
      "usage": 765,
      "rank": 343
    },
    "2023-11": {
      "name": "Hattrem",
      "percent": 0.01504,
      "usage": 403,
      "rank": 356
    },
    "2023-12": {
      "name": "Hattrem",
      "percent": 0.00797,
      "usage": 297,
      "rank": 450
    },
    "2023-12-DLC2": {
      "name": "Hattrem",
      "percent": 0.00893,
      "usage": 191,
      "rank": 437
    },
    "2024-01": {
      "name": "Hattrem",
      "percent": 0.00999,
      "usage": 376,
      "rank": 446
    },
    "2024-02": {
      "name": "Hattrem",
      "percent": 0.01365,
      "usage": 385,
      "rank": 437
    },
    "2024-03": {
      "name": "Hattrem",
      "percent": 0.00959,
      "usage": 255,
      "rank": 457
    },
    "2024-04": {
      "name": "Hattrem",
      "percent": 0.0098,
      "usage": 228,
      "rank": 458
    },
    "2024-05": {
      "name": "Hattrem",
      "percent": 0.00883,
      "usage": 94,
      "rank": 461
    },
    "2024-06": {
      "name": "Hattrem",
      "percent": 0.00663,
      "usage": 137,
      "rank": 476
    }
  },
  "1500": {
    "2022-11": {
      "name": "Hattrem",
      "percent": 0.01771,
      "usage": 933,
      "rank": 231
    },
    "2022-12": {
      "name": "Hattrem",
      "percent": 0.03651,
      "usage": 2437,
      "rank": 215
    },
    "2023-01": {
      "name": "Hattrem",
      "percent": 0.05226,
      "usage": 2333,
      "rank": 207
    },
    "2023-02": {
      "name": "Hattrem",
      "percent": 0.07097,
      "usage": 2218,
      "rank": 194
    },
    "2023-03": {
      "name": "Hattrem",
      "percent": 0.0599,
      "usage": 1921,
      "rank": 193
    },
    "2023-04": {
      "name": "Hattrem",
      "percent": 0.04543,
      "usage": 1099,
      "rank": 189
    },
    "2023-05": {
      "name": "Hattrem",
      "percent": 0.02975,
      "usage": 1155,
      "rank": 253
    },
    "2023-06": {
      "name": "Hattrem",
      "percent": 0.01039,
      "usage": 540,
      "rank": 268
    },
    "2023-07": {
      "name": "Hattrem",
      "percent": 0.01,
      "usage": 631,
      "rank": 276
    },
    "2023-08": {
      "name": "Hattrem",
      "percent": 0.00581,
      "usage": 322,
      "rank": 290
    },
    "2023-09": {
      "name": "Hattrem",
      "percent": 0.01098,
      "usage": 478,
      "rank": 325
    },
    "2023-09-DLC1": {
      "name": "Hattrem",
      "percent": 0.01482,
      "usage": 320,
      "rank": 308
    },
    "2023-10": {
      "name": "Hattrem",
      "percent": 0.01173,
      "usage": 765,
      "rank": 319
    },
    "2023-11": {
      "name": "Hattrem",
      "percent": 0.00611,
      "usage": 403,
      "rank": 340
    },
    "2023-12": {
      "name": "Hattrem",
      "percent": 0.00225,
      "usage": 297,
      "rank": 451
    },
    "2023-12-DLC2": {
      "name": "Hattrem",
      "percent": 0.00187,
      "usage": 191,
      "rank": 454
    },
    "2024-01": {
      "name": "Hattrem",
      "percent": 0.00958,
      "usage": 376,
      "rank": 394
    },
    "2024-02": {
      "name": "Hattrem",
      "percent": 0.00514,
      "usage": 385,
      "rank": 426
    },
    "2024-03": {
      "name": "Hattrem",
      "percent": 0.006,
      "usage": 255,
      "rank": 429
    },
    "2024-04": {
      "name": "Hattrem",
      "percent": 0.00925,
      "usage": 228,
      "rank": 411
    },
    "2024-05": {
      "name": "Hattrem",
      "percent": 0.00222,
      "usage": 94,
      "rank": 469
    },
    "2024-06": {
      "name": "Hattrem",
      "percent": 0.00477,
      "usage": 137,
      "rank": 438
    }
  },
  "1695": {
    "2022-11": {
      "name": "Hattrem",
      "percent": 4e-05,
      "usage": 933,
      "rank": 252
    },
    "2022-12": {
      "name": "Hattrem",
      "percent": 0.02388,
      "usage": 2437,
      "rank": 154
    },
    "2023-01": {
      "name": "Hattrem",
      "percent": 0.0028,
      "usage": 2333,
      "rank": 206
    },
    "2023-02": {
      "name": "Hattrem",
      "percent": 0.01011,
      "usage": 2218,
      "rank": 179
    },
    "2023-03": {
      "name": "Hattrem",
      "percent": 0.05346,
      "usage": 1921,
      "rank": 136
    },
    "2023-04": {
      "name": "Hattrem",
      "percent": 0.0225,
      "usage": 1099,
      "rank": 171
    },
    "2023-05": {
      "name": "Hattrem",
      "percent": 0.01547,
      "usage": 1155,
      "rank": 226
    },
    "2023-06": {
      "name": "Hattrem",
      "percent": 0.00095,
      "usage": 540,
      "rank": 287
    },
    "2023-07": {
      "name": "Hattrem",
      "percent": 0.00668,
      "usage": 631,
      "rank": 235
    },
    "2023-08": {
      "name": "Hattrem",
      "percent": 0.00943,
      "usage": 322,
      "rank": 221
    },
    "2023-09": {
      "name": "Hattrem",
      "percent": 0.00045,
      "usage": 478,
      "rank": 367
    },
    "2023-09-DLC1": {
      "name": "Hattrem",
      "percent": 0.00067,
      "usage": 320,
      "rank": 345
    },
    "2023-10": {
      "name": "Hattrem",
      "percent": 0.00145,
      "usage": 765,
      "rank": 321
    },
    "2023-11": {
      "name": "Hattrem",
      "percent": 0.00059,
      "usage": 403,
      "rank": 350
    },
    "2023-12": {
      "name": "Hattrem",
      "percent": 0.00253,
      "usage": 297,
      "rank": 374
    },
    "2023-12-DLC2": {
      "name": "Hattrem",
      "percent": 0.00048,
      "usage": 191,
      "rank": 419
    },
    "2024-01": {
      "name": "Hattrem",
      "percent": 0.00691,
      "usage": 376,
      "rank": 327
    },
    "2024-02": {
      "name": "Hattrem",
      "percent": 0.00023,
      "usage": 385,
      "rank": 463
    },
    "2024-03": {
      "name": "Hattrem",
      "percent": 0.00117,
      "usage": 255,
      "rank": 410
    },
    "2024-04": {
      "name": "Hattrem",
      "percent": 0.00836,
      "usage": 228,
      "rank": 312
    },
    "2024-05": {
      "name": "Hattrem",
      "percent": 7e-05,
      "usage": 94,
      "rank": 462
    },
    "2024-06": {
      "name": "Hattrem",
      "percent": 0.00067,
      "usage": 137,
      "rank": 418
    }
  },
  "1825": {
    "2022-11": {
      "name": "Hattrem",
      "percent": 0.0,
      "usage": 933,
      "rank": 265
    },
    "2022-12": {
      "name": "Hattrem",
      "percent": 0.02005,
      "usage": 2437,
      "rank": 135
    },
    "2023-01": {
      "name": "Hattrem",
      "percent": 0.00296,
      "usage": 2333,
      "rank": 178
    },