{
  "elos": [
    "0",
    "1500",
    "1695",
    "1825"
  ],
  "firstMonth": "2022-11",
  "0": {
    "2023-12": {
      "name": "Iron Crown",
      "percent": 3.68329,
      "usage": 137184,
      "rank": 53
    },
    "2023-12-DLC2": {
      "name": "Iron Crown",
      "percent": 5.24279,
      "usage": 112187,
      "rank": 38
    },
    "2024-01": {
      "name": "Iron Crown",
      "percent": 3.17007,
      "usage": 119256,
      "rank": 53
    },
    "2024-02": {
      "name": "Iron Crown",
      "percent": 1.75763,
      "usage": 49591,
      "rank": 70
    },
    "2024-03": {
      "name": "Iron Crown",
      "percent": 1.68527,
      "usage": 44831,
      "rank": 71
    },
    "2024-04": {
      "name": "Iron Crown",
      "percent": 2.38686,
      "usage": 55558,
      "rank": 58
    },
    "2024-05": {
      "name": "Iron Crown",
      "percent": 3.87732,
      "usage": 41284,
      "rank": 46
    },
    "2024-06": {
      "name": "Iron Crown",
      "percent": 3.09161,
      "usage": 63892,
      "rank": 52
    }
  },
  "1500": {
    "2023-12": {
      "name": "Iron Crown",
      "percent": 4.16975,
      "usage": 137184,
      "rank": 50
    },
    "2023-12-DLC2": {
      "name": "Iron Crown",
      "percent": 5.84918,
      "usage": 112187,
      "rank": 38
    },
    "2024-01": {
      "name": "Iron Crown",
      "percent": 3.47287,
      "usage": 119256,
      "rank": 48
    },
    "2024-02": {
      "name": "Iron Crown",
      "percent": 2.03738,
      "usage": 49591,
      "rank": 65
    },
    "2024-03": {
      "name": "Iron Crown",
      "percent": 2.12125,
      "usage": 44831,
      "rank": 62
    },
    "2024-04": {
      "name": "Iron Crown",
      "percent": 3.27996,
      "usage": 55558,
      "rank": 48
    },
    "2024-05": {
      "name": "Iron Crown",
      "percent": 5.30258,
      "usage": 41284,
      "rank": 36
    },
    "2024-06": {
      "name": "Iron Crown",
      "percent": 4.20263,
      "usage": 63892,
      "rank": 42
    }
  },
  "1695": {
    "2023-12": {
      "name": "Iron Crown",
      "percent": 4.15459,
      "usage": 137184,
      "rank": 49
    },
    "2023-12-DLC2": {
      "name": "Iron Crown",
      "percent": 5.63729,
      "usage": 112187,
      "rank": 37
    },
    "2024-01": {
      "name": "Iron Crown",
      "percent": 3.67041,
      "usage": 119256,
      "rank": 48
    },
    "2024-02": {
      "name": "Iron Crown",
      "percent": 3.33381,
      "usage": 49591,
      "rank": 49
    },
    "2024-03": {
      "name": "Iron Crown",
      "percent": 3.96127,
      "usage": 44831,
      "rank": 45
    },
    "2024-04": {
      "name": "Iron Crown",
      "percent": 5.53579,
      "usage": 55558,
      "rank": 36
    },
    "2024-05": {
      "name": "Iron Crown",
      "percent": 5.52166,
      "usage": 41284,
      "rank": 35
    },
    "2024-06": {
      "name": "Iron Crown",
      "percent": 4.44624,
      "usage": 63892,
      "rank": 41
    }
  },
  "1825": {
    "2023-12": {
      "name": "Iron Crown",
      "percent": 3.47807,
      "usage": 137184,
      "rank": 53
    },
    "2023-12-DLC2": {
      "name": "Iron Crown",
      "percent": 4.31931,
      "usage": 112187,
      "rank": 49
    },
    "2024-01": {
      "name": "Iron Crown",
      "percent": 3.4251,
      "usage": 119256,
      "rank": 49
    },
    "2024-02": {
      "name": "Iron Crown",
      "percent": 5.899,
      "usage": 49591,
      "rank": 38
    },
    "2024-03": {
      "name": "Iron Crown",
      "percent": 6.41376,
      "usage": 44831,
      "rank": 36
    },
    "2024-04": {
      "name": "Iron Crown",
      "percent": 5.92294,
      "usage": 55558,
      "rank": 36
    },
    "2024-05": {
      "name": "Iron Crown",
      "percent": 4.83106,
      "usage": 41284,
      "rank": 36
    },
    "2024-06": {
      "name": "Iron Crown",
      "percent": 3.46775,
      "usage": 63892,
      "rank": 47
    }
  }
}