{
  "elos": [
    "0",
    "1500",
    "1695",
    "1825"
  ],
  "firstMonth": "2022-11",
  "0": {
    "2022-11": {
      "name": "Jumpluff",
      "percent": 0.15638,
      "usage": 7917,
      "rank": 169
    },
    "2022-12": {
      "name": "Jumpluff",
      "percent": 0.12727,
      "usage": 8617,
      "rank": 173
    },
    "2023-01": {
      "name": "Jumpluff",
      "percent": 0.13224,
      "usage": 5788,
      "rank": 181
    },
    "2023-02": {
      "name": "Jumpluff",
      "percent": 0.11863,
      "usage": 3479,
      "rank": 185
    },
    "2023-03": {
      "name": "Jumpluff",
      "percent": 0.12079,
      "usage": 3652,
      "rank": 177
    },
    "2023-04": {
      "name": "Jumpluff",
      "percent": 0.10167,
      "usage": 2429,
      "rank": 193
    },
    "2023-05": {
      "name": "Jumpluff",
      "percent": 0.12412,
      "usage": 3184,
      "rank": 223
    },
    "2023-06": {
      "name": "Jumpluff",
      "percent": 0.08155,
      "usage": 3261,
      "rank": 223
    },
    "2023-07": {
      "name": "Jumpluff",
      "percent": 0.0908,
      "usage": 2428,
      "rank": 222
    },
    "2023-08": {
      "name": "Jumpluff",
      "percent": 0.07651,
      "usage": 1913,
      "rank": 234
    },
    "2023-09": {
      "name": "Jumpluff",
      "percent": 0.07102,
      "usage": 2716,
      "rank": 281
    },
    "2023-09-DLC1": {
      "name": "Jumpluff",
      "percent": 0.06573,
      "usage": 1584,
      "rank": 280
    },
    "2023-10": {
      "name": "Jumpluff",
      "percent": 0.07059,
      "usage": 2413,
      "rank": 281
    },
    "2023-11": {
      "name": "Jumpluff",
      "percent": 0.09119,
      "usage": 2443,
      "rank": 274
    },
    "2023-12": {
      "name": "Jumpluff",
      "percent": 0.05491,
      "usage": 2045,
      "rank": 358
    },
    "2023-12-DLC2": {
      "name": "Jumpluff",
      "percent": 0.03617,
      "usage": 774,
      "rank": 366
    },
    "2024-01": {
      "name": "Jumpluff",
      "percent": 0.04926,
      "usage": 1853,
      "rank": 359
    },
    "2024-02": {
      "name": "Jumpluff",
      "percent": 0.03434,
      "usage": 969,
      "rank": 396
    },
    "2024-03": {
      "name": "Jumpluff",
      "percent": 0.05507,
      "usage": 1465,
      "rank": 367
    },
    "2024-04": {
      "name": "Jumpluff",
      "percent": 0.05027,
      "usage": 1170,
      "rank": 375
    },
    "2024-05": {
      "name": "Jumpluff",
      "percent": 0.05288,
      "usage": 563,
      "rank": 379
    },
    "2024-06": {
      "name": "Jumpluff",
      "percent": 0.05516,
      "usage": 1140,
      "rank": 375
    }
  },
  "1500": {
    "2022-11": {
      "name": "Jumpluff",
      "percent": 0.14232,
      "usage": 7917,
      "rank": 170
    },
    "2022-12": {
      "name": "Jumpluff",
      "percent": 0.11507,
      "usage": 8617,
      "rank": 173
    },
    "2023-01": {
      "name": "Jumpluff",
      "percent": 0.12022,
      "usage": 5788,
      "rank": 182
    },
    "2023-02": {
      "name": "Jumpluff",
      "percent": 0.10432,
      "usage": 3479,
      "rank": 182
    },
    "2023-03": {
      "name": "Jumpluff",
      "percent": 0.08542,
      "usage": 3652,
      "rank": 183
    },
    "2023-04": {
      "name": "Jumpluff",
      "percent": 0.03902,
      "usage": 2429,
      "rank": 197
    },
    "2023-05": {
      "name": "Jumpluff",
      "percent": 0.04448,
      "usage": 3184,
      "rank": 238
    },
    "2023-06": {
      "name": "Jumpluff",
      "percent": 0.0402,
      "usage": 3261,
      "rank": 217
    },
    "2023-07": {
      "name": "Jumpluff",
      "percent": 0.03307,
      "usage": 2428,
      "rank": 230
    },
    "2023-08": {
      "name": "Jumpluff",
      "percent": 0.02876,
      "usage": 1913,
      "rank": 235
    },
    "2023-09": {
      "name": "Jumpluff",
      "percent": 0.0211,
      "usage": 2716,
      "rank": 294
    },
    "2023-09-DLC1": {
      "name": "Jumpluff",
      "percent": 0.02165,
      "usage": 1584,
      "rank": 283
    },
    "2023-10": {
      "name": "Jumpluff",
      "percent": 0.01974,
      "usage": 2413,
      "rank": 297
    },
    "2023-11": {
      "name": "Jumpluff",
      "percent": 0.02783,
      "usage": 2443,
      "rank": 284
    },
    "2023-12": {
      "name": "Jumpluff",
      "percent": 0.01263,
      "usage": 2045,
      "rank": 377
    },
    "2023-12-DLC2": {
      "name": "Jumpluff",
      "percent": 0.00923,
      "usage": 774,
      "rank": 383
    },
    "2024-01": {
      "name": "Jumpluff",
      "percent": 0.02191,
      "usage": 1853,
      "rank": 353
    },
    "2024-02": {
      "name": "Jumpluff",
      "percent": 0.01088,
      "usage": 969,
      "rank": 393
    },
    "2024-03": {
      "name": "Jumpluff",
      "percent": 0.02035,
      "usage": 1465,
      "rank": 364
    },
    "2024-04": {
      "name": "Jumpluff",
      "percent": 0.01055,
      "usage": 1170,
      "rank": 399
    },
    "2024-05": {
      "name": "Jumpluff",
      "percent": 0.01736,
      "usage": 563,
      "rank": 377
    },
    "2024-06": {
      "name": "Jumpluff",
      "percent": 0.0222,
      "usage": 1140,
      "rank": 362
    }
  },
  "1695": {
    "2022-11": {
      "name": "Jumpluff",
      "percent": 0.05391,
      "usage": 7917,
      "rank": 156
    },
    "2022-12": {
      "name": "Jumpluff",
      "percent": 0.00494,
      "usage": 8617,
      "rank": 199
    },
    "2023-01": {
      "name": "Jumpluff",
      "percent": 0.01074,
      "usage": 5788,
      "rank": 176
    },
    "2023-02": {
      "name": "Jumpluff",
      "percent": 0.02066,
      "usage": 3479,
      "rank": 168
    },
    "2023-03": {
      "name": "Jumpluff",
      "percent": 0.01145,
      "usage": 3652,
      "rank": 188
    },
    "2023-04": {
      "name": "Jumpluff",
      "percent": 0.00675,
      "usage": 2429,
      "rank": 203
    },
    "2023-05": {
      "name": "Jumpluff",
      "percent": 0.00738,
      "usage": 3184,
      "rank": 249
    },
    "2023-06": {
      "name": "Jumpluff",
      "percent": 0.01187,
      "usage": 3261,
      "rank": 215
    },
    "2023-07": {
      "name": "Jumpluff",
      "percent": 0.00468,
      "usage": 2428,
      "rank": 250
    },
    "2023-08": {
      "name": "Jumpluff",
      "percent": 0.00381,
      "usage": 1913,
      "rank": 243
    },
    "2023-09": {
      "name": "Jumpluff",
      "percent": 0.0088,
      "usage": 2716,
      "rank": 272
    },
    "2023-09-DLC1": {
      "name": "Jumpluff",
      "percent": 0.01168,
      "usage": 1584,
      "rank": 253
    },
    "2023-10": {
      "name": "Jumpluff",
      "percent": 0.0016,
      "usage": 2413,
      "rank": 318
    },
    "2023-11": {
      "name": "Jumpluff",
      "percent": 0.00223,
      "usage": 2443,
      "rank": 314
    },
    "2023-12": {
      "name": "Jumpluff",
      "percent": 0.00085,
      "usage": 2045,
      "rank": 414
    },
    "2023-12-DLC2": {
      "name": "Jumpluff",
      "percent": 0.0002,
      "usage": 774,
      "rank": 447
    },
    "2024-01": {
      "name": "Jumpluff",
      "percent": 0.00423,
      "usage": 1853,
      "rank": 350
    },
    "2024-02": {
      "name": "Jumpluff",
      "percent": 0.00036,
      "usage": 969,
      "rank": 449
    },
    "2024-03": {
      "name": "Jumpluff",
      "percent": 0.00359,
      "usage": 1465,
      "rank": 361
    },
    "2024-04": {
      "name": "Jumpluff",
      "percent": 0.00069,
      "usage": 1170,
      "rank": 422
    },
    "2024-05": {
      "name": "Jumpluff",
      "percent": 0.00186,
      "usage": 563,
      "rank": 374
    },
    "2024-06": {
      "name": "Jumpluff",
      "percent": 0.00135,
      "usage": 1140,
      "rank": 397
    }
  },
  "1825": {
    "2022-11": {
      "name": "Jumpluff",
      "percent": 0.08338,
      "usage": 7917,
      "rank": 140
    },
    "2022-12": {
      "name": "Jumpluff",
      "percent": 0.0012,
      "usage": 8617,
      "rank": 196
    },