{
  "elos": [
    "0",
    "1500",
    "1695",
    "1825"
  ],
  "firstMonth": "2022-11",
  "0": {
    "2022-11": {
      "name": "Maushold",
      "percent": 9.66962,
      "usage": 489541,
      "rank": 20
    },
    "2022-12": {
      "name": "Maushold",
      "percent": 7.37841,
      "usage": 499556,
      "rank": 32
    },
    "2023-01": {
      "name": "Maushold",
      "percent": 3.1609,
      "usage": 138347,
      "rank": 44
    },
    "2023-02": {
      "name": "Maushold",
      "percent": 2.38249,
      "usage": 69868,
      "rank": 48
    },
    "2023-03": {
      "name": "Maushold",
      "percent": 2.38887,
      "usage": 72223,
      "rank": 46
    },
    "2023-04": {
      "name": "Maushold",
      "percent": 2.2691,
      "usage": 54210,
      "rank": 46
    },
    "2023-05": {
      "name": "Maushold",
      "percent": 1.82098,
      "usage": 46713,
      "rank": 59
    },
    "2023-06": {
      "name": "Maushold",
      "percent": 1.46372,
      "usage": 58530,
      "rank": 80
    },
    "2023-07": {
      "name": "Maushold",
      "percent": 2.40517,
      "usage": 64313,
      "rank": 55
    },
    "2023-08": {
      "name": "Maushold",
      "percent": 3.13962,
      "usage": 78504,
      "rank": 45
    },
    "2023-09": {
      "name": "Maushold",
      "percent": 1.94835,
      "usage": 74508,
      "rank": 76
    },
    "2023-09-DLC1": {
      "name": "Maushold",
      "percent": 1.72197,
      "usage": 41497,
      "rank": 81
    },
    "2023-10": {
      "name": "Maushold",
      "percent": 2.46991,
      "usage": 84427,
      "rank": 53
    },
    "2023-11": {
      "name": "Maushold",
      "percent": 3.56108,
      "usage": 95400,
      "rank": 46
    },
    "2023-12": {
      "name": "Maushold",
      "percent": 2.21364,
      "usage": 82447,
      "rank": 69
    },
    "2023-12-DLC2": {
      "name": "Maushold",
      "percent": 1.34987,
      "usage": 28885,
      "rank": 87
    },
    "2024-01": {
      "name": "Maushold",
      "percent": 1.69035,
      "usage": 63590,
      "rank": 75
    },
    "2024-02": {
      "name": "Maushold",
      "percent": 1.43652,
      "usage": 40531,
      "rank": 76
    },
    "2024-03": {
      "name": "Maushold",
      "percent": 1.48592,
      "usage": 39528,
      "rank": 75
    },
    "2024-04": {
      "name": "Maushold",
      "percent": 1.59031,
      "usage": 37017,
      "rank": 73
    },
    "2024-05": {
      "name": "Maushold",
      "percent": 1.6508,
      "usage": 17577,
      "rank": 71
    },
    "2024-06": {
      "name": "Maushold",
      "percent": 1.65337,
      "usage": 34169,
      "rank": 71
    }
  },
  "1500": {
    "2022-11": {
      "name": "Maushold",
      "percent": 9.39916,
      "usage": 489541,
      "rank": 22
    },
    "2022-12": {
      "name": "Maushold",
      "percent": 7.09164,
      "usage": 499556,
      "rank": 33
    },
    "2023-01": {
      "name": "Maushold",
      "percent": 2.97809,
      "usage": 138347,
      "rank": 44
    },
    "2023-02": {
      "name": "Maushold",
      "percent": 2.10257,
      "usage": 69868,
      "rank": 50
    },
    "2023-03": {
      "name": "Maushold",
      "percent": 2.0468,
      "usage": 72223,
      "rank": 50
    },
    "2023-04": {
      "name": "Maushold",
      "percent": 1.52813,
      "usage": 54210,
      "rank": 57
    },
    "2023-05": {
      "name": "Maushold",
      "percent": 1.23351,
      "usage": 46713,
      "rank": 78
    },
    "2023-06": {
      "name": "Maushold",
      "percent": 1.2597,
      "usage": 58530,
      "rank": 80
    },
    "2023-07": {
      "name": "Maushold",
      "percent": 2.32352,
      "usage": 64313,
      "rank": 54
    },
    "2023-08": {
      "name": "Maushold",
      "percent": 3.0285,
      "usage": 78504,
      "rank": 46
    },
    "2023-09": {
      "name": "Maushold",
      "percent": 1.90465,
      "usage": 74508,
      "rank": 72
    },
    "2023-09-DLC1": {
      "name": "Maushold",
      "percent": 1.75369,
      "usage": 41497,
      "rank": 76
    },
    "2023-10": {
      "name": "Maushold",
      "percent": 2.46246,
      "usage": 84427,
      "rank": 52
    },
    "2023-11": {
      "name": "Maushold",
      "percent": 3.68211,
      "usage": 95400,
      "rank": 44
    },
    "2023-12": {
      "name": "Maushold",
      "percent": 2.21152,
      "usage": 82447,
      "rank": 70
    },
    "2023-12-DLC2": {
      "name": "Maushold",
      "percent": 1.29178,
      "usage": 28885,
      "rank": 83
    },
    "2024-01": {
      "name": "Maushold",
      "percent": 1.46151,
      "usage": 63590,
      "rank": 74
    },
    "2024-02": {
      "name": "Maushold",
      "percent": 0.99496,
      "usage": 40531,
      "rank": 85
    },
    "2024-03": {
      "name": "Maushold",
      "percent": 1.06271,
      "usage": 39528,
      "rank": 80
    },
    "2024-04": {
      "name": "Maushold",
      "percent": 1.04923,
      "usage": 37017,
      "rank": 86
    },
    "2024-05": {
      "name": "Maushold",
      "percent": 1.20271,
      "usage": 17577,
      "rank": 81
    },
    "2024-06": {
      "name": "Maushold",
      "percent": 1.44089,
      "usage": 34169,
      "rank": 74
    }
  },
  "1695": {
    "2022-11": {
      "name": "Maushold",
      "percent": 5.31415,
      "usage": 489541,
      "rank": 38
    },
    "2022-12": {
      "name": "Maushold",
      "percent": 1.66118,
      "usage": 499556,
      "rank": 48
    },
    "2023-01": {
      "name": "Maushold",
      "percent": 0.77063,
      "usage": 138347,
      "rank": 71
    },
    "2023-02": {
      "name": "Maushold",
      "percent": 0.4968,
      "usage": 69868,
      "rank": 85
    },
    "2023-03": {
      "name": "Maushold",
      "percent": 0.85957,
      "usage": 72223,
      "rank": 67
    },
    "2023-04": {
      "name": "Maushold",
      "percent": 1.61028,
      "usage": 54210,
      "rank": 54
    },
    "2023-05": {
      "name": "Maushold",
      "percent": 1.20699,
      "usage": 46713,
      "rank": 70
    },
    "2023-06": {
      "name": "Maushold",
      "percent": 1.68014,
      "usage": 58530,
      "rank": 63
    },
    "2023-07": {
      "name": "Maushold",
      "percent": 2.33294,
      "usage": 64313,
      "rank": 50
    },
    "2023-08": {
      "name": "Maushold",
      "percent": 2.54432,
      "usage": 78504,
      "rank": 47
    },
    "2023-09": {
      "name": "Maushold",
      "percent": 2.7079,
      "usage": 74508,
      "rank": 57
    },
    "2023-09-DLC1": {
      "name": "Maushold",
      "percent": 3.16366,
      "usage": 41497,
      "rank": 51
    },
    "2023-10": {
      "name": "Maushold",
      "percent": 3.36881,
      "usage": 84427,
      "rank": 45
    },
    "2023-11": {
      "name": "Maushold",
      "percent": 4.23593,
      "usage": 95400,
      "rank": 41
    },
    "2023-12": {
      "name": "Maushold",
      "percent": 2.23253,
      "usage": 82447,
      "rank": 69
    },
    "2023-12-DLC2": {
      "name": "Maushold",
      "percent": 1.46793,
      "usage": 28885,
      "rank": 74
    },
    "2024-01": {
      "name": "Maushold",
      "percent": 1.59372,
      "usage": 63590,
      "rank": 69
    },
    "2024-02": {
      "name": "Maushold",
      "percent": 0.94184,
      "usage": 40531,
      "rank": 81
    },
    "2024-03": {
      "name": "Maushold",
      "percent": 0.70881,
      "usage": 39528,
      "rank": 88
    },
    "2024-04": {
      "name": "Maushold",
      "percent": 0.78484,
      "usage": 37017,
      "rank": 90
    },
    "2024-05": {
      "name": "Maushold",
      "percent": 0.7927,
      "usage": 17577,
      "rank": 85
    },
    "2024-06": {
      "name": "Maushold",
      "percent": 1.34346,
      "usage": 34169,
      "rank": 74
    }
  },
  "1825": {
    "2022-11": {
      "name": "Maushold",
      "percent": 4.56384,
      "usage": 489541,
      "rank": 40
    },
    "2022-12": {
      "name": "Maushold",
      "percent": 2.57221,
      "usage": 499556,
      "rank": 43
    },