{
  "elos": [
    "0",
    "1500",
    "1695",
    "1825"
  ],
  "firstMonth": "2022-11",
  "0": {
    "2022-11": {
      "name": "Palossand",
      "percent": 0.12405,
      "usage": 6280,
      "rank": 175
    },
    "2022-12": {
      "name": "Palossand",
      "percent": 0.0967,
      "usage": 6547,
      "rank": 185
    },
    "2023-01": {
      "name": "Palossand",
      "percent": 0.12399,
      "usage": 5427,
      "rank": 184
    },
    "2023-02": {
      "name": "Palossand",
      "percent": 0.14619,
      "usage": 4287,
      "rank": 174
    },
    "2023-03": {
      "name": "Palossand",
      "percent": 0.13713,
      "usage": 4146,
      "rank": 170
    },
    "2023-04": {
      "name": "Palossand",
      "percent": 0.13926,
      "usage": 3327,
      "rank": 178
    },
    "2023-05": {
      "name": "Palossand",
      "percent": 0.14256,
      "usage": 3657,
      "rank": 210
    },
    "2023-06": {
      "name": "Palossand",
      "percent": 0.08423,
      "usage": 3368,
      "rank": 221
    },
    "2023-07": {
      "name": "Palossand",
      "percent": 0.08153,
      "usage": 2180,
      "rank": 229
    },
    "2023-08": {
      "name": "Palossand",
      "percent": 0.07707,
      "usage": 1927,
      "rank": 232
    },
    "2023-09": {
      "name": "Palossand",
      "percent": 0.06467,
      "usage": 2473,
      "rank": 288
    },
    "2023-09-DLC1": {
      "name": "Palossand",
      "percent": 0.05656,
      "usage": 1363,
      "rank": 289
    },
    "2023-10": {
      "name": "Palossand",
      "percent": 0.0622,
      "usage": 2126,
      "rank": 286
    },
    "2023-11": {
      "name": "Palossand",
      "percent": 0.11389,
      "usage": 3051,
      "rank": 253
    },
    "2023-12": {
      "name": "Palossand",
      "percent": 0.07617,
      "usage": 2837,
      "rank": 338
    },
    "2023-12-DLC2": {
      "name": "Palossand",
      "percent": 0.0572,
      "usage": 1224,
      "rank": 340
    },
    "2024-01": {
      "name": "Palossand",
      "percent": 0.08506,
      "usage": 3200,
      "rank": 318
    },
    "2024-02": {
      "name": "Palossand",
      "percent": 0.09236,
      "usage": 2606,
      "rank": 317
    },
    "2024-03": {
      "name": "Palossand",
      "percent": 0.07563,
      "usage": 2012,
      "rank": 335
    },
    "2024-04": {
      "name": "Palossand",
      "percent": 0.07381,
      "usage": 1718,
      "rank": 344
    },
    "2024-05": {
      "name": "Palossand",
      "percent": 0.06753,
      "usage": 719,
      "rank": 349
    },
    "2024-06": {
      "name": "Palossand",
      "percent": 0.08792,
      "usage": 1817,
      "rank": 338
    }
  },
  "1500": {
    "2022-11": {
      "name": "Palossand",
      "percent": 0.11801,
      "usage": 6280,
      "rank": 175
    },
    "2022-12": {
      "name": "Palossand",
      "percent": 0.09105,
      "usage": 6547,
      "rank": 185
    },
    "2023-01": {
      "name": "Palossand",
      "percent": 0.11517,
      "usage": 5427,
      "rank": 183
    },
    "2023-02": {
      "name": "Palossand",
      "percent": 0.12935,
      "usage": 4287,
      "rank": 172
    },
    "2023-03": {
      "name": "Palossand",
      "percent": 0.1129,
      "usage": 4146,
      "rank": 167
    },
    "2023-04": {
      "name": "Palossand",
      "percent": 0.07188,
      "usage": 3327,
      "rank": 168
    },
    "2023-05": {
      "name": "Palossand",
      "percent": 0.08573,
      "usage": 3657,
      "rank": 206
    },
    "2023-06": {
      "name": "Palossand",
      "percent": 0.04766,
      "usage": 3368,
      "rank": 212
    },
    "2023-07": {
      "name": "Palossand",
      "percent": 0.02529,
      "usage": 2180,
      "rank": 245
    },
    "2023-08": {
      "name": "Palossand",
      "percent": 0.0356,
      "usage": 1927,
      "rank": 225
    },
    "2023-09": {
      "name": "Palossand",
      "percent": 0.02384,
      "usage": 2473,
      "rank": 288
    },
    "2023-09-DLC1": {
      "name": "Palossand",
      "percent": 0.01851,
      "usage": 1363,
      "rank": 295
    },
    "2023-10": {
      "name": "Palossand",
      "percent": 0.0312,
      "usage": 2126,
      "rank": 274
    },
    "2023-11": {
      "name": "Palossand",
      "percent": 0.03601,
      "usage": 3051,
      "rank": 270
    },
    "2023-12": {
      "name": "Palossand",
      "percent": 0.02457,
      "usage": 2837,
      "rank": 352
    },
    "2023-12-DLC2": {
      "name": "Palossand",
      "percent": 0.01637,
      "usage": 1224,
      "rank": 361
    },
    "2024-01": {
      "name": "Palossand",
      "percent": 0.03306,
      "usage": 3200,
      "rank": 319
    },
    "2024-02": {
      "name": "Palossand",
      "percent": 0.03265,
      "usage": 2606,
      "rank": 324
    },
    "2024-03": {
      "name": "Palossand",
      "percent": 0.02229,
      "usage": 2012,
      "rank": 359
    },
    "2024-04": {
      "name": "Palossand",
      "percent": 0.03426,
      "usage": 1718,
      "rank": 324
    },
    "2024-05": {
      "name": "Palossand",
      "percent": 0.0434,
      "usage": 719,
      "rank": 313
    },
    "2024-06": {
      "name": "Palossand",
      "percent": 0.02968,
      "usage": 1817,
      "rank": 348
    }
  },
  "1695": {
    "2022-11": {
      "name": "Palossand",
      "percent": 0.00856,
      "usage": 6280,
      "rank": 191
    },
    "2022-12": {
      "name": "Palossand",
      "percent": 0.03253,
      "usage": 6547,
      "rank": 148
    },
    "2023-01": {
      "name": "Palossand",
      "percent": 0.00868,
      "usage": 5427,
      "rank": 182
    },
    "2023-02": {
      "name": "Palossand",
      "percent": 0.02231,
      "usage": 4287,
      "rank": 167
    },
    "2023-03": {
      "name": "Palossand",
      "percent": 0.04303,
      "usage": 4146,
      "rank": 146
    },
    "2023-04": {
      "name": "Palossand",
      "percent": 0.051,
      "usage": 3327,
      "rank": 144
    },
    "2023-05": {
      "name": "Palossand",
      "percent": 0.03244,
      "usage": 3657,
      "rank": 197
    },
    "2023-06": {
      "name": "Palossand",
      "percent": 0.03437,
      "usage": 3368,
      "rank": 183
    },
    "2023-07": {
      "name": "Palossand",
      "percent": 0.00277,
      "usage": 2180,
      "rank": 264
    },
    "2023-08": {
      "name": "Palossand",
      "percent": 0.00327,
      "usage": 1927,
      "rank": 250
    },
    "2023-09": {
      "name": "Palossand",
      "percent": 0.00795,
      "usage": 2473,
      "rank": 279
    },
    "2023-09-DLC1": {
      "name": "Palossand",
      "percent": 0.00642,
      "usage": 1363,
      "rank": 268
    },
    "2023-10": {
      "name": "Palossand",
      "percent": 0.00106,
      "usage": 2126,
      "rank": 331
    },
    "2023-11": {
      "name": "Palossand",
      "percent": 0.00729,
      "usage": 3051,
      "rank": 268
    },
    "2023-12": {
      "name": "Palossand",
      "percent": 0.00858,
      "usage": 2837,
      "rank": 327
    },
    "2023-12-DLC2": {
      "name": "Palossand",
      "percent": 0.01186,
      "usage": 1224,
      "rank": 285
    },
    "2024-01": {
      "name": "Palossand",
      "percent": 0.0735,
      "usage": 3200,
      "rank": 182
    },
    "2024-02": {
      "name": "Palossand",
      "percent": 0.00289,
      "usage": 2606,
      "rank": 358
    },
    "2024-03": {
      "name": "Palossand",
      "percent": 0.00223,
      "usage": 2012,
      "rank": 380
    },
    "2024-04": {
      "name": "Palossand",
      "percent": 0.0062,
      "usage": 1718,
      "rank": 327
    },
    "2024-05": {
      "name": "Palossand",
      "percent": 0.08758,
      "usage": 719,
      "rank": 174
    },
    "2024-06": {
      "name": "Palossand",
      "percent": 0.0052,
      "usage": 1817,
      "rank": 332
    }
  },
  "1825": {
    "2022-11": {
      "name": "Palossand",
      "percent": 0.00061,
      "usage": 6280,
      "rank": 214
    },
    "2022-12": {
      "name": "Palossand",