{
  "elos": [
    "0",
    "1500",
    "1695",
    "1825"
  ],
  "firstMonth": "2022-11",
  "0": {
    "2023-09": {
      "name": "Piplup",
      "percent": 0.00071,
      "usage": 27,
      "rank": 533
    },
    "2023-09-DLC1": {
      "name": "Piplup",
      "percent": 0.00058,
      "usage": 14,
      "rank": 531
    },
    "2023-10": {
      "name": "Piplup",
      "percent": 0.00061,
      "usage": 21,
      "rank": 548
    },
    "2023-11": {
      "name": "Piplup",
      "percent": 0.00063,
      "usage": 17,
      "rank": 548
    },
    "2023-12": {
      "name": "Piplup",
      "percent": 0.00097,
      "usage": 36,
      "rank": 593
    },
    "2023-12-DLC2": {
      "name": "Piplup",
      "percent": 0.00065,
      "usage": 14,
      "rank": 601
    },
    "2024-01": {
      "name": "Piplup",
      "percent": 0.00109,
      "usage": 41,
      "rank": 598
    },
    "2024-02": {
      "name": "Piplup",
      "percent": 0.00138,
      "usage": 39,
      "rank": 587
    },
    "2024-03": {
      "name": "Piplup",
      "percent": 0.00101,
      "usage": 27,
      "rank": 612
    },
    "2024-04": {
      "name": "Piplup",
      "percent": 0.00077,
      "usage": 18,
      "rank": 646
    },
    "2024-05": {
      "name": "Piplup",
      "percent": 0.00178,
      "usage": 19,
      "rank": 572
    },
    "2024-06": {
      "name": "Piplup",
      "percent": 0.00077,
      "usage": 16,
      "rank": 663
    }
  },
  "1500": {
    "2023-09": {
      "name": "Piplup",
      "percent": 0.00041,
      "usage": 27,
      "rank": 460
    },
    "2023-09-DLC1": {
      "name": "Piplup",
      "percent": 0.0005,
      "usage": 14,
      "rank": 445
    },
    "2023-10": {
      "name": "Piplup",
      "percent": 0.00016,
      "usage": 21,
      "rank": 537
    },
    "2023-11": {
      "name": "Piplup",
      "percent": 0.00022,
      "usage": 17,
      "rank": 516
    },
    "2023-12": {
      "name": "Piplup",
      "percent": 0.00049,
      "usage": 36,
      "rank": 535
    },
    "2023-12-DLC2": {
      "name": "Piplup",
      "percent": 0.00022,
      "usage": 14,
      "rank": 580
    },
    "2024-01": {
      "name": "Piplup",
      "percent": 0.00034,
      "usage": 41,
      "rank": 574
    },
    "2024-02": {
      "name": "Piplup",
      "percent": 0.00044,
      "usage": 39,
      "rank": 561
    },
    "2024-03": {
      "name": "Piplup",
      "percent": 0.00024,
      "usage": 27,
      "rank": 619
    },
    "2024-04": {
      "name": "Piplup",
      "percent": 0.00023,
      "usage": 18,
      "rank": 629
    },
    "2024-05": {
      "name": "Piplup",
      "percent": 0.00059,
      "usage": 19,
      "rank": 550
    },
    "2024-06": {
      "name": "Piplup",
      "percent": 0.00026,
      "usage": 16,
      "rank": 625
    }
  },
  "1695": {
    "2023-09": {
      "name": "Piplup",
      "percent": 1e-05,
      "usage": 27,
      "rank": 476
    },
    "2023-09-DLC1": {
      "name": "Piplup",
      "percent": 0.0,
      "usage": 14,
      "rank": 497
    },
    "2023-10": {
      "name": "Piplup",
      "percent": 0.0,
      "usage": 21,
      "rank": 613
    },
    "2023-11": {
      "name": "Piplup",
      "percent": 0.0,
      "usage": 17,
      "rank": 513
    },
    "2023-12": {
      "name": "Piplup",
      "percent": 1e-05,
      "usage": 36,
      "rank": 567
    },
    "2023-12-DLC2": {
      "name": "Piplup",
      "percent": 0.0,
      "usage": 14,
      "rank": 668
    },
    "2024-01": {
      "name": "Piplup",
      "percent": 0.0,
      "usage": 41,
      "rank": 599
    },
    "2024-02": {
      "name": "Piplup",
      "percent": 0.0,
      "usage": 39,
      "rank": 596
    },
    "2024-03": {
      "name": "Piplup",
      "percent": 0.0,
      "usage": 27,
      "rank": 674
    },
    "2024-04": {
      "name": "Piplup",
      "percent": 0.0,
      "usage": 18,
      "rank": 634
    },
    "2024-05": {
      "name": "Piplup",
      "percent": 0.0,
      "usage": 19,
      "rank": 676
    },
    "2024-06": {
      "name": "Piplup",
      "percent": 0.0,
      "usage": 16,
      "rank": 625
    }
  },
  "1825": {
    "2023-09": {
      "name": "Piplup",
      "percent": 0.0,
      "usage": 27,
      "rank": 459
    },
    "2023-09-DLC1": {
      "name": "Piplup",
      "percent": 0.0,
      "usage": 14,
      "rank": 493
    },
    "2023-10": {
      "name": "Piplup",
      "percent": 0.0,
      "usage": 21,
      "rank": 609
    },
    "2023-11": {
      "name": "Piplup",
      "percent": 0.0,
      "usage": 17,
      "rank": 506
    },
    "2023-12": {
      "name": "Piplup",
      "percent": 0.0,
      "usage": 36,
      "rank": 554
    },
    "2023-12-DLC2": {
      "name": "Piplup",
      "percent": 0.0,
      "usage": 14,
      "rank": 673
    },
    "2024-01": {
      "name": "Piplup",
      "percent": 0.0,
      "usage": 41,
      "rank": 597
    },
    "2024-02": {
      "name": "Piplup",
      "percent": 0.0,
      "usage": 39,
      "rank": 584
    },
    "2024-03": {
      "name": "Piplup",
      "percent": 0.0,
      "usage": 27,
      "rank": 668
    },
    "2024-04": {
      "name": "Piplup",
      "percent": 0.0,
      "usage": 18,
      "rank": 649
    },
    "2024-05": {
      "name": "Piplup",
      "percent": 0.0,
      "usage": 19,
      "rank": 677
    },
    "2024-06": {
      "name": "Piplup",
      "percent": 0.0,
      "usage": 16,
      "rank": 610
    }
  }
}