{
  "elos": [
    "0",
    "1500",
    "1695",
    "1825"
  ],
  "firstMonth": "2022-11",
  "0": {
    "2022-11": {
      "name": "Psyduck",
      "percent": 0.00158,
      "usage": 80,
      "rank": 307
    },
    "2022-12": {
      "name": "Psyduck",
      "percent": 0.00143,
      "usage": 97,
      "rank": 315
    },
    "2023-01": {
      "name": "Psyduck",
      "percent": 0.00324,
      "usage": 142,
      "rank": 295
    },
    "2023-02": {
      "name": "Psyduck",
      "percent": 0.00539,
      "usage": 158,
      "rank": 281
    },
    "2023-03": {
      "name": "Psyduck",
      "percent": 0.00232,
      "usage": 70,
      "rank": 330
    },
    "2023-04": {
      "name": "Psyduck",
      "percent": 0.01009,
      "usage": 241,
      "rank": 265
    },
    "2023-05": {
      "name": "Psyduck",
      "percent": 0.00444,
      "usage": 114,
      "rank": 350
    },
    "2023-06": {
      "name": "Psyduck",
      "percent": 0.00413,
      "usage": 165,
      "rank": 330
    },
    "2023-07": {
      "name": "Psyduck",
      "percent": 0.00176,
      "usage": 47,
      "rank": 382
    },
    "2023-08": {
      "name": "Psyduck",
      "percent": 0.0046,
      "usage": 115,
      "rank": 348
    },
    "2023-09": {
      "name": "Psyduck",
      "percent": 0.00207,
      "usage": 79,
      "rank": 442
    },
    "2023-09-DLC1": {
      "name": "Psyduck",
      "percent": 0.00187,
      "usage": 45,
      "rank": 447
    },
    "2023-10": {
      "name": "Psyduck",
      "percent": 0.00652,
      "usage": 223,
      "rank": 384
    },
    "2023-11": {
      "name": "Psyduck",
      "percent": 0.0053,
      "usage": 142,
      "rank": 400
    },
    "2023-12": {
      "name": "Psyduck",
      "percent": 0.00298,
      "usage": 111,
      "rank": 500
    },
    "2023-12-DLC2": {
      "name": "Psyduck",
      "percent": 0.00262,
      "usage": 56,
      "rank": 501
    },
    "2024-01": {
      "name": "Psyduck",
      "percent": 0.00404,
      "usage": 152,
      "rank": 493
    },
    "2024-02": {
      "name": "Psyduck",
      "percent": 0.00259,
      "usage": 73,
      "rank": 533
    },
    "2024-03": {
      "name": "Psyduck",
      "percent": 0.00462,
      "usage": 123,
      "rank": 496
    },
    "2024-04": {
      "name": "Psyduck",
      "percent": 0.01104,
      "usage": 257,
      "rank": 451
    },
    "2024-05": {
      "name": "Psyduck",
      "percent": 0.00404,
      "usage": 43,
      "rank": 507
    },
    "2024-06": {
      "name": "Psyduck",
      "percent": 0.00281,
      "usage": 58,
      "rank": 541
    }
  },
  "1500": {
    "2022-11": {
      "name": "Psyduck",
      "percent": 0.00128,
      "usage": 80,
      "rank": 310
    },
    "2022-12": {
      "name": "Psyduck",
      "percent": 0.00117,
      "usage": 97,
      "rank": 315
    },
    "2023-01": {
      "name": "Psyduck",
      "percent": 0.00256,
      "usage": 142,
      "rank": 299
    },
    "2023-02": {
      "name": "Psyduck",
      "percent": 0.00454,
      "usage": 158,
      "rank": 275
    },
    "2023-03": {
      "name": "Psyduck",
      "percent": 0.00121,
      "usage": 70,
      "rank": 340
    },
    "2023-04": {
      "name": "Psyduck",
      "percent": 0.00107,
      "usage": 241,
      "rank": 314
    },
    "2023-05": {
      "name": "Psyduck",
      "percent": 0.00095,
      "usage": 114,
      "rank": 365
    },
    "2023-06": {
      "name": "Psyduck",
      "percent": 0.00107,
      "usage": 165,
      "rank": 340
    },
    "2023-07": {
      "name": "Psyduck",
      "percent": 0.00041,
      "usage": 47,
      "rank": 393
    },
    "2023-08": {
      "name": "Psyduck",
      "percent": 0.00221,
      "usage": 115,
      "rank": 318
    },
    "2023-09": {
      "name": "Psyduck",
      "percent": 0.00084,
      "usage": 79,
      "rank": 417
    },
    "2023-09-DLC1": {
      "name": "Psyduck",
      "percent": 0.00079,
      "usage": 45,
      "rank": 419
    },
    "2023-10": {
      "name": "Psyduck",
      "percent": 0.00208,
      "usage": 223,
      "rank": 378
    },
    "2023-11": {
      "name": "Psyduck",
      "percent": 0.00079,
      "usage": 142,
      "rank": 438
    },
    "2023-12": {
      "name": "Psyduck",
      "percent": 0.0007,
      "usage": 111,
      "rank": 510
    },
    "2023-12-DLC2": {
      "name": "Psyduck",
      "percent": 0.00067,
      "usage": 56,
      "rank": 506
    },
    "2024-01": {
      "name": "Psyduck",
      "percent": 0.0014,
      "usage": 152,
      "rank": 483
    },
    "2024-02": {
      "name": "Psyduck",
      "percent": 0.00121,
      "usage": 73,
      "rank": 494
    },
    "2024-03": {
      "name": "Psyduck",
      "percent": 0.00094,
      "usage": 123,
      "rank": 516
    },
    "2024-04": {
      "name": "Psyduck",
      "percent": 0.00818,
      "usage": 257,
      "rank": 418
    },
    "2024-05": {
      "name": "Psyduck",
      "percent": 0.00147,
      "usage": 43,
      "rank": 488
    },
    "2024-06": {
      "name": "Psyduck",
      "percent": 0.00137,
      "usage": 58,
      "rank": 500
    }
  },
  "1695": {
    "2022-11": {
      "name": "Psyduck",
      "percent": 0.0,
      "usage": 80,
      "rank": 285
    },
    "2022-12": {
      "name": "Psyduck",
      "percent": 1e-05,
      "usage": 97,
      "rank": 265
    },
    "2023-01": {
      "name": "Psyduck",
      "percent": 0.0,
      "usage": 142,
      "rank": 305
    },
    "2023-02": {
      "name": "Psyduck",
      "percent": 0.0,
      "usage": 158,
      "rank": 345
    },
    "2023-03": {
      "name": "Psyduck",
      "percent": 1e-05,
      "usage": 70,
      "rank": 318
    },
    "2023-04": {
      "name": "Psyduck",
      "percent": 0.0,
      "usage": 241,
      "rank": 372
    },
    "2023-05": {
      "name": "Psyduck",
      "percent": 1e-05,
      "usage": 114,
      "rank": 385
    },
    "2023-06": {
      "name": "Psyduck",
      "percent": 0.0,
      "usage": 165,
      "rank": 432
    },
    "2023-07": {
      "name": "Psyduck",
      "percent": 0.0,
      "usage": 47,
      "rank": 400
    },
    "2023-08": {
      "name": "Psyduck",
      "percent": 0.0004,
      "usage": 115,
      "rank": 307
    },
    "2023-09": {
      "name": "Psyduck",
      "percent": 6e-05,
      "usage": 79,
      "rank": 421
    },
    "2023-09-DLC1": {
      "name": "Psyduck",
      "percent": 7e-05,
      "usage": 45,
      "rank": 396
    },
    "2023-10": {
      "name": "Psyduck",
      "percent": 0.00023,
      "usage": 223,
      "rank": 380
    },
    "2023-11": {
      "name": "Psyduck",
      "percent": 2e-05,
      "usage": 142,
      "rank": 442
    },
    "2023-12": {
      "name": "Psyduck",
      "percent": 1e-05,
      "usage": 111,
      "rank": 565
    },
    "2023-12-DLC2": {
      "name": "Psyduck",
      "percent": 1e-05,
      "usage": 56,
      "rank": 530
    },
    "2024-01": {
      "name": "Psyduck",
      "percent": 0.0,
      "usage": 152,
      "rank": 616
    },
    "2024-02": {
      "name": "Psyduck",
      "percent": 0.0,
      "usage": 73,
      "rank": 622
    },
    "2024-03": {
      "name": "Psyduck",
      "percent": 0.0,
      "usage": 123,
      "rank": 622
    },
    "2024-04": {
      "name": "Psyduck",
      "percent": 0.00119,
      "usage": 257,
      "rank": 400
    },
    "2024-05": {
      "name": "Psyduck",
      "percent": 2e-05,
      "usage": 43,
      "rank": 502
    },
    "2024-06": {
      "name": "Psyduck",
      "percent": 0.0,
      "usage": 58,
      "rank": 597
    }
  },
  "1825": {
    "2022-11": {
      "name": "Psyduck",
      "percent": 0.0,
      "usage": 80,
      "rank": 281
    },
    "2022-12": {
      "name": "Psyduck",
      "percent": 0.0,
      "usage": 97,
      "rank": 253
    },
    "2023-01": {
      "name": "Psyduck",
      "percent": 0.0,
      "usage": 142,
      "rank": 301
    },
    "2023-02": {
      "name": "Psyduck",
      "percent": 0.0,
      "usage": 158,
      "rank": 343
    },