{
  "elos": [
    "0",
    "1500",
    "1695",
    "1825"
  ],
  "firstMonth": "2022-11",
  "0": {
    "2022-11": {
      "name": "Quaquaval",
      "percent": 8.74785,
      "usage": 442875,
      "rank": 24
    },
    "2022-12": {
      "name": "Quaquaval",
      "percent": 11.13798,
      "usage": 754098,
      "rank": 17
    },
    "2023-01": {
      "name": "Quaquaval",
      "percent": 9.70465,
      "usage": 424755,
      "rank": 23
    },
    "2023-02": {
      "name": "Quaquaval",
      "percent": 9.32347,
      "usage": 273417,
      "rank": 26
    },
    "2023-03": {
      "name": "Quaquaval",
      "percent": 6.20349,
      "usage": 187551,
      "rank": 30
    },
    "2023-04": {
      "name": "Quaquaval",
      "percent": 4.50546,
      "usage": 107638,
      "rank": 37
    },
    "2023-05": {
      "name": "Quaquaval",
      "percent": 3.34469,
      "usage": 85800,
      "rank": 42
    },
    "2023-06": {
      "name": "Quaquaval",
      "percent": 2.50707,
      "usage": 100251,
      "rank": 66
    },
    "2023-07": {
      "name": "Quaquaval",
      "percent": 2.82893,
      "usage": 75644,
      "rank": 51
    },
    "2023-08": {
      "name": "Quaquaval",
      "percent": 2.72917,
      "usage": 68241,
      "rank": 49
    },
    "2023-09": {
      "name": "Quaquaval",
      "percent": 2.15886,
      "usage": 82558,
      "rank": 70
    },
    "2023-09-DLC1": {
      "name": "Quaquaval",
      "percent": 1.97186,
      "usage": 47519,
      "rank": 73
    },
    "2023-10": {
      "name": "Quaquaval",
      "percent": 2.04129,
      "usage": 69776,
      "rank": 60
    },
    "2023-11": {
      "name": "Quaquaval",
      "percent": 2.35162,
      "usage": 62999,
      "rank": 57
    },
    "2023-12": {
      "name": "Quaquaval",
      "percent": 1.74461,
      "usage": 64978,
      "rank": 82
    },
    "2023-12-DLC2": {
      "name": "Quaquaval",
      "percent": 1.47399,
      "usage": 31541,
      "rank": 84
    },
    "2024-01": {
      "name": "Quaquaval",
      "percent": 1.6966,
      "usage": 63825,
      "rank": 74
    },
    "2024-02": {
      "name": "Quaquaval",
      "percent": 1.83163,
      "usage": 51679,
      "rank": 67
    },
    "2024-03": {
      "name": "Quaquaval",
      "percent": 1.94409,
      "usage": 51716,
      "rank": 65
    },
    "2024-04": {
      "name": "Quaquaval",
      "percent": 1.83906,
      "usage": 42807,
      "rank": 65
    },
    "2024-05": {
      "name": "Quaquaval",
      "percent": 1.92758,
      "usage": 20524,
      "rank": 66
    },
    "2024-06": {
      "name": "Quaquaval",
      "percent": 1.93485,
      "usage": 39986,
      "rank": 65
    }
  },
  "1500": {
    "2022-11": {
      "name": "Quaquaval",
      "percent": 8.62629,
      "usage": 442875,
      "rank": 25
    },
    "2022-12": {
      "name": "Quaquaval",
      "percent": 11.03786,
      "usage": 754098,
      "rank": 17
    },
    "2023-01": {
      "name": "Quaquaval",
      "percent": 9.55949,
      "usage": 424755,
      "rank": 23
    },
    "2023-02": {
      "name": "Quaquaval",
      "percent": 9.06517,
      "usage": 273417,
      "rank": 26
    },
    "2023-03": {
      "name": "Quaquaval",
      "percent": 5.7546,
      "usage": 187551,
      "rank": 32
    },
    "2023-04": {
      "name": "Quaquaval",
      "percent": 3.70096,
      "usage": 107638,
      "rank": 38
    },
    "2023-05": {
      "name": "Quaquaval",
      "percent": 2.78104,
      "usage": 85800,
      "rank": 46
    },
    "2023-06": {
      "name": "Quaquaval",
      "percent": 2.18646,
      "usage": 100251,
      "rank": 64
    },
    "2023-07": {
      "name": "Quaquaval",
      "percent": 2.28053,
      "usage": 75644,
      "rank": 55
    },
    "2023-08": {
      "name": "Quaquaval",
      "percent": 2.11969,
      "usage": 68241,
      "rank": 53
    },
    "2023-09": {
      "name": "Quaquaval",
      "percent": 1.72577,
      "usage": 82558,
      "rank": 78
    },
    "2023-09-DLC1": {
      "name": "Quaquaval",
      "percent": 1.59755,
      "usage": 47519,
      "rank": 79
    },
    "2023-10": {
      "name": "Quaquaval",
      "percent": 1.62099,
      "usage": 69776,
      "rank": 70
    },
    "2023-11": {
      "name": "Quaquaval",
      "percent": 1.79706,
      "usage": 62999,
      "rank": 63
    },
    "2023-12": {
      "name": "Quaquaval",
      "percent": 1.39907,
      "usage": 64978,
      "rank": 87
    },
    "2023-12-DLC2": {
      "name": "Quaquaval",
      "percent": 1.21091,
      "usage": 31541,
      "rank": 87
    },
    "2024-01": {
      "name": "Quaquaval",
      "percent": 1.34923,
      "usage": 63825,
      "rank": 80
    },
    "2024-02": {
      "name": "Quaquaval",
      "percent": 1.3522,
      "usage": 51679,
      "rank": 72
    },
    "2024-03": {
      "name": "Quaquaval",
      "percent": 1.33772,
      "usage": 51716,
      "rank": 74
    },
    "2024-04": {
      "name": "Quaquaval",
      "percent": 1.27221,
      "usage": 42807,
      "rank": 79
    },
    "2024-05": {
      "name": "Quaquaval",
      "percent": 1.35592,
      "usage": 20524,
      "rank": 75
    },
    "2024-06": {
      "name": "Quaquaval",
      "percent": 1.54869,
      "usage": 39986,
      "rank": 72
    }
  },
  "1695": {
    "2022-11": {
      "name": "Quaquaval",
      "percent": 5.14211,
      "usage": 442875,
      "rank": 40
    },
    "2022-12": {
      "name": "Quaquaval",
      "percent": 6.96576,
      "usage": 754098,
      "rank": 27
    },
    "2023-01": {
      "name": "Quaquaval",
      "percent": 5.19546,
      "usage": 424755,
      "rank": 34
    },
    "2023-02": {
      "name": "Quaquaval",
      "percent": 5.01801,
      "usage": 273417,
      "rank": 35
    },
    "2023-03": {
      "name": "Quaquaval",
      "percent": 3.77045,
      "usage": 187551,
      "rank": 38
    },
    "2023-04": {
      "name": "Quaquaval",
      "percent": 2.08711,
      "usage": 107638,
      "rank": 48
    },
    "2023-05": {
      "name": "Quaquaval",
      "percent": 2.04654,
      "usage": 85800,
      "rank": 55
    },
    "2023-06": {
      "name": "Quaquaval",
      "percent": 1.43679,
      "usage": 100251,
      "rank": 71
    },
    "2023-07": {
      "name": "Quaquaval",
      "percent": 1.36872,
      "usage": 75644,
      "rank": 60
    },
    "2023-08": {
      "name": "Quaquaval",
      "percent": 1.05061,
      "usage": 68241,
      "rank": 67
    },
    "2023-09": {
      "name": "Quaquaval",
      "percent": 0.85577,
      "usage": 82558,
      "rank": 91
    },
    "2023-09-DLC1": {
      "name": "Quaquaval",
      "percent": 0.70147,
      "usage": 47519,
      "rank": 91
    },
    "2023-10": {
      "name": "Quaquaval",
      "percent": 0.56343,
      "usage": 69776,
      "rank": 89
    },
    "2023-11": {
      "name": "Quaquaval",
      "percent": 0.84025,
      "usage": 62999,
      "rank": 81
    },
    "2023-12": {
      "name": "Quaquaval",
      "percent": 0.7185,
      "usage": 64978,
      "rank": 97
    },
    "2023-12-DLC2": {
      "name": "Quaquaval",
      "percent": 0.45082,
      "usage": 31541,
      "rank": 113
    },
    "2024-01": {
      "name": "Quaquaval",
      "percent": 0.78964,
      "usage": 63825,
      "rank": 88
    },
    "2024-02": {
      "name": "Quaquaval",
      "percent": 0.44429,
      "usage": 51679,
      "rank": 101
    },
    "2024-03": {
      "name": "Quaquaval",
      "percent": 0.3809,
      "usage": 51716,
      "rank": 102
    },
    "2024-04": {
      "name": "Quaquaval",
      "percent": 0.30458,
      "usage": 42807,
      "rank": 118
    },
    "2024-05": {
      "name": "Quaquaval",
      "percent": 0.28246,
      "usage": 20524,
      "rank": 123
    },
    "2024-06": {
      "name": "Quaquaval",
      "percent": 0.76596,
      "usage": 39986,
      "rank": 88
    }
  },
  "1825": {
    "2022-11": {
      "name": "Quaquaval",
      "percent": 4.43088,
      "usage": 442875,
      "rank": 41
    },