{
  "elos": [
    "0",
    "1500",
    "1695",
    "1825"
  ],
  "firstMonth": "2022-11",
  "0": {
    "2023-12": {
      "name": "Raging Bolt",
      "percent": 9.61845,
      "usage": 358239,
      "rank": 9
    },
    "2023-12-DLC2": {
      "name": "Raging Bolt",
      "percent": 13.51499,
      "usage": 289198,
      "rank": 6
    },
    "2024-01": {
      "name": "Raging Bolt",
      "percent": 13.16181,
      "usage": 495139,
      "rank": 5
    },
    "2024-02": {
      "name": "Raging Bolt",
      "percent": 14.99775,
      "usage": 423158,
      "rank": 5
    },
    "2024-03": {
      "name": "Raging Bolt",
      "percent": 11.48969,
      "usage": 305645,
      "rank": 12
    },
    "2024-04": {
      "name": "Raging Bolt",
      "percent": 10.28338,
      "usage": 239362,
      "rank": 15
    },
    "2024-05": {
      "name": "Raging Bolt",
      "percent": 10.58778,
      "usage": 112734,
      "rank": 15
    },
    "2024-06": {
      "name": "Raging Bolt",
      "percent": 10.71661,
      "usage": 221472,
      "rank": 15
    }
  },
  "1500": {
    "2023-12": {
      "name": "Raging Bolt",
      "percent": 11.19434,
      "usage": 358239,
      "rank": 9
    },
    "2023-12-DLC2": {
      "name": "Raging Bolt",
      "percent": 15.53223,
      "usage": 289198,
      "rank": 6
    },
    "2024-01": {
      "name": "Raging Bolt",
      "percent": 16.30745,
      "usage": 495139,
      "rank": 4
    },
    "2024-02": {
      "name": "Raging Bolt",
      "percent": 18.94948,
      "usage": 423158,
      "rank": 3
    },
    "2024-03": {
      "name": "Raging Bolt",
      "percent": 14.24942,
      "usage": 305645,
      "rank": 10
    },
    "2024-04": {
      "name": "Raging Bolt",
      "percent": 12.82053,
      "usage": 239362,
      "rank": 13
    },
    "2024-05": {
      "name": "Raging Bolt",
      "percent": 13.65944,
      "usage": 112734,
      "rank": 10
    },
    "2024-06": {
      "name": "Raging Bolt",
      "percent": 13.59832,
      "usage": 221472,
      "rank": 11
    }
  },
  "1695": {
    "2023-12": {
      "name": "Raging Bolt",
      "percent": 11.81748,
      "usage": 358239,
      "rank": 11
    },
    "2023-12-DLC2": {
      "name": "Raging Bolt",
      "percent": 16.09573,
      "usage": 289198,
      "rank": 6
    },
    "2024-01": {
      "name": "Raging Bolt",
      "percent": 19.82217,
      "usage": 495139,
      "rank": 3
    },
    "2024-02": {
      "name": "Raging Bolt",
      "percent": 20.95219,
      "usage": 423158,
      "rank": 3
    },
    "2024-03": {
      "name": "Raging Bolt",
      "percent": 16.98724,
      "usage": 305645,
      "rank": 9
    },
    "2024-04": {
      "name": "Raging Bolt",
      "percent": 14.8322,
      "usage": 239362,
      "rank": 14
    },
    "2024-05": {
      "name": "Raging Bolt",
      "percent": 15.52397,
      "usage": 112734,
      "rank": 11
    },
    "2024-06": {
      "name": "Raging Bolt",
      "percent": 18.65237,
      "usage": 221472,
      "rank": 7
    }
  },
  "1825": {
    "2023-12": {
      "name": "Raging Bolt",
      "percent": 11.35442,
      "usage": 358239,
      "rank": 13
    },
    "2023-12-DLC2": {
      "name": "Raging Bolt",
      "percent": 14.62802,
      "usage": 289198,
      "rank": 9
    },
    "2024-01": {
      "name": "Raging Bolt",
      "percent": 21.70466,
      "usage": 495139,
      "rank": 3
    },
    "2024-02": {
      "name": "Raging Bolt",
      "percent": 21.04358,
      "usage": 423158,
      "rank": 4
    },
    "2024-03": {
      "name": "Raging Bolt",
      "percent": 16.44418,
      "usage": 305645,
      "rank": 10
    },
    "2024-04": {
      "name": "Raging Bolt",
      "percent": 16.45416,
      "usage": 239362,
      "rank": 12
    },
    "2024-05": {
      "name": "Raging Bolt",
      "percent": 15.65213,
      "usage": 112734,
      "rank": 14
    },
    "2024-06": {
      "name": "Raging Bolt",
      "percent": 19.92843,
      "usage": 221472,
      "rank": 7
    }
  }
}