{
  "elos": [
    "0",
    "1500",
    "1695",
    "1825"
  ],
  "firstMonth": "2022-11",
  "0": {
    "2022-11": {
      "name": "Tatsugiri",
      "percent": 0.80795,
      "usage": 40904,
      "rank": 103
    },
    "2022-12": {
      "name": "Tatsugiri",
      "percent": 0.60159,
      "usage": 40731,
      "rank": 104
    },
    "2023-01": {
      "name": "Tatsugiri",
      "percent": 0.42789,
      "usage": 18728,
      "rank": 119
    },
    "2023-02": {
      "name": "Tatsugiri",
      "percent": 0.34161,
      "usage": 10018,
      "rank": 124
    },
    "2023-03": {
      "name": "Tatsugiri",
      "percent": 0.38914,
      "usage": 11765,
      "rank": 115
    },
    "2023-04": {
      "name": "Tatsugiri",
      "percent": 0.29417,
      "usage": 7028,
      "rank": 135
    },
    "2023-05": {
      "name": "Tatsugiri",
      "percent": 0.20832,
      "usage": 5344,
      "rank": 191
    },
    "2023-06": {
      "name": "Tatsugiri",
      "percent": 0.15217,
      "usage": 6085,
      "rank": 193
    },
    "2023-07": {
      "name": "Tatsugiri",
      "percent": 0.18336,
      "usage": 4903,
      "rank": 180
    },
    "2023-08": {
      "name": "Tatsugiri",
      "percent": 0.14414,
      "usage": 3604,
      "rank": 194
    },
    "2023-09": {
      "name": "Tatsugiri",
      "percent": 0.12309,
      "usage": 4707,
      "rank": 245
    },
    "2023-09-DLC1": {
      "name": "Tatsugiri",
      "percent": 0.11914,
      "usage": 2871,
      "rank": 244
    },
    "2023-10": {
      "name": "Tatsugiri",
      "percent": 0.1707,
      "usage": 5835,
      "rank": 211
    },
    "2023-11": {
      "name": "Tatsugiri",
      "percent": 0.21874,
      "usage": 5860,
      "rank": 199
    },
    "2023-12": {
      "name": "Tatsugiri",
      "percent": 0.0948,
      "usage": 3531,
      "rank": 324
    },
    "2023-12-DLC2": {
      "name": "Tatsugiri",
      "percent": 0.06926,
      "usage": 1482,
      "rank": 322
    },
    "2024-01": {
      "name": "Tatsugiri",
      "percent": 0.08892,
      "usage": 3345,
      "rank": 312
    },
    "2024-02": {
      "name": "Tatsugiri",
      "percent": 0.1182,
      "usage": 3335,
      "rank": 296
    },
    "2024-03": {
      "name": "Tatsugiri",
      "percent": 0.10875,
      "usage": 2893,
      "rank": 306
    },
    "2024-04": {
      "name": "Tatsugiri",
      "percent": 0.11454,
      "usage": 2666,
      "rank": 302
    },
    "2024-05": {
      "name": "Tatsugiri",
      "percent": 0.11176,
      "usage": 1190,
      "rank": 310
    },
    "2024-06": {
      "name": "Tatsugiri",
      "percent": 0.13641,
      "usage": 2819,
      "rank": 296
    }
  },
  "1500": {
    "2022-11": {
      "name": "Tatsugiri",
      "percent": 0.78198,
      "usage": 40904,
      "rank": 103
    },
    "2022-12": {
      "name": "Tatsugiri",
      "percent": 0.58322,
      "usage": 40731,
      "rank": 104
    },
    "2023-01": {
      "name": "Tatsugiri",
      "percent": 0.40742,
      "usage": 18728,
      "rank": 119
    },
    "2023-02": {
      "name": "Tatsugiri",
      "percent": 0.30823,
      "usage": 10018,
      "rank": 125
    },
    "2023-03": {
      "name": "Tatsugiri",
      "percent": 0.33837,
      "usage": 11765,
      "rank": 113
    },
    "2023-04": {
      "name": "Tatsugiri",
      "percent": 0.19022,
      "usage": 7028,
      "rank": 131
    },
    "2023-05": {
      "name": "Tatsugiri",
      "percent": 0.12563,
      "usage": 5344,
      "rank": 185
    },
    "2023-06": {
      "name": "Tatsugiri",
      "percent": 0.10087,
      "usage": 6085,
      "rank": 184
    },
    "2023-07": {
      "name": "Tatsugiri",
      "percent": 0.11378,
      "usage": 4903,
      "rank": 176
    },
    "2023-08": {
      "name": "Tatsugiri",
      "percent": 0.08975,
      "usage": 3604,
      "rank": 187
    },
    "2023-09": {
      "name": "Tatsugiri",
      "percent": 0.06539,
      "usage": 4707,
      "rank": 241
    },
    "2023-09-DLC1": {
      "name": "Tatsugiri",
      "percent": 0.061,
      "usage": 2871,
      "rank": 239
    },
    "2023-10": {
      "name": "Tatsugiri",
      "percent": 0.09367,
      "usage": 5835,
      "rank": 205
    },
    "2023-11": {
      "name": "Tatsugiri",
      "percent": 0.13655,
      "usage": 5860,
      "rank": 190
    },
    "2023-12": {
      "name": "Tatsugiri",
      "percent": 0.04587,
      "usage": 3531,
      "rank": 308
    },
    "2023-12-DLC2": {
      "name": "Tatsugiri",
      "percent": 0.02861,
      "usage": 1482,
      "rank": 316
    },
    "2024-01": {
      "name": "Tatsugiri",
      "percent": 0.04736,
      "usage": 3345,
      "rank": 293
    },
    "2024-02": {
      "name": "Tatsugiri",
      "percent": 0.08069,
      "usage": 3335,
      "rank": 249
    },
    "2024-03": {
      "name": "Tatsugiri",
      "percent": 0.0559,
      "usage": 2893,
      "rank": 286
    },
    "2024-04": {
      "name": "Tatsugiri",
      "percent": 0.06795,
      "usage": 2666,
      "rank": 265
    },
    "2024-05": {
      "name": "Tatsugiri",
      "percent": 0.05693,
      "usage": 1190,
      "rank": 297
    },
    "2024-06": {
      "name": "Tatsugiri",
      "percent": 0.08135,
      "usage": 2819,
      "rank": 265
    }
  },
  "1695": {
    "2022-11": {
      "name": "Tatsugiri",
      "percent": 0.42446,
      "usage": 40904,
      "rank": 100
    },
    "2022-12": {
      "name": "Tatsugiri",
      "percent": 0.17996,
      "usage": 40731,
      "rank": 108
    },
    "2023-01": {
      "name": "Tatsugiri",
      "percent": 0.03374,
      "usage": 18728,
      "rank": 154
    },
    "2023-02": {
      "name": "Tatsugiri",
      "percent": 0.06471,
      "usage": 10018,
      "rank": 135
    },
    "2023-03": {
      "name": "Tatsugiri",
      "percent": 0.14799,
      "usage": 11765,
      "rank": 103
    },
    "2023-04": {
      "name": "Tatsugiri",
      "percent": 0.08015,
      "usage": 7028,
      "rank": 130
    },
    "2023-05": {
      "name": "Tatsugiri",
      "percent": 0.09037,
      "usage": 5344,
      "rank": 164
    },
    "2023-06": {
      "name": "Tatsugiri",
      "percent": 0.02718,
      "usage": 6085,
      "rank": 191
    },
    "2023-07": {
      "name": "Tatsugiri",
      "percent": 0.04272,
      "usage": 4903,
      "rank": 169
    },
    "2023-08": {
      "name": "Tatsugiri",
      "percent": 0.01425,
      "usage": 3604,
      "rank": 203
    },
    "2023-09": {
      "name": "Tatsugiri",
      "percent": 0.03279,
      "usage": 4707,
      "rank": 223
    },
    "2023-09-DLC1": {
      "name": "Tatsugiri",
      "percent": 0.01906,
      "usage": 2871,
      "rank": 237
    },
    "2023-10": {
      "name": "Tatsugiri",
      "percent": 0.01154,
      "usage": 5835,
      "rank": 248
    },
    "2023-11": {
      "name": "Tatsugiri",
      "percent": 0.05926,
      "usage": 5860,
      "rank": 176
    },
    "2023-12": {
      "name": "Tatsugiri",
      "percent": 0.02014,
      "usage": 3531,
      "rank": 279
    },
    "2023-12-DLC2": {
      "name": "Tatsugiri",
      "percent": 0.00291,
      "usage": 1482,
      "rank": 350
    },
    "2024-01": {
      "name": "Tatsugiri",
      "percent": 0.01073,
      "usage": 3345,
      "rank": 303
    },
    "2024-02": {
      "name": "Tatsugiri",
      "percent": 0.01644,
      "usage": 3335,
      "rank": 273
    },
    "2024-03": {
      "name": "Tatsugiri",
      "percent": 0.11599,
      "usage": 2893,
      "rank": 167
    },
    "2024-04": {
      "name": "Tatsugiri",
      "percent": 0.01886,
      "usage": 2666,
      "rank": 262
    },
    "2024-05": {
      "name": "Tatsugiri",
      "percent": 0.00522,
      "usage": 1190,
      "rank": 330
    },
    "2024-06": {
      "name": "Tatsugiri",
      "percent": 0.01076,
      "usage": 2819,
      "rank": 289
    }
  },
  "1825": {
    "2022-11": {
      "name": "Tatsugiri",
      "percent": 0.35877,
      "usage": 40904,
      "rank": 105
    },