{
  "elos": [
    "0",
    "1500",
    "1695",
    "1825"
  ],
  "firstMonth": "2022-11",
  "0": {
    "2022-11": {
      "name": "Toedscruel",
      "percent": 1.97819,
      "usage": 100149,
      "rank": 65
    },
    "2022-12": {
      "name": "Toedscruel",
      "percent": 1.56427,
      "usage": 105909,
      "rank": 61
    },
    "2023-01": {
      "name": "Toedscruel",
      "percent": 1.9548,
      "usage": 85558,
      "rank": 53
    },
    "2023-02": {
      "name": "Toedscruel",
      "percent": 2.4974,
      "usage": 73238,
      "rank": 47
    },
    "2023-03": {
      "name": "Toedscruel",
      "percent": 1.56471,
      "usage": 47306,
      "rank": 61
    },
    "2023-04": {
      "name": "Toedscruel",
      "percent": 1.55727,
      "usage": 37204,
      "rank": 60
    },
    "2023-05": {
      "name": "Toedscruel",
      "percent": 1.38099,
      "usage": 35426,
      "rank": 77
    },
    "2023-06": {
      "name": "Toedscruel",
      "percent": 0.73341,
      "usage": 29327,
      "rank": 106
    },
    "2023-07": {
      "name": "Toedscruel",
      "percent": 0.62851,
      "usage": 16806,
      "rank": 110
    },
    "2023-08": {
      "name": "Toedscruel",
      "percent": 0.67704,
      "usage": 16929,
      "rank": 104
    },
    "2023-09": {
      "name": "Toedscruel",
      "percent": 0.59652,
      "usage": 22812,
      "rank": 130
    },
    "2023-09-DLC1": {
      "name": "Toedscruel",
      "percent": 0.558,
      "usage": 13447,
      "rank": 133
    },
    "2023-10": {
      "name": "Toedscruel",
      "percent": 0.66821,
      "usage": 22841,
      "rank": 111
    },
    "2023-11": {
      "name": "Toedscruel",
      "percent": 0.58482,
      "usage": 15667,
      "rank": 123
    },
    "2023-12": {
      "name": "Toedscruel",
      "percent": 0.33502,
      "usage": 12478,
      "rank": 183
    },
    "2023-12-DLC2": {
      "name": "Toedscruel",
      "percent": 0.2896,
      "usage": 6197,
      "rank": 192
    },
    "2024-01": {
      "name": "Toedscruel",
      "percent": 0.2801,
      "usage": 10537,
      "rank": 193
    },
    "2024-02": {
      "name": "Toedscruel",
      "percent": 0.14939,
      "usage": 4215,
      "rank": 261
    },
    "2024-03": {
      "name": "Toedscruel",
      "percent": 0.1468,
      "usage": 3905,
      "rank": 269
    },
    "2024-04": {
      "name": "Toedscruel",
      "percent": 0.12128,
      "usage": 2823,
      "rank": 295
    },
    "2024-05": {
      "name": "Toedscruel",
      "percent": 0.18662,
      "usage": 1987,
      "rank": 257
    },
    "2024-06": {
      "name": "Toedscruel",
      "percent": 0.14623,
      "usage": 3022,
      "rank": 284
    }
  },
  "1500": {
    "2022-11": {
      "name": "Toedscruel",
      "percent": 1.93338,
      "usage": 100149,
      "rank": 65
    },
    "2022-12": {
      "name": "Toedscruel",
      "percent": 1.54223,
      "usage": 105909,
      "rank": 62
    },
    "2023-01": {
      "name": "Toedscruel",
      "percent": 1.94697,
      "usage": 85558,
      "rank": 54
    },
    "2023-02": {
      "name": "Toedscruel",
      "percent": 2.55231,
      "usage": 73238,
      "rank": 45
    },
    "2023-03": {
      "name": "Toedscruel",
      "percent": 1.60845,
      "usage": 47306,
      "rank": 60
    },
    "2023-04": {
      "name": "Toedscruel",
      "percent": 1.53943,
      "usage": 37204,
      "rank": 56
    },
    "2023-05": {
      "name": "Toedscruel",
      "percent": 1.32065,
      "usage": 35426,
      "rank": 74
    },
    "2023-06": {
      "name": "Toedscruel",
      "percent": 0.67118,
      "usage": 29327,
      "rank": 98
    },
    "2023-07": {
      "name": "Toedscruel",
      "percent": 0.53854,
      "usage": 16806,
      "rank": 100
    },
    "2023-08": {
      "name": "Toedscruel",
      "percent": 0.50978,
      "usage": 16929,
      "rank": 100
    },
    "2023-09": {
      "name": "Toedscruel",
      "percent": 0.51831,
      "usage": 22812,
      "rank": 119
    },
    "2023-09-DLC1": {
      "name": "Toedscruel",
      "percent": 0.51671,
      "usage": 13447,
      "rank": 118
    },
    "2023-10": {
      "name": "Toedscruel",
      "percent": 0.59969,
      "usage": 22841,
      "rank": 106
    },
    "2023-11": {
      "name": "Toedscruel",
      "percent": 0.45044,
      "usage": 15667,
      "rank": 116
    },
    "2023-12": {
      "name": "Toedscruel",
      "percent": 0.25358,
      "usage": 12478,
      "rank": 170
    },
    "2023-12-DLC2": {
      "name": "Toedscruel",
      "percent": 0.23716,
      "usage": 6197,
      "rank": 168
    },
    "2024-01": {
      "name": "Toedscruel",
      "percent": 0.23874,
      "usage": 10537,
      "rank": 164
    },
    "2024-02": {
      "name": "Toedscruel",
      "percent": 0.11427,
      "usage": 4215,
      "rank": 225
    },
    "2024-03": {
      "name": "Toedscruel",
      "percent": 0.09875,
      "usage": 3905,
      "rank": 240
    },
    "2024-04": {
      "name": "Toedscruel",
      "percent": 0.06967,
      "usage": 2823,
      "rank": 263
    },
    "2024-05": {
      "name": "Toedscruel",
      "percent": 0.10533,
      "usage": 1987,
      "rank": 242
    },
    "2024-06": {
      "name": "Toedscruel",
      "percent": 0.08803,
      "usage": 3022,
      "rank": 256
    }
  },
  "1695": {
    "2022-11": {
      "name": "Toedscruel",
      "percent": 1.37493,
      "usage": 100149,
      "rank": 65
    },
    "2022-12": {
      "name": "Toedscruel",
      "percent": 0.74713,
      "usage": 105909,
      "rank": 67
    },
    "2023-01": {
      "name": "Toedscruel",
      "percent": 1.93542,
      "usage": 85558,
      "rank": 51
    },
    "2023-02": {
      "name": "Toedscruel",
      "percent": 2.9626,
      "usage": 73238,
      "rank": 43
    },
    "2023-03": {
      "name": "Toedscruel",
      "percent": 2.52112,
      "usage": 47306,
      "rank": 44
    },
    "2023-04": {
      "name": "Toedscruel",
      "percent": 2.31914,
      "usage": 37204,
      "rank": 45
    },
    "2023-05": {
      "name": "Toedscruel",
      "percent": 2.02472,
      "usage": 35426,
      "rank": 56
    },
    "2023-06": {
      "name": "Toedscruel",
      "percent": 1.14807,
      "usage": 29327,
      "rank": 76
    },
    "2023-07": {
      "name": "Toedscruel",
      "percent": 0.28737,
      "usage": 16806,
      "rank": 105
    },
    "2023-08": {
      "name": "Toedscruel",
      "percent": 0.32567,
      "usage": 16929,
      "rank": 90
    },
    "2023-09": {
      "name": "Toedscruel",
      "percent": 0.49298,
      "usage": 22812,
      "rank": 99
    },
    "2023-09-DLC1": {
      "name": "Toedscruel",
      "percent": 0.65376,
      "usage": 13447,
      "rank": 93
    },
    "2023-10": {
      "name": "Toedscruel",
      "percent": 0.43489,
      "usage": 22841,
      "rank": 96
    },
    "2023-11": {
      "name": "Toedscruel",
      "percent": 0.29086,
      "usage": 15667,
      "rank": 111
    },
    "2023-12": {
      "name": "Toedscruel",
      "percent": 0.26963,
      "usage": 12478,
      "rank": 137
    },
    "2023-12-DLC2": {
      "name": "Toedscruel",
      "percent": 0.32577,
      "usage": 6197,
      "rank": 121
    },
    "2024-01": {
      "name": "Toedscruel",
      "percent": 0.20179,
      "usage": 10537,
      "rank": 140
    },
    "2024-02": {
      "name": "Toedscruel",
      "percent": 0.04843,
      "usage": 4215,
      "rank": 209
    },
    "2024-03": {
      "name": "Toedscruel",
      "percent": 0.0361,
      "usage": 3905,
      "rank": 223
    },
    "2024-04": {
      "name": "Toedscruel",
      "percent": 0.03145,
      "usage": 2823,
      "rank": 226
    },
    "2024-05": {
      "name": "Toedscruel",
      "percent": 0.04866,
      "usage": 1987,
      "rank": 208
    },
    "2024-06": {
      "name": "Toedscruel",
      "percent": 0.01249,
      "usage": 3022,
      "rank": 283
    }
  },
  "1825": {
    "2022-11": {
      "name": "Toedscruel",
      "percent": 1.24685,