{
  "elos": [
    "0",
    "1500",
    "1695",
    "1825"
  ],
  "firstMonth": "2022-11",
  "0": {
    "2022-11": {
      "name": "Toxtricity",
      "percent": 0.76442,
      "usage": 38700,
      "rank": 106
    },
    "2022-12": {
      "name": "Toxtricity",
      "percent": 0.66369,
      "usage": 44935,
      "rank": 99
    },
    "2023-01": {
      "name": "Toxtricity",
      "percent": 0.9413,
      "usage": 41199,
      "rank": 82
    },
    "2023-02": {
      "name": "Toxtricity",
      "percent": 0.8214,
      "usage": 24088,
      "rank": 90
    },
    "2023-03": {
      "name": "Toxtricity",
      "percent": 0.61155,
      "usage": 18489,
      "rank": 93
    },
    "2023-04": {
      "name": "Toxtricity",
      "percent": 0.70995,
      "usage": 16961,
      "rank": 98
    },
    "2023-05": {
      "name": "Toxtricity",
      "percent": 0.61573,
      "usage": 15795,
      "rank": 122
    },
    "2023-06": {
      "name": "Toxtricity",
      "percent": 0.26771,
      "usage": 10705,
      "rank": 161
    },
    "2023-07": {
      "name": "Toxtricity",
      "percent": 0.37955,
      "usage": 10149,
      "rank": 141
    },
    "2023-08": {
      "name": "Toxtricity",
      "percent": 0.39853,
      "usage": 9965,
      "rank": 136
    },
    "2023-09": {
      "name": "Toxtricity",
      "percent": 0.30982,
      "usage": 11848,
      "rank": 183
    },
    "2023-09-DLC1": {
      "name": "Toxtricity",
      "percent": 0.28861,
      "usage": 6955,
      "rank": 180
    },
    "2023-10": {
      "name": "Toxtricity",
      "percent": 0.35112,
      "usage": 12002,
      "rank": 162
    },
    "2023-11": {
      "name": "Toxtricity",
      "percent": 0.36275,
      "usage": 9718,
      "rank": 158
    },
    "2023-12": {
      "name": "Toxtricity",
      "percent": 0.27185,
      "usage": 10125,
      "rank": 209
    },
    "2023-12-DLC2": {
      "name": "Toxtricity",
      "percent": 0.21576,
      "usage": 4617,
      "rank": 221
    },
    "2024-01": {
      "name": "Toxtricity",
      "percent": 0.25022,
      "usage": 9413,
      "rank": 207
    },
    "2024-02": {
      "name": "Toxtricity",
      "percent": 0.29754,
      "usage": 8395,
      "rank": 193
    },
    "2024-03": {
      "name": "Toxtricity",
      "percent": 0.40076,
      "usage": 10661,
      "rank": 169
    },
    "2024-04": {
      "name": "Toxtricity",
      "percent": 0.56207,
      "usage": 13083,
      "rank": 142
    },
    "2024-05": {
      "name": "Toxtricity",
      "percent": 0.50303,
      "usage": 5356,
      "rank": 166
    },
    "2024-06": {
      "name": "Toxtricity",
      "percent": 0.44827,
      "usage": 9264,
      "rank": 168
    }
  },
  "1500": {
    "2022-11": {
      "name": "Toxtricity",
      "percent": 0.74714,
      "usage": 38700,
      "rank": 106
    },
    "2022-12": {
      "name": "Toxtricity",
      "percent": 0.64266,
      "usage": 44935,
      "rank": 98
    },
    "2023-01": {
      "name": "Toxtricity",
      "percent": 0.91424,
      "usage": 41199,
      "rank": 83
    },
    "2023-02": {
      "name": "Toxtricity",
      "percent": 0.77215,
      "usage": 24088,
      "rank": 90
    },
    "2023-03": {
      "name": "Toxtricity",
      "percent": 0.54358,
      "usage": 18489,
      "rank": 92
    },
    "2023-04": {
      "name": "Toxtricity",
      "percent": 0.52347,
      "usage": 16961,
      "rank": 92
    },
    "2023-05": {
      "name": "Toxtricity",
      "percent": 0.38478,
      "usage": 15795,
      "rank": 127
    },
    "2023-06": {
      "name": "Toxtricity",
      "percent": 0.13903,
      "usage": 10705,
      "rank": 171
    },
    "2023-07": {
      "name": "Toxtricity",
      "percent": 0.2017,
      "usage": 10149,
      "rank": 149
    },
    "2023-08": {
      "name": "Toxtricity",
      "percent": 0.19694,
      "usage": 9965,
      "rank": 143
    },
    "2023-09": {
      "name": "Toxtricity",
      "percent": 0.1812,
      "usage": 11848,
      "rank": 187
    },
    "2023-09-DLC1": {
      "name": "Toxtricity",
      "percent": 0.17464,
      "usage": 6955,
      "rank": 180
    },
    "2023-10": {
      "name": "Toxtricity",
      "percent": 0.20539,
      "usage": 12002,
      "rank": 161
    },
    "2023-11": {
      "name": "Toxtricity",
      "percent": 0.23667,
      "usage": 9718,
      "rank": 157
    },
    "2023-12": {
      "name": "Toxtricity",
      "percent": 0.14896,
      "usage": 10125,
      "rank": 214
    },
    "2023-12-DLC2": {
      "name": "Toxtricity",
      "percent": 0.12393,
      "usage": 4617,
      "rank": 211
    },
    "2024-01": {
      "name": "Toxtricity",
      "percent": 0.1423,
      "usage": 9413,
      "rank": 204
    },
    "2024-02": {
      "name": "Toxtricity",
      "percent": 0.14552,
      "usage": 8395,
      "rank": 205
    },
    "2024-03": {
      "name": "Toxtricity",
      "percent": 0.21627,
      "usage": 10661,
      "rank": 175
    },
    "2024-04": {
      "name": "Toxtricity",
      "percent": 0.25438,
      "usage": 13083,
      "rank": 170
    },
    "2024-05": {
      "name": "Toxtricity",
      "percent": 0.29662,
      "usage": 5356,
      "rank": 164
    },
    "2024-06": {
      "name": "Toxtricity",
      "percent": 0.2263,
      "usage": 9264,
      "rank": 183
    }
  },
  "1695": {
    "2022-11": {
      "name": "Toxtricity",
      "percent": 0.37926,
      "usage": 38700,
      "rank": 107
    },
    "2022-12": {
      "name": "Toxtricity",
      "percent": 0.18859,
      "usage": 44935,
      "rank": 104
    },
    "2023-01": {
      "name": "Toxtricity",
      "percent": 0.20627,
      "usage": 41199,
      "rank": 100
    },
    "2023-02": {
      "name": "Toxtricity",
      "percent": 0.3632,
      "usage": 24088,
      "rank": 89
    },
    "2023-03": {
      "name": "Toxtricity",
      "percent": 0.62738,
      "usage": 18489,
      "rank": 74
    },
    "2023-04": {
      "name": "Toxtricity",
      "percent": 0.94081,
      "usage": 16961,
      "rank": 67
    },
    "2023-05": {
      "name": "Toxtricity",
      "percent": 0.39271,
      "usage": 15795,
      "rank": 109
    },
    "2023-06": {
      "name": "Toxtricity",
      "percent": 0.04429,
      "usage": 10705,
      "rank": 174
    },
    "2023-07": {
      "name": "Toxtricity",
      "percent": 0.10248,
      "usage": 10149,
      "rank": 143
    },
    "2023-08": {
      "name": "Toxtricity",
      "percent": 0.19059,
      "usage": 9965,
      "rank": 108
    },
    "2023-09": {
      "name": "Toxtricity",
      "percent": 0.11136,
      "usage": 11848,
      "rank": 168
    },
    "2023-09-DLC1": {
      "name": "Toxtricity",
      "percent": 0.15609,
      "usage": 6955,
      "rank": 141
    },
    "2023-10": {
      "name": "Toxtricity",
      "percent": 0.23428,
      "usage": 12002,
      "rank": 120
    },
    "2023-11": {
      "name": "Toxtricity",
      "percent": 0.11279,
      "usage": 9718,
      "rank": 143
    },
    "2023-12": {
      "name": "Toxtricity",
      "percent": 0.06871,
      "usage": 10125,
      "rank": 200
    },
    "2023-12-DLC2": {
      "name": "Toxtricity",
      "percent": 0.07286,
      "usage": 4617,
      "rank": 189
    },
    "2024-01": {
      "name": "Toxtricity",
      "percent": 0.04579,
      "usage": 9413,
      "rank": 213
    },
    "2024-02": {
      "name": "Toxtricity",
      "percent": 0.03163,
      "usage": 8395,
      "rank": 233
    },
    "2024-03": {
      "name": "Toxtricity",
      "percent": 0.04691,
      "usage": 10661,
      "rank": 208
    },
    "2024-04": {
      "name": "Toxtricity",
      "percent": 0.06997,
      "usage": 13083,
      "rank": 182
    },
    "2024-05": {
      "name": "Toxtricity",
      "percent": 0.09872,
      "usage": 5356,
      "rank": 164
    },
    "2024-06": {
      "name": "Toxtricity",
      "percent": 0.14454,
      "usage": 9264,
      "rank": 149
    }
  },
  "1825": {
    "2022-11": {
      "name": "Toxtricity",
      "percent": 0.38472,