{
  "elos": [
    "0",
    "1500",
    "1695",
    "1825"
  ],
  "firstMonth": "2022-11",
  "0": {
    "2023-02": {
      "name": "Zoroark-Hisui",
      "percent": 1.58663,
      "usage": 46529,
      "rank": 60
    },
    "2023-03": {
      "name": "Zoroark-Hisui",
      "percent": 14.41575,
      "usage": 435833,
      "rank": 14
    },
    "2023-04": {
      "name": "Zoroark-Hisui",
      "percent": 9.44238,
      "usage": 225584,
      "rank": 26
    },
    "2023-05": {
      "name": "Zoroark-Hisui",
      "percent": 7.5788,
      "usage": 194416,
      "rank": 26
    },
    "2023-06": {
      "name": "Zoroark-Hisui",
      "percent": 2.84138,
      "usage": 113619,
      "rank": 62
    },
    "2023-07": {
      "name": "Zoroark-Hisui",
      "percent": 2.37009,
      "usage": 63375,
      "rank": 56
    },
    "2023-08": {
      "name": "Zoroark-Hisui",
      "percent": 2.37955,
      "usage": 59499,
      "rank": 55
    },
    "2023-09": {
      "name": "Zoroark-Hisui",
      "percent": 1.63704,
      "usage": 62603,
      "rank": 84
    },
    "2023-09-DLC1": {
      "name": "Zoroark-Hisui",
      "percent": 1.40735,
      "usage": 33915,
      "rank": 88
    },
    "2023-10": {
      "name": "Zoroark-Hisui",
      "percent": 1.79824,
      "usage": 61468,
      "rank": 71
    },
    "2023-11": {
      "name": "Zoroark-Hisui",
      "percent": 1.73881,
      "usage": 46582,
      "rank": 68
    },
    "2023-12": {
      "name": "Zoroark-Hisui",
      "percent": 1.03638,
      "usage": 38600,
      "rank": 104
    },
    "2023-12-DLC2": {
      "name": "Zoroark-Hisui",
      "percent": 0.77492,
      "usage": 16582,
      "rank": 113
    },
    "2024-01": {
      "name": "Zoroark-Hisui",
      "percent": 1.00581,
      "usage": 37838,
      "rank": 100
    },
    "2024-02": {
      "name": "Zoroark-Hisui",
      "percent": 1.12657,
      "usage": 31786,
      "rank": 90
    },
    "2024-03": {
      "name": "Zoroark-Hisui",
      "percent": 1.23722,
      "usage": 32912,
      "rank": 82
    },
    "2024-04": {
      "name": "Zoroark-Hisui",
      "percent": 1.15528,
      "usage": 26891,
      "rank": 86
    },
    "2024-05": {
      "name": "Zoroark-Hisui",
      "percent": 1.33721,
      "usage": 14238,
      "rank": 83
    },
    "2024-06": {
      "name": "Zoroark-Hisui",
      "percent": 1.45556,
      "usage": 30081,
      "rank": 77
    }
  },
  "1500": {
    "2023-02": {
      "name": "Zoroark-Hisui",
      "percent": 1.57992,
      "usage": 46529,
      "rank": 59
    },
    "2023-03": {
      "name": "Zoroark-Hisui",
      "percent": 13.99098,
      "usage": 435833,
      "rank": 14
    },
    "2023-04": {
      "name": "Zoroark-Hisui",
      "percent": 8.51202,
      "usage": 225584,
      "rank": 27
    },
    "2023-05": {
      "name": "Zoroark-Hisui",
      "percent": 6.50215,
      "usage": 194416,
      "rank": 30
    },
    "2023-06": {
      "name": "Zoroark-Hisui",
      "percent": 2.11562,
      "usage": 113619,
      "rank": 68
    },
    "2023-07": {
      "name": "Zoroark-Hisui",
      "percent": 1.71373,
      "usage": 63375,
      "rank": 57
    },
    "2023-08": {
      "name": "Zoroark-Hisui",
      "percent": 1.58112,
      "usage": 59499,
      "rank": 62
    },
    "2023-09": {
      "name": "Zoroark-Hisui",
      "percent": 1.0755,
      "usage": 62603,
      "rank": 92
    },
    "2023-09-DLC1": {
      "name": "Zoroark-Hisui",
      "percent": 0.91785,
      "usage": 33915,
      "rank": 96
    },
    "2023-10": {
      "name": "Zoroark-Hisui",
      "percent": 1.10306,
      "usage": 61468,
      "rank": 83
    },
    "2023-11": {
      "name": "Zoroark-Hisui",
      "percent": 1.1844,
      "usage": 46582,
      "rank": 78
    },
    "2023-12": {
      "name": "Zoroark-Hisui",
      "percent": 0.64526,
      "usage": 38600,
      "rank": 114
    },
    "2023-12-DLC2": {
      "name": "Zoroark-Hisui",
      "percent": 0.42516,
      "usage": 16582,
      "rank": 129
    },
    "2024-01": {
      "name": "Zoroark-Hisui",
      "percent": 0.54689,
      "usage": 37838,
      "rank": 118
    },
    "2024-02": {
      "name": "Zoroark-Hisui",
      "percent": 0.63425,
      "usage": 31786,
      "rank": 103
    },
    "2024-03": {
      "name": "Zoroark-Hisui",
      "percent": 0.69391,
      "usage": 32912,
      "rank": 95
    },
    "2024-04": {
      "name": "Zoroark-Hisui",
      "percent": 0.54996,
      "usage": 26891,
      "rank": 110
    },
    "2024-05": {
      "name": "Zoroark-Hisui",
      "percent": 0.75561,
      "usage": 14238,
      "rank": 104
    },
    "2024-06": {
      "name": "Zoroark-Hisui",
      "percent": 0.79456,
      "usage": 30081,
      "rank": 99
    }
  },
  "1695": {
    "2023-02": {
      "name": "Zoroark-Hisui",
      "percent": 0.77473,
      "usage": 46529,
      "rank": 70
    },
    "2023-03": {
      "name": "Zoroark-Hisui",
      "percent": 8.68225,
      "usage": 435833,
      "rank": 26
    },
    "2023-04": {
      "name": "Zoroark-Hisui",
      "percent": 5.11335,
      "usage": 225584,
      "rank": 33
    },
    "2023-05": {
      "name": "Zoroark-Hisui",
      "percent": 3.62506,
      "usage": 194416,
      "rank": 39
    },
    "2023-06": {
      "name": "Zoroark-Hisui",
      "percent": 0.93532,
      "usage": 113619,
      "rank": 83
    },
    "2023-07": {
      "name": "Zoroark-Hisui",
      "percent": 0.79811,
      "usage": 63375,
      "rank": 75
    },
    "2023-08": {
      "name": "Zoroark-Hisui",
      "percent": 0.4929,
      "usage": 59499,
      "rank": 81
    },
    "2023-09": {
      "name": "Zoroark-Hisui",
      "percent": 0.37358,
      "usage": 62603,
      "rank": 111
    },
    "2023-09-DLC1": {
      "name": "Zoroark-Hisui",
      "percent": 0.28394,
      "usage": 33915,
      "rank": 114
    },
    "2023-10": {
      "name": "Zoroark-Hisui",
      "percent": 0.46701,
      "usage": 61468,
      "rank": 94
    },
    "2023-11": {
      "name": "Zoroark-Hisui",
      "percent": 0.53606,
      "usage": 46582,
      "rank": 94
    },
    "2023-12": {
      "name": "Zoroark-Hisui",
      "percent": 0.249,
      "usage": 38600,
      "rank": 141
    },
    "2023-12-DLC2": {
      "name": "Zoroark-Hisui",
      "percent": 0.16243,
      "usage": 16582,
      "rank": 155
    },
    "2024-01": {
      "name": "Zoroark-Hisui",
      "percent": 0.16285,
      "usage": 37838,
      "rank": 147
    },
    "2024-02": {
      "name": "Zoroark-Hisui",
      "percent": 0.2072,
      "usage": 31786,
      "rank": 131
    },
    "2024-03": {
      "name": "Zoroark-Hisui",
      "percent": 0.19475,
      "usage": 32912,
      "rank": 141
    },
    "2024-04": {
      "name": "Zoroark-Hisui",
      "percent": 0.10397,
      "usage": 26891,
      "rank": 169
    },
    "2024-05": {
      "name": "Zoroark-Hisui",
      "percent": 0.37202,
      "usage": 14238,
      "rank": 114
    },
    "2024-06": {
      "name": "Zoroark-Hisui",
      "percent": 0.20026,
      "usage": 30081,
      "rank": 140
    }
  },
  "1825": {
    "2023-02": {
      "name": "Zoroark-Hisui",
      "percent": 1.15967,
      "usage": 46529,
      "rank": 62
    },
    "2023-03": {
      "name": "Zoroark-Hisui",
      "percent": 9.18929,
      "usage": 435833,
      "rank": 24
    },
    "2023-04": {
      "name": "Zoroark-Hisui",
      "percent": 4.70159,
      "usage": 225584,
      "rank": 33
    },
    "2023-05": {
      "name": "Zoroark-Hisui",
      "percent": 3.31745,
      "usage": 194416,
      "rank": 46
    },
    "2023-06": {
      "name": "Zoroark-Hisui",
      "percent": 0.33193,
      "usage": 113619,
      "rank": 100
    },
    "2023-07": {
      "name": "Zoroark-Hisui",
      "percent": 0.40422,
      "usage": 63375,
      "rank": 81
    },
    "2023-08": {
      "name": "Zoroark-Hisui",
      "percent": 0.25016,
      "usage": 59499,
      "rank": 88
    },
    "2023-09": {
      "name": "Zoroark-Hisui",
      "percent": 0.32556,
      "usage": 62603,