{
  "2023-12": {
    "name": "Smeargle",
    "percent": 0.65792,
    "usage": 28968,
    "rank": 113
  },
  "2023-12-DLC2": {
    "name": "Smeargle",
    "percent": 0.84605,
    "usage": 22361,
    "rank": 100
  },
  "2024-01": {
    "name": "Smeargle",
    "percent": 0.69553,
    "usage": 28489,
    "rank": 106
  },
  "2024-02": {
    "name": "Smeargle",
    "percent": 0.30362,
    "usage": 11162,
    "rank": 145
  },
  "2024-03": {
    "name": "Smeargle",
    "percent": 0.30238,
    "usage": 9957,
    "rank": 151
  },
  "2024-04": {
    "name": "Smeargle",
    "percent": 0.34251,
    "usage": 9904,
    "rank": 146
  },
  "2024-05": {
    "name": "Smeargle",
    "percent": 0.17047,
    "usage": 4158,
    "rank": 206
  },
  "2024-06": {
    "name": "Smeargle",
    "percent": 0.17815,
    "usage": 6023,
    "rank": 200
  }
}