{
  "2022-11": {
    "name": "Sudowoodo",
    "percent": 0.00352,
    "usage": 417,
    "rank": 517
  },
  "2022-12": {
    "name": "Sudowoodo",
    "percent": 0.00125,
    "usage": 1348,
    "rank": 608
  },
  "2023-01": {
    "name": "Sudowoodo",
    "percent": 0.0067,
    "usage": 1227,
    "rank": 502
  },
  "2023-02": {
    "name": "Sudowoodo",
    "percent": 0.02281,
    "usage": 1680,
    "rank": 459
  },
  "2023-03": {
    "name": "Sudowoodo",
    "percent": 0.02299,
    "usage": 1786,
    "rank": 422
  },
  "2023-04": {
    "name": "Sudowoodo",
    "percent": 0.01717,
    "usage": 1602,
    "rank": 473
  },
  "2023-05": {
    "name": "Sudowoodo",
    "percent": 0.00596,
    "usage": 1445,
    "rank": 568
  },
  "2023-06": {
    "name": "Sudowoodo",
    "percent": 0.00462,
    "usage": 1537,
    "rank": 577
  },
  "2023-07": {
    "name": "Sudowoodo",
    "percent": 0.01016,
    "usage": 1816,
    "rank": 522
  },
  "2023-08": {
    "name": "Sudowoodo",
    "percent": 0.01154,
    "usage": 1421,
    "rank": 509
  },
  "2023-09": {
    "name": "Sudowoodo",
    "percent": 0.007,
    "usage": 1081,
    "rank": 548
  },
  "2023-09-DLC1": {
    "name": "Sudowoodo",
    "percent": 0.01192,
    "usage": 661,
    "rank": 481
  },
  "2023-10": {
    "name": "Sudowoodo",
    "percent": 0.00743,
    "usage": 1029,
    "rank": 562
  },
  "2023-11": {
    "name": "Sudowoodo",
    "percent": 0.02272,
    "usage": 1637,
    "rank": 436
  },
  "2023-12": {
    "name": "Sudowoodo",
    "percent": 0.00759,
    "usage": 1853,
    "rank": 555
  },
  "2023-12-DLC2": {
    "name": "Sudowoodo",
    "percent": 0.00994,
    "usage": 1152,
    "rank": 490
  },
  "2024-01": {
    "name": "Sudowoodo",
    "percent": 0.01155,
    "usage": 1478,
    "rank": 506
  },
  "2024-02": {
    "name": "Sudowoodo",
    "percent": 0.01701,
    "usage": 1632,
    "rank": 457
  },
  "2024-03": {
    "name": "Sudowoodo",
    "percent": 0.01859,
    "usage": 1292,
    "rank": 460
  },
  "2024-04": {
    "name": "Sudowoodo",
    "percent": 0.03634,
    "usage": 1784,
    "rank": 367
  },
  "2024-05": {
    "name": "Sudowoodo",
    "percent": 0.01691,
    "usage": 712,
    "rank": 442
  },
  "2024-06": {
    "name": "Sudowoodo",
    "percent": 0.00508,
    "usage": 1082,
    "rank": 544
  }
}