{
  "2022-11": {
    "name": "Sudowoodo",
    "percent": 8e-05,
    "usage": 417,
    "rank": 532
  },
  "2022-12": {
    "name": "Sudowoodo",
    "percent": 0.00016,
    "usage": 1348,
    "rank": 562
  },
  "2023-01": {
    "name": "Sudowoodo",
    "percent": 0.00587,
    "usage": 1227,
    "rank": 417
  },
  "2023-02": {
    "name": "Sudowoodo",
    "percent": 0.01117,
    "usage": 1680,
    "rank": 410
  },
  "2023-03": {
    "name": "Sudowoodo",
    "percent": 0.00991,
    "usage": 1786,
    "rank": 416
  },
  "2023-04": {
    "name": "Sudowoodo",
    "percent": 0.00887,
    "usage": 1602,
    "rank": 443
  },
  "2023-05": {
    "name": "Sudowoodo",
    "percent": 0.00107,
    "usage": 1445,
    "rank": 623
  },
  "2023-06": {
    "name": "Sudowoodo",
    "percent": 0.00142,
    "usage": 1537,
    "rank": 569
  },
  "2023-07": {
    "name": "Sudowoodo",
    "percent": 0.00484,
    "usage": 1816,
    "rank": 492
  },
  "2023-08": {
    "name": "Sudowoodo",
    "percent": 0.00157,
    "usage": 1421,
    "rank": 601
  },
  "2023-09": {
    "name": "Sudowoodo",
    "percent": 0.00079,
    "usage": 1081,
    "rank": 616
  },
  "2023-09-DLC1": {
    "name": "Sudowoodo",
    "percent": 0.00128,
    "usage": 661,
    "rank": 560
  },
  "2023-10": {
    "name": "Sudowoodo",
    "percent": 0.00286,
    "usage": 1029,
    "rank": 541
  },
  "2023-11": {
    "name": "Sudowoodo",
    "percent": 0.01992,
    "usage": 1637,
    "rank": 365
  },
  "2023-12": {
    "name": "Sudowoodo",
    "percent": 0.00021,
    "usage": 1853,
    "rank": 689
  },
  "2023-12-DLC2": {
    "name": "Sudowoodo",
    "percent": 0.00027,
    "usage": 1152,
    "rank": 618
  },
  "2024-01": {
    "name": "Sudowoodo",
    "percent": 0.00312,
    "usage": 1478,
    "rank": 500
  },
  "2024-02": {
    "name": "Sudowoodo",
    "percent": 0.00531,
    "usage": 1632,
    "rank": 451
  },
  "2024-03": {
    "name": "Sudowoodo",
    "percent": 0.00279,
    "usage": 1292,
    "rank": 531
  },
  "2024-04": {
    "name": "Sudowoodo",
    "percent": 0.00021,
    "usage": 1784,
    "rank": 693
  },
  "2024-05": {
    "name": "Sudowoodo",
    "percent": 0.00483,
    "usage": 712,
    "rank": 433
  },
  "2024-06": {
    "name": "Sudowoodo",
    "percent": 0.00123,
    "usage": 1082,
    "rank": 531
  }
}