{
  "2022-11": {
    "name": "Bisharp",
    "percent": 1.00346,
    "usage": 5534,
    "rank": 91
  },
  "2022-12": {
    "name": "Bisharp",
    "percent": 0.54192,
    "usage": 8965,
    "rank": 106
  },
  "2023-01": {
    "name": "Bisharp",
    "percent": 0.43135,
    "usage": 8118,
    "rank": 122
  },
  "2023-02": {
    "name": "Bisharp",
    "percent": 0.86008,
    "usage": 6259,
    "rank": 90
  },
  "2023-03": {
    "name": "Bisharp",
    "percent": 0.40555,
    "usage": 6064,
    "rank": 128
  },
  "2023-04": {
    "name": "Bisharp",
    "percent": 0.5305,
    "usage": 5497,
    "rank": 113
  },
  "2023-05": {
    "name": "Bisharp",
    "percent": 0.80417,
    "usage": 4069,
    "rank": 98
  },
  "2023-06": {
    "name": "Bisharp",
    "percent": 0.43297,
    "usage": 3721,
    "rank": 139
  },
  "2023-07": {
    "name": "Bisharp",
    "percent": 0.92586,
    "usage": 5442,
    "rank": 98
  },
  "2023-08": {
    "name": "Bisharp",
    "percent": 0.37165,
    "usage": 3796,
    "rank": 161
  },
  "2023-09": {
    "name": "Bisharp",
    "percent": 0.23698,
    "usage": 4541,
    "rank": 225
  },
  "2023-09-DLC1": {
    "name": "Bisharp",
    "percent": 0.25405,
    "usage": 2497,
    "rank": 217
  },
  "2023-10": {
    "name": "Bisharp",
    "percent": 0.30023,
    "usage": 4570,
    "rank": 195
  },
  "2023-11": {
    "name": "Bisharp",
    "percent": 0.22855,
    "usage": 3568,
    "rank": 202
  },
  "2023-12": {
    "name": "Bisharp",
    "percent": 0.28642,
    "usage": 3317,
    "rank": 194
  },
  "2023-12-DLC2": {
    "name": "Bisharp",
    "percent": 0.21069,
    "usage": 1329,
    "rank": 236
  },
  "2024-01": {
    "name": "Bisharp",
    "percent": 0.18937,
    "usage": 3058,
    "rank": 243
  },
  "2024-02": {
    "name": "Bisharp",
    "percent": 0.16178,
    "usage": 3275,
    "rank": 254
  },
  "2024-03": {
    "name": "Bisharp",
    "percent": 0.12142,
    "usage": 2534,
    "rank": 291
  },
  "2024-04": {
    "name": "Bisharp",
    "percent": 0.15175,
    "usage": 2306,
    "rank": 242
  },
  "2024-05": {
    "name": "Bisharp",
    "percent": 0.16759,
    "usage": 686,
    "rank": 230
  },
  "2024-06": {
    "name": "Bisharp",
    "percent": 0.13242,
    "usage": 1679,
    "rank": 243
  }
}