{
  "2022-11": {
    "name": "Sudowoodo",
    "percent": 0.00127,
    "usage": 366,
    "rank": 225
  },
  "2022-12": {
    "name": "Sudowoodo",
    "percent": 0.0,
    "usage": 1255,
    "rank": 290
  },
  "2023-01": {
    "name": "Sudowoodo",
    "percent": 0.05129,
    "usage": 1912,
    "rank": 152
  },
  "2023-02": {
    "name": "Sudowoodo",
    "percent": 0.01444,
    "usage": 995,
    "rank": 207
  },
  "2023-03": {
    "name": "Sudowoodo",
    "percent": 0.00382,
    "usage": 850,
    "rank": 249
  },
  "2023-04": {
    "name": "Sudowoodo",
    "percent": 0.03352,
    "usage": 747,
    "rank": 169
  },
  "2023-05": {
    "name": "Sudowoodo",
    "percent": 0.00582,
    "usage": 1169,
    "rank": 315
  },
  "2023-06": {
    "name": "Sudowoodo",
    "percent": 0.003,
    "usage": 988,
    "rank": 335
  },
  "2023-07": {
    "name": "Sudowoodo",
    "percent": 0.00296,
    "usage": 679,
    "rank": 345
  },
  "2023-08": {
    "name": "Sudowoodo",
    "percent": 0.00262,
    "usage": 929,
    "rank": 349
  },
  "2023-09": {
    "name": "Sudowoodo",
    "percent": 0.01063,
    "usage": 755,
    "rank": 346
  },
  "2023-09-DLC1": {
    "name": "Sudowoodo",
    "percent": 0.01756,
    "usage": 376,
    "rank": 302
  },
  "2023-10": {
    "name": "Sudowoodo",
    "percent": 0.01112,
    "usage": 1147,
    "rank": 325
  },
  "2023-11": {
    "name": "Sudowoodo",
    "percent": 0.00065,
    "usage": 504,
    "rank": 458
  },
  "2023-12": {
    "name": "Sudowoodo",
    "percent": 0.00862,
    "usage": 982,
    "rank": 378
  },
  "2023-12-DLC2": {
    "name": "Sudowoodo",
    "percent": 0.01875,
    "usage": 609,
    "rank": 313
  },
  "2024-01": {
    "name": "Sudowoodo",
    "percent": 0.0056,
    "usage": 1236,
    "rank": 410
  },
  "2024-02": {
    "name": "Sudowoodo",
    "percent": 0.03145,
    "usage": 2158,
    "rank": 268
  },
  "2024-03": {
    "name": "Sudowoodo",
    "percent": 0.03385,
    "usage": 1619,
    "rank": 251
  },
  "2024-04": {
    "name": "Sudowoodo",
    "percent": 0.01793,
    "usage": 2445,
    "rank": 285
  },
  "2024-05": {
    "name": "Sudowoodo",
    "percent": 0.00887,
    "usage": 933,
    "rank": 339
  },
  "2024-06": {
    "name": "Sudowoodo",
    "percent": 0.01394,
    "usage": 1187,
    "rank": 299
  }
}