{
  "2022-11": {
    "name": "Druddigon",
    "percent": 0.15918,
    "usage": 955,
    "rank": 431
  },
  "2022-12": {
    "name": "Druddigon",
    "percent": 0.25466,
    "usage": 3248,
    "rank": 365
  },
  "2023-01": {
    "name": "Druddigon",
    "percent": 0.22234,
    "usage": 3108,
    "rank": 364
  },
  "2023-02": {
    "name": "Druddigon",
    "percent": 0.26003,
    "usage": 4297,
    "rank": 332
  },
  "2023-03": {
    "name": "Druddigon",
    "percent": 0.18511,
    "usage": 3792,
    "rank": 362
  },
  "2023-04": {
    "name": "Druddigon",
    "percent": 0.1541,
    "usage": 3992,
    "rank": 341
  },
  "2023-05": {
    "name": "Druddigon",
    "percent": 0.14821,
    "usage": 4358,
    "rank": 331
  },
  "2023-06": {
    "name": "Druddigon",
    "percent": 0.14288,
    "usage": 4181,
    "rank": 325
  },
  "2023-07": {
    "name": "Druddigon",
    "percent": 0.19094,
    "usage": 4477,
    "rank": 297
  },
  "2023-08": {
    "name": "Druddigon",
    "percent": 0.24512,
    "usage": 5755,
    "rank": 262
  },
  "2023-09": {
    "name": "Druddigon",
    "percent": 0.26439,
    "usage": 5545,
    "rank": 254
  },
  "2023-09-DLC1": {
    "name": "Druddigon",
    "percent": 0.23197,
    "usage": 2507,
    "rank": 257
  },
  "2023-10": {
    "name": "Druddigon",
    "percent": 0.25497,
    "usage": 5527,
    "rank": 265
  },
  "2023-11": {
    "name": "Druddigon",
    "percent": 0.19796,
    "usage": 4047,
    "rank": 301
  },
  "2023-12": {
    "name": "Druddigon",
    "percent": 0.16804,
    "usage": 3239,
    "rank": 307
  },
  "2023-12-DLC2": {
    "name": "Druddigon",
    "percent": 0.1099,
    "usage": 972,
    "rank": 365
  },
  "2024-01": {
    "name": "Druddigon",
    "percent": 0.14646,
    "usage": 2970,
    "rank": 318
  },
  "2024-02": {
    "name": "Druddigon",
    "percent": 0.1608,
    "usage": 3735,
    "rank": 302
  },
  "2024-03": {
    "name": "Druddigon",
    "percent": 0.23689,
    "usage": 3852,
    "rank": 262
  },
  "2024-04": {
    "name": "Druddigon",
    "percent": 0.13849,
    "usage": 3877,
    "rank": 332
  },
  "2024-05": {
    "name": "Druddigon",
    "percent": 0.119,
    "usage": 1781,
    "rank": 336
  },
  "2024-06": {
    "name": "Druddigon",
    "percent": 0.11454,
    "usage": 3296,
    "rank": 323
  }
}