{
  "2023-12": {
    "name": "Exeggutor",
    "percent": 0.01061,
    "usage": 5732,
    "rank": 312
  },
  "2023-12-DLC2": {
    "name": "Exeggutor",
    "percent": 0.01499,
    "usage": 4819,
    "rank": 270
  },
  "2024-01": {
    "name": "Exeggutor",
    "percent": 0.00497,
    "usage": 4695,
    "rank": 339
  },
  "2024-02": {
    "name": "Exeggutor",
    "percent": 0.005,
    "usage": 2282,
    "rank": 339
  },
  "2024-03": {
    "name": "Exeggutor",
    "percent": 0.02962,
    "usage": 2132,
    "rank": 239
  },
  "2024-04": {
    "name": "Exeggutor",
    "percent": 0.00922,
    "usage": 2228,
    "rank": 303
  },
  "2024-05": {
    "name": "Exeggutor",
    "percent": 0.00444,
    "usage": 1887,
    "rank": 333
  },
  "2024-06": {
    "name": "Exeggutor",
    "percent": 0.00312,
    "usage": 3192,
    "rank": 365
  }
}