{
  "2023-12": {
    "name": "Exeggutor",
    "percent": 0.00502,
    "usage": 5732,
    "rank": 305
  },
  "2023-12-DLC2": {
    "name": "Exeggutor",
    "percent": 0.00758,
    "usage": 4819,
    "rank": 251
  },
  "2024-01": {
    "name": "Exeggutor",
    "percent": 0.00151,
    "usage": 4695,
    "rank": 343
  },
  "2024-02": {
    "name": "Exeggutor",
    "percent": 0.0023,
    "usage": 2282,
    "rank": 312
  },
  "2024-03": {
    "name": "Exeggutor",
    "percent": 0.00293,
    "usage": 2132,
    "rank": 300
  },
  "2024-04": {
    "name": "Exeggutor",
    "percent": 0.00324,
    "usage": 2228,
    "rank": 295
  },
  "2024-05": {
    "name": "Exeggutor",
    "percent": 0.00157,
    "usage": 1887,
    "rank": 326
  },
  "2024-06": {
    "name": "Exeggutor",
    "percent": 0.00134,
    "usage": 3192,
    "rank": 346
  }
}