{
  "2023-12": {
    "name": "Dewgong",
    "percent": 0.16563,
    "usage": 713,
    "rank": 428
  },
  "2023-12-DLC2": {
    "name": "Dewgong",
    "percent": 0.32589,
    "usage": 650,
    "rank": 320
  },
  "2024-01": {
    "name": "Dewgong",
    "percent": 0.0783,
    "usage": 385,
    "rank": 487
  },
  "2024-02": {
    "name": "Dewgong",
    "percent": 0.14758,
    "usage": 675,
    "rank": 430
  },
  "2024-03": {
    "name": "Dewgong",
    "percent": 0.09848,
    "usage": 468,
    "rank": 475
  },
  "2024-04": {
    "name": "Dewgong",
    "percent": 0.12505,
    "usage": 561,
    "rank": 455
  },
  "2024-05": {
    "name": "Dewgong",
    "percent": 0.13997,
    "usage": 297,
    "rank": 433
  },
  "2024-06": {
    "name": "Dewgong",
    "percent": 0.1227,
    "usage": 448,
    "rank": 448
  }
}