{
  "2022-11": {
    "name": "Ralts",
    "percent": 0.01504,
    "usage": 54,
    "rank": 259
  },
  "2022-12": {
    "name": "Ralts",
    "percent": 0.01439,
    "usage": 72,
    "rank": 273
  },
  "2023-01": {
    "name": "Ralts",
    "percent": 0.01124,
    "usage": 41,
    "rank": 289
  },
  "2023-02": {
    "name": "Ralts",
    "percent": 0.01154,
    "usage": 34,
    "rank": 285
  },
  "2023-03": {
    "name": "Ralts",
    "percent": 0.00737,
    "usage": 30,
    "rank": 302
  },
  "2023-04": {
    "name": "Ralts",
    "percent": 0.00512,
    "usage": 24,
    "rank": 291
  },
  "2023-05": {
    "name": "Ralts",
    "percent": 0.00798,
    "usage": 50,
    "rank": 357
  },
  "2023-06": {
    "name": "Ralts",
    "percent": 0.00441,
    "usage": 20,
    "rank": 374
  },
  "2023-07": {
    "name": "Ralts",
    "percent": 0.008,
    "usage": 16,
    "rank": 353
  },
  "2023-08": {
    "name": "Ralts",
    "percent": 0.00851,
    "usage": 29,
    "rank": 351
  },
  "2023-09": {
    "name": "Ralts",
    "percent": 0.00122,
    "usage": 28,
    "rank": 521
  },
  "2023-09-DLC1": {
    "name": "Ralts",
    "percent": 0.00069,
    "usage": 25,
    "rank": 563
  },
  "2023-10": {
    "name": "Ralts",
    "percent": 0.00257,
    "usage": 17,
    "rank": 473
  },
  "2023-11": {
    "name": "Ralts",
    "percent": 0.00328,
    "usage": 40,
    "rank": 476
  },
  "2023-12": {
    "name": "Ralts",
    "percent": 0.00122,
    "usage": 15,
    "rank": 634
  },
  "2023-12-DLC2": {
    "name": "Ralts",
    "percent": 0.00061,
    "usage": 3,
    "rank": 646
  },
  "2024-01": {
    "name": "Ralts",
    "percent": 0.00131,
    "usage": 20,
    "rank": 646
  },
  "2024-02": {
    "name": "Ralts",
    "percent": 0.00095,
    "usage": 21,
    "rank": 643
  },
  "2024-03": {
    "name": "Ralts",
    "percent": 0.00116,
    "usage": 12,
    "rank": 622
  },
  "2024-04": {
    "name": "Ralts",
    "percent": 0.00083,
    "usage": 13,
    "rank": 641
  },
  "2024-05": {
    "name": "Ralts",
    "percent": 0.0021,
    "usage": 8,
    "rank": 573
  },
  "2024-06": {
    "name": "Ralts",
    "percent": 0.0028,
    "usage": 20,
    "rank": 560
  }
}