{
  "2022-11": {
    "name": "Chien-Pao",
    "percent": 36.45286,
    "usage": 71812,
    "rank": 4
  },
  "2022-12": {
    "name": "Chien-Pao",
    "percent": 35.86106,
    "usage": 122201,
    "rank": 3
  },
  "2023-01": {
    "name": "Chien-Pao",
    "percent": 24.79959,
    "usage": 76576,
    "rank": 5
  },
  "2023-02": {
    "name": "Chien-Pao",
    "percent": 21.39944,
    "usage": 59234,
    "rank": 8
  },
  "2023-03": {
    "name": "Chien-Pao",
    "percent": 32.41585,
    "usage": 59239,
    "rank": 3
  },
  "2023-04": {
    "name": "Chien-Pao",
    "percent": 26.44737,
    "usage": 53413,
    "rank": 4
  },
  "2023-05": {
    "name": "Chien-Pao",
    "percent": 22.99082,
    "usage": 46838,
    "rank": 8
  },
  "2023-06": {
    "name": "Chien-Pao",
    "percent": 3.71845,
    "usage": 29561,
    "rank": 29
  },
  "2023-07": {
    "name": "Chien-Pao",
    "percent": 3.69253,
    "usage": 27717,
    "rank": 27
  },
  "2023-08": {
    "name": "Chien-Pao",
    "percent": 3.57685,
    "usage": 26216,
    "rank": 30
  },
  "2023-09": {
    "name": "Chien-Pao",
    "percent": 3.42992,
    "usage": 29316,
    "rank": 30
  },
  "2023-09-DLC1": {
    "name": "Chien-Pao",
    "percent": 3.69589,
    "usage": 16230,
    "rank": 28
  },
  "2023-10": {
    "name": "Chien-Pao",
    "percent": 4.2939,
    "usage": 30518,
    "rank": 25
  },
  "2023-11": {
    "name": "Chien-Pao",
    "percent": 3.64664,
    "usage": 23701,
    "rank": 30
  },
  "2023-12": {
    "name": "Chien-Pao",
    "percent": 1.99593,
    "usage": 17320,
    "rank": 48
  },
  "2023-12-DLC2": {
    "name": "Chien-Pao",
    "percent": 1.36983,
    "usage": 6730,
    "rank": 54
  },
  "2024-01": {
    "name": "Chien-Pao",
    "percent": 2.86043,
    "usage": 20239,
    "rank": 39
  },
  "2024-02": {
    "name": "Chien-Pao",
    "percent": 2.22526,
    "usage": 17264,
    "rank": 42
  },
  "2024-03": {
    "name": "Chien-Pao",
    "percent": 2.97813,
    "usage": 16056,
    "rank": 33
  },
  "2024-04": {
    "name": "Chien-Pao",
    "percent": 2.33433,
    "usage": 14864,
    "rank": 41
  },
  "2024-05": {
    "name": "Chien-Pao",
    "percent": 4.23104,
    "usage": 6758,
    "rank": 24
  },
  "2024-06": {
    "name": "Chien-Pao",
    "percent": 2.63663,
    "usage": 12796,
    "rank": 35
  }
}