{
  "2022-11": {
    "name": "Registeel",
    "percent": 0.15106,
    "usage": 923,
    "rank": 437
  },
  "2022-12": {
    "name": "Registeel",
    "percent": 0.23415,
    "usage": 2950,
    "rank": 386
  },
  "2023-01": {
    "name": "Registeel",
    "percent": 0.18247,
    "usage": 2603,
    "rank": 410
  },
  "2023-02": {
    "name": "Registeel",
    "percent": 0.18343,
    "usage": 3227,
    "rank": 398
  },
  "2023-03": {
    "name": "Registeel",
    "percent": 0.14062,
    "usage": 2998,
    "rank": 417
  },
  "2023-04": {
    "name": "Registeel",
    "percent": 0.1548,
    "usage": 3851,
    "rank": 339
  },
  "2023-05": {
    "name": "Registeel",
    "percent": 0.10565,
    "usage": 3109,
    "rank": 393
  },
  "2023-06": {
    "name": "Registeel",
    "percent": 0.09121,
    "usage": 2438,
    "rank": 390
  },
  "2023-07": {
    "name": "Registeel",
    "percent": 0.11019,
    "usage": 2835,
    "rank": 368
  },
  "2023-08": {
    "name": "Registeel",
    "percent": 0.11123,
    "usage": 2930,
    "rank": 361
  },
  "2023-09": {
    "name": "Registeel",
    "percent": 0.09549,
    "usage": 3668,
    "rank": 387
  },
  "2023-09-DLC1": {
    "name": "Registeel",
    "percent": 0.09466,
    "usage": 1802,
    "rank": 383
  },
  "2023-10": {
    "name": "Registeel",
    "percent": 0.11336,
    "usage": 3817,
    "rank": 371
  },
  "2023-11": {
    "name": "Registeel",
    "percent": 0.1382,
    "usage": 2933,
    "rank": 350
  },
  "2023-12": {
    "name": "Registeel",
    "percent": 0.10426,
    "usage": 2506,
    "rank": 383
  },
  "2023-12-DLC2": {
    "name": "Registeel",
    "percent": 0.08567,
    "usage": 1160,
    "rank": 403
  },
  "2024-01": {
    "name": "Registeel",
    "percent": 0.17429,
    "usage": 2988,
    "rank": 287
  },
  "2024-02": {
    "name": "Registeel",
    "percent": 0.11343,
    "usage": 2588,
    "rank": 350
  },
  "2024-03": {
    "name": "Registeel",
    "percent": 0.10876,
    "usage": 2537,
    "rank": 358
  },
  "2024-04": {
    "name": "Registeel",
    "percent": 0.09816,
    "usage": 1983,
    "rank": 379
  },
  "2024-05": {
    "name": "Registeel",
    "percent": 0.12713,
    "usage": 1317,
    "rank": 324
  },
  "2024-06": {
    "name": "Registeel",
    "percent": 0.13307,
    "usage": 2899,
    "rank": 302
  }
}