{
  "2022-11": {
    "name": "Sceptile",
    "percent": 0.49388,
    "usage": 2919,
    "rank": 266
  },
  "2022-12": {
    "name": "Sceptile",
    "percent": 0.58614,
    "usage": 7203,
    "rank": 226
  },
  "2023-01": {
    "name": "Sceptile",
    "percent": 0.66774,
    "usage": 9067,
    "rank": 194
  },
  "2023-02": {
    "name": "Sceptile",
    "percent": 1.14331,
    "usage": 17842,
    "rank": 130
  },
  "2023-03": {
    "name": "Sceptile",
    "percent": 0.64326,
    "usage": 11345,
    "rank": 199
  },
  "2023-04": {
    "name": "Sceptile",
    "percent": 0.76416,
    "usage": 13450,
    "rank": 162
  },
  "2023-05": {
    "name": "Sceptile",
    "percent": 0.58225,
    "usage": 10867,
    "rank": 202
  },
  "2023-06": {
    "name": "Sceptile",
    "percent": 0.53123,
    "usage": 8932,
    "rank": 211
  },
  "2023-07": {
    "name": "Sceptile",
    "percent": 0.49676,
    "usage": 8040,
    "rank": 233
  },
  "2023-08": {
    "name": "Sceptile",
    "percent": 0.53216,
    "usage": 9791,
    "rank": 218
  },
  "2023-09": {
    "name": "Sceptile",
    "percent": 0.52715,
    "usage": 9039,
    "rank": 232
  },
  "2023-09-DLC1": {
    "name": "Sceptile",
    "percent": 0.49782,
    "usage": 4248,
    "rank": 232
  },
  "2023-10": {
    "name": "Sceptile",
    "percent": 0.63539,
    "usage": 10018,
    "rank": 200
  },
  "2023-11": {
    "name": "Sceptile",
    "percent": 0.57434,
    "usage": 7767,
    "rank": 218
  },
  "2023-12": {
    "name": "Sceptile",
    "percent": 0.57885,
    "usage": 7402,
    "rank": 213
  },
  "2023-12-DLC2": {
    "name": "Sceptile",
    "percent": 0.66587,
    "usage": 3648,
    "rank": 188
  },
  "2024-01": {
    "name": "Sceptile",
    "percent": 0.73467,
    "usage": 9068,
    "rank": 181
  },
  "2024-02": {
    "name": "Sceptile",
    "percent": 0.58284,
    "usage": 7547,
    "rank": 203
  },
  "2024-03": {
    "name": "Sceptile",
    "percent": 0.5873,
    "usage": 7904,
    "rank": 206
  },
  "2024-04": {
    "name": "Sceptile",
    "percent": 0.57061,
    "usage": 6939,
    "rank": 208
  },
  "2024-05": {
    "name": "Sceptile",
    "percent": 0.40141,
    "usage": 2401,
    "rank": 256
  },
  "2024-06": {
    "name": "Sceptile",
    "percent": 0.35032,
    "usage": 4571,
    "rank": 262
  }
}