{
  "2022-11": {
    "name": "Sceptile",
    "percent": 0.46969,
    "usage": 2919,
    "rank": 268
  },
  "2022-12": {
    "name": "Sceptile",
    "percent": 0.56027,
    "usage": 7203,
    "rank": 234
  },
  "2023-01": {
    "name": "Sceptile",
    "percent": 0.62817,
    "usage": 9067,
    "rank": 200
  },
  "2023-02": {
    "name": "Sceptile",
    "percent": 1.06251,
    "usage": 17842,
    "rank": 133
  },
  "2023-03": {
    "name": "Sceptile",
    "percent": 0.51281,
    "usage": 11345,
    "rank": 206
  },
  "2023-04": {
    "name": "Sceptile",
    "percent": 0.42007,
    "usage": 13450,
    "rank": 202
  },
  "2023-05": {
    "name": "Sceptile",
    "percent": 0.33162,
    "usage": 10867,
    "rank": 228
  },
  "2023-06": {
    "name": "Sceptile",
    "percent": 0.24421,
    "usage": 8932,
    "rank": 261
  },
  "2023-07": {
    "name": "Sceptile",
    "percent": 0.25536,
    "usage": 8040,
    "rank": 265
  },
  "2023-08": {
    "name": "Sceptile",
    "percent": 0.26759,
    "usage": 9791,
    "rank": 249
  },
  "2023-09": {
    "name": "Sceptile",
    "percent": 0.28967,
    "usage": 9039,
    "rank": 244
  },
  "2023-09-DLC1": {
    "name": "Sceptile",
    "percent": 0.24234,
    "usage": 4248,
    "rank": 255
  },
  "2023-10": {
    "name": "Sceptile",
    "percent": 0.30567,
    "usage": 10018,
    "rank": 244
  },
  "2023-11": {
    "name": "Sceptile",
    "percent": 0.26602,
    "usage": 7767,
    "rank": 265
  },
  "2023-12": {
    "name": "Sceptile",
    "percent": 0.26552,
    "usage": 7402,
    "rank": 262
  },
  "2023-12-DLC2": {
    "name": "Sceptile",
    "percent": 0.27751,
    "usage": 3648,
    "rank": 246
  },
  "2024-01": {
    "name": "Sceptile",
    "percent": 0.29184,
    "usage": 9068,
    "rank": 238
  },
  "2024-02": {
    "name": "Sceptile",
    "percent": 0.24579,
    "usage": 7547,
    "rank": 245
  },
  "2024-03": {
    "name": "Sceptile",
    "percent": 0.21214,
    "usage": 7904,
    "rank": 272
  },
  "2024-04": {
    "name": "Sceptile",
    "percent": 0.20165,
    "usage": 6939,
    "rank": 275
  },
  "2024-05": {
    "name": "Sceptile",
    "percent": 0.14715,
    "usage": 2401,
    "rank": 300
  },
  "2024-06": {
    "name": "Sceptile",
    "percent": 0.11801,
    "usage": 4571,
    "rank": 319
  }
}