{
  "2022-11": {
    "name": "Froslass",
    "percent": 0.71158,
    "usage": 4307,
    "rank": 121
  },
  "2022-12": {
    "name": "Froslass",
    "percent": 0.67055,
    "usage": 7646,
    "rank": 129
  },
  "2023-01": {
    "name": "Froslass",
    "percent": 0.61418,
    "usage": 5219,
    "rank": 150
  },
  "2023-02": {
    "name": "Froslass",
    "percent": 0.67088,
    "usage": 4210,
    "rank": 139
  },
  "2023-03": {
    "name": "Froslass",
    "percent": 0.61028,
    "usage": 3877,
    "rank": 143
  },
  "2023-04": {
    "name": "Froslass",
    "percent": 0.77559,
    "usage": 4138,
    "rank": 126
  },
  "2023-05": {
    "name": "Froslass",
    "percent": 0.85059,
    "usage": 4385,
    "rank": 121
  },
  "2023-06": {
    "name": "Froslass",
    "percent": 0.45477,
    "usage": 2784,
    "rank": 197
  },
  "2023-07": {
    "name": "Froslass",
    "percent": 0.50838,
    "usage": 3491,
    "rank": 181
  },
  "2023-08": {
    "name": "Froslass",
    "percent": 0.59996,
    "usage": 3433,
    "rank": 169
  },
  "2023-09": {
    "name": "Froslass",
    "percent": 0.58579,
    "usage": 4793,
    "rank": 194
  },
  "2023-09-DLC1": {
    "name": "Froslass",
    "percent": 0.62965,
    "usage": 3175,
    "rank": 193
  },
  "2023-10": {
    "name": "Froslass",
    "percent": 0.40286,
    "usage": 3937,
    "rank": 233
  },
  "2023-11": {
    "name": "Froslass",
    "percent": 0.37244,
    "usage": 2434,
    "rank": 236
  },
  "2023-12": {
    "name": "Froslass",
    "percent": 0.41549,
    "usage": 2415,
    "rank": 240
  },
  "2023-12-DLC2": {
    "name": "Froslass",
    "percent": 0.4052,
    "usage": 1009,
    "rank": 248
  },
  "2024-01": {
    "name": "Froslass",
    "percent": 0.60099,
    "usage": 4004,
    "rank": 201
  },
  "2024-02": {
    "name": "Froslass",
    "percent": 0.43632,
    "usage": 2955,
    "rank": 242
  },
  "2024-03": {
    "name": "Froslass",
    "percent": 0.53952,
    "usage": 3255,
    "rank": 210
  },
  "2024-04": {
    "name": "Froslass",
    "percent": 0.63933,
    "usage": 3491,
    "rank": 187
  },
  "2024-05": {
    "name": "Froslass",
    "percent": 0.55672,
    "usage": 1537,
    "rank": 193
  },
  "2024-06": {
    "name": "Froslass",
    "percent": 0.40865,
    "usage": 2334,
    "rank": 224
  }
}