{
  "2022-11": {
    "name": "Slurpuff",
    "percent": 0.22229,
    "usage": 3511,
    "rank": 250
  },
  "2022-12": {
    "name": "Slurpuff",
    "percent": 0.14952,
    "usage": 6952,
    "rank": 258
  },
  "2023-01": {
    "name": "Slurpuff",
    "percent": 0.44428,
    "usage": 5923,
    "rank": 161
  },
  "2023-02": {
    "name": "Slurpuff",
    "percent": 0.12689,
    "usage": 7509,
    "rank": 279
  },
  "2023-03": {
    "name": "Slurpuff",
    "percent": 0.20159,
    "usage": 8521,
    "rank": 217
  },
  "2023-04": {
    "name": "Slurpuff",
    "percent": 0.20237,
    "usage": 9688,
    "rank": 211
  },
  "2023-05": {
    "name": "Slurpuff",
    "percent": 0.20421,
    "usage": 7757,
    "rank": 223
  },
  "2023-06": {
    "name": "Slurpuff",
    "percent": 0.08936,
    "usage": 7022,
    "rank": 281
  },
  "2023-07": {
    "name": "Slurpuff",
    "percent": 0.23684,
    "usage": 9191,
    "rank": 213
  },
  "2023-08": {
    "name": "Slurpuff",
    "percent": 0.18309,
    "usage": 8797,
    "rank": 226
  },
  "2023-09": {
    "name": "Slurpuff",
    "percent": 0.16,
    "usage": 9589,
    "rank": 239
  },
  "2023-09-DLC1": {
    "name": "Slurpuff",
    "percent": 0.14579,
    "usage": 4704,
    "rank": 242
  },
  "2023-10": {
    "name": "Slurpuff",
    "percent": 0.16108,
    "usage": 9132,
    "rank": 244
  },
  "2023-11": {
    "name": "Slurpuff",
    "percent": 0.20601,
    "usage": 7669,
    "rank": 224
  },
  "2023-12": {
    "name": "Slurpuff",
    "percent": 0.16653,
    "usage": 6569,
    "rank": 239
  },
  "2023-12-DLC2": {
    "name": "Slurpuff",
    "percent": 0.25601,
    "usage": 2815,
    "rank": 198
  },
  "2024-01": {
    "name": "Slurpuff",
    "percent": 0.20076,
    "usage": 6329,
    "rank": 208
  },
  "2024-02": {
    "name": "Slurpuff",
    "percent": 0.14946,
    "usage": 6301,
    "rank": 225
  },
  "2024-03": {
    "name": "Slurpuff",
    "percent": 0.21419,
    "usage": 6511,
    "rank": 217
  },
  "2024-04": {
    "name": "Slurpuff",
    "percent": 0.2789,
    "usage": 7947,
    "rank": 190
  },
  "2024-05": {
    "name": "Slurpuff",
    "percent": 0.25585,
    "usage": 3327,
    "rank": 196
  },
  "2024-06": {
    "name": "Slurpuff",
    "percent": 0.11772,
    "usage": 5886,
    "rank": 245
  }
}