{
  "2023-12": {
    "name": "Dodrio",
    "percent": 0.20148,
    "usage": 7504,
    "rank": 243
  },
  "2023-12-DLC2": {
    "name": "Dodrio",
    "percent": 0.27427,
    "usage": 5869,
    "rank": 198
  },
  "2024-01": {
    "name": "Dodrio",
    "percent": 0.12972,
    "usage": 4880,
    "rank": 265
  },
  "2024-02": {
    "name": "Dodrio",
    "percent": 0.08198,
    "usage": 2313,
    "rank": 327
  },
  "2024-03": {
    "name": "Dodrio",
    "percent": 0.0612,
    "usage": 1628,
    "rank": 353
  },
  "2024-04": {
    "name": "Dodrio",
    "percent": 0.07364,
    "usage": 1714,
    "rank": 345
  },
  "2024-05": {
    "name": "Dodrio",
    "percent": 0.05654,
    "usage": 602,
    "rank": 365
  },
  "2024-06": {
    "name": "Dodrio",
    "percent": 0.06731,
    "usage": 1391,
    "rank": 357
  }
}