{
  "2023-12": {
    "name": "Dodrio",
    "percent": 0.00508,
    "usage": 7504,
    "rank": 303
  },
  "2023-12-DLC2": {
    "name": "Dodrio",
    "percent": 0.0071,
    "usage": 5869,
    "rank": 254
  },
  "2024-01": {
    "name": "Dodrio",
    "percent": 0.00219,
    "usage": 4880,
    "rank": 331
  },
  "2024-02": {
    "name": "Dodrio",
    "percent": 0.00012,
    "usage": 2313,
    "rank": 440
  },
  "2024-03": {
    "name": "Dodrio",
    "percent": 0.00098,
    "usage": 1628,
    "rank": 355
  },
  "2024-04": {
    "name": "Dodrio",
    "percent": 0.00802,
    "usage": 1714,
    "rank": 245
  },
  "2024-05": {
    "name": "Dodrio",
    "percent": 0.00055,
    "usage": 602,
    "rank": 361
  },
  "2024-06": {
    "name": "Dodrio",
    "percent": 0.00154,
    "usage": 1391,
    "rank": 339
  }
}