{
  "2022-11": {
    "name": "Xatu",
    "percent": 0.25156,
    "usage": 1526,
    "rank": 368
  },
  "2022-12": {
    "name": "Xatu",
    "percent": 0.29527,
    "usage": 3734,
    "rank": 345
  },
  "2023-01": {
    "name": "Xatu",
    "percent": 0.24525,
    "usage": 3463,
    "rank": 349
  },
  "2023-02": {
    "name": "Xatu",
    "percent": 0.28789,
    "usage": 5158,
    "rank": 320
  },
  "2023-03": {
    "name": "Xatu",
    "percent": 0.25593,
    "usage": 5381,
    "rank": 311
  },
  "2023-04": {
    "name": "Xatu",
    "percent": 0.2081,
    "usage": 5419,
    "rank": 288
  },
  "2023-05": {
    "name": "Xatu",
    "percent": 0.21339,
    "usage": 5783,
    "rank": 287
  },
  "2023-06": {
    "name": "Xatu",
    "percent": 0.22982,
    "usage": 5274,
    "rank": 267
  },
  "2023-07": {
    "name": "Xatu",
    "percent": 0.29695,
    "usage": 5417,
    "rank": 239
  },
  "2023-08": {
    "name": "Xatu",
    "percent": 0.23953,
    "usage": 5774,
    "rank": 267
  },
  "2023-09": {
    "name": "Xatu",
    "percent": 0.21096,
    "usage": 4561,
    "rank": 276
  },
  "2023-09-DLC1": {
    "name": "Xatu",
    "percent": 0.21142,
    "usage": 2415,
    "rank": 270
  },
  "2023-10": {
    "name": "Xatu",
    "percent": 0.23883,
    "usage": 6220,
    "rank": 272
  },
  "2023-11": {
    "name": "Xatu",
    "percent": 0.28391,
    "usage": 5513,
    "rank": 256
  },
  "2023-12": {
    "name": "Xatu",
    "percent": 0.26794,
    "usage": 4816,
    "rank": 261
  },
  "2023-12-DLC2": {
    "name": "Xatu",
    "percent": 0.24145,
    "usage": 1735,
    "rank": 262
  },
  "2024-01": {
    "name": "Xatu",
    "percent": 0.15074,
    "usage": 4014,
    "rank": 311
  },
  "2024-02": {
    "name": "Xatu",
    "percent": 0.12646,
    "usage": 3885,
    "rank": 331
  },
  "2024-03": {
    "name": "Xatu",
    "percent": 0.19316,
    "usage": 4588,
    "rank": 288
  },
  "2024-04": {
    "name": "Xatu",
    "percent": 0.1927,
    "usage": 4045,
    "rank": 283
  },
  "2024-05": {
    "name": "Xatu",
    "percent": 0.12431,
    "usage": 1581,
    "rank": 329
  },
  "2024-06": {
    "name": "Xatu",
    "percent": 0.11539,
    "usage": 3526,
    "rank": 321
  }
}