{
  "2022-11": {
    "name": "Iron Moth",
    "percent": 3.5717,
    "usage": 20816,
    "rank": 42
  },
  "2022-12": {
    "name": "Iron Moth",
    "percent": 2.76537,
    "usage": 33234,
    "rank": 53
  },
  "2023-01": {
    "name": "Iron Moth",
    "percent": 2.64262,
    "usage": 34932,
    "rank": 57
  },
  "2023-02": {
    "name": "Iron Moth",
    "percent": 2.23678,
    "usage": 33676,
    "rank": 64
  },
  "2023-03": {
    "name": "Iron Moth",
    "percent": 2.26765,
    "usage": 37607,
    "rank": 67
  },
  "2023-04": {
    "name": "Iron Moth",
    "percent": 2.39078,
    "usage": 36403,
    "rank": 62
  },
  "2023-05": {
    "name": "Iron Moth",
    "percent": 2.34013,
    "usage": 38595,
    "rank": 59
  },
  "2023-06": {
    "name": "Iron Moth",
    "percent": 1.93596,
    "usage": 27337,
    "rank": 70
  },
  "2023-07": {
    "name": "Iron Moth",
    "percent": 1.72109,
    "usage": 24922,
    "rank": 80
  },
  "2023-08": {
    "name": "Iron Moth",
    "percent": 2.01131,
    "usage": 33697,
    "rank": 69
  },
  "2023-09": {
    "name": "Iron Moth",
    "percent": 2.42012,
    "usage": 36034,
    "rank": 61
  },
  "2023-09-DLC1": {
    "name": "Iron Moth",
    "percent": 2.5554,
    "usage": 18686,
    "rank": 57
  },
  "2023-10": {
    "name": "Iron Moth",
    "percent": 3.51433,
    "usage": 44234,
    "rank": 44
  },
  "2023-11": {
    "name": "Iron Moth",
    "percent": 3.10034,
    "usage": 34983,
    "rank": 53
  },
  "2023-12": {
    "name": "Iron Moth",
    "percent": 3.07842,
    "usage": 33398,
    "rank": 54
  },
  "2023-12-DLC2": {
    "name": "Iron Moth",
    "percent": 2.93712,
    "usage": 13380,
    "rank": 57
  },
  "2024-01": {
    "name": "Iron Moth",
    "percent": 2.61959,
    "usage": 26859,
    "rank": 64
  },
  "2024-02": {
    "name": "Iron Moth",
    "percent": 2.1278,
    "usage": 23627,
    "rank": 74
  },
  "2024-03": {
    "name": "Iron Moth",
    "percent": 2.21009,
    "usage": 25285,
    "rank": 77
  },
  "2024-04": {
    "name": "Iron Moth",
    "percent": 2.08609,
    "usage": 22099,
    "rank": 77
  },
  "2024-05": {
    "name": "Iron Moth",
    "percent": 2.96943,
    "usage": 13974,
    "rank": 58
  },
  "2024-06": {
    "name": "Iron Moth",
    "percent": 2.80592,
    "usage": 29996,
    "rank": 58
  }
}