{
  "2022-11": {
    "name": "Magneton",
    "percent": 0.04414,
    "usage": 2268,
    "rank": 210
  },
  "2022-12": {
    "name": "Magneton",
    "percent": 0.0441,
    "usage": 3169,
    "rank": 210
  },
  "2023-01": {
    "name": "Magneton",
    "percent": 0.05464,
    "usage": 2547,
    "rank": 205
  },
  "2023-02": {
    "name": "Magneton",
    "percent": 0.05795,
    "usage": 1949,
    "rank": 204
  },
  "2023-03": {
    "name": "Magneton",
    "percent": 0.04778,
    "usage": 2059,
    "rank": 199
  },
  "2023-04": {
    "name": "Magneton",
    "percent": 0.02635,
    "usage": 1721,
    "rank": 207
  },
  "2023-05": {
    "name": "Magneton",
    "percent": 0.02309,
    "usage": 1976,
    "rank": 264
  },
  "2023-06": {
    "name": "Magneton",
    "percent": 0.00868,
    "usage": 1165,
    "rank": 277
  },
  "2023-07": {
    "name": "Magneton",
    "percent": 0.01614,
    "usage": 1285,
    "rank": 260
  },
  "2023-08": {
    "name": "Magneton",
    "percent": 0.02451,
    "usage": 1619,
    "rank": 244
  },
  "2023-09": {
    "name": "Magneton",
    "percent": 0.01457,
    "usage": 1308,
    "rank": 315
  },
  "2023-09-DLC1": {
    "name": "Magneton",
    "percent": 0.01169,
    "usage": 720,
    "rank": 318
  },
  "2023-10": {
    "name": "Magneton",
    "percent": 0.02375,
    "usage": 1981,
    "rank": 291
  },
  "2023-11": {
    "name": "Magneton",
    "percent": 0.01254,
    "usage": 1309,
    "rank": 320
  },
  "2023-12": {
    "name": "Magneton",
    "percent": 0.01069,
    "usage": 1220,
    "rank": 383
  },
  "2023-12-DLC2": {
    "name": "Magneton",
    "percent": 0.0108,
    "usage": 546,
    "rank": 374
  },
  "2024-01": {
    "name": "Magneton",
    "percent": 0.0224,
    "usage": 1977,
    "rank": 349
  },
  "2024-02": {
    "name": "Magneton",
    "percent": 0.01166,
    "usage": 1291,
    "rank": 389
  },
  "2024-03": {
    "name": "Magneton",
    "percent": 0.01002,
    "usage": 1066,
    "rank": 405
  },
  "2024-04": {
    "name": "Magneton",
    "percent": 0.01295,
    "usage": 1683,
    "rank": 388
  },
  "2024-05": {
    "name": "Magneton",
    "percent": 0.02598,
    "usage": 842,
    "rank": 352
  },
  "2024-06": {
    "name": "Magneton",
    "percent": 0.02788,
    "usage": 1639,
    "rank": 350
  }
}