{
  "2022-11": {
    "name": "Porygon2",
    "percent": 0.46322,
    "usage": 6162,
    "rank": 165
  },
  "2022-12": {
    "name": "Porygon2",
    "percent": 1.04314,
    "usage": 15428,
    "rank": 103
  },
  "2023-01": {
    "name": "Porygon2",
    "percent": 0.65951,
    "usage": 19497,
    "rank": 122
  },
  "2023-02": {
    "name": "Porygon2",
    "percent": 0.3584,
    "usage": 14956,
    "rank": 167
  },
  "2023-03": {
    "name": "Porygon2",
    "percent": 0.30922,
    "usage": 15757,
    "rank": 172
  },
  "2023-04": {
    "name": "Porygon2",
    "percent": 0.31555,
    "usage": 18150,
    "rank": 161
  },
  "2023-05": {
    "name": "Porygon2",
    "percent": 0.59105,
    "usage": 19250,
    "rank": 126
  },
  "2023-06": {
    "name": "Porygon2",
    "percent": 0.83401,
    "usage": 19593,
    "rank": 111
  },
  "2023-07": {
    "name": "Porygon2",
    "percent": 0.40128,
    "usage": 16525,
    "rank": 147
  },
  "2023-08": {
    "name": "Porygon2",
    "percent": 0.52542,
    "usage": 17548,
    "rank": 125
  },
  "2023-09": {
    "name": "Porygon2",
    "percent": 1.47352,
    "usage": 22703,
    "rank": 83
  },
  "2023-09-DLC1": {
    "name": "Porygon2",
    "percent": 1.92517,
    "usage": 12539,
    "rank": 77
  },
  "2023-10": {
    "name": "Porygon2",
    "percent": 0.74254,
    "usage": 18758,
    "rank": 112
  },
  "2023-11": {
    "name": "Porygon2",
    "percent": 0.8414,
    "usage": 20208,
    "rank": 113
  },
  "2023-12": {
    "name": "Porygon2",
    "percent": 1.76343,
    "usage": 20705,
    "rank": 85
  },
  "2023-12-DLC2": {
    "name": "Porygon2",
    "percent": 1.92481,
    "usage": 7607,
    "rank": 83
  },
  "2024-01": {
    "name": "Porygon2",
    "percent": 1.20163,
    "usage": 17134,
    "rank": 96
  },
  "2024-02": {
    "name": "Porygon2",
    "percent": 0.74487,
    "usage": 16293,
    "rank": 120
  },
  "2024-03": {
    "name": "Porygon2",
    "percent": 0.37848,
    "usage": 14314,
    "rank": 164
  },
  "2024-04": {
    "name": "Porygon2",
    "percent": 0.73109,
    "usage": 13605,
    "rank": 112
  },
  "2024-05": {
    "name": "Porygon2",
    "percent": 1.92068,
    "usage": 8632,
    "rank": 76
  },
  "2024-06": {
    "name": "Porygon2",
    "percent": 0.52828,
    "usage": 15014,
    "rank": 125
  }
}