{
  "2022-11": {
    "name": "Linoone",
    "percent": 0.25968,
    "usage": 1627,
    "rank": 363
  },
  "2022-12": {
    "name": "Linoone",
    "percent": 0.27378,
    "usage": 3563,
    "rank": 353
  },
  "2023-01": {
    "name": "Linoone",
    "percent": 0.20421,
    "usage": 2982,
    "rank": 389
  },
  "2023-02": {
    "name": "Linoone",
    "percent": 0.21055,
    "usage": 3812,
    "rank": 371
  },
  "2023-03": {
    "name": "Linoone",
    "percent": 0.20194,
    "usage": 4639,
    "rank": 346
  },
  "2023-04": {
    "name": "Linoone",
    "percent": 0.16292,
    "usage": 5257,
    "rank": 331
  },
  "2023-05": {
    "name": "Linoone",
    "percent": 0.10635,
    "usage": 3573,
    "rank": 391
  },
  "2023-06": {
    "name": "Linoone",
    "percent": 0.06583,
    "usage": 3084,
    "rank": 436
  },
  "2023-07": {
    "name": "Linoone",
    "percent": 0.07226,
    "usage": 2570,
    "rank": 434
  },
  "2023-08": {
    "name": "Linoone",
    "percent": 0.11821,
    "usage": 3537,
    "rank": 354
  },
  "2023-09": {
    "name": "Linoone",
    "percent": 0.10984,
    "usage": 3708,
    "rank": 371
  },
  "2023-09-DLC1": {
    "name": "Linoone",
    "percent": 0.09804,
    "usage": 1636,
    "rank": 379
  },
  "2023-10": {
    "name": "Linoone",
    "percent": 0.10175,
    "usage": 3697,
    "rank": 387
  },
  "2023-11": {
    "name": "Linoone",
    "percent": 0.12865,
    "usage": 3322,
    "rank": 364
  },
  "2023-12": {
    "name": "Linoone",
    "percent": 0.11938,
    "usage": 3132,
    "rank": 365
  },
  "2023-12-DLC2": {
    "name": "Linoone",
    "percent": 0.12579,
    "usage": 1377,
    "rank": 340
  },
  "2024-01": {
    "name": "Linoone",
    "percent": 0.13544,
    "usage": 3132,
    "rank": 331
  },
  "2024-02": {
    "name": "Linoone",
    "percent": 0.06478,
    "usage": 2059,
    "rank": 434
  },
  "2024-03": {
    "name": "Linoone",
    "percent": 0.12752,
    "usage": 2920,
    "rank": 345
  },
  "2024-04": {
    "name": "Linoone",
    "percent": 0.06464,
    "usage": 1808,
    "rank": 441
  },
  "2024-05": {
    "name": "Linoone",
    "percent": 0.05269,
    "usage": 1014,
    "rank": 451
  },
  "2024-06": {
    "name": "Linoone",
    "percent": 0.08011,
    "usage": 2353,
    "rank": 370
  }
}