{
  "2022-11": {
    "name": "Clodsire",
    "percent": 17.40272,
    "usage": 779253,
    "rank": 9
  },
  "2022-12": {
    "name": "Clodsire",
    "percent": 9.21074,
    "usage": 882216,
    "rank": 22
  },
  "2023-01": {
    "name": "Clodsire",
    "percent": 12.75062,
    "usage": 604008,
    "rank": 15
  },
  "2023-02": {
    "name": "Clodsire",
    "percent": 10.58691,
    "usage": 376086,
    "rank": 22
  },
  "2023-03": {
    "name": "Clodsire",
    "percent": 11.09421,
    "usage": 497094,
    "rank": 18
  },
  "2023-04": {
    "name": "Clodsire",
    "percent": 8.88367,
    "usage": 304419,
    "rank": 26
  },
  "2023-05": {
    "name": "Clodsire",
    "percent": 7.56443,
    "usage": 275371,
    "rank": 25
  },
  "2023-06": {
    "name": "Clodsire",
    "percent": 5.99588,
    "usage": 303862,
    "rank": 32
  },
  "2023-07": {
    "name": "Clodsire",
    "percent": 5.3686,
    "usage": 199010,
    "rank": 35
  },
  "2023-08": {
    "name": "Clodsire",
    "percent": 5.91247,
    "usage": 201832,
    "rank": 32
  },
  "2023-09": {
    "name": "Clodsire",
    "percent": 4.84438,
    "usage": 233882,
    "rank": 37
  },
  "2023-09-DLC1": {
    "name": "Clodsire",
    "percent": 3.92096,
    "usage": 127841,
    "rank": 43
  },
  "2023-10": {
    "name": "Clodsire",
    "percent": 3.7472,
    "usage": 127373,
    "rank": 43
  },
  "2023-11": {
    "name": "Clodsire",
    "percent": 4.12966,
    "usage": 98253,
    "rank": 42
  },
  "2023-12": {
    "name": "Clodsire",
    "percent": 5.01875,
    "usage": 128716,
    "rank": 41
  },
  "2023-12-DLC2": {
    "name": "Clodsire",
    "percent": 5.20306,
    "usage": 67386,
    "rank": 40
  },
  "2024-01": {
    "name": "Clodsire",
    "percent": 6.85501,
    "usage": 242901,
    "rank": 36
  },
  "2024-02": {
    "name": "Clodsire",
    "percent": 7.29374,
    "usage": 224171,
    "rank": 31
  },
  "2024-03": {
    "name": "Clodsire",
    "percent": 6.86106,
    "usage": 197624,
    "rank": 28
  },
  "2024-04": {
    "name": "Clodsire",
    "percent": 6.90037,
    "usage": 162426,
    "rank": 30
  },
  "2024-05": {
    "name": "Clodsire",
    "percent": 6.15116,
    "usage": 73947,
    "rank": 32
  },
  "2024-06": {
    "name": "Clodsire",
    "percent": 5.07906,
    "usage": 139816,
    "rank": 36
  }
}