{
  "2023-12": {
    "name": "Lapras",
    "percent": 0.01801,
    "usage": 831,
    "rank": 334
  },
  "2023-12-DLC2": {
    "name": "Lapras",
    "percent": 0.031,
    "usage": 778,
    "rank": 271
  },
  "2024-01": {
    "name": "Lapras",
    "percent": 0.01267,
    "usage": 855,
    "rank": 346
  },
  "2024-02": {
    "name": "Lapras",
    "percent": 0.01275,
    "usage": 943,
    "rank": 329
  },
  "2024-03": {
    "name": "Lapras",
    "percent": 0.01915,
    "usage": 882,
    "rank": 281
  },
  "2024-04": {
    "name": "Lapras",
    "percent": 0.00569,
    "usage": 527,
    "rank": 390
  },
  "2024-05": {
    "name": "Lapras",
    "percent": 0.02886,
    "usage": 406,
    "rank": 252
  },
  "2024-06": {
    "name": "Lapras",
    "percent": 0.01958,
    "usage": 852,
    "rank": 309
  }
}