{
  "2022-11": {
    "name": "Treecko",
    "percent": 0.01134,
    "usage": 67,
    "rank": 709
  },
  "2022-12": {
    "name": "Treecko",
    "percent": 0.01888,
    "usage": 232,
    "rank": 653
  },
  "2023-01": {
    "name": "Treecko",
    "percent": 0.01355,
    "usage": 184,
    "rank": 687
  },
  "2023-02": {
    "name": "Treecko",
    "percent": 0.01672,
    "usage": 261,
    "rank": 677
  },
  "2023-03": {
    "name": "Treecko",
    "percent": 0.01622,
    "usage": 286,
    "rank": 676
  },
  "2023-04": {
    "name": "Treecko",
    "percent": 0.01381,
    "usage": 243,
    "rank": 682
  },
  "2023-05": {
    "name": "Treecko",
    "percent": 0.00772,
    "usage": 144,
    "rank": 760
  },
  "2023-06": {
    "name": "Treecko",
    "percent": 0.00589,
    "usage": 99,
    "rank": 789
  },
  "2023-07": {
    "name": "Treecko",
    "percent": 0.01192,
    "usage": 193,
    "rank": 711
  },
  "2023-08": {
    "name": "Treecko",
    "percent": 0.01315,
    "usage": 242,
    "rank": 701
  },
  "2023-09": {
    "name": "Treecko",
    "percent": 0.00857,
    "usage": 147,
    "rank": 742
  },
  "2023-09-DLC1": {
    "name": "Treecko",
    "percent": 0.00539,
    "usage": 46,
    "rank": 797
  },
  "2023-10": {
    "name": "Treecko",
    "percent": 0.01237,
    "usage": 195,
    "rank": 717
  },
  "2023-11": {
    "name": "Treecko",
    "percent": 0.02167,
    "usage": 293,
    "rank": 670
  },
  "2023-12": {
    "name": "Treecko",
    "percent": 0.01087,
    "usage": 139,
    "rank": 727
  },
  "2023-12-DLC2": {
    "name": "Treecko",
    "percent": 0.00712,
    "usage": 39,
    "rank": 778
  },
  "2024-01": {
    "name": "Treecko",
    "percent": 0.00527,
    "usage": 65,
    "rank": 819
  },
  "2024-02": {
    "name": "Treecko",
    "percent": 0.00332,
    "usage": 43,
    "rank": 849
  },
  "2024-03": {
    "name": "Treecko",
    "percent": 0.0081,
    "usage": 109,
    "rank": 773
  },
  "2024-04": {
    "name": "Treecko",
    "percent": 0.00913,
    "usage": 111,
    "rank": 749
  },
  "2024-05": {
    "name": "Treecko",
    "percent": 0.00502,
    "usage": 30,
    "rank": 803
  },
  "2024-06": {
    "name": "Treecko",
    "percent": 0.00774,
    "usage": 101,
    "rank": 741
  }
}