{
  "2023-05": {
    "name": "Carbink",
    "percent": 0.01766,
    "usage": 99,
    "rank": 387
  },
  "2023-06": {
    "name": "Carbink",
    "percent": 0.35538,
    "usage": 2316,
    "rank": 217
  },
  "2023-07": {
    "name": "Carbink",
    "percent": 0.17326,
    "usage": 1387,
    "rank": 289
  },
  "2023-08": {
    "name": "Carbink",
    "percent": 0.09025,
    "usage": 698,
    "rank": 321
  },
  "2023-09": {
    "name": "Carbink",
    "percent": 0.22071,
    "usage": 1299,
    "rank": 305
  },
  "2023-09-DLC1": {
    "name": "Carbink",
    "percent": 0.29592,
    "usage": 902,
    "rank": 269
  },
  "2023-10": {
    "name": "Carbink",
    "percent": 0.22208,
    "usage": 1283,
    "rank": 301
  },
  "2023-11": {
    "name": "Carbink",
    "percent": 0.10926,
    "usage": 707,
    "rank": 356
  },
  "2023-12": {
    "name": "Carbink",
    "percent": 0.19045,
    "usage": 1380,
    "rank": 360
  },
  "2023-12-DLC2": {
    "name": "Carbink",
    "percent": 0.19494,
    "usage": 847,
    "rank": 355
  },
  "2024-01": {
    "name": "Carbink",
    "percent": 0.21537,
    "usage": 1335,
    "rank": 333
  },
  "2024-02": {
    "name": "Carbink",
    "percent": 0.24288,
    "usage": 1956,
    "rank": 321
  },
  "2024-03": {
    "name": "Carbink",
    "percent": 0.18901,
    "usage": 1493,
    "rank": 359
  },
  "2024-04": {
    "name": "Carbink",
    "percent": 0.22496,
    "usage": 1559,
    "rank": 326
  },
  "2024-05": {
    "name": "Carbink",
    "percent": 0.13562,
    "usage": 787,
    "rank": 388
  },
  "2024-06": {
    "name": "Carbink",
    "percent": 0.2313,
    "usage": 1005,
    "rank": 321
  }
}