{
  "elos": [
    "0",
    "1500",
    "1695",
    "1825"
  ],
  "firstMonth": "2022-11",
  "0": {
    "2022-11": {
      "name": "Axew",
      "percent": 0.00053,
      "usage": 27,
      "rank": 365
    },
    "2022-12": {
      "name": "Axew",
      "percent": 0.00047,
      "usage": 32,
      "rank": 375
    },
    "2023-01": {
      "name": "Axew",
      "percent": 0.00101,
      "usage": 44,
      "rank": 361
    },
    "2023-02": {
      "name": "Axew",
      "percent": 0.00177,
      "usage": 52,
      "rank": 327
    },
    "2023-03": {
      "name": "Axew",
      "percent": 0.00275,
      "usage": 83,
      "rank": 323
    },
    "2023-04": {
      "name": "Axew",
      "percent": 0.00352,
      "usage": 84,
      "rank": 320
    },
    "2023-05": {
      "name": "Axew",
      "percent": 0.00183,
      "usage": 47,
      "rank": 405
    },
    "2023-06": {
      "name": "Axew",
      "percent": 0.00063,
      "usage": 25,
      "rank": 438
    },
    "2023-07": {
      "name": "Axew",
      "percent": 0.00067,
      "usage": 18,
      "rank": 452
    },
    "2023-08": {
      "name": "Axew",
      "percent": 0.00576,
      "usage": 144,
      "rank": 337
    },
    "2023-09": {
      "name": "Axew",
      "percent": 0.0011,
      "usage": 42,
      "rank": 496
    },
    "2023-09-DLC1": {
      "name": "Axew",
      "percent": 0.00083,
      "usage": 20,
      "rank": 505
    },
    "2023-10": {
      "name": "Axew",
      "percent": 0.00149,
      "usage": 51,
      "rank": 487
    },
    "2023-11": {
      "name": "Axew",
      "percent": 0.00116,
      "usage": 31,
      "rank": 500
    },
    "2023-12": {
      "name": "Axew",
      "percent": 0.00043,
      "usage": 16,
      "rank": 668
    },
    "2023-12-DLC2": {
      "name": "Axew",
      "percent": 0.00028,
      "usage": 6,
      "rank": 677
    },
    "2024-01": {
      "name": "Axew",
      "percent": 0.00019,
      "usage": 7,
      "rank": 731
    },
    "2024-02": {
      "name": "Axew",
      "percent": 0.00021,
      "usage": 6,
      "rank": 730
    },
    "2024-03": {
      "name": "Axew",
      "percent": 0.00071,
      "usage": 19,
      "rank": 650
    },
    "2024-04": {
      "name": "Axew",
      "percent": 0.00064,
      "usage": 15,
      "rank": 666
    },
    "2024-05": {
      "name": "Axew",
      "percent": 0.00056,
      "usage": 6,
      "rank": 675
    },
    "2024-06": {
      "name": "Axew",
      "percent": 0.00058,
      "usage": 12,
      "rank": 686
    }
  },
  "1500": {
    "2022-11": {
      "name": "Axew",
      "percent": 0.00042,
      "usage": 27,
      "rank": 368
    },
    "2022-12": {
      "name": "Axew",
      "percent": 0.00037,
      "usage": 32,
      "rank": 376
    },
    "2023-01": {
      "name": "Axew",
      "percent": 0.00077,
      "usage": 44,
      "rank": 363
    },
    "2023-02": {
      "name": "Axew",
      "percent": 0.00127,
      "usage": 52,
      "rank": 330
    },
    "2023-03": {
      "name": "Axew",
      "percent": 0.00176,
      "usage": 83,
      "rank": 317
    },
    "2023-04": {
      "name": "Axew",
      "percent": 0.00031,
      "usage": 84,
      "rank": 377
    },
    "2023-05": {
      "name": "Axew",
      "percent": 0.00046,
      "usage": 47,
      "rank": 404
    },
    "2023-06": {
      "name": "Axew",
      "percent": 0.00017,
      "usage": 25,
      "rank": 427
    },
    "2023-07": {
      "name": "Axew",
      "percent": 0.00023,
      "usage": 18,
      "rank": 431
    },
    "2023-08": {
      "name": "Axew",
      "percent": 0.00044,
      "usage": 144,
      "rank": 396
    },
    "2023-09": {
      "name": "Axew",
      "percent": 8e-05,
      "usage": 42,
      "rank": 580
    },
    "2023-09-DLC1": {
      "name": "Axew",
      "percent": 5e-05,
      "usage": 20,
      "rank": 582
    },
    "2023-10": {
      "name": "Axew",
      "percent": 0.00043,
      "usage": 51,
      "rank": 471
    },
    "2023-11": {
      "name": "Axew",
      "percent": 0.00019,
      "usage": 31,
      "rank": 528
    },
    "2023-12": {
      "name": "Axew",
      "percent": 6e-05,
      "usage": 16,
      "rank": 706
    },
    "2023-12-DLC2": {
      "name": "Axew",
      "percent": 1e-05,
      "usage": 6,
      "rank": 722
    },
    "2024-01": {
      "name": "Axew",
      "percent": 5e-05,
      "usage": 7,
      "rank": 719
    },
    "2024-02": {
      "name": "Axew",
      "percent": 7e-05,
      "usage": 6,
      "rank": 697
    },
    "2024-03": {
      "name": "Axew",
      "percent": 3e-05,
      "usage": 19,
      "rank": 740
    },
    "2024-04": {
      "name": "Axew",
      "percent": 0.00014,
      "usage": 15,
      "rank": 660
    },
    "2024-05": {
      "name": "Axew",
      "percent": 0.0,
      "usage": 6,
      "rank": 742
    },
    "2024-06": {
      "name": "Axew",
      "percent": 0.00029,
      "usage": 12,
      "rank": 614
    }
  },
  "1695": {
    "2022-11": {
      "name": "Axew",
      "percent": 0.0,
      "usage": 27,
      "rank": 339
    },
    "2022-12": {
      "name": "Axew",
      "percent": 0.0,
      "usage": 32,
      "rank": 345
    },
    "2023-01": {
      "name": "Axew",
      "percent": 5e-05,
      "usage": 44,
      "rank": 247
    },
    "2023-02": {
      "name": "Axew",
      "percent": 0.0,
      "usage": 52,
      "rank": 367
    },
    "2023-03": {
      "name": "Axew",
      "percent": 0.00021,
      "usage": 83,
      "rank": 274
    },
    "2023-04": {
      "name": "Axew",
      "percent": 0.0,
      "usage": 84,
      "rank": 401
    },
    "2023-05": {
      "name": "Axew",
      "percent": 0.0,
      "usage": 47,
      "rank": 490
    },
    "2023-06": {
      "name": "Axew",
      "percent": 0.0,
      "usage": 25,
      "rank": 415
    },
    "2023-07": {
      "name": "Axew",
      "percent": 0.0,
      "usage": 18,
      "rank": 458
    },
    "2023-08": {
      "name": "Axew",
      "percent": 0.0,
      "usage": 144,
      "rank": 409
    },
    "2023-09": {
      "name": "Axew",
      "percent": 0.0,
      "usage": 42,
      "rank": 519
    },
    "2023-09-DLC1": {
      "name": "Axew",
      "percent": 0.0,
      "usage": 20,
      "rank": 537
    },
    "2023-10": {
      "name": "Axew",
      "percent": 0.0,
      "usage": 51,
      "rank": 497
    },
    "2023-11": {
      "name": "Axew",
      "percent": 0.0,
      "usage": 31,
      "rank": 514
    },
    "2023-12": {
      "name": "Axew",
      "percent": 0.0,
      "usage": 16,
      "rank": 714
    },
    "2023-12-DLC2": {
      "name": "Axew",
      "percent": 0.0,
      "usage": 6,
      "rank": 651
    },
    "2024-01": {
      "name": "Axew",
      "percent": 0.0,
      "usage": 7,
      "rank": 723
    },
    "2024-02": {
      "name": "Axew",
      "percent": 0.0,
      "usage": 6,
      "rank": 727
    },
    "2024-03": {
      "name": "Axew",
      "percent": 0.0,
      "usage": 19,
      "rank": 678
    },
    "2024-04": {
      "name": "Axew",
      "percent": 0.0,
      "usage": 15,
      "rank": 700
    },
    "2024-05": {
      "name": "Axew",
      "percent": 0.0,
      "usage": 6,
      "rank": 715
    },
    "2024-06": {
      "name": "Axew",
      "percent": 0.0,
      "usage": 12,
      "rank": 687
    }
  },
  "1825": {
    "2022-11": {
      "name": "Axew",
      "percent": 0.0,
      "usage": 27,
      "rank": 337
    },
    "2022-12": {
      "name": "Axew",
      "percent": 0.0,
      "usage": 32,
      "rank": 338
    },
    "2023-01": {
      "name": "Axew",
      "percent": 0.0,
      "usage": 44,
      "rank": 244
    },
    "2023-02": {
      "name": "Axew",
      "percent": 0.0,
      "usage": 52,
      "rank": 384
    },
    "2023-03": {
      "name": "Axew",
      "percent": 3e-05,
      "usage": 83,
      "rank": 271
    },
    "2023-04": {
      "name": "Axew",
      "percent": 0.0,
      "usage": 84,
      "rank": 408
    },
    "2023-05": {
      "name": "Axew",
      "percent": 0.0,
      "usage": 47,
      "rank": 488
    },