{
  "elos": [
    "0",
    "1500",
    "1695",
    "1825"
  ],
  "firstMonth": "2022-11",
  "0": {
    "2023-12": {
      "name": "Deoxys-Speed",
      "percent": 8.9564,
      "usage": 333581,
      "rank": 14
    },
    "2023-12-DLC2": {
      "name": "Deoxys-Speed",
      "percent": 11.89523,
      "usage": 254538,
      "rank": 8
    },
    "2024-01": {
      "name": "Deoxys-Speed",
      "percent": 9.42977,
      "usage": 354742,
      "rank": 18
    },
    "2024-02": {
      "name": "Deoxys-Speed",
      "percent": 5.37949,
      "usage": 151781,
      "rank": 38
    },
    "2024-03": {
      "name": "Deoxys-Speed",
      "percent": 3.58725,
      "usage": 95427,
      "rank": 49
    },
    "2024-04": {
      "name": "Deoxys-Speed",
      "percent": 5.54257,
      "usage": 129012,
      "rank": 36
    },
    "2024-05": {
      "name": "Deoxys-Speed",
      "percent": 4.81631,
      "usage": 51282,
      "rank": 37
    },
    "2024-06": {
      "name": "Deoxys-Speed",
      "percent": 4.96496,
      "usage": 102607,
      "rank": 37
    }
  },
  "1500": {
    "2023-12": {
      "name": "Deoxys-Speed",
      "percent": 10.3612,
      "usage": 333581,
      "rank": 11
    },
    "2023-12-DLC2": {
      "name": "Deoxys-Speed",
      "percent": 13.35994,
      "usage": 254538,
      "rank": 8
    },
    "2024-01": {
      "name": "Deoxys-Speed",
      "percent": 10.19167,
      "usage": 354742,
      "rank": 18
    },
    "2024-02": {
      "name": "Deoxys-Speed",
      "percent": 5.6261,
      "usage": 151781,
      "rank": 39
    },
    "2024-03": {
      "name": "Deoxys-Speed",
      "percent": 4.15907,
      "usage": 95427,
      "rank": 43
    },
    "2024-04": {
      "name": "Deoxys-Speed",
      "percent": 6.29096,
      "usage": 129012,
      "rank": 34
    },
    "2024-05": {
      "name": "Deoxys-Speed",
      "percent": 5.19728,
      "usage": 51282,
      "rank": 37
    },
    "2024-06": {
      "name": "Deoxys-Speed",
      "percent": 5.39347,
      "usage": 102607,
      "rank": 36
    }
  },
  "1695": {
    "2023-12": {
      "name": "Deoxys-Speed",
      "percent": 10.38193,
      "usage": 333581,
      "rank": 17
    },
    "2023-12-DLC2": {
      "name": "Deoxys-Speed",
      "percent": 12.24553,
      "usage": 254538,
      "rank": 12
    },
    "2024-01": {
      "name": "Deoxys-Speed",
      "percent": 7.92447,
      "usage": 354742,
      "rank": 32
    },
    "2024-02": {
      "name": "Deoxys-Speed",
      "percent": 4.48825,
      "usage": 151781,
      "rank": 44
    },
    "2024-03": {
      "name": "Deoxys-Speed",
      "percent": 5.18334,
      "usage": 95427,
      "rank": 39
    },
    "2024-04": {
      "name": "Deoxys-Speed",
      "percent": 8.45176,
      "usage": 129012,
      "rank": 24
    },
    "2024-05": {
      "name": "Deoxys-Speed",
      "percent": 7.10685,
      "usage": 51282,
      "rank": 29
    },
    "2024-06": {
      "name": "Deoxys-Speed",
      "percent": 7.45572,
      "usage": 102607,
      "rank": 26
    }
  },
  "1825": {
    "2023-12": {
      "name": "Deoxys-Speed",
      "percent": 8.84966,
      "usage": 333581,
      "rank": 26
    },
    "2023-12-DLC2": {
      "name": "Deoxys-Speed",
      "percent": 10.16496,
      "usage": 254538,
      "rank": 21
    },
    "2024-01": {
      "name": "Deoxys-Speed",
      "percent": 7.73948,
      "usage": 354742,
      "rank": 28
    },
    "2024-02": {
      "name": "Deoxys-Speed",
      "percent": 3.69684,
      "usage": 151781,
      "rank": 46
    },
    "2024-03": {
      "name": "Deoxys-Speed",
      "percent": 7.65144,
      "usage": 95427,
      "rank": 25
    },
    "2024-04": {
      "name": "Deoxys-Speed",
      "percent": 9.9814,
      "usage": 129012,
      "rank": 21
    },
    "2024-05": {
      "name": "Deoxys-Speed",
      "percent": 5.10816,
      "usage": 51282,
      "rank": 34
    },
    "2024-06": {
      "name": "Deoxys-Speed",
      "percent": 6.74351,
      "usage": 102607,
      "rank": 31
    }
  }
}