{
  "elos": [
    "0",
    "1500",
    "1695",
    "1825"
  ],
  "firstMonth": "2022-11",
  "0": {
    "2022-11": {
      "name": "Flittle",
      "percent": 0.00126,
      "usage": 64,
      "rank": 324
    },
    "2022-12": {
      "name": "Flittle",
      "percent": 0.00431,
      "usage": 292,
      "rank": 266
    },
    "2023-01": {
      "name": "Flittle",
      "percent": 0.02132,
      "usage": 933,
      "rank": 239
    },
    "2023-02": {
      "name": "Flittle",
      "percent": 0.04147,
      "usage": 1216,
      "rank": 221
    },
    "2023-03": {
      "name": "Flittle",
      "percent": 0.02577,
      "usage": 779,
      "rank": 235
    },
    "2023-04": {
      "name": "Flittle",
      "percent": 0.00691,
      "usage": 165,
      "rank": 281
    },
    "2023-05": {
      "name": "Flittle",
      "percent": 0.00936,
      "usage": 240,
      "rank": 324
    },
    "2023-06": {
      "name": "Flittle",
      "percent": 0.0043,
      "usage": 172,
      "rank": 327
    },
    "2023-07": {
      "name": "Flittle",
      "percent": 0.00411,
      "usage": 110,
      "rank": 341
    },
    "2023-08": {
      "name": "Flittle",
      "percent": 0.00652,
      "usage": 163,
      "rank": 329
    },
    "2023-09": {
      "name": "Flittle",
      "percent": 0.00382,
      "usage": 146,
      "rank": 408
    },
    "2023-09-DLC1": {
      "name": "Flittle",
      "percent": 0.00261,
      "usage": 63,
      "rank": 428
    },
    "2023-10": {
      "name": "Flittle",
      "percent": 0.00509,
      "usage": 174,
      "rank": 392
    },
    "2023-11": {
      "name": "Flittle",
      "percent": 0.00694,
      "usage": 186,
      "rank": 391
    },
    "2023-12": {
      "name": "Flittle",
      "percent": 0.00843,
      "usage": 314,
      "rank": 448
    },
    "2023-12-DLC2": {
      "name": "Flittle",
      "percent": 0.00435,
      "usage": 93,
      "rank": 474
    },
    "2024-01": {
      "name": "Flittle",
      "percent": 0.00205,
      "usage": 77,
      "rank": 557
    },
    "2024-02": {
      "name": "Flittle",
      "percent": 0.00503,
      "usage": 142,
      "rank": 486
    },
    "2024-03": {
      "name": "Flittle",
      "percent": 0.00286,
      "usage": 76,
      "rank": 533
    },
    "2024-04": {
      "name": "Flittle",
      "percent": 0.00408,
      "usage": 95,
      "rank": 508
    },
    "2024-05": {
      "name": "Flittle",
      "percent": 0.00075,
      "usage": 8,
      "rank": 661
    },
    "2024-06": {
      "name": "Flittle",
      "percent": 0.00145,
      "usage": 30,
      "rank": 607
    }
  },
  "1500": {
    "2022-11": {
      "name": "Flittle",
      "percent": 0.00107,
      "usage": 64,
      "rank": 322
    },
    "2022-12": {
      "name": "Flittle",
      "percent": 0.00322,
      "usage": 292,
      "rank": 269
    },
    "2023-01": {
      "name": "Flittle",
      "percent": 0.02009,
      "usage": 933,
      "rank": 238
    },
    "2023-02": {
      "name": "Flittle",
      "percent": 0.03639,
      "usage": 1216,
      "rank": 221
    },
    "2023-03": {
      "name": "Flittle",
      "percent": 0.02014,
      "usage": 779,
      "rank": 233
    },
    "2023-04": {
      "name": "Flittle",
      "percent": 0.00252,
      "usage": 165,
      "rank": 276
    },
    "2023-05": {
      "name": "Flittle",
      "percent": 0.00519,
      "usage": 240,
      "rank": 308
    },
    "2023-06": {
      "name": "Flittle",
      "percent": 0.00317,
      "usage": 172,
      "rank": 310
    },
    "2023-07": {
      "name": "Flittle",
      "percent": 0.00076,
      "usage": 110,
      "rank": 360
    },
    "2023-08": {
      "name": "Flittle",
      "percent": 0.00267,
      "usage": 163,
      "rank": 313
    },
    "2023-09": {
      "name": "Flittle",
      "percent": 0.00121,
      "usage": 146,
      "rank": 399
    },
    "2023-09-DLC1": {
      "name": "Flittle",
      "percent": 0.0006,
      "usage": 63,
      "rank": 433
    },
    "2023-10": {
      "name": "Flittle",
      "percent": 0.00106,
      "usage": 174,
      "rank": 415
    },
    "2023-11": {
      "name": "Flittle",
      "percent": 0.00079,
      "usage": 186,
      "rank": 437
    },
    "2023-12": {
      "name": "Flittle",
      "percent": 0.00247,
      "usage": 314,
      "rank": 447
    },
    "2023-12-DLC2": {
      "name": "Flittle",
      "percent": 0.00028,
      "usage": 93,
      "rank": 563
    },
    "2024-01": {
      "name": "Flittle",
      "percent": 0.00079,
      "usage": 77,
      "rank": 505
    },
    "2024-02": {
      "name": "Flittle",
      "percent": 0.00146,
      "usage": 142,
      "rank": 487
    },
    "2024-03": {
      "name": "Flittle",
      "percent": 0.00046,
      "usage": 76,
      "rank": 571
    },
    "2024-04": {
      "name": "Flittle",
      "percent": 0.00126,
      "usage": 95,
      "rank": 495
    },
    "2024-05": {
      "name": "Flittle",
      "percent": 0.00013,
      "usage": 8,
      "rank": 669
    },
    "2024-06": {
      "name": "Flittle",
      "percent": 0.00024,
      "usage": 30,
      "rank": 635
    }
  },
  "1695": {
    "2022-11": {
      "name": "Flittle",
      "percent": 0.0,
      "usage": 64,
      "rank": 391
    },
    "2022-12": {
      "name": "Flittle",
      "percent": 0.0,
      "usage": 292,
      "rank": 299
    },
    "2023-01": {
      "name": "Flittle",
      "percent": 0.00855,
      "usage": 933,
      "rank": 183
    },
    "2023-02": {
      "name": "Flittle",
      "percent": 0.01449,
      "usage": 1216,
      "rank": 175
    },
    "2023-03": {
      "name": "Flittle",
      "percent": 0.06419,
      "usage": 779,
      "rank": 131
    },
    "2023-04": {
      "name": "Flittle",
      "percent": 0.00034,
      "usage": 165,
      "rank": 269
    },
    "2023-05": {
      "name": "Flittle",
      "percent": 0.00157,
      "usage": 240,
      "rank": 290
    },
    "2023-06": {
      "name": "Flittle",
      "percent": 0.01424,
      "usage": 172,
      "rank": 211
    },
    "2023-07": {
      "name": "Flittle",
      "percent": 0.00042,
      "usage": 110,
      "rank": 302
    },
    "2023-08": {
      "name": "Flittle",
      "percent": 0.0026,
      "usage": 163,
      "rank": 259
    },
    "2023-09": {
      "name": "Flittle",
      "percent": 0.00012,
      "usage": 146,
      "rank": 396
    },
    "2023-09-DLC1": {
      "name": "Flittle",
      "percent": 0.0,
      "usage": 63,
      "rank": 463
    },
    "2023-10": {
      "name": "Flittle",
      "percent": 0.0001,
      "usage": 174,
      "rank": 406
    },
    "2023-11": {
      "name": "Flittle",
      "percent": 1e-05,
      "usage": 186,
      "rank": 455
    },
    "2023-12": {
      "name": "Flittle",
      "percent": 0.00037,
      "usage": 314,
      "rank": 446
    },
    "2023-12-DLC2": {
      "name": "Flittle",
      "percent": 0.0,
      "usage": 93,
      "rank": 543
    },
    "2024-01": {
      "name": "Flittle",
      "percent": 0.0,
      "usage": 77,
      "rank": 672
    },
    "2024-02": {
      "name": "Flittle",
      "percent": 0.00011,
      "usage": 142,
      "rank": 479
    },
    "2024-03": {
      "name": "Flittle",
      "percent": 3e-05,
      "usage": 76,
      "rank": 509
    },
    "2024-04": {
      "name": "Flittle",
      "percent": 7e-05,
      "usage": 95,
      "rank": 483
    },
    "2024-05": {
      "name": "Flittle",
      "percent": 0.0,
      "usage": 8,
      "rank": 661
    },
    "2024-06": {
      "name": "Flittle",
      "percent": 0.0,
      "usage": 30,
      "rank": 585
    }
  },
  "1825": {
    "2022-11": {
      "name": "Flittle",
      "percent": 0.0,
      "usage": 64,
      "rank": 390
    },
    "2022-12": {
      "name": "Flittle",
      "percent": 0.0,
      "usage": 292,
      "rank": 388
    },
    "2023-01": {
      "name": "Flittle",
      "percent": 0.01094,
      "usage": 933,
      "rank": 153
    },
    "2023-02": {
      "name": "Flittle",
      "percent": 0.01501,
      "usage": 1216,