{
  "elos": [
    "0",
    "1500",
    "1695",
    "1825"
  ],
  "firstMonth": "2022-11",
  "0": {
    "2022-11": {
      "name": "Gogoat",
      "percent": 0.11684,
      "usage": 5915,
      "rank": 178
    },
    "2022-12": {
      "name": "Gogoat",
      "percent": 0.14099,
      "usage": 9546,
      "rank": 167
    },
    "2023-01": {
      "name": "Gogoat",
      "percent": 0.19459,
      "usage": 8517,
      "rank": 156
    },
    "2023-02": {
      "name": "Gogoat",
      "percent": 0.19035,
      "usage": 5582,
      "rank": 156
    },
    "2023-03": {
      "name": "Gogoat",
      "percent": 0.08683,
      "usage": 2625,
      "rank": 189
    },
    "2023-04": {
      "name": "Gogoat",
      "percent": 0.09221,
      "usage": 2203,
      "rank": 195
    },
    "2023-05": {
      "name": "Gogoat",
      "percent": 0.08689,
      "usage": 2229,
      "rank": 241
    },
    "2023-06": {
      "name": "Gogoat",
      "percent": 0.04426,
      "usage": 1770,
      "rank": 255
    },
    "2023-07": {
      "name": "Gogoat",
      "percent": 0.06447,
      "usage": 1724,
      "rank": 244
    },
    "2023-08": {
      "name": "Gogoat",
      "percent": 0.05931,
      "usage": 1483,
      "rank": 247
    },
    "2023-09": {
      "name": "Gogoat",
      "percent": 0.03883,
      "usage": 1485,
      "rank": 311
    },
    "2023-09-DLC1": {
      "name": "Gogoat",
      "percent": 0.02689,
      "usage": 648,
      "rank": 322
    },
    "2023-10": {
      "name": "Gogoat",
      "percent": 0.04731,
      "usage": 1617,
      "rank": 300
    },
    "2023-11": {
      "name": "Gogoat",
      "percent": 0.04252,
      "usage": 1139,
      "rank": 317
    },
    "2023-12": {
      "name": "Gogoat",
      "percent": 0.05907,
      "usage": 2200,
      "rank": 353
    },
    "2023-12-DLC2": {
      "name": "Gogoat",
      "percent": 0.04496,
      "usage": 962,
      "rank": 357
    },
    "2024-01": {
      "name": "Gogoat",
      "percent": 0.02881,
      "usage": 1084,
      "rank": 392
    },
    "2024-02": {
      "name": "Gogoat",
      "percent": 0.03856,
      "usage": 1088,
      "rank": 388
    },
    "2024-03": {
      "name": "Gogoat",
      "percent": 0.05714,
      "usage": 1520,
      "rank": 363
    },
    "2024-04": {
      "name": "Gogoat",
      "percent": 0.05267,
      "usage": 1226,
      "rank": 370
    },
    "2024-05": {
      "name": "Gogoat",
      "percent": 0.04386,
      "usage": 467,
      "rank": 391
    },
    "2024-06": {
      "name": "Gogoat",
      "percent": 0.06082,
      "usage": 1257,
      "rank": 366
    }
  },
  "1500": {
    "2022-11": {
      "name": "Gogoat",
      "percent": 0.10764,
      "usage": 5915,
      "rank": 178
    },
    "2022-12": {
      "name": "Gogoat",
      "percent": 0.1314,
      "usage": 9546,
      "rank": 168
    },
    "2023-01": {
      "name": "Gogoat",
      "percent": 0.17988,
      "usage": 8517,
      "rank": 156
    },
    "2023-02": {
      "name": "Gogoat",
      "percent": 0.16776,
      "usage": 5582,
      "rank": 155
    },
    "2023-03": {
      "name": "Gogoat",
      "percent": 0.06002,
      "usage": 2625,
      "rank": 192
    },
    "2023-04": {
      "name": "Gogoat",
      "percent": 0.03177,
      "usage": 2203,
      "rank": 201
    },
    "2023-05": {
      "name": "Gogoat",
      "percent": 0.02719,
      "usage": 2229,
      "rank": 255
    },
    "2023-06": {
      "name": "Gogoat",
      "percent": 0.01106,
      "usage": 1770,
      "rank": 266
    },
    "2023-07": {
      "name": "Gogoat",
      "percent": 0.01468,
      "usage": 1724,
      "rank": 263
    },
    "2023-08": {
      "name": "Gogoat",
      "percent": 0.01823,
      "usage": 1483,
      "rank": 255
    },
    "2023-09": {
      "name": "Gogoat",
      "percent": 0.01311,
      "usage": 1485,
      "rank": 320
    },
    "2023-09-DLC1": {
      "name": "Gogoat",
      "percent": 0.01011,
      "usage": 648,
      "rank": 324
    },
    "2023-10": {
      "name": "Gogoat",
      "percent": 0.0131,
      "usage": 1617,
      "rank": 313
    },
    "2023-11": {
      "name": "Gogoat",
      "percent": 0.01231,
      "usage": 1139,
      "rank": 321
    },
    "2023-12": {
      "name": "Gogoat",
      "percent": 0.01351,
      "usage": 2200,
      "rank": 375
    },
    "2023-12-DLC2": {
      "name": "Gogoat",
      "percent": 0.00859,
      "usage": 962,
      "rank": 385
    },
    "2024-01": {
      "name": "Gogoat",
      "percent": 0.00966,
      "usage": 1084,
      "rank": 391
    },
    "2024-02": {
      "name": "Gogoat",
      "percent": 0.00791,
      "usage": 1088,
      "rank": 412
    },
    "2024-03": {
      "name": "Gogoat",
      "percent": 0.0243,
      "usage": 1520,
      "rank": 349
    },
    "2024-04": {
      "name": "Gogoat",
      "percent": 0.01417,
      "usage": 1226,
      "rank": 380
    },
    "2024-05": {
      "name": "Gogoat",
      "percent": 0.01617,
      "usage": 467,
      "rank": 382
    },
    "2024-06": {
      "name": "Gogoat",
      "percent": 0.01886,
      "usage": 1257,
      "rank": 374
    }
  },
  "1695": {
    "2022-11": {
      "name": "Gogoat",
      "percent": 0.01869,
      "usage": 5915,
      "rank": 179
    },
    "2022-12": {
      "name": "Gogoat",
      "percent": 0.03761,
      "usage": 9546,
      "rank": 144
    },
    "2023-01": {
      "name": "Gogoat",
      "percent": 0.03314,
      "usage": 8517,
      "rank": 155
    },
    "2023-02": {
      "name": "Gogoat",
      "percent": 0.02232,
      "usage": 5582,
      "rank": 166
    },
    "2023-03": {
      "name": "Gogoat",
      "percent": 0.00387,
      "usage": 2625,
      "rank": 210
    },
    "2023-04": {
      "name": "Gogoat",
      "percent": 0.00503,
      "usage": 2203,
      "rank": 211
    },
    "2023-05": {
      "name": "Gogoat",
      "percent": 0.00142,
      "usage": 2229,
      "rank": 293
    },
    "2023-06": {
      "name": "Gogoat",
      "percent": 0.00251,
      "usage": 1770,
      "rank": 263
    },
    "2023-07": {
      "name": "Gogoat",
      "percent": 0.00463,
      "usage": 1724,
      "rank": 251
    },
    "2023-08": {
      "name": "Gogoat",
      "percent": 0.00346,
      "usage": 1483,
      "rank": 247
    },
    "2023-09": {
      "name": "Gogoat",
      "percent": 0.00098,
      "usage": 1485,
      "rank": 348
    },
    "2023-09-DLC1": {
      "name": "Gogoat",
      "percent": 0.00088,
      "usage": 648,
      "rank": 339
    },
    "2023-10": {
      "name": "Gogoat",
      "percent": 0.00175,
      "usage": 1617,
      "rank": 313
    },
    "2023-11": {
      "name": "Gogoat",
      "percent": 0.00215,
      "usage": 1139,
      "rank": 315
    },
    "2023-12": {
      "name": "Gogoat",
      "percent": 0.00241,
      "usage": 2200,
      "rank": 377
    },
    "2023-12-DLC2": {
      "name": "Gogoat",
      "percent": 0.00135,
      "usage": 962,
      "rank": 380
    },
    "2024-01": {
      "name": "Gogoat",
      "percent": 0.00062,
      "usage": 1084,
      "rank": 421
    },
    "2024-02": {
      "name": "Gogoat",
      "percent": 0.00039,
      "usage": 1088,
      "rank": 446
    },
    "2024-03": {
      "name": "Gogoat",
      "percent": 0.01258,
      "usage": 1520,
      "rank": 293
    },
    "2024-04": {
      "name": "Gogoat",
      "percent": 0.0016,
      "usage": 1226,
      "rank": 383
    },
    "2024-05": {
      "name": "Gogoat",
      "percent": 0.00156,
      "usage": 467,
      "rank": 379
    },
    "2024-06": {
      "name": "Gogoat",
      "percent": 0.00257,
      "usage": 1257,
      "rank": 374
    }
  },
  "1825": {
    "2022-11": {
      "name": "Gogoat",
      "percent": 0.01244,
      "usage": 5915,
      "rank": 168
    },
    "2022-12": {
      "name": "Gogoat",
      "percent": 0.04135,
      "usage": 9546,
      "rank": 123
    },
    "2023-01": {
      "name": "Gogoat",
      "percent": 0.02967,
      "usage": 8517,
      "rank": 134
    },