{
  "elos": [
    "0",
    "1500",
    "1695",
    "1825"
  ],
  "firstMonth": "2022-11",
  "0": {
    "2022-11": {
      "name": "Hariyama",
      "percent": 0.16059,
      "usage": 8130,
      "rank": 165
    },
    "2022-12": {
      "name": "Hariyama",
      "percent": 0.22533,
      "usage": 15256,
      "rank": 143
    },
    "2023-01": {
      "name": "Hariyama",
      "percent": 0.32357,
      "usage": 14162,
      "rank": 134
    },
    "2023-02": {
      "name": "Hariyama",
      "percent": 0.24531,
      "usage": 7194,
      "rank": 146
    },
    "2023-03": {
      "name": "Hariyama",
      "percent": 0.24443,
      "usage": 7390,
      "rank": 139
    },
    "2023-04": {
      "name": "Hariyama",
      "percent": 0.23553,
      "usage": 5627,
      "rank": 148
    },
    "2023-05": {
      "name": "Hariyama",
      "percent": 0.22746,
      "usage": 5835,
      "rank": 187
    },
    "2023-06": {
      "name": "Hariyama",
      "percent": 0.0875,
      "usage": 3499,
      "rank": 218
    },
    "2023-07": {
      "name": "Hariyama",
      "percent": 0.13751,
      "usage": 3677,
      "rank": 195
    },
    "2023-08": {
      "name": "Hariyama",
      "percent": 0.19625,
      "usage": 4907,
      "rank": 183
    },
    "2023-09": {
      "name": "Hariyama",
      "percent": 0.08331,
      "usage": 3186,
      "rank": 272
    },
    "2023-09-DLC1": {
      "name": "Hariyama",
      "percent": 0.06942,
      "usage": 1673,
      "rank": 277
    },
    "2023-10": {
      "name": "Hariyama",
      "percent": 0.1023,
      "usage": 3497,
      "rank": 253
    },
    "2023-11": {
      "name": "Hariyama",
      "percent": 0.10866,
      "usage": 2911,
      "rank": 262
    },
    "2023-12": {
      "name": "Hariyama",
      "percent": 0.08393,
      "usage": 3126,
      "rank": 329
    },
    "2023-12-DLC2": {
      "name": "Hariyama",
      "percent": 0.05463,
      "usage": 1169,
      "rank": 342
    },
    "2024-01": {
      "name": "Hariyama",
      "percent": 0.08139,
      "usage": 3062,
      "rank": 322
    },
    "2024-02": {
      "name": "Hariyama",
      "percent": 0.09743,
      "usage": 2749,
      "rank": 310
    },
    "2024-03": {
      "name": "Hariyama",
      "percent": 0.11323,
      "usage": 3012,
      "rank": 297
    },
    "2024-04": {
      "name": "Hariyama",
      "percent": 0.10994,
      "usage": 2559,
      "rank": 309
    },
    "2024-05": {
      "name": "Hariyama",
      "percent": 0.14379,
      "usage": 1531,
      "rank": 281
    },
    "2024-06": {
      "name": "Hariyama",
      "percent": 0.15286,
      "usage": 3159,
      "rank": 278
    }
  },
  "1500": {
    "2022-11": {
      "name": "Hariyama",
      "percent": 0.15467,
      "usage": 8130,
      "rank": 164
    },
    "2022-12": {
      "name": "Hariyama",
      "percent": 0.21606,
      "usage": 15256,
      "rank": 143
    },
    "2023-01": {
      "name": "Hariyama",
      "percent": 0.30917,
      "usage": 14162,
      "rank": 133
    },
    "2023-02": {
      "name": "Hariyama",
      "percent": 0.21503,
      "usage": 7194,
      "rank": 145
    },
    "2023-03": {
      "name": "Hariyama",
      "percent": 0.20608,
      "usage": 7390,
      "rank": 136
    },
    "2023-04": {
      "name": "Hariyama",
      "percent": 0.10959,
      "usage": 5627,
      "rank": 153
    },
    "2023-05": {
      "name": "Hariyama",
      "percent": 0.1321,
      "usage": 5835,
      "rank": 183
    },
    "2023-06": {
      "name": "Hariyama",
      "percent": 0.04032,
      "usage": 3499,
      "rank": 216
    },
    "2023-07": {
      "name": "Hariyama",
      "percent": 0.06222,
      "usage": 3677,
      "rank": 202
    },
    "2023-08": {
      "name": "Hariyama",
      "percent": 0.08034,
      "usage": 4907,
      "rank": 194
    },
    "2023-09": {
      "name": "Hariyama",
      "percent": 0.04317,
      "usage": 3186,
      "rank": 261
    },
    "2023-09-DLC1": {
      "name": "Hariyama",
      "percent": 0.04221,
      "usage": 1673,
      "rank": 255
    },
    "2023-10": {
      "name": "Hariyama",
      "percent": 0.06546,
      "usage": 3497,
      "rank": 232
    },
    "2023-11": {
      "name": "Hariyama",
      "percent": 0.06356,
      "usage": 2911,
      "rank": 237
    },
    "2023-12": {
      "name": "Hariyama",
      "percent": 0.05858,
      "usage": 3126,
      "rank": 290
    },
    "2023-12-DLC2": {
      "name": "Hariyama",
      "percent": 0.02949,
      "usage": 1169,
      "rank": 314
    },
    "2024-01": {
      "name": "Hariyama",
      "percent": 0.05651,
      "usage": 3062,
      "rank": 270
    },
    "2024-02": {
      "name": "Hariyama",
      "percent": 0.05588,
      "usage": 2749,
      "rank": 281
    },
    "2024-03": {
      "name": "Hariyama",
      "percent": 0.04353,
      "usage": 3012,
      "rank": 314
    },
    "2024-04": {
      "name": "Hariyama",
      "percent": 0.04239,
      "usage": 2559,
      "rank": 307
    },
    "2024-05": {
      "name": "Hariyama",
      "percent": 0.1307,
      "usage": 1531,
      "rank": 226
    },
    "2024-06": {
      "name": "Hariyama",
      "percent": 0.07039,
      "usage": 3159,
      "rank": 274
    }
  },
  "1695": {
    "2022-11": {
      "name": "Hariyama",
      "percent": 0.07668,
      "usage": 8130,
      "rank": 149
    },
    "2022-12": {
      "name": "Hariyama",
      "percent": 0.28204,
      "usage": 15256,
      "rank": 88
    },
    "2023-01": {
      "name": "Hariyama",
      "percent": 0.04631,
      "usage": 14162,
      "rank": 143
    },
    "2023-02": {
      "name": "Hariyama",
      "percent": 0.02857,
      "usage": 7194,
      "rank": 154
    },
    "2023-03": {
      "name": "Hariyama",
      "percent": 0.02646,
      "usage": 7390,
      "rank": 167
    },
    "2023-04": {
      "name": "Hariyama",
      "percent": 0.02865,
      "usage": 5627,
      "rank": 162
    },
    "2023-05": {
      "name": "Hariyama",
      "percent": 0.0295,
      "usage": 5835,
      "rank": 200
    },
    "2023-06": {
      "name": "Hariyama",
      "percent": 0.00726,
      "usage": 3499,
      "rank": 236
    },
    "2023-07": {
      "name": "Hariyama",
      "percent": 0.01087,
      "usage": 3677,
      "rank": 219
    },
    "2023-08": {
      "name": "Hariyama",
      "percent": 0.00838,
      "usage": 4907,
      "rank": 225
    },
    "2023-09": {
      "name": "Hariyama",
      "percent": 0.00782,
      "usage": 3186,
      "rank": 280
    },
    "2023-09-DLC1": {
      "name": "Hariyama",
      "percent": 0.00835,
      "usage": 1673,
      "rank": 260
    },
    "2023-10": {
      "name": "Hariyama",
      "percent": 0.00606,
      "usage": 3497,
      "rank": 266
    },
    "2023-11": {
      "name": "Hariyama",
      "percent": 0.01276,
      "usage": 2911,
      "rank": 248
    },
    "2023-12": {
      "name": "Hariyama",
      "percent": 0.01006,
      "usage": 3126,
      "rank": 318
    },
    "2023-12-DLC2": {
      "name": "Hariyama",
      "percent": 0.00734,
      "usage": 1169,
      "rank": 307
    },
    "2024-01": {
      "name": "Hariyama",
      "percent": 0.01015,
      "usage": 3062,
      "rank": 308
    },
    "2024-02": {
      "name": "Hariyama",
      "percent": 0.02043,
      "usage": 2749,
      "rank": 259
    },
    "2024-03": {
      "name": "Hariyama",
      "percent": 0.00244,
      "usage": 3012,
      "rank": 376
    },
    "2024-04": {
      "name": "Hariyama",
      "percent": 0.00148,
      "usage": 2559,
      "rank": 389
    },
    "2024-05": {
      "name": "Hariyama",
      "percent": 0.00514,
      "usage": 1531,
      "rank": 331
    },
    "2024-06": {
      "name": "Hariyama",
      "percent": 0.02641,
      "usage": 3159,
      "rank": 245
    }
  },
  "1825": {
    "2022-11": {
      "name": "Hariyama",
      "percent": 0.06711,
      "usage": 8130,
      "rank": 143
    },
    "2022-12": {
      "name": "Hariyama",
      "percent": 0.20856,
      "usage": 15256,
      "rank": 81
    },