{
  "elos": [
    "0",
    "1500",
    "1695",
    "1825"
  ],
  "firstMonth": "2022-11",
  "0": {
    "2022-11": {
      "name": "Iron Valiant",
      "percent": 15.66871,
      "usage": 793255,
      "rank": 10
    },
    "2022-12": {
      "name": "Iron Valiant",
      "percent": 20.83096,
      "usage": 1410362,
      "rank": 4
    },
    "2023-01": {
      "name": "Iron Valiant",
      "percent": 19.35938,
      "usage": 847325,
      "rank": 4
    },
    "2023-02": {
      "name": "Iron Valiant",
      "percent": 18.49393,
      "usage": 542347,
      "rank": 4
    },
    "2023-03": {
      "name": "Iron Valiant",
      "percent": 19.88577,
      "usage": 601209,
      "rank": 5
    },
    "2023-04": {
      "name": "Iron Valiant",
      "percent": 24.19468,
      "usage": 578025,
      "rank": 3
    },
    "2023-05": {
      "name": "Iron Valiant",
      "percent": 20.86278,
      "usage": 535185,
      "rank": 4
    },
    "2023-06": {
      "name": "Iron Valiant",
      "percent": 13.10587,
      "usage": 524068,
      "rank": 8
    },
    "2023-07": {
      "name": "Iron Valiant",
      "percent": 22.5694,
      "usage": 603494,
      "rank": 4
    },
    "2023-08": {
      "name": "Iron Valiant",
      "percent": 23.67579,
      "usage": 591996,
      "rank": 3
    },
    "2023-09": {
      "name": "Iron Valiant",
      "percent": 17.86175,
      "usage": 683060,
      "rank": 4
    },
    "2023-09-DLC1": {
      "name": "Iron Valiant",
      "percent": 17.24288,
      "usage": 415528,
      "rank": 3
    },
    "2023-10": {
      "name": "Iron Valiant",
      "percent": 20.45896,
      "usage": 699333,
      "rank": 5
    },
    "2023-11": {
      "name": "Iron Valiant",
      "percent": 18.96371,
      "usage": 508031,
      "rank": 5
    },
    "2023-12": {
      "name": "Iron Valiant",
      "percent": 11.61936,
      "usage": 432763,
      "rank": 5
    },
    "2023-12-DLC2": {
      "name": "Iron Valiant",
      "percent": 9.24227,
      "usage": 197769,
      "rank": 15
    },
    "2024-01": {
      "name": "Iron Valiant",
      "percent": 11.56128,
      "usage": 434928,
      "rank": 8
    },
    "2024-02": {
      "name": "Iron Valiant",
      "percent": 15.12648,
      "usage": 426790,
      "rank": 4
    },
    "2024-03": {
      "name": "Iron Valiant",
      "percent": 14.28079,
      "usage": 379893,
      "rank": 5
    },
    "2024-04": {
      "name": "Iron Valiant",
      "percent": 13.32365,
      "usage": 310129,
      "rank": 5
    },
    "2024-05": {
      "name": "Iron Valiant",
      "percent": 13.92929,
      "usage": 148313,
      "rank": 5
    },
    "2024-06": {
      "name": "Iron Valiant",
      "percent": 14.20563,
      "usage": 293577,
      "rank": 6
    }
  },
  "1500": {
    "2022-11": {
      "name": "Iron Valiant",
      "percent": 15.8993,
      "usage": 793255,
      "rank": 10
    },
    "2022-12": {
      "name": "Iron Valiant",
      "percent": 21.21974,
      "usage": 1410362,
      "rank": 4
    },
    "2023-01": {
      "name": "Iron Valiant",
      "percent": 19.65805,
      "usage": 847325,
      "rank": 4
    },
    "2023-02": {
      "name": "Iron Valiant",
      "percent": 19.05171,
      "usage": 542347,
      "rank": 4
    },
    "2023-03": {
      "name": "Iron Valiant",
      "percent": 21.15837,
      "usage": 601209,
      "rank": 5
    },
    "2023-04": {
      "name": "Iron Valiant",
      "percent": 28.29437,
      "usage": 578025,
      "rank": 3
    },
    "2023-05": {
      "name": "Iron Valiant",
      "percent": 23.8867,
      "usage": 535185,
      "rank": 4
    },
    "2023-06": {
      "name": "Iron Valiant",
      "percent": 15.09585,
      "usage": 524068,
      "rank": 7
    },
    "2023-07": {
      "name": "Iron Valiant",
      "percent": 26.17853,
      "usage": 603494,
      "rank": 3
    },
    "2023-08": {
      "name": "Iron Valiant",
      "percent": 27.40023,
      "usage": 591996,
      "rank": 3
    },
    "2023-09": {
      "name": "Iron Valiant",
      "percent": 21.15532,
      "usage": 683060,
      "rank": 3
    },
    "2023-09-DLC1": {
      "name": "Iron Valiant",
      "percent": 20.90088,
      "usage": 415528,
      "rank": 3
    },
    "2023-10": {
      "name": "Iron Valiant",
      "percent": 24.35337,
      "usage": 699333,
      "rank": 4
    },
    "2023-11": {
      "name": "Iron Valiant",
      "percent": 22.47026,
      "usage": 508031,
      "rank": 5
    },
    "2023-12": {
      "name": "Iron Valiant",
      "percent": 13.09259,
      "usage": 432763,
      "rank": 5
    },
    "2023-12-DLC2": {
      "name": "Iron Valiant",
      "percent": 10.21391,
      "usage": 197769,
      "rank": 15
    },
    "2024-01": {
      "name": "Iron Valiant",
      "percent": 12.84465,
      "usage": 434928,
      "rank": 8
    },
    "2024-02": {
      "name": "Iron Valiant",
      "percent": 17.26753,
      "usage": 426790,
      "rank": 5
    },
    "2024-03": {
      "name": "Iron Valiant",
      "percent": 16.77978,
      "usage": 379893,
      "rank": 5
    },
    "2024-04": {
      "name": "Iron Valiant",
      "percent": 15.29441,
      "usage": 310129,
      "rank": 8
    },
    "2024-05": {
      "name": "Iron Valiant",
      "percent": 16.04141,
      "usage": 148313,
      "rank": 7
    },
    "2024-06": {
      "name": "Iron Valiant",
      "percent": 16.87422,
      "usage": 293577,
      "rank": 7
    }
  },
  "1695": {
    "2022-11": {
      "name": "Iron Valiant",
      "percent": 11.31955,
      "usage": 793255,
      "rank": 16
    },
    "2022-12": {
      "name": "Iron Valiant",
      "percent": 26.98622,
      "usage": 1410362,
      "rank": 5
    },
    "2023-01": {
      "name": "Iron Valiant",
      "percent": 21.02021,
      "usage": 847325,
      "rank": 5
    },
    "2023-02": {
      "name": "Iron Valiant",
      "percent": 23.17297,
      "usage": 542347,
      "rank": 5
    },
    "2023-03": {
      "name": "Iron Valiant",
      "percent": 30.54621,
      "usage": 601209,
      "rank": 3
    },
    "2023-04": {
      "name": "Iron Valiant",
      "percent": 34.59463,
      "usage": 578025,
      "rank": 3
    },
    "2023-05": {
      "name": "Iron Valiant",
      "percent": 28.13244,
      "usage": 535185,
      "rank": 4
    },
    "2023-06": {
      "name": "Iron Valiant",
      "percent": 22.29467,
      "usage": 524068,
      "rank": 6
    },
    "2023-07": {
      "name": "Iron Valiant",
      "percent": 29.99503,
      "usage": 603494,
      "rank": 3
    },
    "2023-08": {
      "name": "Iron Valiant",
      "percent": 31.40776,
      "usage": 591996,
      "rank": 3
    },
    "2023-09": {
      "name": "Iron Valiant",
      "percent": 25.34609,
      "usage": 683060,
      "rank": 3
    },
    "2023-09-DLC1": {
      "name": "Iron Valiant",
      "percent": 26.32937,
      "usage": 415528,
      "rank": 3
    },
    "2023-10": {
      "name": "Iron Valiant",
      "percent": 26.8925,
      "usage": 699333,
      "rank": 4
    },
    "2023-11": {
      "name": "Iron Valiant",
      "percent": 23.5348,
      "usage": 508031,
      "rank": 5
    },
    "2023-12": {
      "name": "Iron Valiant",
      "percent": 15.63671,
      "usage": 432763,
      "rank": 4
    },
    "2023-12-DLC2": {
      "name": "Iron Valiant",
      "percent": 12.31388,
      "usage": 197769,
      "rank": 11
    },
    "2024-01": {
      "name": "Iron Valiant",
      "percent": 16.0573,
      "usage": 434928,
      "rank": 5
    },
    "2024-02": {
      "name": "Iron Valiant",
      "percent": 18.63187,
      "usage": 426790,
      "rank": 6
    },
    "2024-03": {
      "name": "Iron Valiant",
      "percent": 18.43429,
      "usage": 379893,
      "rank": 7
    },
    "2024-04": {
      "name": "Iron Valiant",
      "percent": 15.95772,
      "usage": 310129,
      "rank": 9
    },
    "2024-05": {
      "name": "Iron Valiant",
      "percent": 19.22575,
      "usage": 148313,
      "rank": 5
    },