{
  "elos": [
    "0",
    "1500",
    "1695",
    "1825"
  ],
  "firstMonth": "2022-11",
  "0": {
    "2022-11": {
      "name": "Mabosstiff",
      "percent": 0.58566,
      "usage": 29650,
      "rank": 117
    },
    "2022-12": {
      "name": "Mabosstiff",
      "percent": 0.35374,
      "usage": 23950,
      "rank": 126
    },
    "2023-01": {
      "name": "Mabosstiff",
      "percent": 0.24785,
      "usage": 10848,
      "rank": 147
    },
    "2023-02": {
      "name": "Mabosstiff",
      "percent": 0.2151,
      "usage": 6308,
      "rank": 149
    },
    "2023-03": {
      "name": "Mabosstiff",
      "percent": 0.17808,
      "usage": 5384,
      "rank": 153
    },
    "2023-04": {
      "name": "Mabosstiff",
      "percent": 0.16902,
      "usage": 4038,
      "rank": 167
    },
    "2023-05": {
      "name": "Mabosstiff",
      "percent": 0.14556,
      "usage": 3734,
      "rank": 208
    },
    "2023-06": {
      "name": "Mabosstiff",
      "percent": 0.06189,
      "usage": 2475,
      "rank": 240
    },
    "2023-07": {
      "name": "Mabosstiff",
      "percent": 0.08463,
      "usage": 2263,
      "rank": 227
    },
    "2023-08": {
      "name": "Mabosstiff",
      "percent": 0.1051,
      "usage": 2628,
      "rank": 217
    },
    "2023-09": {
      "name": "Mabosstiff",
      "percent": 0.05546,
      "usage": 2121,
      "rank": 295
    },
    "2023-09-DLC1": {
      "name": "Mabosstiff",
      "percent": 0.04523,
      "usage": 1090,
      "rank": 298
    },
    "2023-10": {
      "name": "Mabosstiff",
      "percent": 0.0579,
      "usage": 1979,
      "rank": 289
    },
    "2023-11": {
      "name": "Mabosstiff",
      "percent": 0.0604,
      "usage": 1618,
      "rank": 297
    },
    "2023-12": {
      "name": "Mabosstiff",
      "percent": 0.03759,
      "usage": 1400,
      "rank": 380
    },
    "2023-12-DLC2": {
      "name": "Mabosstiff",
      "percent": 0.03243,
      "usage": 694,
      "rank": 374
    },
    "2024-01": {
      "name": "Mabosstiff",
      "percent": 0.0425,
      "usage": 1599,
      "rank": 365
    },
    "2024-02": {
      "name": "Mabosstiff",
      "percent": 0.05146,
      "usage": 1452,
      "rank": 369
    },
    "2024-03": {
      "name": "Mabosstiff",
      "percent": 0.05383,
      "usage": 1432,
      "rank": 370
    },
    "2024-04": {
      "name": "Mabosstiff",
      "percent": 0.12674,
      "usage": 2950,
      "rank": 289
    },
    "2024-05": {
      "name": "Mabosstiff",
      "percent": 0.06368,
      "usage": 678,
      "rank": 355
    },
    "2024-06": {
      "name": "Mabosstiff",
      "percent": 0.07602,
      "usage": 1571,
      "rank": 349
    }
  },
  "1500": {
    "2022-11": {
      "name": "Mabosstiff",
      "percent": 0.55273,
      "usage": 29650,
      "rank": 117
    },
    "2022-12": {
      "name": "Mabosstiff",
      "percent": 0.33563,
      "usage": 23950,
      "rank": 129
    },
    "2023-01": {
      "name": "Mabosstiff",
      "percent": 0.22891,
      "usage": 10848,
      "rank": 147
    },
    "2023-02": {
      "name": "Mabosstiff",
      "percent": 0.19481,
      "usage": 6308,
      "rank": 148
    },
    "2023-03": {
      "name": "Mabosstiff",
      "percent": 0.14171,
      "usage": 5384,
      "rank": 153
    },
    "2023-04": {
      "name": "Mabosstiff",
      "percent": 0.0906,
      "usage": 4038,
      "rank": 158
    },
    "2023-05": {
      "name": "Mabosstiff",
      "percent": 0.09022,
      "usage": 3734,
      "rank": 200
    },
    "2023-06": {
      "name": "Mabosstiff",
      "percent": 0.02646,
      "usage": 2475,
      "rank": 238
    },
    "2023-07": {
      "name": "Mabosstiff",
      "percent": 0.04379,
      "usage": 2263,
      "rank": 214
    },
    "2023-08": {
      "name": "Mabosstiff",
      "percent": 0.07298,
      "usage": 2628,
      "rank": 197
    },
    "2023-09": {
      "name": "Mabosstiff",
      "percent": 0.02885,
      "usage": 2121,
      "rank": 279
    },
    "2023-09-DLC1": {
      "name": "Mabosstiff",
      "percent": 0.02115,
      "usage": 1090,
      "rank": 285
    },
    "2023-10": {
      "name": "Mabosstiff",
      "percent": 0.02464,
      "usage": 1979,
      "rank": 286
    },
    "2023-11": {
      "name": "Mabosstiff",
      "percent": 0.04016,
      "usage": 1618,
      "rank": 264
    },
    "2023-12": {
      "name": "Mabosstiff",
      "percent": 0.01603,
      "usage": 1400,
      "rank": 370
    },
    "2023-12-DLC2": {
      "name": "Mabosstiff",
      "percent": 0.00993,
      "usage": 694,
      "rank": 377
    },
    "2024-01": {
      "name": "Mabosstiff",
      "percent": 0.03122,
      "usage": 1599,
      "rank": 324
    },
    "2024-02": {
      "name": "Mabosstiff",
      "percent": 0.0308,
      "usage": 1452,
      "rank": 331
    },
    "2024-03": {
      "name": "Mabosstiff",
      "percent": 0.0303,
      "usage": 1432,
      "rank": 334
    },
    "2024-04": {
      "name": "Mabosstiff",
      "percent": 0.11192,
      "usage": 2950,
      "rank": 230
    },
    "2024-05": {
      "name": "Mabosstiff",
      "percent": 0.04636,
      "usage": 678,
      "rank": 309
    },
    "2024-06": {
      "name": "Mabosstiff",
      "percent": 0.04273,
      "usage": 1571,
      "rank": 317
    }
  },
  "1695": {
    "2022-11": {
      "name": "Mabosstiff",
      "percent": 0.19755,
      "usage": 29650,
      "rank": 130
    },
    "2022-12": {
      "name": "Mabosstiff",
      "percent": 0.03955,
      "usage": 23950,
      "rank": 142
    },
    "2023-01": {
      "name": "Mabosstiff",
      "percent": 0.03085,
      "usage": 10848,
      "rank": 156
    },
    "2023-02": {
      "name": "Mabosstiff",
      "percent": 0.04021,
      "usage": 6308,
      "rank": 145
    },
    "2023-03": {
      "name": "Mabosstiff",
      "percent": 0.03769,
      "usage": 5384,
      "rank": 153
    },
    "2023-04": {
      "name": "Mabosstiff",
      "percent": 0.03885,
      "usage": 4038,
      "rank": 152
    },
    "2023-05": {
      "name": "Mabosstiff",
      "percent": 0.02834,
      "usage": 3734,
      "rank": 205
    },
    "2023-06": {
      "name": "Mabosstiff",
      "percent": 0.02283,
      "usage": 2475,
      "rank": 199
    },
    "2023-07": {
      "name": "Mabosstiff",
      "percent": 0.08651,
      "usage": 2263,
      "rank": 149
    },
    "2023-08": {
      "name": "Mabosstiff",
      "percent": 0.0141,
      "usage": 2628,
      "rank": 204
    },
    "2023-09": {
      "name": "Mabosstiff",
      "percent": 0.0044,
      "usage": 2121,
      "rank": 302
    },
    "2023-09-DLC1": {
      "name": "Mabosstiff",
      "percent": 0.00447,
      "usage": 1090,
      "rank": 286
    },
    "2023-10": {
      "name": "Mabosstiff",
      "percent": 0.01572,
      "usage": 1979,
      "rank": 240
    },
    "2023-11": {
      "name": "Mabosstiff",
      "percent": 0.02135,
      "usage": 1618,
      "rank": 226
    },
    "2023-12": {
      "name": "Mabosstiff",
      "percent": 0.00623,
      "usage": 1400,
      "rank": 344
    },
    "2023-12-DLC2": {
      "name": "Mabosstiff",
      "percent": 0.00117,
      "usage": 694,
      "rank": 389
    },
    "2024-01": {
      "name": "Mabosstiff",
      "percent": 0.06988,
      "usage": 1599,
      "rank": 185
    },
    "2024-02": {
      "name": "Mabosstiff",
      "percent": 0.02577,
      "usage": 1452,
      "rank": 243
    },
    "2024-03": {
      "name": "Mabosstiff",
      "percent": 0.00826,
      "usage": 1432,
      "rank": 320
    },
    "2024-04": {
      "name": "Mabosstiff",
      "percent": 0.05255,
      "usage": 2950,
      "rank": 197
    },
    "2024-05": {
      "name": "Mabosstiff",
      "percent": 0.00635,
      "usage": 678,
      "rank": 322
    },
    "2024-06": {
      "name": "Mabosstiff",
      "percent": 0.0109,
      "usage": 1571,
      "rank": 288
    }
  },
  "1825": {
    "2022-11": {
      "name": "Mabosstiff",
      "percent": 0.11604,
      "usage": 29650,