{
  "elos": [
    "0",
    "1500",
    "1695",
    "1825"
  ],
  "firstMonth": "2022-11",
  "0": {
    "2023-09": {
      "name": "Okidogi",
      "percent": 3.30902,
      "usage": 126542,
      "rank": 54
    },
    "2023-09-DLC1": {
      "name": "Okidogi",
      "percent": 3.93306,
      "usage": 94781,
      "rank": 48
    },
    "2023-10": {
      "name": "Okidogi",
      "percent": 1.04706,
      "usage": 35791,
      "rank": 90
    },
    "2023-11": {
      "name": "Okidogi",
      "percent": 0.81136,
      "usage": 21736,
      "rank": 105
    },
    "2023-12": {
      "name": "Okidogi",
      "percent": 0.44897,
      "usage": 16722,
      "rank": 163
    },
    "2023-12-DLC2": {
      "name": "Okidogi",
      "percent": 0.28918,
      "usage": 6188,
      "rank": 193
    },
    "2024-01": {
      "name": "Okidogi",
      "percent": 0.38961,
      "usage": 14657,
      "rank": 165
    },
    "2024-02": {
      "name": "Okidogi",
      "percent": 0.30619,
      "usage": 8639,
      "rank": 189
    },
    "2024-03": {
      "name": "Okidogi",
      "percent": 0.31381,
      "usage": 8348,
      "rank": 194
    },
    "2024-04": {
      "name": "Okidogi",
      "percent": 0.44938,
      "usage": 10460,
      "rank": 165
    },
    "2024-05": {
      "name": "Okidogi",
      "percent": 0.64287,
      "usage": 6845,
      "rank": 141
    },
    "2024-06": {
      "name": "Okidogi",
      "percent": 0.83295,
      "usage": 17214,
      "rank": 119
    }
  },
  "1500": {
    "2023-09": {
      "name": "Okidogi",
      "percent": 3.08466,
      "usage": 126542,
      "rank": 56
    },
    "2023-09-DLC1": {
      "name": "Okidogi",
      "percent": 3.60249,
      "usage": 94781,
      "rank": 52
    },
    "2023-10": {
      "name": "Okidogi",
      "percent": 0.89593,
      "usage": 35791,
      "rank": 90
    },
    "2023-11": {
      "name": "Okidogi",
      "percent": 0.6997,
      "usage": 21736,
      "rank": 96
    },
    "2023-12": {
      "name": "Okidogi",
      "percent": 0.38213,
      "usage": 16722,
      "rank": 148
    },
    "2023-12-DLC2": {
      "name": "Okidogi",
      "percent": 0.22418,
      "usage": 6188,
      "rank": 175
    },
    "2024-01": {
      "name": "Okidogi",
      "percent": 0.30276,
      "usage": 14657,
      "rank": 143
    },
    "2024-02": {
      "name": "Okidogi",
      "percent": 0.25089,
      "usage": 8639,
      "rank": 162
    },
    "2024-03": {
      "name": "Okidogi",
      "percent": 0.26412,
      "usage": 8348,
      "rank": 160
    },
    "2024-04": {
      "name": "Okidogi",
      "percent": 0.39626,
      "usage": 10460,
      "rank": 139
    },
    "2024-05": {
      "name": "Okidogi",
      "percent": 0.68186,
      "usage": 6845,
      "rank": 110
    },
    "2024-06": {
      "name": "Okidogi",
      "percent": 1.00526,
      "usage": 17214,
      "rank": 91
    }
  },
  "1695": {
    "2023-09": {
      "name": "Okidogi",
      "percent": 1.86567,
      "usage": 126542,
      "rank": 65
    },
    "2023-09-DLC1": {
      "name": "Okidogi",
      "percent": 2.08071,
      "usage": 94781,
      "rank": 61
    },
    "2023-10": {
      "name": "Okidogi",
      "percent": 0.6553,
      "usage": 35791,
      "rank": 83
    },
    "2023-11": {
      "name": "Okidogi",
      "percent": 0.87007,
      "usage": 21736,
      "rank": 80
    },
    "2023-12": {
      "name": "Okidogi",
      "percent": 0.28244,
      "usage": 16722,
      "rank": 136
    },
    "2023-12-DLC2": {
      "name": "Okidogi",
      "percent": 0.10293,
      "usage": 6188,
      "rank": 173
    },
    "2024-01": {
      "name": "Okidogi",
      "percent": 0.15998,
      "usage": 14657,
      "rank": 149
    },
    "2024-02": {
      "name": "Okidogi",
      "percent": 0.18184,
      "usage": 8639,
      "rank": 136
    },
    "2024-03": {
      "name": "Okidogi",
      "percent": 0.15319,
      "usage": 8348,
      "rank": 151
    },
    "2024-04": {
      "name": "Okidogi",
      "percent": 0.33525,
      "usage": 10460,
      "rank": 109
    },
    "2024-05": {
      "name": "Okidogi",
      "percent": 0.58032,
      "usage": 6845,
      "rank": 99
    },
    "2024-06": {
      "name": "Okidogi",
      "percent": 1.86478,
      "usage": 17214,
      "rank": 61
    }
  },
  "1825": {
    "2023-09": {
      "name": "Okidogi",
      "percent": 1.83035,
      "usage": 126542,
      "rank": 63
    },
    "2023-09-DLC1": {
      "name": "Okidogi",
      "percent": 2.03014,
      "usage": 94781,
      "rank": 58
    },
    "2023-10": {
      "name": "Okidogi",
      "percent": 0.55279,
      "usage": 35791,
      "rank": 80
    },
    "2023-11": {
      "name": "Okidogi",
      "percent": 0.73236,
      "usage": 21736,
      "rank": 78
    },
    "2023-12": {
      "name": "Okidogi",
      "percent": 0.35148,
      "usage": 16722,
      "rank": 117
    },
    "2023-12-DLC2": {
      "name": "Okidogi",
      "percent": 0.02172,
      "usage": 6188,
      "rank": 205
    },
    "2024-01": {
      "name": "Okidogi",
      "percent": 0.05587,
      "usage": 14657,
      "rank": 173
    },
    "2024-02": {
      "name": "Okidogi",
      "percent": 0.14802,
      "usage": 8639,
      "rank": 124
    },
    "2024-03": {
      "name": "Okidogi",
      "percent": 0.01627,
      "usage": 8348,
      "rank": 214
    },
    "2024-04": {
      "name": "Okidogi",
      "percent": 0.09169,
      "usage": 10460,
      "rank": 135
    },
    "2024-05": {
      "name": "Okidogi",
      "percent": 0.26787,
      "usage": 6845,
      "rank": 101
    },
    "2024-06": {
      "name": "Okidogi",
      "percent": 6.49933,
      "usage": 17214,
      "rank": 33
    }
  }
}