{
  "elos": [
    "0",
    "1500",
    "1695",
    "1825"
  ],
  "firstMonth": "2022-11",
  "0": {
    "2022-11": {
      "name": "Orthworm",
      "percent": 4.97581,
      "usage": 251909,
      "rank": 39
    },
    "2022-12": {
      "name": "Orthworm",
      "percent": 3.74059,
      "usage": 253257,
      "rank": 41
    },
    "2023-01": {
      "name": "Orthworm",
      "percent": 4.76248,
      "usage": 208445,
      "rank": 39
    },
    "2023-02": {
      "name": "Orthworm",
      "percent": 8.64338,
      "usage": 253473,
      "rank": 27
    },
    "2023-03": {
      "name": "Orthworm",
      "percent": 7.29839,
      "usage": 220653,
      "rank": 28
    },
    "2023-04": {
      "name": "Orthworm",
      "percent": 5.70011,
      "usage": 136179,
      "rank": 33
    },
    "2023-05": {
      "name": "Orthworm",
      "percent": 0.93881,
      "usage": 24083,
      "rank": 99
    },
    "2023-06": {
      "name": "Orthworm",
      "percent": 0.32198,
      "usage": 12875,
      "rank": 150
    },
    "2023-07": {
      "name": "Orthworm",
      "percent": 0.27697,
      "usage": 7406,
      "rank": 160
    },
    "2023-08": {
      "name": "Orthworm",
      "percent": 0.28851,
      "usage": 7214,
      "rank": 151
    },
    "2023-09": {
      "name": "Orthworm",
      "percent": 0.18702,
      "usage": 7152,
      "rank": 216
    },
    "2023-09-DLC1": {
      "name": "Orthworm",
      "percent": 0.14266,
      "usage": 3438,
      "rank": 230
    },
    "2023-10": {
      "name": "Orthworm",
      "percent": 0.16816,
      "usage": 5748,
      "rank": 215
    },
    "2023-11": {
      "name": "Orthworm",
      "percent": 0.18048,
      "usage": 4835,
      "rank": 218
    },
    "2023-12": {
      "name": "Orthworm",
      "percent": 0.1143,
      "usage": 4257,
      "rank": 300
    },
    "2023-12-DLC2": {
      "name": "Orthworm",
      "percent": 0.10085,
      "usage": 2158,
      "rank": 289
    },
    "2024-01": {
      "name": "Orthworm",
      "percent": 0.12637,
      "usage": 4754,
      "rank": 270
    },
    "2024-02": {
      "name": "Orthworm",
      "percent": 0.15588,
      "usage": 4398,
      "rank": 251
    },
    "2024-03": {
      "name": "Orthworm",
      "percent": 0.18348,
      "usage": 4881,
      "rank": 246
    },
    "2024-04": {
      "name": "Orthworm",
      "percent": 0.18095,
      "usage": 4212,
      "rank": 249
    },
    "2024-05": {
      "name": "Orthworm",
      "percent": 0.19789,
      "usage": 2107,
      "rank": 251
    },
    "2024-06": {
      "name": "Orthworm",
      "percent": 0.19994,
      "usage": 4132,
      "rank": 251
    }
  },
  "1500": {
    "2022-11": {
      "name": "Orthworm",
      "percent": 4.95303,
      "usage": 251909,
      "rank": 40
    },
    "2022-12": {
      "name": "Orthworm",
      "percent": 3.6644,
      "usage": 253257,
      "rank": 41
    },
    "2023-01": {
      "name": "Orthworm",
      "percent": 4.715,
      "usage": 208445,
      "rank": 39
    },
    "2023-02": {
      "name": "Orthworm",
      "percent": 8.50675,
      "usage": 253473,
      "rank": 27
    },
    "2023-03": {
      "name": "Orthworm",
      "percent": 7.26689,
      "usage": 220653,
      "rank": 28
    },
    "2023-04": {
      "name": "Orthworm",
      "percent": 6.13917,
      "usage": 136179,
      "rank": 33
    },
    "2023-05": {
      "name": "Orthworm",
      "percent": 0.55718,
      "usage": 24083,
      "rank": 114
    },
    "2023-06": {
      "name": "Orthworm",
      "percent": 0.16777,
      "usage": 12875,
      "rank": 162
    },
    "2023-07": {
      "name": "Orthworm",
      "percent": 0.17356,
      "usage": 7406,
      "rank": 157
    },
    "2023-08": {
      "name": "Orthworm",
      "percent": 0.14641,
      "usage": 7214,
      "rank": 166
    },
    "2023-09": {
      "name": "Orthworm",
      "percent": 0.0879,
      "usage": 7152,
      "rank": 227
    },
    "2023-09-DLC1": {
      "name": "Orthworm",
      "percent": 0.05821,
      "usage": 3438,
      "rank": 241
    },
    "2023-10": {
      "name": "Orthworm",
      "percent": 0.06875,
      "usage": 5748,
      "rank": 229
    },
    "2023-11": {
      "name": "Orthworm",
      "percent": 0.07114,
      "usage": 4835,
      "rank": 228
    },
    "2023-12": {
      "name": "Orthworm",
      "percent": 0.04961,
      "usage": 4257,
      "rank": 303
    },
    "2023-12-DLC2": {
      "name": "Orthworm",
      "percent": 0.04586,
      "usage": 2158,
      "rank": 287
    },
    "2024-01": {
      "name": "Orthworm",
      "percent": 0.05473,
      "usage": 4754,
      "rank": 276
    },
    "2024-02": {
      "name": "Orthworm",
      "percent": 0.06244,
      "usage": 4398,
      "rank": 268
    },
    "2024-03": {
      "name": "Orthworm",
      "percent": 0.08322,
      "usage": 4881,
      "rank": 251
    },
    "2024-04": {
      "name": "Orthworm",
      "percent": 0.09286,
      "usage": 4212,
      "rank": 245
    },
    "2024-05": {
      "name": "Orthworm",
      "percent": 0.09649,
      "usage": 2107,
      "rank": 252
    },
    "2024-06": {
      "name": "Orthworm",
      "percent": 0.0816,
      "usage": 4132,
      "rank": 263
    }
  },
  "1695": {
    "2022-11": {
      "name": "Orthworm",
      "percent": 5.36547,
      "usage": 251909,
      "rank": 37
    },
    "2022-12": {
      "name": "Orthworm",
      "percent": 1.45173,
      "usage": 253257,
      "rank": 54
    },
    "2023-01": {
      "name": "Orthworm",
      "percent": 5.37037,
      "usage": 208445,
      "rank": 32
    },
    "2023-02": {
      "name": "Orthworm",
      "percent": 6.30657,
      "usage": 253473,
      "rank": 29
    },
    "2023-03": {
      "name": "Orthworm",
      "percent": 11.68749,
      "usage": 220653,
      "rank": 17
    },
    "2023-04": {
      "name": "Orthworm",
      "percent": 9.82167,
      "usage": 136179,
      "rank": 20
    },
    "2023-05": {
      "name": "Orthworm",
      "percent": 0.68458,
      "usage": 24083,
      "rank": 91
    },
    "2023-06": {
      "name": "Orthworm",
      "percent": 0.13759,
      "usage": 12875,
      "rank": 133
    },
    "2023-07": {
      "name": "Orthworm",
      "percent": 0.16836,
      "usage": 7406,
      "rank": 122
    },
    "2023-08": {
      "name": "Orthworm",
      "percent": 0.06812,
      "usage": 7214,
      "rank": 148
    },
    "2023-09": {
      "name": "Orthworm",
      "percent": 0.06297,
      "usage": 7152,
      "rank": 187
    },
    "2023-09-DLC1": {
      "name": "Orthworm",
      "percent": 0.06151,
      "usage": 3438,
      "rank": 184
    },
    "2023-10": {
      "name": "Orthworm",
      "percent": 0.01685,
      "usage": 5748,
      "rank": 236
    },
    "2023-11": {
      "name": "Orthworm",
      "percent": 0.01498,
      "usage": 4835,
      "rank": 241
    },
    "2023-12": {
      "name": "Orthworm",
      "percent": 0.01438,
      "usage": 4257,
      "rank": 301
    },
    "2023-12-DLC2": {
      "name": "Orthworm",
      "percent": 0.01336,
      "usage": 2158,
      "rank": 276
    },
    "2024-01": {
      "name": "Orthworm",
      "percent": 0.00712,
      "usage": 4754,
      "rank": 326
    },
    "2024-02": {
      "name": "Orthworm",
      "percent": 0.00962,
      "usage": 4398,
      "rank": 297
    },
    "2024-03": {
      "name": "Orthworm",
      "percent": 0.0435,
      "usage": 4881,
      "rank": 213
    },
    "2024-04": {
      "name": "Orthworm",
      "percent": 0.02343,
      "usage": 4212,
      "rank": 252
    },
    "2024-05": {
      "name": "Orthworm",
      "percent": 0.0147,
      "usage": 2107,
      "rank": 278
    },
    "2024-06": {
      "name": "Orthworm",
      "percent": 0.01075,
      "usage": 4132,
      "rank": 290
    }
  },
  "1825": {
    "2022-11": {
      "name": "Orthworm",
      "percent": 6.21126,
      "usage": 251909,
      "rank": 32
    },
    "2022-12": {
      "name": "Orthworm",
      "percent": 1.05131,
      "usage": 253257,