{
  "elos": [
    "0",
    "1500",
    "1695",
    "1825"
  ],
  "firstMonth": "2022-11",
  "0": {
    "2023-05": {
      "name": "Overqwil",
      "percent": 0.56521,
      "usage": 14499,
      "rank": 133
    },
    "2023-06": {
      "name": "Overqwil",
      "percent": 2.64924,
      "usage": 105936,
      "rank": 63
    },
    "2023-07": {
      "name": "Overqwil",
      "percent": 1.11259,
      "usage": 29750,
      "rank": 78
    },
    "2023-08": {
      "name": "Overqwil",
      "percent": 0.77595,
      "usage": 19402,
      "rank": 96
    },
    "2023-09": {
      "name": "Overqwil",
      "percent": 0.35584,
      "usage": 13608,
      "rank": 172
    },
    "2023-09-DLC1": {
      "name": "Overqwil",
      "percent": 0.3016,
      "usage": 7268,
      "rank": 178
    },
    "2023-10": {
      "name": "Overqwil",
      "percent": 0.35162,
      "usage": 12019,
      "rank": 161
    },
    "2023-11": {
      "name": "Overqwil",
      "percent": 0.8793,
      "usage": 23556,
      "rank": 101
    },
    "2023-12": {
      "name": "Overqwil",
      "percent": 0.46318,
      "usage": 17251,
      "rank": 161
    },
    "2023-12-DLC2": {
      "name": "Overqwil",
      "percent": 0.3898,
      "usage": 8341,
      "rank": 170
    },
    "2024-01": {
      "name": "Overqwil",
      "percent": 0.35423,
      "usage": 13326,
      "rank": 171
    },
    "2024-02": {
      "name": "Overqwil",
      "percent": 0.38962,
      "usage": 10993,
      "rank": 167
    },
    "2024-03": {
      "name": "Overqwil",
      "percent": 0.37979,
      "usage": 10103,
      "rank": 172
    },
    "2024-04": {
      "name": "Overqwil",
      "percent": 0.40801,
      "usage": 9497,
      "rank": 173
    },
    "2024-05": {
      "name": "Overqwil",
      "percent": 0.40695,
      "usage": 4333,
      "rank": 179
    },
    "2024-06": {
      "name": "Overqwil",
      "percent": 0.45122,
      "usage": 9325,
      "rank": 167
    }
  },
  "1500": {
    "2023-05": {
      "name": "Overqwil",
      "percent": 0.49153,
      "usage": 14499,
      "rank": 118
    },
    "2023-06": {
      "name": "Overqwil",
      "percent": 2.17226,
      "usage": 105936,
      "rank": 65
    },
    "2023-07": {
      "name": "Overqwil",
      "percent": 0.86016,
      "usage": 29750,
      "rank": 80
    },
    "2023-08": {
      "name": "Overqwil",
      "percent": 0.50653,
      "usage": 19402,
      "rank": 101
    },
    "2023-09": {
      "name": "Overqwil",
      "percent": 0.23841,
      "usage": 13608,
      "rank": 162
    },
    "2023-09-DLC1": {
      "name": "Overqwil",
      "percent": 0.20626,
      "usage": 7268,
      "rank": 165
    },
    "2023-10": {
      "name": "Overqwil",
      "percent": 0.20871,
      "usage": 12019,
      "rank": 158
    },
    "2023-11": {
      "name": "Overqwil",
      "percent": 0.62071,
      "usage": 23556,
      "rank": 103
    },
    "2023-12": {
      "name": "Overqwil",
      "percent": 0.33294,
      "usage": 17251,
      "rank": 155
    },
    "2023-12-DLC2": {
      "name": "Overqwil",
      "percent": 0.26392,
      "usage": 8341,
      "rank": 161
    },
    "2024-01": {
      "name": "Overqwil",
      "percent": 0.2172,
      "usage": 13326,
      "rank": 172
    },
    "2024-02": {
      "name": "Overqwil",
      "percent": 0.2341,
      "usage": 10993,
      "rank": 166
    },
    "2024-03": {
      "name": "Overqwil",
      "percent": 0.20571,
      "usage": 10103,
      "rank": 179
    },
    "2024-04": {
      "name": "Overqwil",
      "percent": 0.27812,
      "usage": 9497,
      "rank": 166
    },
    "2024-05": {
      "name": "Overqwil",
      "percent": 0.24756,
      "usage": 4333,
      "rank": 174
    },
    "2024-06": {
      "name": "Overqwil",
      "percent": 0.33437,
      "usage": 9325,
      "rank": 154
    }
  },
  "1695": {
    "2023-05": {
      "name": "Overqwil",
      "percent": 0.25449,
      "usage": 14499,
      "rank": 121
    },
    "2023-06": {
      "name": "Overqwil",
      "percent": 1.03383,
      "usage": 105936,
      "rank": 78
    },
    "2023-07": {
      "name": "Overqwil",
      "percent": 0.47957,
      "usage": 29750,
      "rank": 86
    },
    "2023-08": {
      "name": "Overqwil",
      "percent": 0.16761,
      "usage": 19402,
      "rank": 113
    },
    "2023-09": {
      "name": "Overqwil",
      "percent": 0.19986,
      "usage": 13608,
      "rank": 138
    },
    "2023-09-DLC1": {
      "name": "Overqwil",
      "percent": 0.13244,
      "usage": 7268,
      "rank": 149
    },
    "2023-10": {
      "name": "Overqwil",
      "percent": 0.06453,
      "usage": 12019,
      "rank": 168
    },
    "2023-11": {
      "name": "Overqwil",
      "percent": 0.15894,
      "usage": 23556,
      "rank": 132
    },
    "2023-12": {
      "name": "Overqwil",
      "percent": 0.19817,
      "usage": 17251,
      "rank": 152
    },
    "2023-12-DLC2": {
      "name": "Overqwil",
      "percent": 0.2477,
      "usage": 8341,
      "rank": 133
    },
    "2024-01": {
      "name": "Overqwil",
      "percent": 0.14349,
      "usage": 13326,
      "rank": 155
    },
    "2024-02": {
      "name": "Overqwil",
      "percent": 0.10906,
      "usage": 10993,
      "rank": 159
    },
    "2024-03": {
      "name": "Overqwil",
      "percent": 0.09075,
      "usage": 10103,
      "rank": 175
    },
    "2024-04": {
      "name": "Overqwil",
      "percent": 0.20673,
      "usage": 9497,
      "rank": 136
    },
    "2024-05": {
      "name": "Overqwil",
      "percent": 0.18242,
      "usage": 4333,
      "rank": 145
    },
    "2024-06": {
      "name": "Overqwil",
      "percent": 0.21245,
      "usage": 9325,
      "rank": 135
    }
  },
  "1825": {
    "2023-05": {
      "name": "Overqwil",
      "percent": 0.13245,
      "usage": 14499,
      "rank": 127
    },
    "2023-06": {
      "name": "Overqwil",
      "percent": 0.75744,
      "usage": 105936,
      "rank": 84
    },
    "2023-07": {
      "name": "Overqwil",
      "percent": 0.89775,
      "usage": 29750,
      "rank": 67
    },
    "2023-08": {
      "name": "Overqwil",
      "percent": 0.04827,
      "usage": 19402,
      "rank": 138
    },
    "2023-09": {
      "name": "Overqwil",
      "percent": 0.11395,
      "usage": 13608,
      "rank": 145
    },
    "2023-09-DLC1": {
      "name": "Overqwil",
      "percent": 0.09425,
      "usage": 7268,
      "rank": 142
    },
    "2023-10": {
      "name": "Overqwil",
      "percent": 0.02497,
      "usage": 12019,
      "rank": 181
    },
    "2023-11": {
      "name": "Overqwil",
      "percent": 0.09572,
      "usage": 23556,
      "rank": 134
    },
    "2023-12": {
      "name": "Overqwil",
      "percent": 0.31344,
      "usage": 17251,
      "rank": 121
    },
    "2023-12-DLC2": {
      "name": "Overqwil",
      "percent": 0.48528,
      "usage": 8341,
      "rank": 101
    },
    "2024-01": {
      "name": "Overqwil",
      "percent": 0.53277,
      "usage": 13326,
      "rank": 93
    },
    "2024-02": {
      "name": "Overqwil",
      "percent": 0.19286,
      "usage": 10993,
      "rank": 118
    },
    "2024-03": {
      "name": "Overqwil",
      "percent": 0.05132,
      "usage": 10103,
      "rank": 165
    },
    "2024-04": {
      "name": "Overqwil",
      "percent": 1.14241,
      "usage": 9497,
      "rank": 70
    },
    "2024-05": {
      "name": "Overqwil",
      "percent": 0.05295,
      "usage": 4333,
      "rank": 165
    },
    "2024-06": {
      "name": "Overqwil",
      "percent": 0.11015,
      "usage": 9325,
      "rank": 134
    }
  }
}