{
  "elos": [
    "0",
    "1500",
    "1695",
    "1825"
  ],
  "firstMonth": "2022-11",
  "0": {
    "2022-11": {
      "name": "Primeape",
      "percent": 0.09783,
      "usage": 4953,
      "rank": 186
    },
    "2022-12": {
      "name": "Primeape",
      "percent": 0.19644,
      "usage": 13300,
      "rank": 153
    },
    "2023-01": {
      "name": "Primeape",
      "percent": 0.41455,
      "usage": 18144,
      "rank": 120
    },
    "2023-02": {
      "name": "Primeape",
      "percent": 0.29732,
      "usage": 8719,
      "rank": 135
    },
    "2023-03": {
      "name": "Primeape",
      "percent": 0.20861,
      "usage": 6307,
      "rank": 145
    },
    "2023-04": {
      "name": "Primeape",
      "percent": 0.2051,
      "usage": 4900,
      "rank": 158
    },
    "2023-05": {
      "name": "Primeape",
      "percent": 0.26937,
      "usage": 6910,
      "rank": 172
    },
    "2023-06": {
      "name": "Primeape",
      "percent": 0.09681,
      "usage": 3871,
      "rank": 213
    },
    "2023-07": {
      "name": "Primeape",
      "percent": 0.12195,
      "usage": 3261,
      "rank": 203
    },
    "2023-08": {
      "name": "Primeape",
      "percent": 0.15941,
      "usage": 3986,
      "rank": 189
    },
    "2023-09": {
      "name": "Primeape",
      "percent": 0.09299,
      "usage": 3556,
      "rank": 263
    },
    "2023-09-DLC1": {
      "name": "Primeape",
      "percent": 0.07926,
      "usage": 1910,
      "rank": 264
    },
    "2023-10": {
      "name": "Primeape",
      "percent": 0.07717,
      "usage": 2638,
      "rank": 278
    },
    "2023-11": {
      "name": "Primeape",
      "percent": 0.11228,
      "usage": 3008,
      "rank": 256
    },
    "2023-12": {
      "name": "Primeape",
      "percent": 0.08584,
      "usage": 3197,
      "rank": 328
    },
    "2023-12-DLC2": {
      "name": "Primeape",
      "percent": 0.06197,
      "usage": 1326,
      "rank": 331
    },
    "2024-01": {
      "name": "Primeape",
      "percent": 0.09155,
      "usage": 3444,
      "rank": 309
    },
    "2024-02": {
      "name": "Primeape",
      "percent": 0.12221,
      "usage": 3448,
      "rank": 292
    },
    "2024-03": {
      "name": "Primeape",
      "percent": 0.13191,
      "usage": 3509,
      "rank": 283
    },
    "2024-04": {
      "name": "Primeape",
      "percent": 0.1453,
      "usage": 3382,
      "rank": 274
    },
    "2024-05": {
      "name": "Primeape",
      "percent": 0.10988,
      "usage": 1170,
      "rank": 315
    },
    "2024-06": {
      "name": "Primeape",
      "percent": 0.10907,
      "usage": 2254,
      "rank": 314
    }
  },
  "1500": {
    "2022-11": {
      "name": "Primeape",
      "percent": 0.09297,
      "usage": 4953,
      "rank": 185
    },
    "2022-12": {
      "name": "Primeape",
      "percent": 0.18694,
      "usage": 13300,
      "rank": 152
    },
    "2023-01": {
      "name": "Primeape",
      "percent": 0.40042,
      "usage": 18144,
      "rank": 120
    },
    "2023-02": {
      "name": "Primeape",
      "percent": 0.2689,
      "usage": 8719,
      "rank": 135
    },
    "2023-03": {
      "name": "Primeape",
      "percent": 0.17408,
      "usage": 6307,
      "rank": 146
    },
    "2023-04": {
      "name": "Primeape",
      "percent": 0.13746,
      "usage": 4900,
      "rank": 146
    },
    "2023-05": {
      "name": "Primeape",
      "percent": 0.16445,
      "usage": 6910,
      "rank": 174
    },
    "2023-06": {
      "name": "Primeape",
      "percent": 0.04304,
      "usage": 3871,
      "rank": 215
    },
    "2023-07": {
      "name": "Primeape",
      "percent": 0.06579,
      "usage": 3261,
      "rank": 199
    },
    "2023-08": {
      "name": "Primeape",
      "percent": 0.08443,
      "usage": 3986,
      "rank": 192
    },
    "2023-09": {
      "name": "Primeape",
      "percent": 0.04377,
      "usage": 3556,
      "rank": 259
    },
    "2023-09-DLC1": {
      "name": "Primeape",
      "percent": 0.03048,
      "usage": 1910,
      "rank": 269
    },
    "2023-10": {
      "name": "Primeape",
      "percent": 0.0434,
      "usage": 2638,
      "rank": 255
    },
    "2023-11": {
      "name": "Primeape",
      "percent": 0.0577,
      "usage": 3008,
      "rank": 244
    },
    "2023-12": {
      "name": "Primeape",
      "percent": 0.05221,
      "usage": 3197,
      "rank": 299
    },
    "2023-12-DLC2": {
      "name": "Primeape",
      "percent": 0.03471,
      "usage": 1326,
      "rank": 309
    },
    "2024-01": {
      "name": "Primeape",
      "percent": 0.04999,
      "usage": 3444,
      "rank": 287
    },
    "2024-02": {
      "name": "Primeape",
      "percent": 0.06451,
      "usage": 3448,
      "rank": 266
    },
    "2024-03": {
      "name": "Primeape",
      "percent": 0.06951,
      "usage": 3509,
      "rank": 268
    },
    "2024-04": {
      "name": "Primeape",
      "percent": 0.09394,
      "usage": 3382,
      "rank": 241
    },
    "2024-05": {
      "name": "Primeape",
      "percent": 0.08036,
      "usage": 1170,
      "rank": 265
    },
    "2024-06": {
      "name": "Primeape",
      "percent": 0.05726,
      "usage": 2254,
      "rank": 294
    }
  },
  "1695": {
    "2022-11": {
      "name": "Primeape",
      "percent": 0.05514,
      "usage": 4953,
      "rank": 155
    },
    "2022-12": {
      "name": "Primeape",
      "percent": 0.01846,
      "usage": 13300,
      "rank": 164
    },
    "2023-01": {
      "name": "Primeape",
      "percent": 0.07944,
      "usage": 18144,
      "rank": 127
    },
    "2023-02": {
      "name": "Primeape",
      "percent": 0.08457,
      "usage": 8719,
      "rank": 123
    },
    "2023-03": {
      "name": "Primeape",
      "percent": 0.07917,
      "usage": 6307,
      "rank": 122
    },
    "2023-04": {
      "name": "Primeape",
      "percent": 0.04044,
      "usage": 4900,
      "rank": 148
    },
    "2023-05": {
      "name": "Primeape",
      "percent": 0.17951,
      "usage": 6910,
      "rank": 132
    },
    "2023-06": {
      "name": "Primeape",
      "percent": 0.01034,
      "usage": 3871,
      "rank": 223
    },
    "2023-07": {
      "name": "Primeape",
      "percent": 0.01089,
      "usage": 3261,
      "rank": 218
    },
    "2023-08": {
      "name": "Primeape",
      "percent": 0.02146,
      "usage": 3986,
      "rank": 189
    },
    "2023-09": {
      "name": "Primeape",
      "percent": 0.01232,
      "usage": 3556,
      "rank": 259
    },
    "2023-09-DLC1": {
      "name": "Primeape",
      "percent": 0.0042,
      "usage": 1910,
      "rank": 288
    },
    "2023-10": {
      "name": "Primeape",
      "percent": 0.02645,
      "usage": 2638,
      "rank": 213
    },
    "2023-11": {
      "name": "Primeape",
      "percent": 0.01154,
      "usage": 3008,
      "rank": 250
    },
    "2023-12": {
      "name": "Primeape",
      "percent": 0.01486,
      "usage": 3197,
      "rank": 298
    },
    "2023-12-DLC2": {
      "name": "Primeape",
      "percent": 0.00585,
      "usage": 1326,
      "rank": 316
    },
    "2024-01": {
      "name": "Primeape",
      "percent": 0.02873,
      "usage": 3444,
      "rank": 248
    },
    "2024-02": {
      "name": "Primeape",
      "percent": 0.01028,
      "usage": 3448,
      "rank": 295
    },
    "2024-03": {
      "name": "Primeape",
      "percent": 0.01875,
      "usage": 3509,
      "rank": 262
    },
    "2024-04": {
      "name": "Primeape",
      "percent": 0.01891,
      "usage": 3382,
      "rank": 261
    },
    "2024-05": {
      "name": "Primeape",
      "percent": 0.01562,
      "usage": 1170,
      "rank": 275
    },
    "2024-06": {
      "name": "Primeape",
      "percent": 0.002,
      "usage": 2254,
      "rank": 380
    }
  },
  "1825": {
    "2022-11": {
      "name": "Primeape",
      "percent": 0.02383,
      "usage": 4953,
      "rank": 155
    },
    "2022-12": {
      "name": "Primeape",
      "percent": 0.00498,
      "usage": 13300,
      "rank": 174
    },