{
  "elos": [
    "0",
    "1500",
    "1695",
    "1825"
  ],
  "firstMonth": "2022-11",
  "0": {
    "2023-12": {
      "name": "Regirock",
      "percent": 0.15978,
      "usage": 5951,
      "rank": 267
    },
    "2023-12-DLC2": {
      "name": "Regirock",
      "percent": 0.23918,
      "usage": 5118,
      "rank": 209
    },
    "2024-01": {
      "name": "Regirock",
      "percent": 0.0999,
      "usage": 3758,
      "rank": 301
    },
    "2024-02": {
      "name": "Regirock",
      "percent": 0.12415,
      "usage": 3503,
      "rank": 285
    },
    "2024-03": {
      "name": "Regirock",
      "percent": 0.15781,
      "usage": 4198,
      "rank": 264
    },
    "2024-04": {
      "name": "Regirock",
      "percent": 0.16429,
      "usage": 3824,
      "rank": 259
    },
    "2024-05": {
      "name": "Regirock",
      "percent": 0.14229,
      "usage": 1515,
      "rank": 285
    },
    "2024-06": {
      "name": "Regirock",
      "percent": 0.14299,
      "usage": 2955,
      "rank": 288
    }
  },
  "1500": {
    "2023-12": {
      "name": "Regirock",
      "percent": 0.07592,
      "usage": 5951,
      "rank": 265
    },
    "2023-12-DLC2": {
      "name": "Regirock",
      "percent": 0.10537,
      "usage": 5118,
      "rank": 225
    },
    "2024-01": {
      "name": "Regirock",
      "percent": 0.04388,
      "usage": 3758,
      "rank": 298
    },
    "2024-02": {
      "name": "Regirock",
      "percent": 0.02646,
      "usage": 3503,
      "rank": 346
    },
    "2024-03": {
      "name": "Regirock",
      "percent": 0.04515,
      "usage": 4198,
      "rank": 309
    },
    "2024-04": {
      "name": "Regirock",
      "percent": 0.06128,
      "usage": 3824,
      "rank": 279
    },
    "2024-05": {
      "name": "Regirock",
      "percent": 0.05406,
      "usage": 1515,
      "rank": 299
    },
    "2024-06": {
      "name": "Regirock",
      "percent": 0.03772,
      "usage": 2955,
      "rank": 329
    }
  },
  "1695": {
    "2023-12": {
      "name": "Regirock",
      "percent": 0.01668,
      "usage": 5951,
      "rank": 293
    },
    "2023-12-DLC2": {
      "name": "Regirock",
      "percent": 0.02251,
      "usage": 5118,
      "rank": 248
    },
    "2024-01": {
      "name": "Regirock",
      "percent": 0.00372,
      "usage": 3758,
      "rank": 360
    },
    "2024-02": {
      "name": "Regirock",
      "percent": 0.00177,
      "usage": 3503,
      "rank": 387
    },
    "2024-03": {
      "name": "Regirock",
      "percent": 0.01353,
      "usage": 4198,
      "rank": 285
    },
    "2024-04": {
      "name": "Regirock",
      "percent": 0.00357,
      "usage": 3824,
      "rank": 355
    },
    "2024-05": {
      "name": "Regirock",
      "percent": 0.00601,
      "usage": 1515,
      "rank": 323
    },
    "2024-06": {
      "name": "Regirock",
      "percent": 0.00324,
      "usage": 2955,
      "rank": 361
    }
  },
  "1825": {
    "2023-12": {
      "name": "Regirock",
      "percent": 0.00286,
      "usage": 5951,
      "rank": 333
    },
    "2023-12-DLC2": {
      "name": "Regirock",
      "percent": 0.00454,
      "usage": 5118,
      "rank": 279
    },
    "2024-01": {
      "name": "Regirock",
      "percent": 0.00089,
      "usage": 3758,
      "rank": 361
    },
    "2024-02": {
      "name": "Regirock",
      "percent": 0.00093,
      "usage": 3503,
      "rank": 353
    },
    "2024-03": {
      "name": "Regirock",
      "percent": 0.00109,
      "usage": 4198,
      "rank": 349
    },
    "2024-04": {
      "name": "Regirock",
      "percent": 0.00107,
      "usage": 3824,
      "rank": 348
    },
    "2024-05": {
      "name": "Regirock",
      "percent": 0.00245,
      "usage": 1515,
      "rank": 301
    },
    "2024-06": {
      "name": "Regirock",
      "percent": 0.00116,
      "usage": 2955,
      "rank": 351
    }
  }
}