{
  "elos": [
    "0",
    "1500",
    "1695",
    "1825"
  ],
  "firstMonth": "2022-11",
  "0": {
    "2023-05": {
      "name": "Rillaboom",
      "percent": 0.62656,
      "usage": 16073,
      "rank": 119
    },
    "2023-06": {
      "name": "Rillaboom",
      "percent": 3.4459,
      "usage": 137792,
      "rank": 55
    },
    "2023-07": {
      "name": "Rillaboom",
      "percent": 2.2745,
      "usage": 60819,
      "rank": 57
    },
    "2023-08": {
      "name": "Rillaboom",
      "percent": 2.46418,
      "usage": 61615,
      "rank": 54
    },
    "2023-09": {
      "name": "Rillaboom",
      "percent": 4.22457,
      "usage": 161554,
      "rank": 49
    },
    "2023-09-DLC1": {
      "name": "Rillaboom",
      "percent": 4.74975,
      "usage": 114462,
      "rank": 43
    },
    "2023-10": {
      "name": "Rillaboom",
      "percent": 9.66438,
      "usage": 330350,
      "rank": 17
    },
    "2023-11": {
      "name": "Rillaboom",
      "percent": 14.28261,
      "usage": 382626,
      "rank": 9
    },
    "2023-12": {
      "name": "Rillaboom",
      "percent": 8.96794,
      "usage": 334011,
      "rank": 13
    },
    "2023-12-DLC2": {
      "name": "Rillaboom",
      "percent": 7.53667,
      "usage": 161272,
      "rank": 23
    },
    "2024-01": {
      "name": "Rillaboom",
      "percent": 7.69022,
      "usage": 289301,
      "rank": 26
    },
    "2024-02": {
      "name": "Rillaboom",
      "percent": 8.63725,
      "usage": 243698,
      "rank": 22
    },
    "2024-03": {
      "name": "Rillaboom",
      "percent": 9.84983,
      "usage": 262022,
      "rank": 18
    },
    "2024-04": {
      "name": "Rillaboom",
      "percent": 8.54241,
      "usage": 198838,
      "rank": 21
    },
    "2024-05": {
      "name": "Rillaboom",
      "percent": 8.47349,
      "usage": 90222,
      "rank": 20
    },
    "2024-06": {
      "name": "Rillaboom",
      "percent": 8.01888,
      "usage": 165720,
      "rank": 20
    }
  },
  "1500": {
    "2023-05": {
      "name": "Rillaboom",
      "percent": 0.67069,
      "usage": 16073,
      "rank": 104
    },
    "2023-06": {
      "name": "Rillaboom",
      "percent": 3.33845,
      "usage": 137792,
      "rank": 54
    },
    "2023-07": {
      "name": "Rillaboom",
      "percent": 2.33889,
      "usage": 60819,
      "rank": 53
    },
    "2023-08": {
      "name": "Rillaboom",
      "percent": 2.53127,
      "usage": 61615,
      "rank": 50
    },
    "2023-09": {
      "name": "Rillaboom",
      "percent": 4.87131,
      "usage": 161554,
      "rank": 42
    },
    "2023-09-DLC1": {
      "name": "Rillaboom",
      "percent": 5.62756,
      "usage": 114462,
      "rank": 34
    },
    "2023-10": {
      "name": "Rillaboom",
      "percent": 11.03544,
      "usage": 330350,
      "rank": 13
    },
    "2023-11": {
      "name": "Rillaboom",
      "percent": 16.44394,
      "usage": 382626,
      "rank": 8
    },
    "2023-12": {
      "name": "Rillaboom",
      "percent": 10.19255,
      "usage": 334011,
      "rank": 13
    },
    "2023-12-DLC2": {
      "name": "Rillaboom",
      "percent": 8.89341,
      "usage": 161272,
      "rank": 21
    },
    "2024-01": {
      "name": "Rillaboom",
      "percent": 8.70064,
      "usage": 289301,
      "rank": 23
    },
    "2024-02": {
      "name": "Rillaboom",
      "percent": 9.72268,
      "usage": 243698,
      "rank": 19
    },
    "2024-03": {
      "name": "Rillaboom",
      "percent": 11.22992,
      "usage": 262022,
      "rank": 16
    },
    "2024-04": {
      "name": "Rillaboom",
      "percent": 9.43541,
      "usage": 198838,
      "rank": 23
    },
    "2024-05": {
      "name": "Rillaboom",
      "percent": 9.49023,
      "usage": 90222,
      "rank": 20
    },
    "2024-06": {
      "name": "Rillaboom",
      "percent": 8.75902,
      "usage": 165720,
      "rank": 21
    }
  },
  "1695": {
    "2023-05": {
      "name": "Rillaboom",
      "percent": 0.47101,
      "usage": 16073,
      "rank": 100
    },
    "2023-06": {
      "name": "Rillaboom",
      "percent": 2.46563,
      "usage": 137792,
      "rank": 56
    },
    "2023-07": {
      "name": "Rillaboom",
      "percent": 3.04852,
      "usage": 60819,
      "rank": 45
    },
    "2023-08": {
      "name": "Rillaboom",
      "percent": 2.75479,
      "usage": 61615,
      "rank": 46
    },
    "2023-09": {
      "name": "Rillaboom",
      "percent": 6.69448,
      "usage": 161554,
      "rank": 32
    },
    "2023-09-DLC1": {
      "name": "Rillaboom",
      "percent": 8.09079,
      "usage": 114462,
      "rank": 22
    },
    "2023-10": {
      "name": "Rillaboom",
      "percent": 15.03129,
      "usage": 330350,
      "rank": 12
    },
    "2023-11": {
      "name": "Rillaboom",
      "percent": 18.84435,
      "usage": 382626,
      "rank": 7
    },
    "2023-12": {
      "name": "Rillaboom",
      "percent": 12.02047,
      "usage": 334011,
      "rank": 10
    },
    "2023-12-DLC2": {
      "name": "Rillaboom",
      "percent": 10.82122,
      "usage": 161272,
      "rank": 16
    },
    "2024-01": {
      "name": "Rillaboom",
      "percent": 9.47767,
      "usage": 289301,
      "rank": 20
    },
    "2024-02": {
      "name": "Rillaboom",
      "percent": 9.84531,
      "usage": 243698,
      "rank": 20
    },
    "2024-03": {
      "name": "Rillaboom",
      "percent": 10.63873,
      "usage": 262022,
      "rank": 20
    },
    "2024-04": {
      "name": "Rillaboom",
      "percent": 7.02307,
      "usage": 198838,
      "rank": 29
    },
    "2024-05": {
      "name": "Rillaboom",
      "percent": 7.50768,
      "usage": 90222,
      "rank": 27
    },
    "2024-06": {
      "name": "Rillaboom",
      "percent": 7.07522,
      "usage": 165720,
      "rank": 29
    }
  },
  "1825": {
    "2023-05": {
      "name": "Rillaboom",
      "percent": 0.32309,
      "usage": 16073,
      "rank": 101
    },
    "2023-06": {
      "name": "Rillaboom",
      "percent": 1.45722,
      "usage": 137792,
      "rank": 68
    },
    "2023-07": {
      "name": "Rillaboom",
      "percent": 3.46441,
      "usage": 60819,
      "rank": 43
    },
    "2023-08": {
      "name": "Rillaboom",
      "percent": 2.3128,
      "usage": 61615,
      "rank": 45
    },
    "2023-09": {
      "name": "Rillaboom",
      "percent": 7.28203,
      "usage": 161554,
      "rank": 29
    },
    "2023-09-DLC1": {
      "name": "Rillaboom",
      "percent": 9.13106,
      "usage": 114462,
      "rank": 19
    },
    "2023-10": {
      "name": "Rillaboom",
      "percent": 14.09815,
      "usage": 330350,
      "rank": 14
    },
    "2023-11": {
      "name": "Rillaboom",
      "percent": 20.16696,
      "usage": 382626,
      "rank": 6
    },
    "2023-12": {
      "name": "Rillaboom",
      "percent": 16.17355,
      "usage": 334011,
      "rank": 4
    },
    "2023-12-DLC2": {
      "name": "Rillaboom",
      "percent": 11.82006,
      "usage": 161272,
      "rank": 16
    },
    "2024-01": {
      "name": "Rillaboom",
      "percent": 9.76126,
      "usage": 289301,
      "rank": 23
    },
    "2024-02": {
      "name": "Rillaboom",
      "percent": 8.31189,
      "usage": 243698,
      "rank": 25
    },
    "2024-03": {
      "name": "Rillaboom",
      "percent": 7.18015,
      "usage": 262022,
      "rank": 31
    },
    "2024-04": {
      "name": "Rillaboom",
      "percent": 5.61248,
      "usage": 198838,
      "rank": 37
    },
    "2024-05": {
      "name": "Rillaboom",
      "percent": 6.93013,
      "usage": 90222,
      "rank": 29
    },
    "2024-06": {
      "name": "Rillaboom",
      "percent": 4.94928,
      "usage": 165720,
      "rank": 39
    }
  }
}