{
  "elos": [
    "0",
    "1500",
    "1695",
    "1825"
  ],
  "firstMonth": "2022-11",
  "0": {
    "2023-09": {
      "name": "Shiftry",
      "percent": 1.04876,
      "usage": 40106,
      "rank": 97
    },
    "2023-09-DLC1": {
      "name": "Shiftry",
      "percent": 1.49046,
      "usage": 35918,
      "rank": 84
    },
    "2023-10": {
      "name": "Shiftry",
      "percent": 0.98835,
      "usage": 33784,
      "rank": 92
    },
    "2023-11": {
      "name": "Shiftry",
      "percent": 0.43905,
      "usage": 11762,
      "rank": 147
    },
    "2023-12": {
      "name": "Shiftry",
      "percent": 0.1956,
      "usage": 7285,
      "rank": 246
    },
    "2023-12-DLC2": {
      "name": "Shiftry",
      "percent": 0.12632,
      "usage": 2703,
      "rank": 270
    },
    "2024-01": {
      "name": "Shiftry",
      "percent": 0.15705,
      "usage": 5908,
      "rank": 247
    },
    "2024-02": {
      "name": "Shiftry",
      "percent": 0.15251,
      "usage": 4303,
      "rank": 257
    },
    "2024-03": {
      "name": "Shiftry",
      "percent": 0.17367,
      "usage": 4620,
      "rank": 250
    },
    "2024-04": {
      "name": "Shiftry",
      "percent": 0.13284,
      "usage": 3092,
      "rank": 282
    },
    "2024-05": {
      "name": "Shiftry",
      "percent": 0.14576,
      "usage": 1552,
      "rank": 277
    },
    "2024-06": {
      "name": "Shiftry",
      "percent": 0.13941,
      "usage": 2881,
      "rank": 293
    }
  },
  "1500": {
    "2023-09": {
      "name": "Shiftry",
      "percent": 0.72726,
      "usage": 40106,
      "rank": 104
    },
    "2023-09-DLC1": {
      "name": "Shiftry",
      "percent": 1.02028,
      "usage": 35918,
      "rank": 92
    },
    "2023-10": {
      "name": "Shiftry",
      "percent": 0.71472,
      "usage": 33784,
      "rank": 99
    },
    "2023-11": {
      "name": "Shiftry",
      "percent": 0.29589,
      "usage": 11762,
      "rank": 138
    },
    "2023-12": {
      "name": "Shiftry",
      "percent": 0.11844,
      "usage": 7285,
      "rank": 232
    },
    "2023-12-DLC2": {
      "name": "Shiftry",
      "percent": 0.06574,
      "usage": 2703,
      "rank": 262
    },
    "2024-01": {
      "name": "Shiftry",
      "percent": 0.08452,
      "usage": 5908,
      "rank": 241
    },
    "2024-02": {
      "name": "Shiftry",
      "percent": 0.08523,
      "usage": 4303,
      "rank": 246
    },
    "2024-03": {
      "name": "Shiftry",
      "percent": 0.0926,
      "usage": 4620,
      "rank": 246
    },
    "2024-04": {
      "name": "Shiftry",
      "percent": 0.06293,
      "usage": 3092,
      "rank": 276
    },
    "2024-05": {
      "name": "Shiftry",
      "percent": 0.06241,
      "usage": 1552,
      "rank": 292
    },
    "2024-06": {
      "name": "Shiftry",
      "percent": 0.05736,
      "usage": 2881,
      "rank": 293
    }
  },
  "1695": {
    "2023-09": {
      "name": "Shiftry",
      "percent": 0.33157,
      "usage": 40106,
      "rank": 116
    },
    "2023-09-DLC1": {
      "name": "Shiftry",
      "percent": 0.46562,
      "usage": 35918,
      "rank": 101
    },
    "2023-10": {
      "name": "Shiftry",
      "percent": 0.2291,
      "usage": 33784,
      "rank": 121
    },
    "2023-11": {
      "name": "Shiftry",
      "percent": 0.07761,
      "usage": 11762,
      "rank": 159
    },
    "2023-12": {
      "name": "Shiftry",
      "percent": 0.03623,
      "usage": 7285,
      "rank": 247
    },
    "2023-12-DLC2": {
      "name": "Shiftry",
      "percent": 0.01759,
      "usage": 2703,
      "rank": 261
    },
    "2024-01": {
      "name": "Shiftry",
      "percent": 0.03197,
      "usage": 5908,
      "rank": 240
    },
    "2024-02": {
      "name": "Shiftry",
      "percent": 0.03416,
      "usage": 4303,
      "rank": 230
    },
    "2024-03": {
      "name": "Shiftry",
      "percent": 0.03415,
      "usage": 4620,
      "rank": 227
    },
    "2024-04": {
      "name": "Shiftry",
      "percent": 0.01506,
      "usage": 3092,
      "rank": 275
    },
    "2024-05": {
      "name": "Shiftry",
      "percent": 0.01221,
      "usage": 1552,
      "rank": 292
    },
    "2024-06": {
      "name": "Shiftry",
      "percent": 0.02023,
      "usage": 2881,
      "rank": 256
    }
  },
  "1825": {
    "2023-09": {
      "name": "Shiftry",
      "percent": 0.22249,
      "usage": 40106,
      "rank": 119
    },
    "2023-09-DLC1": {
      "name": "Shiftry",
      "percent": 0.30836,
      "usage": 35918,
      "rank": 108
    },
    "2023-10": {
      "name": "Shiftry",
      "percent": 0.16158,
      "usage": 33784,
      "rank": 122
    },
    "2023-11": {
      "name": "Shiftry",
      "percent": 0.04138,
      "usage": 11762,
      "rank": 166
    },
    "2023-12": {
      "name": "Shiftry",
      "percent": 0.02023,
      "usage": 7285,
      "rank": 228
    },
    "2023-12-DLC2": {
      "name": "Shiftry",
      "percent": 0.00505,
      "usage": 2703,
      "rank": 272
    },
    "2024-01": {
      "name": "Shiftry",
      "percent": 0.02671,
      "usage": 5908,
      "rank": 205
    },
    "2024-02": {
      "name": "Shiftry",
      "percent": 0.01206,
      "usage": 4303,
      "rank": 231
    },
    "2024-03": {
      "name": "Shiftry",
      "percent": 0.02578,
      "usage": 4620,
      "rank": 196
    },
    "2024-04": {
      "name": "Shiftry",
      "percent": 0.00435,
      "usage": 3092,
      "rank": 282
    },
    "2024-05": {
      "name": "Shiftry",
      "percent": 0.01103,
      "usage": 1552,
      "rank": 241
    },
    "2024-06": {
      "name": "Shiftry",
      "percent": 0.00356,
      "usage": 2881,
      "rank": 304
    }
  }
}