{
  "elos": [
    "0",
    "1500",
    "1695",
    "1825"
  ],
  "firstMonth": "2022-11",
  "0": {
    "2022-11": {
      "name": "Toxel",
      "percent": 0.00053,
      "usage": 27,
      "rank": 366
    },
    "2022-12": {
      "name": "Toxel",
      "percent": 0.00021,
      "usage": 14,
      "rank": 404
    },
    "2023-01": {
      "name": "Toxel",
      "percent": 0.00153,
      "usage": 67,
      "rank": 337
    },
    "2023-02": {
      "name": "Toxel",
      "percent": 0.0014,
      "usage": 41,
      "rank": 344
    },
    "2023-03": {
      "name": "Toxel",
      "percent": 0.00103,
      "usage": 31,
      "rank": 379
    },
    "2023-04": {
      "name": "Toxel",
      "percent": 0.0005,
      "usage": 12,
      "rank": 414
    },
    "2023-05": {
      "name": "Toxel",
      "percent": 0.00156,
      "usage": 40,
      "rank": 416
    },
    "2023-06": {
      "name": "Toxel",
      "percent": 0.00073,
      "usage": 29,
      "rank": 428
    },
    "2023-07": {
      "name": "Toxel",
      "percent": 0.00064,
      "usage": 17,
      "rank": 456
    },
    "2023-08": {
      "name": "Toxel",
      "percent": 0.00028,
      "usage": 7,
      "rank": 493
    },
    "2023-09": {
      "name": "Toxel",
      "percent": 0.00042,
      "usage": 16,
      "rank": 566
    },
    "2023-09-DLC1": {
      "name": "Toxel",
      "percent": 0.0005,
      "usage": 12,
      "rank": 545
    },
    "2023-10": {
      "name": "Toxel",
      "percent": 0.00117,
      "usage": 40,
      "rank": 499
    },
    "2023-11": {
      "name": "Toxel",
      "percent": 0.00071,
      "usage": 19,
      "rank": 537
    },
    "2023-12": {
      "name": "Toxel",
      "percent": 0.00086,
      "usage": 32,
      "rank": 605
    },
    "2023-12-DLC2": {
      "name": "Toxel",
      "percent": 0.00131,
      "usage": 28,
      "rank": 549
    },
    "2024-01": {
      "name": "Toxel",
      "percent": 0.00032,
      "usage": 12,
      "rank": 704
    },
    "2024-02": {
      "name": "Toxel",
      "percent": 0.00011,
      "usage": 3,
      "rank": 756
    },
    "2024-03": {
      "name": "Toxel",
      "percent": 0.00034,
      "usage": 9,
      "rank": 708
    },
    "2024-04": {
      "name": "Toxel",
      "percent": 0.0012,
      "usage": 28,
      "rank": 615
    },
    "2024-05": {
      "name": "Toxel",
      "percent": 0.00085,
      "usage": 9,
      "rank": 649
    },
    "2024-06": {
      "name": "Toxel",
      "percent": 0.00039,
      "usage": 8,
      "rank": 713
    }
  },
  "1500": {
    "2022-11": {
      "name": "Toxel",
      "percent": 0.00046,
      "usage": 27,
      "rank": 361
    },
    "2022-12": {
      "name": "Toxel",
      "percent": 0.00016,
      "usage": 14,
      "rank": 405
    },
    "2023-01": {
      "name": "Toxel",
      "percent": 0.00123,
      "usage": 67,
      "rank": 336
    },
    "2023-02": {
      "name": "Toxel",
      "percent": 0.00038,
      "usage": 41,
      "rank": 395
    },
    "2023-03": {
      "name": "Toxel",
      "percent": 0.00067,
      "usage": 31,
      "rank": 367
    },
    "2023-04": {
      "name": "Toxel",
      "percent": 6e-05,
      "usage": 12,
      "rank": 422
    },
    "2023-05": {
      "name": "Toxel",
      "percent": 0.00029,
      "usage": 40,
      "rank": 423
    },
    "2023-06": {
      "name": "Toxel",
      "percent": 0.00013,
      "usage": 29,
      "rank": 445
    },
    "2023-07": {
      "name": "Toxel",
      "percent": 0.00012,
      "usage": 17,
      "rank": 470
    },
    "2023-08": {
      "name": "Toxel",
      "percent": 8e-05,
      "usage": 7,
      "rank": 481
    },
    "2023-09": {
      "name": "Toxel",
      "percent": 0.00011,
      "usage": 16,
      "rank": 559
    },
    "2023-09-DLC1": {
      "name": "Toxel",
      "percent": 0.00011,
      "usage": 12,
      "rank": 544
    },
    "2023-10": {
      "name": "Toxel",
      "percent": 0.00031,
      "usage": 40,
      "rank": 497
    },
    "2023-11": {
      "name": "Toxel",
      "percent": 0.00015,
      "usage": 19,
      "rank": 546
    },
    "2023-12": {
      "name": "Toxel",
      "percent": 7e-05,
      "usage": 32,
      "rank": 700
    },
    "2023-12-DLC2": {
      "name": "Toxel",
      "percent": 3e-05,
      "usage": 28,
      "rank": 693
    },
    "2024-01": {
      "name": "Toxel",
      "percent": 0.00013,
      "usage": 12,
      "rank": 661
    },
    "2024-02": {
      "name": "Toxel",
      "percent": 0.0,
      "usage": 3,
      "rank": 756
    },
    "2024-03": {
      "name": "Toxel",
      "percent": 7e-05,
      "usage": 9,
      "rank": 708
    },
    "2024-04": {
      "name": "Toxel",
      "percent": 0.00023,
      "usage": 28,
      "rank": 628
    },
    "2024-05": {
      "name": "Toxel",
      "percent": 0.00071,
      "usage": 9,
      "rank": 532
    },
    "2024-06": {
      "name": "Toxel",
      "percent": 4e-05,
      "usage": 8,
      "rank": 731
    }
  },
  "1695": {
    "2022-11": {
      "name": "Toxel",
      "percent": 0.0,
      "usage": 27,
      "rank": 365
    },
    "2022-12": {
      "name": "Toxel",
      "percent": 0.0,
      "usage": 14,
      "rank": 366
    },
    "2023-01": {
      "name": "Toxel",
      "percent": 0.0,
      "usage": 67,
      "rank": 293
    },
    "2023-02": {
      "name": "Toxel",
      "percent": 0.0,
      "usage": 41,
      "rank": 364
    },
    "2023-03": {
      "name": "Toxel",
      "percent": 0.0,
      "usage": 31,
      "rank": 372
    },
    "2023-04": {
      "name": "Toxel",
      "percent": 0.0,
      "usage": 12,
      "rank": 412
    },
    "2023-05": {
      "name": "Toxel",
      "percent": 0.0,
      "usage": 40,
      "rank": 441
    },
    "2023-06": {
      "name": "Toxel",
      "percent": 0.0,
      "usage": 29,
      "rank": 437
    },
    "2023-07": {
      "name": "Toxel",
      "percent": 0.0,
      "usage": 17,
      "rank": 412
    },
    "2023-08": {
      "name": "Toxel",
      "percent": 0.0,
      "usage": 7,
      "rank": 470
    },
    "2023-09": {
      "name": "Toxel",
      "percent": 0.0,
      "usage": 16,
      "rank": 592
    },
    "2023-09-DLC1": {
      "name": "Toxel",
      "percent": 0.0,
      "usage": 12,
      "rank": 560
    },
    "2023-10": {
      "name": "Toxel",
      "percent": 0.0,
      "usage": 40,
      "rank": 509
    },
    "2023-11": {
      "name": "Toxel",
      "percent": 0.0,
      "usage": 19,
      "rank": 509
    },
    "2023-12": {
      "name": "Toxel",
      "percent": 0.0,
      "usage": 32,
      "rank": 744
    },
    "2023-12-DLC2": {
      "name": "Toxel",
      "percent": 0.0,
      "usage": 28,
      "rank": 696
    },
    "2024-01": {
      "name": "Toxel",
      "percent": 0.0,
      "usage": 12,
      "rank": 644
    },
    "2024-02": {
      "name": "Toxel",
      "percent": 0.0,
      "usage": 3,
      "rank": 726
    },
    "2024-03": {
      "name": "Toxel",
      "percent": 0.0,
      "usage": 9,
      "rank": 724
    },
    "2024-04": {
      "name": "Toxel",
      "percent": 0.0,
      "usage": 28,
      "rank": 643
    },
    "2024-05": {
      "name": "Toxel",
      "percent": 0.0,
      "usage": 9,
      "rank": 702
    },
    "2024-06": {
      "name": "Toxel",
      "percent": 0.0,
      "usage": 8,
      "rank": 683
    }
  },
  "1825": {
    "2022-11": {
      "name": "Toxel",
      "percent": 0.0,
      "usage": 27,
      "rank": 364
    },
    "2022-12": {
      "name": "Toxel",
      "percent": 0.0,
      "usage": 14,
      "rank": 360
    },
    "2023-01": {
      "name": "Toxel",
      "percent": 0.0,
      "usage": 67,
      "rank": 296
    },
    "2023-02": {
      "name": "Toxel",
      "percent": 0.0,
      "usage": 41,
      "rank": 395
    },
    "2023-03": {
      "name": "Toxel",
      "percent": 0.0,
      "usage": 31,
      "rank": 368
    },
    "2023-04": {
      "name": "Toxel",
      "percent": 0.0,
      "usage": 12,
      "rank": 413
    },
    "2023-05": {
      "name": "Toxel",