{
  "elos": [
    "0",
    "1500",
    "1695",
    "1825"
  ],
  "firstMonth": "2022-11",
  "0": {
    "2022-11": {
      "name": "Wo-Chien",
      "percent": 2.11712,
      "usage": 107183,
      "rank": 63
    },
    "2022-12": {
      "name": "Wo-Chien",
      "percent": 1.06841,
      "usage": 72337,
      "rank": 74
    },
    "2023-01": {
      "name": "Wo-Chien",
      "percent": 0.91916,
      "usage": 40230,
      "rank": 85
    },
    "2023-02": {
      "name": "Wo-Chien",
      "percent": 1.11581,
      "usage": 32722,
      "rank": 78
    },
    "2023-03": {
      "name": "Wo-Chien",
      "percent": 1.00691,
      "usage": 30442,
      "rank": 78
    },
    "2023-04": {
      "name": "Wo-Chien",
      "percent": 1.07465,
      "usage": 25674,
      "rank": 80
    },
    "2023-05": {
      "name": "Wo-Chien",
      "percent": 0.77945,
      "usage": 19995,
      "rank": 105
    },
    "2023-06": {
      "name": "Wo-Chien",
      "percent": 0.39423,
      "usage": 15764,
      "rank": 139
    },
    "2023-07": {
      "name": "Wo-Chien",
      "percent": 0.61721,
      "usage": 16504,
      "rank": 111
    },
    "2023-08": {
      "name": "Wo-Chien",
      "percent": 0.63649,
      "usage": 15915,
      "rank": 111
    },
    "2023-09": {
      "name": "Wo-Chien",
      "percent": 0.36853,
      "usage": 14093,
      "rank": 168
    },
    "2023-09-DLC1": {
      "name": "Wo-Chien",
      "percent": 0.25375,
      "usage": 6115,
      "rank": 189
    },
    "2023-10": {
      "name": "Wo-Chien",
      "percent": 0.31786,
      "usage": 10865,
      "rank": 168
    },
    "2023-11": {
      "name": "Wo-Chien",
      "percent": 0.35021,
      "usage": 9382,
      "rank": 168
    },
    "2023-12": {
      "name": "Wo-Chien",
      "percent": 0.27,
      "usage": 10056,
      "rank": 211
    },
    "2023-12-DLC2": {
      "name": "Wo-Chien",
      "percent": 0.13777,
      "usage": 2948,
      "rank": 263
    },
    "2024-01": {
      "name": "Wo-Chien",
      "percent": 0.17419,
      "usage": 6553,
      "rank": 237
    },
    "2024-02": {
      "name": "Wo-Chien",
      "percent": 0.20131,
      "usage": 5680,
      "rank": 233
    },
    "2024-03": {
      "name": "Wo-Chien",
      "percent": 0.30156,
      "usage": 8022,
      "rank": 202
    },
    "2024-04": {
      "name": "Wo-Chien",
      "percent": 0.30327,
      "usage": 7059,
      "rank": 204
    },
    "2024-05": {
      "name": "Wo-Chien",
      "percent": 0.27227,
      "usage": 2899,
      "rank": 220
    },
    "2024-06": {
      "name": "Wo-Chien",
      "percent": 0.2881,
      "usage": 5954,
      "rank": 214
    }
  },
  "1500": {
    "2022-11": {
      "name": "Wo-Chien",
      "percent": 2.08667,
      "usage": 107183,
      "rank": 63
    },
    "2022-12": {
      "name": "Wo-Chien",
      "percent": 1.05396,
      "usage": 72337,
      "rank": 74
    },
    "2023-01": {
      "name": "Wo-Chien",
      "percent": 0.89458,
      "usage": 40230,
      "rank": 84
    },
    "2023-02": {
      "name": "Wo-Chien",
      "percent": 1.10455,
      "usage": 32722,
      "rank": 76
    },
    "2023-03": {
      "name": "Wo-Chien",
      "percent": 0.93885,
      "usage": 30442,
      "rank": 77
    },
    "2023-04": {
      "name": "Wo-Chien",
      "percent": 0.87344,
      "usage": 25674,
      "rank": 77
    },
    "2023-05": {
      "name": "Wo-Chien",
      "percent": 0.60735,
      "usage": 19995,
      "rank": 112
    },
    "2023-06": {
      "name": "Wo-Chien",
      "percent": 0.23844,
      "usage": 15764,
      "rank": 138
    },
    "2023-07": {
      "name": "Wo-Chien",
      "percent": 0.41158,
      "usage": 16504,
      "rank": 111
    },
    "2023-08": {
      "name": "Wo-Chien",
      "percent": 0.56071,
      "usage": 15915,
      "rank": 97
    },
    "2023-09": {
      "name": "Wo-Chien",
      "percent": 0.31064,
      "usage": 14093,
      "rank": 147
    },
    "2023-09-DLC1": {
      "name": "Wo-Chien",
      "percent": 0.18174,
      "usage": 6115,
      "rank": 175
    },
    "2023-10": {
      "name": "Wo-Chien",
      "percent": 0.20289,
      "usage": 10865,
      "rank": 164
    },
    "2023-11": {
      "name": "Wo-Chien",
      "percent": 0.26154,
      "usage": 9382,
      "rank": 149
    },
    "2023-12": {
      "name": "Wo-Chien",
      "percent": 0.22201,
      "usage": 10056,
      "rank": 184
    },
    "2023-12-DLC2": {
      "name": "Wo-Chien",
      "percent": 0.1002,
      "usage": 2948,
      "rank": 232
    },
    "2024-01": {
      "name": "Wo-Chien",
      "percent": 0.11319,
      "usage": 6553,
      "rank": 221
    },
    "2024-02": {
      "name": "Wo-Chien",
      "percent": 0.13745,
      "usage": 5680,
      "rank": 211
    },
    "2024-03": {
      "name": "Wo-Chien",
      "percent": 0.28114,
      "usage": 8022,
      "rank": 158
    },
    "2024-04": {
      "name": "Wo-Chien",
      "percent": 0.22727,
      "usage": 7059,
      "rank": 176
    },
    "2024-05": {
      "name": "Wo-Chien",
      "percent": 0.19198,
      "usage": 2899,
      "rank": 197
    },
    "2024-06": {
      "name": "Wo-Chien",
      "percent": 0.17067,
      "usage": 5954,
      "rank": 203
    }
  },
  "1695": {
    "2022-11": {
      "name": "Wo-Chien",
      "percent": 1.19798,
      "usage": 107183,
      "rank": 69
    },
    "2022-12": {
      "name": "Wo-Chien",
      "percent": 0.18138,
      "usage": 72337,
      "rank": 106
    },
    "2023-01": {
      "name": "Wo-Chien",
      "percent": 0.4904,
      "usage": 40230,
      "rank": 82
    },
    "2023-02": {
      "name": "Wo-Chien",
      "percent": 0.98168,
      "usage": 32722,
      "rank": 66
    },
    "2023-03": {
      "name": "Wo-Chien",
      "percent": 0.70211,
      "usage": 30442,
      "rank": 70
    },
    "2023-04": {
      "name": "Wo-Chien",
      "percent": 0.44177,
      "usage": 25674,
      "rank": 82
    },
    "2023-05": {
      "name": "Wo-Chien",
      "percent": 0.22157,
      "usage": 19995,
      "rank": 124
    },
    "2023-06": {
      "name": "Wo-Chien",
      "percent": 0.13258,
      "usage": 15764,
      "rank": 134
    },
    "2023-07": {
      "name": "Wo-Chien",
      "percent": 0.38883,
      "usage": 16504,
      "rank": 91
    },
    "2023-08": {
      "name": "Wo-Chien",
      "percent": 0.59258,
      "usage": 15915,
      "rank": 75
    },
    "2023-09": {
      "name": "Wo-Chien",
      "percent": 0.27029,
      "usage": 14093,
      "rank": 124
    },
    "2023-09-DLC1": {
      "name": "Wo-Chien",
      "percent": 0.0805,
      "usage": 6115,
      "rank": 170
    },
    "2023-10": {
      "name": "Wo-Chien",
      "percent": 0.07612,
      "usage": 10865,
      "rank": 160
    },
    "2023-11": {
      "name": "Wo-Chien",
      "percent": 0.30814,
      "usage": 9382,
      "rank": 110
    },
    "2023-12": {
      "name": "Wo-Chien",
      "percent": 0.24253,
      "usage": 10056,
      "rank": 144
    },
    "2023-12-DLC2": {
      "name": "Wo-Chien",
      "percent": 0.03275,
      "usage": 2948,
      "rank": 221
    },
    "2024-01": {
      "name": "Wo-Chien",
      "percent": 0.02916,
      "usage": 6553,
      "rank": 245
    },
    "2024-02": {
      "name": "Wo-Chien",
      "percent": 0.03132,
      "usage": 5680,
      "rank": 234
    },
    "2024-03": {
      "name": "Wo-Chien",
      "percent": 0.51123,
      "usage": 8022,
      "rank": 93
    },
    "2024-04": {
      "name": "Wo-Chien",
      "percent": 0.35545,
      "usage": 7059,
      "rank": 106
    },
    "2024-05": {
      "name": "Wo-Chien",
      "percent": 0.06809,
      "usage": 2899,
      "rank": 183
    },
    "2024-06": {
      "name": "Wo-Chien",
      "percent": 0.12471,
      "usage": 5954,
      "rank": 156
    }
  },
  "1825": {
    "2022-11": {
      "name": "Wo-Chien",
      "percent": 0.8861,
      "usage": 107183,
      "rank": 74
    },
    "2022-12": {
      "name": "Wo-Chien",
      "percent": 0.12776,
      "usage": 72337,