{
  "elos": [
    "0",
    "1500",
    "1695",
    "1825"
  ],
  "firstMonth": "2022-11",
  "0": {
    "2022-11": {
      "name": "Zorua",
      "percent": 0.00379,
      "usage": 192,
      "rank": 270
    },
    "2022-12": {
      "name": "Zorua",
      "percent": 0.00149,
      "usage": 101,
      "rank": 312
    },
    "2023-01": {
      "name": "Zorua",
      "percent": 0.00372,
      "usage": 163,
      "rank": 284
    },
    "2023-02": {
      "name": "Zorua",
      "percent": 0.00396,
      "usage": 116,
      "rank": 288
    },
    "2023-03": {
      "name": "Zorua",
      "percent": 0.00533,
      "usage": 161,
      "rank": 289
    },
    "2023-04": {
      "name": "Zorua",
      "percent": 0.00343,
      "usage": 82,
      "rank": 322
    },
    "2023-05": {
      "name": "Zorua",
      "percent": 0.00253,
      "usage": 65,
      "rank": 381
    },
    "2023-06": {
      "name": "Zorua",
      "percent": 0.00123,
      "usage": 49,
      "rank": 397
    },
    "2023-07": {
      "name": "Zorua",
      "percent": 0.00221,
      "usage": 59,
      "rank": 370
    },
    "2023-08": {
      "name": "Zorua",
      "percent": 0.00836,
      "usage": 209,
      "rank": 317
    },
    "2023-09": {
      "name": "Zorua",
      "percent": 0.00201,
      "usage": 77,
      "rank": 444
    },
    "2023-09-DLC1": {
      "name": "Zorua",
      "percent": 0.00104,
      "usage": 25,
      "rank": 492
    },
    "2023-10": {
      "name": "Zorua",
      "percent": 0.00176,
      "usage": 60,
      "rank": 470
    },
    "2023-11": {
      "name": "Zorua",
      "percent": 0.00131,
      "usage": 35,
      "rank": 493
    },
    "2023-12": {
      "name": "Zorua",
      "percent": 0.00223,
      "usage": 83,
      "rank": 521
    },
    "2023-12-DLC2": {
      "name": "Zorua",
      "percent": 0.00304,
      "usage": 65,
      "rank": 487
    },
    "2024-01": {
      "name": "Zorua",
      "percent": 0.00191,
      "usage": 72,
      "rank": 562
    },
    "2024-02": {
      "name": "Zorua",
      "percent": 0.00174,
      "usage": 49,
      "rank": 569
    },
    "2024-03": {
      "name": "Zorua",
      "percent": 0.00218,
      "usage": 58,
      "rank": 556
    },
    "2024-04": {
      "name": "Zorua",
      "percent": 0.00374,
      "usage": 87,
      "rank": 518
    },
    "2024-05": {
      "name": "Zorua",
      "percent": 0.00188,
      "usage": 20,
      "rank": 567
    },
    "2024-06": {
      "name": "Zorua",
      "percent": 0.00208,
      "usage": 43,
      "rank": 565
    }
  },
  "1500": {
    "2022-11": {
      "name": "Zorua",
      "percent": 0.00326,
      "usage": 192,
      "rank": 270
    },
    "2022-12": {
      "name": "Zorua",
      "percent": 0.00121,
      "usage": 101,
      "rank": 314
    },
    "2023-01": {
      "name": "Zorua",
      "percent": 0.00306,
      "usage": 163,
      "rank": 287
    },
    "2023-02": {
      "name": "Zorua",
      "percent": 0.00357,
      "usage": 116,
      "rank": 287
    },
    "2023-03": {
      "name": "Zorua",
      "percent": 0.00495,
      "usage": 161,
      "rank": 275
    },
    "2023-04": {
      "name": "Zorua",
      "percent": 0.00111,
      "usage": 82,
      "rank": 310
    },
    "2023-05": {
      "name": "Zorua",
      "percent": 0.00055,
      "usage": 65,
      "rank": 393
    },
    "2023-06": {
      "name": "Zorua",
      "percent": 0.00024,
      "usage": 49,
      "rank": 410
    },
    "2023-07": {
      "name": "Zorua",
      "percent": 0.00052,
      "usage": 59,
      "rank": 376
    },
    "2023-08": {
      "name": "Zorua",
      "percent": 0.00079,
      "usage": 209,
      "rank": 365
    },
    "2023-09": {
      "name": "Zorua",
      "percent": 0.00021,
      "usage": 77,
      "rank": 518
    },
    "2023-09-DLC1": {
      "name": "Zorua",
      "percent": 0.00017,
      "usage": 25,
      "rank": 519
    },
    "2023-10": {
      "name": "Zorua",
      "percent": 0.00039,
      "usage": 60,
      "rank": 479
    },
    "2023-11": {
      "name": "Zorua",
      "percent": 0.0004,
      "usage": 35,
      "rank": 474
    },
    "2023-12": {
      "name": "Zorua",
      "percent": 0.00035,
      "usage": 83,
      "rank": 559
    },
    "2023-12-DLC2": {
      "name": "Zorua",
      "percent": 0.00035,
      "usage": 65,
      "rank": 538
    },
    "2024-01": {
      "name": "Zorua",
      "percent": 0.00018,
      "usage": 72,
      "rank": 634
    },
    "2024-02": {
      "name": "Zorua",
      "percent": 0.00031,
      "usage": 49,
      "rank": 591
    },
    "2024-03": {
      "name": "Zorua",
      "percent": 0.00037,
      "usage": 58,
      "rank": 585
    },
    "2024-04": {
      "name": "Zorua",
      "percent": 0.00119,
      "usage": 87,
      "rank": 499
    },
    "2024-05": {
      "name": "Zorua",
      "percent": 0.00087,
      "usage": 20,
      "rank": 517
    },
    "2024-06": {
      "name": "Zorua",
      "percent": 0.00084,
      "usage": 43,
      "rank": 526
    }
  },
  "1695": {
    "2022-11": {
      "name": "Zorua",
      "percent": 0.0,
      "usage": 192,
      "rank": 282
    },
    "2022-12": {
      "name": "Zorua",
      "percent": 0.0,
      "usage": 101,
      "rank": 316
    },
    "2023-01": {
      "name": "Zorua",
      "percent": 0.0,
      "usage": 163,
      "rank": 332
    },
    "2023-02": {
      "name": "Zorua",
      "percent": 0.00012,
      "usage": 116,
      "rank": 268
    },
    "2023-03": {
      "name": "Zorua",
      "percent": 0.00032,
      "usage": 161,
      "rank": 270
    },
    "2023-04": {
      "name": "Zorua",
      "percent": 2e-05,
      "usage": 82,
      "rank": 324
    },
    "2023-05": {
      "name": "Zorua",
      "percent": 4e-05,
      "usage": 65,
      "rank": 359
    },
    "2023-06": {
      "name": "Zorua",
      "percent": 0.0,
      "usage": 49,
      "rank": 400
    },
    "2023-07": {
      "name": "Zorua",
      "percent": 0.0,
      "usage": 59,
      "rank": 439
    },
    "2023-08": {
      "name": "Zorua",
      "percent": 0.0,
      "usage": 209,
      "rank": 425
    },
    "2023-09": {
      "name": "Zorua",
      "percent": 0.0,
      "usage": 77,
      "rank": 536
    },
    "2023-09-DLC1": {
      "name": "Zorua",
      "percent": 0.0,
      "usage": 25,
      "rank": 538
    },
    "2023-10": {
      "name": "Zorua",
      "percent": 3e-05,
      "usage": 60,
      "rank": 453
    },
    "2023-11": {
      "name": "Zorua",
      "percent": 1e-05,
      "usage": 35,
      "rank": 474
    },
    "2023-12": {
      "name": "Zorua",
      "percent": 0.0,
      "usage": 83,
      "rank": 612
    },
    "2023-12-DLC2": {
      "name": "Zorua",
      "percent": 0.0,
      "usage": 65,
      "rank": 560
    },
    "2024-01": {
      "name": "Zorua",
      "percent": 0.0,
      "usage": 72,
      "rank": 657
    },
    "2024-02": {
      "name": "Zorua",
      "percent": 0.0,
      "usage": 49,
      "rank": 665
    },
    "2024-03": {
      "name": "Zorua",
      "percent": 0.0,
      "usage": 58,
      "rank": 629
    },
    "2024-04": {
      "name": "Zorua",
      "percent": 9e-05,
      "usage": 87,
      "rank": 478
    },
    "2024-05": {
      "name": "Zorua",
      "percent": 0.0,
      "usage": 20,
      "rank": 536
    },
    "2024-06": {
      "name": "Zorua",
      "percent": 1e-05,
      "usage": 43,
      "rank": 547
    }
  },
  "1825": {
    "2022-11": {
      "name": "Zorua",
      "percent": 0.0,
      "usage": 192,
      "rank": 283
    },
    "2022-12": {
      "name": "Zorua",
      "percent": 0.0,
      "usage": 101,
      "rank": 304
    },
    "2023-01": {
      "name": "Zorua",
      "percent": 0.0,
      "usage": 163,
      "rank": 324
    },
    "2023-02": {
      "name": "Zorua",
      "percent": 0.0,
      "usage": 116,
      "rank": 347
    },
    "2023-03": {
      "name": "Zorua",
      "percent": 3e-05,
      "usage": 161,
      "rank": 273
    },
    "2023-04": {
      "name": "Zorua",
      "percent": 0.0,