{
  "2023-05": {
    "name": "Zarude",
    "percent": 1e-05,
    "usage": 23,
    "rank": 397
  },
  "2023-06": {
    "name": "Zarude",
    "percent": 0.01002,
    "usage": 546,
    "rank": 194
  },
  "2023-07": {
    "name": "Zarude",
    "percent": 0.00295,
    "usage": 154,
    "rank": 228
  },
  "2023-08": {
    "name": "Zarude",
    "percent": 0.00737,
    "usage": 254,
    "rank": 198
  },
  "2023-09": {
    "name": "Zarude",
    "percent": 0.0046,
    "usage": 444,
    "rank": 260
  },
  "2023-09-DLC1": {
    "name": "Zarude",
    "percent": 0.0075,
    "usage": 271,
    "rank": 236
  },
  "2023-10": {
    "name": "Zarude",
    "percent": 0.00519,
    "usage": 258,
    "rank": 239
  },
  "2023-11": {
    "name": "Zarude",
    "percent": 0.00144,
    "usage": 510,
    "rank": 306
  },
  "2023-12": {
    "name": "Zarude",
    "percent": 0.00575,
    "usage": 415,
    "rank": 299
  },
  "2023-12-DLC2": {
    "name": "Zarude",
    "percent": 0.0068,
    "usage": 218,
    "rank": 263
  },
  "2024-01": {
    "name": "Zarude",
    "percent": 0.00627,
    "usage": 340,
    "rank": 283
  },
  "2024-02": {
    "name": "Zarude",
    "percent": 0.00243,
    "usage": 390,
    "rank": 320
  },
  "2024-03": {
    "name": "Zarude",
    "percent": 0.00538,
    "usage": 330,
    "rank": 266
  },
  "2024-04": {
    "name": "Zarude",
    "percent": 0.00043,
    "usage": 308,
    "rank": 413
  },
  "2024-05": {
    "name": "Zarude",
    "percent": 0.00205,
    "usage": 264,
    "rank": 309
  },
  "2024-06": {
    "name": "Zarude",
    "percent": 0.00708,
    "usage": 591,
    "rank": 263
  }
}