{
  "2023-05": {
    "name": "Dialga",
    "percent": 1.07932,
    "usage": 639,
    "rank": 62
  },
  "2023-06": {
    "name": "Dialga",
    "percent": 3.3341,
    "usage": 7889,
    "rank": 40
  },
  "2023-07": {
    "name": "Dialga",
    "percent": 2.09137,
    "usage": 4360,
    "rank": 43
  },
  "2023-08": {
    "name": "Dialga",
    "percent": 1.54087,
    "usage": 3571,
    "rank": 49
  },
  "2023-09": {
    "name": "Dialga",
    "percent": 0.71085,
    "usage": 3118,
    "rank": 73
  },
  "2023-09-DLC1": {
    "name": "Dialga",
    "percent": 0.55663,
    "usage": 1666,
    "rank": 79
  },
  "2023-10": {
    "name": "Dialga",
    "percent": 1.62469,
    "usage": 4377,
    "rank": 57
  },
  "2023-11": {
    "name": "Dialga",
    "percent": 2.0806,
    "usage": 4226,
    "rank": 44
  },
  "2023-12": {
    "name": "Dialga",
    "percent": 1.41154,
    "usage": 5025,
    "rank": 54
  },
  "2023-12-DLC2": {
    "name": "Dialga",
    "percent": 0.45272,
    "usage": 1997,
    "rank": 86
  },
  "2024-01": {
    "name": "Dialga",
    "percent": 0.79287,
    "usage": 4336,
    "rank": 74
  },
  "2024-02": {
    "name": "Dialga",
    "percent": 0.38497,
    "usage": 3709,
    "rank": 82
  },
  "2024-03": {
    "name": "Dialga",
    "percent": 0.68515,
    "usage": 3659,
    "rank": 61
  },
  "2024-04": {
    "name": "Dialga",
    "percent": 0.35708,
    "usage": 3611,
    "rank": 80
  },
  "2024-05": {
    "name": "Dialga",
    "percent": 0.82873,
    "usage": 1271,
    "rank": 52
  },
  "2024-06": {
    "name": "Dialga",
    "percent": 0.13893,
    "usage": 2479,
    "rank": 113
  }
}