{
  "2023-09": {
    "name": "Dipplin",
    "percent": 0.24038,
    "usage": 52738,
    "rank": 116
  },
  "2023-09-DLC1": {
    "name": "Dipplin",
    "percent": 0.34206,
    "usage": 45114,
    "rank": 105
  },
  "2023-10": {
    "name": "Dipplin",
    "percent": 0.20115,
    "usage": 17562,
    "rank": 111
  },
  "2023-11": {
    "name": "Dipplin",
    "percent": 0.00614,
    "usage": 6383,
    "rank": 240
  },
  "2023-12": {
    "name": "Dipplin",
    "percent": 0.0737,
    "usage": 4532,
    "rank": 174
  },
  "2023-12-DLC2": {
    "name": "Dipplin",
    "percent": 0.0012,
    "usage": 1774,
    "rank": 337
  },
  "2024-01": {
    "name": "Dipplin",
    "percent": 0.00944,
    "usage": 2268,
    "rank": 250
  },
  "2024-02": {
    "name": "Dipplin",
    "percent": 0.00059,
    "usage": 1975,
    "rank": 380
  },
  "2024-03": {
    "name": "Dipplin",
    "percent": 0.00016,
    "usage": 1295,
    "rank": 423
  },
  "2024-04": {
    "name": "Dipplin",
    "percent": 0.00106,
    "usage": 1211,
    "rank": 349
  },
  "2024-05": {
    "name": "Dipplin",
    "percent": 0.0007,
    "usage": 400,
    "rank": 354
  },
  "2024-06": {
    "name": "Dipplin",
    "percent": 0.0009,
    "usage": 652,
    "rank": 364
  }
}