{
  "2023-03": {
    "name": "Decidueye",
    "percent": 1.23074,
    "usage": 37209,
    "rank": 72
  },
  "2023-04": {
    "name": "Decidueye",
    "percent": 1.0096,
    "usage": 24120,
    "rank": 82
  },
  "2023-05": {
    "name": "Decidueye",
    "percent": 0.62676,
    "usage": 16078,
    "rank": 117
  },
  "2023-06": {
    "name": "Decidueye",
    "percent": 0.25781,
    "usage": 10309,
    "rank": 164
  },
  "2023-07": {
    "name": "Decidueye",
    "percent": 0.32072,
    "usage": 8576,
    "rank": 152
  },
  "2023-08": {
    "name": "Decidueye",
    "percent": 0.23244,
    "usage": 5812,
    "rank": 169
  },
  "2023-09": {
    "name": "Decidueye",
    "percent": 0.12601,
    "usage": 4819,
    "rank": 242
  },
  "2023-09-DLC1": {
    "name": "Decidueye",
    "percent": 0.08581,
    "usage": 2068,
    "rank": 259
  },
  "2023-10": {
    "name": "Decidueye",
    "percent": 0.10778,
    "usage": 3684,
    "rank": 249
  },
  "2023-11": {
    "name": "Decidueye",
    "percent": 0.14886,
    "usage": 3988,
    "rank": 233
  },
  "2023-12": {
    "name": "Decidueye",
    "percent": 0.12643,
    "usage": 4709,
    "rank": 291
  },
  "2023-12-DLC2": {
    "name": "Decidueye",
    "percent": 0.11627,
    "usage": 2488,
    "rank": 278
  },
  "2024-01": {
    "name": "Decidueye",
    "percent": 0.13876,
    "usage": 5220,
    "rank": 259
  },
  "2024-02": {
    "name": "Decidueye",
    "percent": 0.15081,
    "usage": 4255,
    "rank": 258
  },
  "2024-03": {
    "name": "Decidueye",
    "percent": 0.15946,
    "usage": 4242,
    "rank": 263
  },
  "2024-04": {
    "name": "Decidueye",
    "percent": 0.18181,
    "usage": 4232,
    "rank": 247
  },
  "2024-05": {
    "name": "Decidueye",
    "percent": 0.21244,
    "usage": 2262,
    "rank": 245
  },
  "2024-06": {
    "name": "Decidueye",
    "percent": 0.18479,
    "usage": 3819,
    "rank": 255
  }
}