{
  "2023-05": {
    "name": "Muk-Alola",
    "percent": 0.09625,
    "usage": 5088,
    "rank": 160
  },
  "2023-06": {
    "name": "Muk-Alola",
    "percent": 0.90998,
    "usage": 71003,
    "rank": 85
  },
  "2023-07": {
    "name": "Muk-Alola",
    "percent": 1.80572,
    "usage": 45977,
    "rank": 55
  },
  "2023-08": {
    "name": "Muk-Alola",
    "percent": 1.23206,
    "usage": 31182,
    "rank": 61
  },
  "2023-09": {
    "name": "Muk-Alola",
    "percent": 0.44462,
    "usage": 21906,
    "rank": 104
  },
  "2023-09-DLC1": {
    "name": "Muk-Alola",
    "percent": 0.15928,
    "usage": 9624,
    "rank": 139
  },
  "2023-10": {
    "name": "Muk-Alola",
    "percent": 0.21985,
    "usage": 18252,
    "rank": 125
  },
  "2023-11": {
    "name": "Muk-Alola",
    "percent": 1.97513,
    "usage": 25779,
    "rank": 57
  },
  "2023-12": {
    "name": "Muk-Alola",
    "percent": 0.64732,
    "usage": 21862,
    "rank": 106
  },
  "2023-12-DLC2": {
    "name": "Muk-Alola",
    "percent": 0.22812,
    "usage": 7977,
    "rank": 136
  },
  "2024-01": {
    "name": "Muk-Alola",
    "percent": 0.21552,
    "usage": 14214,
    "rank": 136
  },
  "2024-02": {
    "name": "Muk-Alola",
    "percent": 0.1225,
    "usage": 12204,
    "rank": 152
  },
  "2024-03": {
    "name": "Muk-Alola",
    "percent": 0.25498,
    "usage": 14246,
    "rank": 119
  },
  "2024-04": {
    "name": "Muk-Alola",
    "percent": 0.38634,
    "usage": 16083,
    "rank": 100
  },
  "2024-05": {
    "name": "Muk-Alola",
    "percent": 0.60316,
    "usage": 8343,
    "rank": 97
  },
  "2024-06": {
    "name": "Muk-Alola",
    "percent": 0.4027,
    "usage": 13519,
    "rank": 107
  }
}