{
  "2022-11": {
    "name": "Dachsbun",
    "percent": 0.94224,
    "usage": 5569,
    "rank": 166
  },
  "2022-12": {
    "name": "Dachsbun",
    "percent": 0.57207,
    "usage": 7030,
    "rank": 232
  },
  "2023-01": {
    "name": "Dachsbun",
    "percent": 0.33236,
    "usage": 4513,
    "rank": 303
  },
  "2023-02": {
    "name": "Dachsbun",
    "percent": 0.25843,
    "usage": 4033,
    "rank": 350
  },
  "2023-03": {
    "name": "Dachsbun",
    "percent": 0.21285,
    "usage": 3754,
    "rank": 373
  },
  "2023-04": {
    "name": "Dachsbun",
    "percent": 0.17181,
    "usage": 3024,
    "rank": 418
  },
  "2023-05": {
    "name": "Dachsbun",
    "percent": 0.14054,
    "usage": 2623,
    "rank": 454
  },
  "2023-06": {
    "name": "Dachsbun",
    "percent": 0.10717,
    "usage": 1802,
    "rank": 484
  },
  "2023-07": {
    "name": "Dachsbun",
    "percent": 0.12734,
    "usage": 2061,
    "rank": 472
  },
  "2023-08": {
    "name": "Dachsbun",
    "percent": 0.14028,
    "usage": 2581,
    "rank": 444
  },
  "2023-09": {
    "name": "Dachsbun",
    "percent": 0.12755,
    "usage": 2187,
    "rank": 465
  },
  "2023-09-DLC1": {
    "name": "Dachsbun",
    "percent": 0.12035,
    "usage": 1027,
    "rank": 470
  },
  "2023-10": {
    "name": "Dachsbun",
    "percent": 0.14562,
    "usage": 2296,
    "rank": 459
  },
  "2023-11": {
    "name": "Dachsbun",
    "percent": 0.11846,
    "usage": 1602,
    "rank": 496
  },
  "2023-12": {
    "name": "Dachsbun",
    "percent": 0.14694,
    "usage": 1879,
    "rank": 452
  },
  "2023-12-DLC2": {
    "name": "Dachsbun",
    "percent": 0.16136,
    "usage": 884,
    "rank": 417
  },
  "2024-01": {
    "name": "Dachsbun",
    "percent": 0.13789,
    "usage": 1702,
    "rank": 453
  },
  "2024-02": {
    "name": "Dachsbun",
    "percent": 0.08696,
    "usage": 1126,
    "rank": 519
  },
  "2024-03": {
    "name": "Dachsbun",
    "percent": 0.07921,
    "usage": 1066,
    "rank": 552
  },
  "2024-04": {
    "name": "Dachsbun",
    "percent": 0.10222,
    "usage": 1243,
    "rank": 510
  },
  "2024-05": {
    "name": "Dachsbun",
    "percent": 0.09128,
    "usage": 546,
    "rank": 522
  },
  "2024-06": {
    "name": "Dachsbun",
    "percent": 0.07932,
    "usage": 1035,
    "rank": 527
  }
}