{
  "2023-09": {
    "name": "Munkidori",
    "percent": 0.11534,
    "usage": 1999,
    "rank": 166
  },
  "2023-09-DLC1": {
    "name": "Munkidori",
    "percent": 0.1936,
    "usage": 1711,
    "rank": 148
  },
  "2023-10": {
    "name": "Munkidori",
    "percent": 0.05319,
    "usage": 1229,
    "rank": 195
  },
  "2023-11": {
    "name": "Munkidori",
    "percent": 0.03116,
    "usage": 786,
    "rank": 244
  },
  "2023-12": {
    "name": "Munkidori",
    "percent": 0.01716,
    "usage": 572,
    "rank": 337
  },
  "2023-12-DLC2": {
    "name": "Munkidori",
    "percent": 0.01339,
    "usage": 281,
    "rank": 333
  },
  "2024-01": {
    "name": "Munkidori",
    "percent": 0.02911,
    "usage": 861,
    "rank": 287
  },
  "2024-02": {
    "name": "Munkidori",
    "percent": 0.03497,
    "usage": 428,
    "rank": 249
  },
  "2024-03": {
    "name": "Munkidori",
    "percent": 0.00315,
    "usage": 332,
    "rank": 419
  },
  "2024-04": {
    "name": "Munkidori",
    "percent": 0.00291,
    "usage": 229,
    "rank": 425
  },
  "2024-05": {
    "name": "Munkidori",
    "percent": 0.00829,
    "usage": 114,
    "rank": 353
  },
  "2024-06": {
    "name": "Munkidori",
    "percent": 0.00732,
    "usage": 327,
    "rank": 385
  }
}