{
  "2022-11": {
    "name": "Varoom",
    "percent": 2.02451,
    "usage": 1620,
    "rank": 60
  },
  "2022-12": {
    "name": "Varoom",
    "percent": 1.66276,
    "usage": 1979,
    "rank": 68
  },
  "2023-01": {
    "name": "Varoom",
    "percent": 0.76974,
    "usage": 856,
    "rank": 88
  },
  "2023-02": {
    "name": "Varoom",
    "percent": 0.82053,
    "usage": 625,
    "rank": 93
  },
  "2023-03": {
    "name": "Varoom",
    "percent": 0.6047,
    "usage": 400,
    "rank": 101
  },
  "2023-04": {
    "name": "Varoom",
    "percent": 0.26746,
    "usage": 213,
    "rank": 113
  },
  "2023-05": {
    "name": "Varoom",
    "percent": 0.31196,
    "usage": 283,
    "rank": 115
  },
  "2023-06": {
    "name": "Varoom",
    "percent": 0.28057,
    "usage": 216,
    "rank": 116
  },
  "2023-07": {
    "name": "Varoom",
    "percent": 0.21009,
    "usage": 156,
    "rank": 122
  },
  "2023-08": {
    "name": "Varoom",
    "percent": 0.31025,
    "usage": 217,
    "rank": 112
  },
  "2023-09": {
    "name": "Varoom",
    "percent": 0.19877,
    "usage": 162,
    "rank": 140
  },
  "2023-09-DLC1": {
    "name": "Varoom",
    "percent": 0.08391,
    "usage": 51,
    "rank": 163
  },
  "2023-10": {
    "name": "Varoom",
    "percent": 0.39279,
    "usage": 443,
    "rank": 119
  },
  "2023-11": {
    "name": "Varoom",
    "percent": 0.4023,
    "usage": 192,
    "rank": 121
  },
  "2023-12": {
    "name": "Varoom",
    "percent": 0.29669,
    "usage": 169,
    "rank": 140
  },
  "2023-12-DLC2": {
    "name": "Varoom",
    "percent": 0.24306,
    "usage": 78,
    "rank": 149
  },
  "2024-01": {
    "name": "Varoom",
    "percent": 0.22004,
    "usage": 167,
    "rank": 155
  },
  "2024-02": {
    "name": "Varoom",
    "percent": 0.09464,
    "usage": 121,
    "rank": 184
  },
  "2024-03": {
    "name": "Varoom",
    "percent": 0.25799,
    "usage": 202,
    "rank": 144
  },
  "2024-04": {
    "name": "Varoom",
    "percent": 0.11283,
    "usage": 143,
    "rank": 172
  },
  "2024-05": {
    "name": "Varoom",
    "percent": 0.4384,
    "usage": 143,
    "rank": 117
  },
  "2024-06": {
    "name": "Varoom",
    "percent": 0.14679,
    "usage": 70,
    "rank": 169
  }
}