{
  "2022-11": {
    "name": "Pincurchin",
    "percent": 0.30882,
    "usage": 3310,
    "rank": 115
  },
  "2022-12": {
    "name": "Pincurchin",
    "percent": 0.18802,
    "usage": 3930,
    "rank": 107
  },
  "2023-01": {
    "name": "Pincurchin",
    "percent": 0.76237,
    "usage": 2628,
    "rank": 65
  },
  "2023-02": {
    "name": "Pincurchin",
    "percent": 0.05742,
    "usage": 2430,
    "rank": 162
  },
  "2023-03": {
    "name": "Pincurchin",
    "percent": 0.18183,
    "usage": 3904,
    "rank": 110
  },
  "2023-04": {
    "name": "Pincurchin",
    "percent": 0.09301,
    "usage": 1863,
    "rank": 128
  },
  "2023-05": {
    "name": "Pincurchin",
    "percent": 0.0614,
    "usage": 1826,
    "rank": 187
  },
  "2023-06": {
    "name": "Pincurchin",
    "percent": 0.03937,
    "usage": 1904,
    "rank": 211
  },
  "2023-07": {
    "name": "Pincurchin",
    "percent": 0.01472,
    "usage": 1426,
    "rank": 275
  },
  "2023-08": {
    "name": "Pincurchin",
    "percent": 0.0201,
    "usage": 1585,
    "rank": 259
  },
  "2023-09": {
    "name": "Pincurchin",
    "percent": 0.01212,
    "usage": 1639,
    "rank": 334
  },
  "2023-09-DLC1": {
    "name": "Pincurchin",
    "percent": 0.01021,
    "usage": 721,
    "rank": 337
  },
  "2023-10": {
    "name": "Pincurchin",
    "percent": 0.0124,
    "usage": 1793,
    "rank": 314
  },
  "2023-11": {
    "name": "Pincurchin",
    "percent": 0.0236,
    "usage": 2127,
    "rank": 272
  },
  "2023-12": {
    "name": "Pincurchin",
    "percent": 0.01837,
    "usage": 1081,
    "rank": 320
  },
  "2023-12-DLC2": {
    "name": "Pincurchin",
    "percent": 0.02913,
    "usage": 380,
    "rank": 289
  },
  "2024-01": {
    "name": "Pincurchin",
    "percent": 0.01143,
    "usage": 1313,
    "rank": 353
  },
  "2024-02": {
    "name": "Pincurchin",
    "percent": 0.01544,
    "usage": 1069,
    "rank": 323
  },
  "2024-03": {
    "name": "Pincurchin",
    "percent": 0.01282,
    "usage": 1198,
    "rank": 340
  },
  "2024-04": {
    "name": "Pincurchin",
    "percent": 0.00513,
    "usage": 1032,
    "rank": 400
  },
  "2024-05": {
    "name": "Pincurchin",
    "percent": 0.09791,
    "usage": 546,
    "rank": 158
  },
  "2024-06": {
    "name": "Pincurchin",
    "percent": 0.00763,
    "usage": 1513,
    "rank": 352
  }
}