{
  "2022-11": {
    "name": "Toxtricity",
    "percent": 0.86574,
    "usage": 5322,
    "rank": 174
  },
  "2022-12": {
    "name": "Toxtricity",
    "percent": 1.07479,
    "usage": 13797,
    "rank": 137
  },
  "2023-01": {
    "name": "Toxtricity",
    "percent": 1.12386,
    "usage": 15720,
    "rank": 135
  },
  "2023-02": {
    "name": "Toxtricity",
    "percent": 0.93644,
    "usage": 15665,
    "rank": 153
  },
  "2023-03": {
    "name": "Toxtricity",
    "percent": 0.64961,
    "usage": 14084,
    "rank": 178
  },
  "2023-04": {
    "name": "Toxtricity",
    "percent": 0.41031,
    "usage": 12120,
    "rank": 203
  },
  "2023-05": {
    "name": "Toxtricity",
    "percent": 0.38545,
    "usage": 11543,
    "rank": 213
  },
  "2023-06": {
    "name": "Toxtricity",
    "percent": 0.30072,
    "usage": 9345,
    "rank": 234
  },
  "2023-07": {
    "name": "Toxtricity",
    "percent": 0.46947,
    "usage": 11436,
    "rank": 191
  },
  "2023-08": {
    "name": "Toxtricity",
    "percent": 0.42541,
    "usage": 11585,
    "rank": 196
  },
  "2023-09": {
    "name": "Toxtricity",
    "percent": 0.29377,
    "usage": 9984,
    "rank": 240
  },
  "2023-09-DLC1": {
    "name": "Toxtricity",
    "percent": 0.26876,
    "usage": 4645,
    "rank": 248
  },
  "2023-10": {
    "name": "Toxtricity",
    "percent": 0.37558,
    "usage": 10301,
    "rank": 222
  },
  "2023-11": {
    "name": "Toxtricity",
    "percent": 0.58845,
    "usage": 10247,
    "rank": 178
  },
  "2023-12": {
    "name": "Toxtricity",
    "percent": 0.48808,
    "usage": 8538,
    "rank": 190
  },
  "2023-12-DLC2": {
    "name": "Toxtricity",
    "percent": 0.26391,
    "usage": 2842,
    "rank": 251
  },
  "2024-01": {
    "name": "Toxtricity",
    "percent": 0.30217,
    "usage": 7417,
    "rank": 232
  },
  "2024-02": {
    "name": "Toxtricity",
    "percent": 0.33625,
    "usage": 8009,
    "rank": 214
  },
  "2024-03": {
    "name": "Toxtricity",
    "percent": 0.32432,
    "usage": 7665,
    "rank": 226
  },
  "2024-04": {
    "name": "Toxtricity",
    "percent": 0.28297,
    "usage": 6500,
    "rank": 233
  },
  "2024-05": {
    "name": "Toxtricity",
    "percent": 0.30504,
    "usage": 2926,
    "rank": 222
  },
  "2024-06": {
    "name": "Toxtricity",
    "percent": 0.18485,
    "usage": 6018,
    "rank": 269
  }
}