{
  "2022-11": {
    "name": "Quagsire",
    "percent": 2.00821,
    "usage": 6666,
    "rank": 61
  },
  "2022-12": {
    "name": "Quagsire",
    "percent": 1.28936,
    "usage": 12253,
    "rank": 72
  },
  "2023-01": {
    "name": "Quagsire",
    "percent": 0.84536,
    "usage": 14231,
    "rank": 94
  },
  "2023-02": {
    "name": "Quagsire",
    "percent": 1.51823,
    "usage": 10073,
    "rank": 67
  },
  "2023-03": {
    "name": "Quagsire",
    "percent": 1.78999,
    "usage": 9419,
    "rank": 69
  },
  "2023-04": {
    "name": "Quagsire",
    "percent": 1.36524,
    "usage": 8935,
    "rank": 73
  },
  "2023-05": {
    "name": "Quagsire",
    "percent": 1.74787,
    "usage": 11063,
    "rank": 68
  },
  "2023-06": {
    "name": "Quagsire",
    "percent": 1.4357,
    "usage": 9312,
    "rank": 76
  },
  "2023-07": {
    "name": "Quagsire",
    "percent": 1.63905,
    "usage": 8928,
    "rank": 78
  },
  "2023-08": {
    "name": "Quagsire",
    "percent": 1.50322,
    "usage": 8787,
    "rank": 78
  },
  "2023-09": {
    "name": "Quagsire",
    "percent": 1.308,
    "usage": 11018,
    "rank": 86
  },
  "2023-09-DLC1": {
    "name": "Quagsire",
    "percent": 1.31933,
    "usage": 5471,
    "rank": 92
  },
  "2023-10": {
    "name": "Quagsire",
    "percent": 1.22847,
    "usage": 10105,
    "rank": 92
  },
  "2023-11": {
    "name": "Quagsire",
    "percent": 1.06455,
    "usage": 8177,
    "rank": 101
  },
  "2023-12": {
    "name": "Quagsire",
    "percent": 1.28489,
    "usage": 6984,
    "rank": 89
  },
  "2023-12-DLC2": {
    "name": "Quagsire",
    "percent": 1.2486,
    "usage": 3090,
    "rank": 93
  },
  "2024-01": {
    "name": "Quagsire",
    "percent": 1.32441,
    "usage": 6532,
    "rank": 91
  },
  "2024-02": {
    "name": "Quagsire",
    "percent": 2.28316,
    "usage": 7775,
    "rank": 55
  },
  "2024-03": {
    "name": "Quagsire",
    "percent": 1.61995,
    "usage": 6551,
    "rank": 74
  },
  "2024-04": {
    "name": "Quagsire",
    "percent": 0.74901,
    "usage": 5074,
    "rank": 105
  },
  "2024-05": {
    "name": "Quagsire",
    "percent": 1.36786,
    "usage": 3543,
    "rank": 78
  },
  "2024-06": {
    "name": "Quagsire",
    "percent": 0.96137,
    "usage": 4500,
    "rank": 88
  }
}