{
  "2022-11": {
    "name": "Rotom-Fan",
    "percent": 0.03798,
    "usage": 1923,
    "rank": 217
  },
  "2022-12": {
    "name": "Rotom-Fan",
    "percent": 0.04709,
    "usage": 3188,
    "rank": 210
  },
  "2023-01": {
    "name": "Rotom-Fan",
    "percent": 0.04595,
    "usage": 2011,
    "rank": 217
  },
  "2023-02": {
    "name": "Rotom-Fan",
    "percent": 0.03523,
    "usage": 1033,
    "rank": 225
  },
  "2023-03": {
    "name": "Rotom-Fan",
    "percent": 0.03529,
    "usage": 1067,
    "rank": 228
  },
  "2023-04": {
    "name": "Rotom-Fan",
    "percent": 0.04081,
    "usage": 975,
    "rank": 229
  },
  "2023-05": {
    "name": "Rotom-Fan",
    "percent": 0.04296,
    "usage": 1102,
    "rank": 274
  },
  "2023-06": {
    "name": "Rotom-Fan",
    "percent": 0.01365,
    "usage": 546,
    "rank": 297
  },
  "2023-07": {
    "name": "Rotom-Fan",
    "percent": 0.01836,
    "usage": 491,
    "rank": 294
  },
  "2023-08": {
    "name": "Rotom-Fan",
    "percent": 0.04067,
    "usage": 1017,
    "rank": 265
  },
  "2023-09": {
    "name": "Rotom-Fan",
    "percent": 0.01624,
    "usage": 621,
    "rank": 352
  },
  "2023-09-DLC1": {
    "name": "Rotom-Fan",
    "percent": 0.01141,
    "usage": 275,
    "rank": 361
  },
  "2023-10": {
    "name": "Rotom-Fan",
    "percent": 0.01199,
    "usage": 410,
    "rank": 364
  },
  "2023-11": {
    "name": "Rotom-Fan",
    "percent": 0.01008,
    "usage": 270,
    "rank": 372
  },
  "2023-12": {
    "name": "Rotom-Fan",
    "percent": 0.0145,
    "usage": 540,
    "rank": 427
  },
  "2023-12-DLC2": {
    "name": "Rotom-Fan",
    "percent": 0.01495,
    "usage": 320,
    "rank": 418
  },
  "2024-01": {
    "name": "Rotom-Fan",
    "percent": 0.00872,
    "usage": 328,
    "rank": 452
  },
  "2024-02": {
    "name": "Rotom-Fan",
    "percent": 0.02197,
    "usage": 620,
    "rank": 418
  },
  "2024-03": {
    "name": "Rotom-Fan",
    "percent": 0.01665,
    "usage": 443,
    "rank": 435
  },
  "2024-04": {
    "name": "Rotom-Fan",
    "percent": 0.02951,
    "usage": 687,
    "rank": 409
  },
  "2024-05": {
    "name": "Rotom-Fan",
    "percent": 0.01822,
    "usage": 194,
    "rank": 434
  },
  "2024-06": {
    "name": "Rotom-Fan",
    "percent": 0.01848,
    "usage": 382,
    "rank": 435
  }
}