{
  "2023-09": {
    "name": "Snorlax",
    "percent": 0.12723,
    "usage": 29142,
    "rank": 159
  },
  "2023-09-DLC1": {
    "name": "Snorlax",
    "percent": 0.14932,
    "usage": 24661,
    "rank": 142
  },
  "2023-10": {
    "name": "Snorlax",
    "percent": 0.11934,
    "usage": 20186,
    "rank": 144
  },
  "2023-11": {
    "name": "Snorlax",
    "percent": 0.0415,
    "usage": 14600,
    "rank": 194
  },
  "2023-12": {
    "name": "Snorlax",
    "percent": 0.0258,
    "usage": 15117,
    "rank": 265
  },
  "2023-12-DLC2": {
    "name": "Snorlax",
    "percent": 0.01883,
    "usage": 7059,
    "rank": 258
  },
  "2024-01": {
    "name": "Snorlax",
    "percent": 0.04892,
    "usage": 16249,
    "rank": 208
  },
  "2024-02": {
    "name": "Snorlax",
    "percent": 0.06857,
    "usage": 13557,
    "rank": 180
  },
  "2024-03": {
    "name": "Snorlax",
    "percent": 0.01698,
    "usage": 15377,
    "rank": 272
  },
  "2024-04": {
    "name": "Snorlax",
    "percent": 0.02413,
    "usage": 12149,
    "rank": 248
  },
  "2024-05": {
    "name": "Snorlax",
    "percent": 0.02714,
    "usage": 6334,
    "rank": 247
  },
  "2024-06": {
    "name": "Snorlax",
    "percent": 0.04771,
    "usage": 12074,
    "rank": 207
  }
}