{
  "2023-05": {
    "name": "Regieleki",
    "percent": 0.38986,
    "usage": 1815,
    "rank": 199
  },
  "2023-06": {
    "name": "Regieleki",
    "percent": 8.97136,
    "usage": 42460,
    "rank": 7
  },
  "2023-07": {
    "name": "Regieleki",
    "percent": 8.11854,
    "usage": 37337,
    "rank": 10
  },
  "2023-08": {
    "name": "Regieleki",
    "percent": 7.44344,
    "usage": 35712,
    "rank": 12
  },
  "2023-09": {
    "name": "Regieleki",
    "percent": 7.25386,
    "usage": 41093,
    "rank": 10
  },
  "2023-09-DLC1": {
    "name": "Regieleki",
    "percent": 6.68194,
    "usage": 21698,
    "rank": 12
  },
  "2023-10": {
    "name": "Regieleki",
    "percent": 6.5256,
    "usage": 40326,
    "rank": 15
  },
  "2023-11": {
    "name": "Regieleki",
    "percent": 6.28386,
    "usage": 31159,
    "rank": 16
  },
  "2023-12": {
    "name": "Regieleki",
    "percent": 5.29699,
    "usage": 22803,
    "rank": 17
  },
  "2023-12-DLC2": {
    "name": "Regieleki",
    "percent": 4.74039,
    "usage": 9455,
    "rank": 19
  },
  "2024-01": {
    "name": "Regieleki",
    "percent": 4.87744,
    "usage": 23981,
    "rank": 19
  },
  "2024-02": {
    "name": "Regieleki",
    "percent": 4.87787,
    "usage": 22310,
    "rank": 17
  },
  "2024-03": {
    "name": "Regieleki",
    "percent": 4.59175,
    "usage": 21821,
    "rank": 19
  },
  "2024-04": {
    "name": "Regieleki",
    "percent": 5.59407,
    "usage": 25097,
    "rank": 15
  },
  "2024-05": {
    "name": "Regieleki",
    "percent": 5.02239,
    "usage": 10657,
    "rank": 18
  },
  "2024-06": {
    "name": "Regieleki",
    "percent": 4.67045,
    "usage": 17052,
    "rank": 19
  }
}