{
  "2022-11": {
    "name": "Gogoat",
    "percent": 0.0,
    "usage": 165,
    "rank": 357
  },
  "2022-12": {
    "name": "Gogoat",
    "percent": 0.00926,
    "usage": 479,
    "rank": 145
  },
  "2023-01": {
    "name": "Gogoat",
    "percent": 0.00071,
    "usage": 659,
    "rank": 166
  },
  "2023-02": {
    "name": "Gogoat",
    "percent": 0.03955,
    "usage": 841,
    "rank": 106
  },
  "2023-03": {
    "name": "Gogoat",
    "percent": 0.02988,
    "usage": 931,
    "rank": 120
  },
  "2023-04": {
    "name": "Gogoat",
    "percent": 0.01744,
    "usage": 1039,
    "rank": 133
  },
  "2023-05": {
    "name": "Gogoat",
    "percent": 0.00779,
    "usage": 495,
    "rank": 220
  },
  "2023-06": {
    "name": "Gogoat",
    "percent": 0.00153,
    "usage": 545,
    "rank": 250
  },
  "2023-07": {
    "name": "Gogoat",
    "percent": 0.00278,
    "usage": 290,
    "rank": 234
  },
  "2023-08": {
    "name": "Gogoat",
    "percent": 0.0024,
    "usage": 488,
    "rank": 235
  },
  "2023-09": {
    "name": "Gogoat",
    "percent": 0.0027,
    "usage": 523,
    "rank": 286
  },
  "2023-09-DLC1": {
    "name": "Gogoat",
    "percent": 0.00353,
    "usage": 311,
    "rank": 275
  },
  "2023-10": {
    "name": "Gogoat",
    "percent": 0.00403,
    "usage": 403,
    "rank": 255
  },
  "2023-11": {
    "name": "Gogoat",
    "percent": 0.0003,
    "usage": 518,
    "rank": 377
  },
  "2023-12": {
    "name": "Gogoat",
    "percent": 0.00098,
    "usage": 724,
    "rank": 406
  },
  "2023-12-DLC2": {
    "name": "Gogoat",
    "percent": 0.00013,
    "usage": 222,
    "rank": 461
  },
  "2024-01": {
    "name": "Gogoat",
    "percent": 0.0012,
    "usage": 483,
    "rank": 391
  },
  "2024-02": {
    "name": "Gogoat",
    "percent": 0.00029,
    "usage": 256,
    "rank": 440
  },
  "2024-03": {
    "name": "Gogoat",
    "percent": 0.00011,
    "usage": 457,
    "rank": 475
  },
  "2024-04": {
    "name": "Gogoat",
    "percent": 0.00356,
    "usage": 606,
    "rank": 278
  },
  "2024-05": {
    "name": "Gogoat",
    "percent": 0.00072,
    "usage": 170,
    "rank": 374
  },
  "2024-06": {
    "name": "Gogoat",
    "percent": 0.0003,
    "usage": 380,
    "rank": 444
  }
}