{
  "2022-11": {
    "name": "Tropius",
    "percent": 0.0,
    "usage": 711,
    "rank": 930
  },
  "2022-12": {
    "name": "Tropius",
    "percent": 0.00123,
    "usage": 2045,
    "rank": 480
  },
  "2023-01": {
    "name": "Tropius",
    "percent": 0.01491,
    "usage": 2353,
    "rank": 357
  },
  "2023-02": {
    "name": "Tropius",
    "percent": 0.00197,
    "usage": 3225,
    "rank": 548
  },
  "2023-03": {
    "name": "Tropius",
    "percent": 0.00466,
    "usage": 3989,
    "rank": 490
  },
  "2023-04": {
    "name": "Tropius",
    "percent": 0.00467,
    "usage": 3482,
    "rank": 509
  },
  "2023-05": {
    "name": "Tropius",
    "percent": 0.00356,
    "usage": 2819,
    "rank": 535
  },
  "2023-06": {
    "name": "Tropius",
    "percent": 0.00207,
    "usage": 2361,
    "rank": 538
  },
  "2023-07": {
    "name": "Tropius",
    "percent": 0.00225,
    "usage": 2300,
    "rank": 561
  },
  "2023-08": {
    "name": "Tropius",
    "percent": 0.00507,
    "usage": 2950,
    "rank": 497
  },
  "2023-09": {
    "name": "Tropius",
    "percent": 0.00172,
    "usage": 2847,
    "rank": 561
  },
  "2023-09-DLC1": {
    "name": "Tropius",
    "percent": 0.00076,
    "usage": 1424,
    "rank": 593
  },
  "2023-10": {
    "name": "Tropius",
    "percent": 0.00165,
    "usage": 1800,
    "rank": 592
  },
  "2023-11": {
    "name": "Tropius",
    "percent": 0.00203,
    "usage": 1841,
    "rank": 548
  },
  "2023-12": {
    "name": "Tropius",
    "percent": 0.00069,
    "usage": 1274,
    "rank": 622
  },
  "2023-12-DLC2": {
    "name": "Tropius",
    "percent": 0.00092,
    "usage": 537,
    "rank": 540
  },
  "2024-01": {
    "name": "Tropius",
    "percent": 0.00234,
    "usage": 1220,
    "rank": 525
  },
  "2024-02": {
    "name": "Tropius",
    "percent": 0.02295,
    "usage": 1745,
    "rank": 321
  },
  "2024-03": {
    "name": "Tropius",
    "percent": 0.00497,
    "usage": 1907,
    "rank": 469
  },
  "2024-04": {
    "name": "Tropius",
    "percent": 0.00243,
    "usage": 1754,
    "rank": 511
  },
  "2024-05": {
    "name": "Tropius",
    "percent": 0.00367,
    "usage": 517,
    "rank": 463
  },
  "2024-06": {
    "name": "Tropius",
    "percent": 0.00073,
    "usage": 1137,
    "rank": 577
  }
}