{
  "2022-11": {
    "name": "Snom",
    "percent": 0.00351,
    "usage": 429,
    "rank": 245
  },
  "2022-12": {
    "name": "Snom",
    "percent": 0.00072,
    "usage": 635,
    "rank": 275
  },
  "2023-01": {
    "name": "Snom",
    "percent": 0.27631,
    "usage": 477,
    "rank": 138
  },
  "2023-02": {
    "name": "Snom",
    "percent": 0.01081,
    "usage": 296,
    "rank": 273
  },
  "2023-03": {
    "name": "Snom",
    "percent": 0.00127,
    "usage": 160,
    "rank": 334
  },
  "2023-04": {
    "name": "Snom",
    "percent": 0.00569,
    "usage": 194,
    "rank": 285
  },
  "2023-05": {
    "name": "Snom",
    "percent": 0.00442,
    "usage": 506,
    "rank": 391
  },
  "2023-06": {
    "name": "Snom",
    "percent": 0.00179,
    "usage": 204,
    "rank": 420
  },
  "2023-07": {
    "name": "Snom",
    "percent": 0.01606,
    "usage": 149,
    "rank": 348
  },
  "2023-08": {
    "name": "Snom",
    "percent": 0.00299,
    "usage": 324,
    "rank": 419
  },
  "2023-09": {
    "name": "Snom",
    "percent": 0.00141,
    "usage": 262,
    "rank": 505
  },
  "2023-09-DLC1": {
    "name": "Snom",
    "percent": 0.00217,
    "usage": 175,
    "rank": 476
  },
  "2023-10": {
    "name": "Snom",
    "percent": 0.00398,
    "usage": 306,
    "rank": 466
  },
  "2023-11": {
    "name": "Snom",
    "percent": 0.00202,
    "usage": 637,
    "rank": 496
  },
  "2023-12": {
    "name": "Snom",
    "percent": 0.00059,
    "usage": 408,
    "rank": 653
  },
  "2023-12-DLC2": {
    "name": "Snom",
    "percent": 0.00034,
    "usage": 64,
    "rank": 644
  },
  "2024-01": {
    "name": "Snom",
    "percent": 0.0039,
    "usage": 300,
    "rank": 552
  },
  "2024-02": {
    "name": "Snom",
    "percent": 0.01808,
    "usage": 370,
    "rank": 442
  },
  "2024-03": {
    "name": "Snom",
    "percent": 0.0154,
    "usage": 317,
    "rank": 472
  },
  "2024-04": {
    "name": "Snom",
    "percent": 0.00648,
    "usage": 175,
    "rank": 511
  },
  "2024-05": {
    "name": "Snom",
    "percent": 0.00504,
    "usage": 87,
    "rank": 522
  },
  "2024-06": {
    "name": "Snom",
    "percent": 0.0075,
    "usage": 141,
    "rank": 495
  }
}