{
  "2022-11": {
    "name": "Buizel",
    "percent": 0.00164,
    "usage": 83,
    "rank": 303
  },
  "2022-12": {
    "name": "Buizel",
    "percent": 0.0013,
    "usage": 88,
    "rank": 320
  },
  "2023-01": {
    "name": "Buizel",
    "percent": 0.0037,
    "usage": 162,
    "rank": 286
  },
  "2023-02": {
    "name": "Buizel",
    "percent": 0.0013,
    "usage": 38,
    "rank": 350
  },
  "2023-03": {
    "name": "Buizel",
    "percent": 0.00218,
    "usage": 66,
    "rank": 337
  },
  "2023-04": {
    "name": "Buizel",
    "percent": 0.00209,
    "usage": 50,
    "rank": 350
  },
  "2023-05": {
    "name": "Buizel",
    "percent": 0.00152,
    "usage": 39,
    "rank": 418
  },
  "2023-06": {
    "name": "Buizel",
    "percent": 0.00275,
    "usage": 110,
    "rank": 348
  },
  "2023-07": {
    "name": "Buizel",
    "percent": 0.00116,
    "usage": 31,
    "rank": 406
  },
  "2023-08": {
    "name": "Buizel",
    "percent": 0.00348,
    "usage": 87,
    "rank": 364
  },
  "2023-09": {
    "name": "Buizel",
    "percent": 0.00186,
    "usage": 71,
    "rank": 451
  },
  "2023-09-DLC1": {
    "name": "Buizel",
    "percent": 0.00216,
    "usage": 52,
    "rank": 440
  },
  "2023-10": {
    "name": "Buizel",
    "percent": 0.00442,
    "usage": 151,
    "rank": 402
  },
  "2023-11": {
    "name": "Buizel",
    "percent": 0.00452,
    "usage": 121,
    "rank": 413
  },
  "2023-12": {
    "name": "Buizel",
    "percent": 0.00169,
    "usage": 63,
    "rank": 541
  },
  "2023-12-DLC2": {
    "name": "Buizel",
    "percent": 0.00164,
    "usage": 35,
    "rank": 534
  },
  "2024-01": {
    "name": "Buizel",
    "percent": 0.00603,
    "usage": 227,
    "rank": 470
  },
  "2024-02": {
    "name": "Buizel",
    "percent": 0.00539,
    "usage": 152,
    "rank": 482
  },
  "2024-03": {
    "name": "Buizel",
    "percent": 0.00703,
    "usage": 187,
    "rank": 468
  },
  "2024-04": {
    "name": "Buizel",
    "percent": 0.00674,
    "usage": 157,
    "rank": 470
  },
  "2024-05": {
    "name": "Buizel",
    "percent": 0.00254,
    "usage": 27,
    "rank": 544
  },
  "2024-06": {
    "name": "Buizel",
    "percent": 0.00915,
    "usage": 189,
    "rank": 468
  }
}