{
  "2023-12": {
    "name": "Cinccino",
    "percent": 0.38771,
    "usage": 85478,
    "rank": 113
  },
  "2023-12-DLC2": {
    "name": "Cinccino",
    "percent": 0.27465,
    "usage": 63152,
    "rank": 121
  },
  "2024-01": {
    "name": "Cinccino",
    "percent": 0.06465,
    "usage": 46816,
    "rank": 167
  },
  "2024-02": {
    "name": "Cinccino",
    "percent": 0.05268,
    "usage": 23440,
    "rank": 158
  },
  "2024-03": {
    "name": "Cinccino",
    "percent": 0.05956,
    "usage": 24452,
    "rank": 159
  },
  "2024-04": {
    "name": "Cinccino",
    "percent": 0.01775,
    "usage": 15371,
    "rank": 204
  },
  "2024-05": {
    "name": "Cinccino",
    "percent": 0.01447,
    "usage": 5433,
    "rank": 226
  },
  "2024-06": {
    "name": "Cinccino",
    "percent": 0.03061,
    "usage": 10474,
    "rank": 190
  }
}