{
  "2022-11": {
    "name": "Suicune",
    "percent": 0.10251,
    "usage": 2056,
    "rank": 309
  },
  "2022-12": {
    "name": "Suicune",
    "percent": 0.22521,
    "usage": 4922,
    "rank": 219
  },
  "2023-01": {
    "name": "Suicune",
    "percent": 0.53554,
    "usage": 6028,
    "rank": 147
  },
  "2023-02": {
    "name": "Suicune",
    "percent": 0.48015,
    "usage": 6199,
    "rank": 162
  },
  "2023-03": {
    "name": "Suicune",
    "percent": 0.43945,
    "usage": 8168,
    "rank": 159
  },
  "2023-04": {
    "name": "Suicune",
    "percent": 0.57671,
    "usage": 6544,
    "rank": 137
  },
  "2023-05": {
    "name": "Suicune",
    "percent": 0.47007,
    "usage": 7459,
    "rank": 152
  },
  "2023-06": {
    "name": "Suicune",
    "percent": 0.78905,
    "usage": 8069,
    "rank": 118
  },
  "2023-07": {
    "name": "Suicune",
    "percent": 0.79537,
    "usage": 8213,
    "rank": 116
  },
  "2023-08": {
    "name": "Suicune",
    "percent": 0.95671,
    "usage": 8777,
    "rank": 109
  },
  "2023-09": {
    "name": "Suicune",
    "percent": 0.60315,
    "usage": 7100,
    "rank": 145
  },
  "2023-09-DLC1": {
    "name": "Suicune",
    "percent": 0.5436,
    "usage": 3374,
    "rank": 146
  },
  "2023-10": {
    "name": "Suicune",
    "percent": 0.53555,
    "usage": 6062,
    "rank": 152
  },
  "2023-11": {
    "name": "Suicune",
    "percent": 0.66677,
    "usage": 5358,
    "rank": 142
  },
  "2023-12": {
    "name": "Suicune",
    "percent": 0.54285,
    "usage": 5235,
    "rank": 149
  },
  "2023-12-DLC2": {
    "name": "Suicune",
    "percent": 0.38978,
    "usage": 2003,
    "rank": 163
  },
  "2024-01": {
    "name": "Suicune",
    "percent": 1.04179,
    "usage": 9104,
    "rank": 105
  },
  "2024-02": {
    "name": "Suicune",
    "percent": 0.69304,
    "usage": 7144,
    "rank": 124
  },
  "2024-03": {
    "name": "Suicune",
    "percent": 0.60409,
    "usage": 5343,
    "rank": 145
  },
  "2024-04": {
    "name": "Suicune",
    "percent": 0.74477,
    "usage": 5304,
    "rank": 124
  },
  "2024-05": {
    "name": "Suicune",
    "percent": 0.3517,
    "usage": 2070,
    "rank": 169
  },
  "2024-06": {
    "name": "Suicune",
    "percent": 0.4201,
    "usage": 4164,
    "rank": 159
  }
}