{
  "2023-09": {
    "name": "Jirachi",
    "percent": 0.39697,
    "usage": 880,
    "rank": 184
  },
  "2023-09-DLC1": {
    "name": "Jirachi",
    "percent": 0.62129,
    "usage": 790,
    "rank": 148
  },
  "2023-10": {
    "name": "Jirachi",
    "percent": 0.56181,
    "usage": 1478,
    "rank": 142
  },
  "2023-11": {
    "name": "Jirachi",
    "percent": 0.49166,
    "usage": 1311,
    "rank": 153
  },
  "2023-12": {
    "name": "Jirachi",
    "percent": 0.49432,
    "usage": 1670,
    "rank": 168
  },
  "2023-12-DLC2": {
    "name": "Jirachi",
    "percent": 0.35233,
    "usage": 608,
    "rank": 205
  },
  "2024-01": {
    "name": "Jirachi",
    "percent": 0.35044,
    "usage": 1300,
    "rank": 213
  },
  "2024-02": {
    "name": "Jirachi",
    "percent": 0.45714,
    "usage": 1560,
    "rank": 178
  },
  "2024-03": {
    "name": "Jirachi",
    "percent": 0.35263,
    "usage": 1347,
    "rank": 196
  },
  "2024-04": {
    "name": "Jirachi",
    "percent": 0.39177,
    "usage": 1250,
    "rank": 194
  },
  "2024-05": {
    "name": "Jirachi",
    "percent": 0.67226,
    "usage": 1073,
    "rank": 141
  },
  "2024-06": {
    "name": "Jirachi",
    "percent": 0.56544,
    "usage": 1687,
    "rank": 161
  }
}