{
  "2023-05": {
    "name": "Dialga",
    "percent": 0.16282,
    "usage": 289,
    "rank": 140
  },
  "2023-06": {
    "name": "Dialga",
    "percent": 1.44666,
    "usage": 4578,
    "rank": 55
  },
  "2023-07": {
    "name": "Dialga",
    "percent": 0.31945,
    "usage": 4393,
    "rank": 106
  },
  "2023-08": {
    "name": "Dialga",
    "percent": 0.22749,
    "usage": 4283,
    "rank": 126
  },
  "2023-09": {
    "name": "Dialga",
    "percent": 0.44652,
    "usage": 4417,
    "rank": 108
  },
  "2023-09-DLC1": {
    "name": "Dialga",
    "percent": 0.45418,
    "usage": 2883,
    "rank": 113
  },
  "2023-10": {
    "name": "Dialga",
    "percent": 0.27284,
    "usage": 4803,
    "rank": 120
  },
  "2023-11": {
    "name": "Dialga",
    "percent": 0.48645,
    "usage": 4194,
    "rank": 100
  },
  "2023-12": {
    "name": "Dialga",
    "percent": 0.62393,
    "usage": 3576,
    "rank": 83
  },
  "2023-12-DLC2": {
    "name": "Dialga",
    "percent": 0.70913,
    "usage": 1667,
    "rank": 83
  },
  "2024-01": {
    "name": "Dialga",
    "percent": 0.53472,
    "usage": 3649,
    "rank": 99
  },
  "2024-02": {
    "name": "Dialga",
    "percent": 0.42154,
    "usage": 4053,
    "rank": 96
  },
  "2024-03": {
    "name": "Dialga",
    "percent": 0.63197,
    "usage": 3439,
    "rank": 80
  },
  "2024-04": {
    "name": "Dialga",
    "percent": 0.54787,
    "usage": 4097,
    "rank": 78
  },
  "2024-05": {
    "name": "Dialga",
    "percent": 0.91642,
    "usage": 1692,
    "rank": 59
  },
  "2024-06": {
    "name": "Dialga",
    "percent": 1.4574,
    "usage": 2904,
    "rank": 48
  }
}