{
  "2022-11": {
    "name": "Pichu",
    "percent": 0.0,
    "usage": 127,
    "rank": 132
  },
  "2022-12": {
    "name": "Pichu",
    "percent": 0.00428,
    "usage": 356,
    "rank": 112
  },
  "2023-01": {
    "name": "Pichu",
    "percent": 0.00101,
    "usage": 362,
    "rank": 123
  },
  "2023-02": {
    "name": "Pichu",
    "percent": 0.00595,
    "usage": 220,
    "rank": 122
  },
  "2023-03": {
    "name": "Pichu",
    "percent": 0.0446,
    "usage": 277,
    "rank": 115
  },
  "2023-04": {
    "name": "Pichu",
    "percent": 0.03798,
    "usage": 322,
    "rank": 126
  },
  "2023-05": {
    "name": "Pichu",
    "percent": 0.08009,
    "usage": 303,
    "rank": 115
  },
  "2023-06": {
    "name": "Pichu",
    "percent": 0.08971,
    "usage": 254,
    "rank": 114
  },
  "2023-07": {
    "name": "Pichu",
    "percent": 0.0343,
    "usage": 207,
    "rank": 127
  },
  "2023-08": {
    "name": "Pichu",
    "percent": 0.01254,
    "usage": 211,
    "rank": 130
  },
  "2023-09": {
    "name": "Pichu",
    "percent": 0.01516,
    "usage": 112,
    "rank": 158
  },
  "2023-09-DLC1": {
    "name": "Pichu",
    "percent": 0.02231,
    "usage": 47,
    "rank": 145
  },
  "2023-10": {
    "name": "Pichu",
    "percent": 0.00594,
    "usage": 156,
    "rank": 163
  },
  "2023-11": {
    "name": "Pichu",
    "percent": 0.00437,
    "usage": 151,
    "rank": 169
  },
  "2023-12": {
    "name": "Pichu",
    "percent": 0.0125,
    "usage": 243,
    "rank": 191
  },
  "2023-12-DLC2": {
    "name": "Pichu",
    "percent": 0.01956,
    "usage": 159,
    "rank": 172
  },
  "2024-01": {
    "name": "Pichu",
    "percent": 0.01629,
    "usage": 364,
    "rank": 188
  },
  "2024-02": {
    "name": "Pichu",
    "percent": 0.00484,
    "usage": 111,
    "rank": 197
  },
  "2024-03": {
    "name": "Pichu",
    "percent": 0.00739,
    "usage": 119,
    "rank": 194
  },
  "2024-04": {
    "name": "Pichu",
    "percent": 0.01631,
    "usage": 192,
    "rank": 179
  },
  "2024-05": {
    "name": "Pichu",
    "percent": 0.00458,
    "usage": 69,
    "rank": 187
  },
  "2024-06": {
    "name": "Pichu",
    "percent": 0.00682,
    "usage": 148,
    "rank": 188
  }
}