{
  "2022-11": {
    "name": "Palossand",
    "percent": 0.12405,
    "usage": 6280,
    "rank": 175
  },
  "2022-12": {
    "name": "Palossand",
    "percent": 0.0967,
    "usage": 6547,
    "rank": 185
  },
  "2023-01": {
    "name": "Palossand",
    "percent": 0.12399,
    "usage": 5427,
    "rank": 184
  },
  "2023-02": {
    "name": "Palossand",
    "percent": 0.14619,
    "usage": 4287,
    "rank": 174
  },
  "2023-03": {
    "name": "Palossand",
    "percent": 0.13713,
    "usage": 4146,
    "rank": 170
  },
  "2023-04": {
    "name": "Palossand",
    "percent": 0.13926,
    "usage": 3327,
    "rank": 178
  },
  "2023-05": {
    "name": "Palossand",
    "percent": 0.14256,
    "usage": 3657,
    "rank": 210
  },
  "2023-06": {
    "name": "Palossand",
    "percent": 0.08423,
    "usage": 3368,
    "rank": 221
  },
  "2023-07": {
    "name": "Palossand",
    "percent": 0.08153,
    "usage": 2180,
    "rank": 229
  },
  "2023-08": {
    "name": "Palossand",
    "percent": 0.07707,
    "usage": 1927,
    "rank": 232
  },
  "2023-09": {
    "name": "Palossand",
    "percent": 0.06467,
    "usage": 2473,
    "rank": 288
  },
  "2023-09-DLC1": {
    "name": "Palossand",
    "percent": 0.05656,
    "usage": 1363,
    "rank": 289
  },
  "2023-10": {
    "name": "Palossand",
    "percent": 0.0622,
    "usage": 2126,
    "rank": 286
  },
  "2023-11": {
    "name": "Palossand",
    "percent": 0.11389,
    "usage": 3051,
    "rank": 253
  },
  "2023-12": {
    "name": "Palossand",
    "percent": 0.07617,
    "usage": 2837,
    "rank": 338
  },
  "2023-12-DLC2": {
    "name": "Palossand",
    "percent": 0.0572,
    "usage": 1224,
    "rank": 340
  },
  "2024-01": {
    "name": "Palossand",
    "percent": 0.08506,
    "usage": 3200,
    "rank": 318
  },
  "2024-02": {
    "name": "Palossand",
    "percent": 0.09236,
    "usage": 2606,
    "rank": 317
  },
  "2024-03": {
    "name": "Palossand",
    "percent": 0.07563,
    "usage": 2012,
    "rank": 335
  },
  "2024-04": {
    "name": "Palossand",
    "percent": 0.07381,
    "usage": 1718,
    "rank": 344
  },
  "2024-05": {
    "name": "Palossand",
    "percent": 0.06753,
    "usage": 719,
    "rank": 349
  },
  "2024-06": {
    "name": "Palossand",
    "percent": 0.08792,
    "usage": 1817,
    "rank": 338
  }
}