{
  "2022-11": {
    "name": "Gallade",
    "percent": 0.43435,
    "usage": 1275,
    "rank": 112
  },
  "2022-12": {
    "name": "Gallade",
    "percent": 0.45935,
    "usage": 1997,
    "rank": 107
  },
  "2023-01": {
    "name": "Gallade",
    "percent": 0.81737,
    "usage": 2495,
    "rank": 83
  },
  "2023-02": {
    "name": "Gallade",
    "percent": 0.94963,
    "usage": 2170,
    "rank": 79
  },
  "2023-03": {
    "name": "Gallade",
    "percent": 0.81366,
    "usage": 1769,
    "rank": 88
  },
  "2023-04": {
    "name": "Gallade",
    "percent": 1.01908,
    "usage": 1947,
    "rank": 80
  },
  "2023-05": {
    "name": "Gallade",
    "percent": 0.5834,
    "usage": 1013,
    "rank": 118
  },
  "2023-06": {
    "name": "Gallade",
    "percent": 0.26944,
    "usage": 769,
    "rank": 179
  },
  "2023-07": {
    "name": "Gallade",
    "percent": 0.25265,
    "usage": 549,
    "rank": 195
  },
  "2023-08": {
    "name": "Gallade",
    "percent": 0.33102,
    "usage": 705,
    "rank": 174
  },
  "2023-09": {
    "name": "Gallade",
    "percent": 0.41907,
    "usage": 929,
    "rank": 171
  },
  "2023-09-DLC1": {
    "name": "Gallade",
    "percent": 0.36413,
    "usage": 463,
    "rank": 197
  },
  "2023-10": {
    "name": "Gallade",
    "percent": 0.3824,
    "usage": 1006,
    "rank": 179
  },
  "2023-11": {
    "name": "Gallade",
    "percent": 0.53404,
    "usage": 1424,
    "rank": 147
  },
  "2023-12": {
    "name": "Gallade",
    "percent": 0.38865,
    "usage": 1313,
    "rank": 198
  },
  "2023-12-DLC2": {
    "name": "Gallade",
    "percent": 0.32509,
    "usage": 561,
    "rank": 216
  },
  "2024-01": {
    "name": "Gallade",
    "percent": 0.43589,
    "usage": 1617,
    "rank": 189
  },
  "2024-02": {
    "name": "Gallade",
    "percent": 0.47941,
    "usage": 1636,
    "rank": 176
  },
  "2024-03": {
    "name": "Gallade",
    "percent": 0.60132,
    "usage": 2297,
    "rank": 146
  },
  "2024-04": {
    "name": "Gallade",
    "percent": 0.69327,
    "usage": 2212,
    "rank": 136
  },
  "2024-05": {
    "name": "Gallade",
    "percent": 0.54633,
    "usage": 872,
    "rank": 159
  },
  "2024-06": {
    "name": "Gallade",
    "percent": 0.53058,
    "usage": 1583,
    "rank": 170
  }
}