{
  "2022-11": {
    "name": "Gallade",
    "percent": 0.08333,
    "usage": 1275,
    "rank": 118
  },
  "2022-12": {
    "name": "Gallade",
    "percent": 0.13178,
    "usage": 1997,
    "rank": 113
  },
  "2023-01": {
    "name": "Gallade",
    "percent": 0.09998,
    "usage": 2495,
    "rank": 117
  },
  "2023-02": {
    "name": "Gallade",
    "percent": 0.23396,
    "usage": 2170,
    "rank": 98
  },
  "2023-03": {
    "name": "Gallade",
    "percent": 0.07475,
    "usage": 1769,
    "rank": 135
  },
  "2023-04": {
    "name": "Gallade",
    "percent": 0.11425,
    "usage": 1947,
    "rank": 120
  },
  "2023-05": {
    "name": "Gallade",
    "percent": 0.06138,
    "usage": 1013,
    "rank": 181
  },
  "2023-06": {
    "name": "Gallade",
    "percent": 0.01171,
    "usage": 769,
    "rank": 240
  },
  "2023-07": {
    "name": "Gallade",
    "percent": 0.00957,
    "usage": 549,
    "rank": 249
  },
  "2023-08": {
    "name": "Gallade",
    "percent": 0.03104,
    "usage": 705,
    "rank": 202
  },
  "2023-09": {
    "name": "Gallade",
    "percent": 0.05029,
    "usage": 929,
    "rank": 216
  },
  "2023-09-DLC1": {
    "name": "Gallade",
    "percent": 0.07158,
    "usage": 463,
    "rank": 201
  },
  "2023-10": {
    "name": "Gallade",
    "percent": 0.02498,
    "usage": 1006,
    "rank": 244
  },
  "2023-11": {
    "name": "Gallade",
    "percent": 0.03822,
    "usage": 1424,
    "rank": 231
  },
  "2023-12": {
    "name": "Gallade",
    "percent": 0.02163,
    "usage": 1313,
    "rank": 319
  },
  "2023-12-DLC2": {
    "name": "Gallade",
    "percent": 0.02154,
    "usage": 561,
    "rank": 301
  },
  "2024-01": {
    "name": "Gallade",
    "percent": 0.0651,
    "usage": 1617,
    "rank": 210
  },
  "2024-02": {
    "name": "Gallade",
    "percent": 0.04316,
    "usage": 1636,
    "rank": 233
  },
  "2024-03": {
    "name": "Gallade",
    "percent": 0.0486,
    "usage": 2297,
    "rank": 209
  },
  "2024-04": {
    "name": "Gallade",
    "percent": 0.15757,
    "usage": 2212,
    "rank": 150
  },
  "2024-05": {
    "name": "Gallade",
    "percent": 0.02171,
    "usage": 872,
    "rank": 273
  },
  "2024-06": {
    "name": "Gallade",
    "percent": 0.03605,
    "usage": 1583,
    "rank": 256
  }
}