{
  "2022-11": {
    "name": "Excadrill",
    "percent": 7.05407,
    "usage": 18282,
    "rank": 18
  },
  "2022-12": {
    "name": "Excadrill",
    "percent": 3.25407,
    "usage": 43055,
    "rank": 53
  },
  "2023-01": {
    "name": "Excadrill",
    "percent": 2.80422,
    "usage": 38863,
    "rank": 60
  },
  "2023-02": {
    "name": "Excadrill",
    "percent": 3.40883,
    "usage": 45805,
    "rank": 46
  },
  "2023-03": {
    "name": "Excadrill",
    "percent": 3.32534,
    "usage": 54499,
    "rank": 50
  },
  "2023-04": {
    "name": "Excadrill",
    "percent": 2.75918,
    "usage": 51721,
    "rank": 57
  },
  "2023-05": {
    "name": "Excadrill",
    "percent": 2.36581,
    "usage": 53649,
    "rank": 53
  },
  "2023-06": {
    "name": "Excadrill",
    "percent": 2.40977,
    "usage": 43947,
    "rank": 59
  },
  "2023-07": {
    "name": "Excadrill",
    "percent": 2.33142,
    "usage": 43555,
    "rank": 60
  },
  "2023-08": {
    "name": "Excadrill",
    "percent": 2.68294,
    "usage": 50357,
    "rank": 53
  },
  "2023-09": {
    "name": "Excadrill",
    "percent": 2.94332,
    "usage": 47442,
    "rank": 56
  },
  "2023-09-DLC1": {
    "name": "Excadrill",
    "percent": 2.74424,
    "usage": 21824,
    "rank": 61
  },
  "2023-10": {
    "name": "Excadrill",
    "percent": 2.87272,
    "usage": 45820,
    "rank": 57
  },
  "2023-11": {
    "name": "Excadrill",
    "percent": 2.98634,
    "usage": 40382,
    "rank": 64
  },
  "2023-12": {
    "name": "Excadrill",
    "percent": 3.11424,
    "usage": 39280,
    "rank": 60
  },
  "2023-12-DLC2": {
    "name": "Excadrill",
    "percent": 3.68115,
    "usage": 16906,
    "rank": 52
  },
  "2024-01": {
    "name": "Excadrill",
    "percent": 3.53784,
    "usage": 39527,
    "rank": 53
  },
  "2024-02": {
    "name": "Excadrill",
    "percent": 3.23311,
    "usage": 41171,
    "rank": 57
  },
  "2024-03": {
    "name": "Excadrill",
    "percent": 3.24172,
    "usage": 42744,
    "rank": 58
  },
  "2024-04": {
    "name": "Excadrill",
    "percent": 3.79111,
    "usage": 39025,
    "rank": 52
  },
  "2024-05": {
    "name": "Excadrill",
    "percent": 3.14792,
    "usage": 18427,
    "rank": 60
  },
  "2024-06": {
    "name": "Excadrill",
    "percent": 4.11167,
    "usage": 44561,
    "rank": 50
  }
}