{
  "2022-11": {
    "name": "Decidueye",
    "percent": 0.86052,
    "usage": 5086,
    "rank": 179
  },
  "2022-12": {
    "name": "Decidueye",
    "percent": 1.03818,
    "usage": 12758,
    "rank": 146
  },
  "2023-01": {
    "name": "Decidueye",
    "percent": 0.90289,
    "usage": 12260,
    "rank": 165
  },
  "2023-02": {
    "name": "Decidueye",
    "percent": 0.78959,
    "usage": 12322,
    "rank": 175
  },
  "2023-03": {
    "name": "Decidueye",
    "percent": 0.87323,
    "usage": 15401,
    "rank": 153
  },
  "2023-04": {
    "name": "Decidueye",
    "percent": 0.80717,
    "usage": 14207,
    "rank": 159
  },
  "2023-05": {
    "name": "Decidueye",
    "percent": 0.68239,
    "usage": 12736,
    "rank": 179
  },
  "2023-06": {
    "name": "Decidueye",
    "percent": 0.49228,
    "usage": 8277,
    "rank": 224
  },
  "2023-07": {
    "name": "Decidueye",
    "percent": 0.5085,
    "usage": 8230,
    "rank": 226
  },
  "2023-08": {
    "name": "Decidueye",
    "percent": 0.53189,
    "usage": 9786,
    "rank": 219
  },
  "2023-09": {
    "name": "Decidueye",
    "percent": 0.45081,
    "usage": 7730,
    "rank": 243
  },
  "2023-09-DLC1": {
    "name": "Decidueye",
    "percent": 0.44719,
    "usage": 3816,
    "rank": 244
  },
  "2023-10": {
    "name": "Decidueye",
    "percent": 0.4592,
    "usage": 7240,
    "rank": 251
  },
  "2023-11": {
    "name": "Decidueye",
    "percent": 0.55334,
    "usage": 7483,
    "rank": 224
  },
  "2023-12": {
    "name": "Decidueye",
    "percent": 0.45998,
    "usage": 5882,
    "rank": 242
  },
  "2023-12-DLC2": {
    "name": "Decidueye",
    "percent": 0.4713,
    "usage": 2582,
    "rank": 235
  },
  "2024-01": {
    "name": "Decidueye",
    "percent": 0.4541,
    "usage": 5605,
    "rank": 243
  },
  "2024-02": {
    "name": "Decidueye",
    "percent": 0.46043,
    "usage": 5962,
    "rank": 228
  },
  "2024-03": {
    "name": "Decidueye",
    "percent": 0.45162,
    "usage": 6078,
    "rank": 240
  },
  "2024-04": {
    "name": "Decidueye",
    "percent": 0.44439,
    "usage": 5404,
    "rank": 246
  },
  "2024-05": {
    "name": "Decidueye",
    "percent": 0.40141,
    "usage": 2401,
    "rank": 257
  },
  "2024-06": {
    "name": "Decidueye",
    "percent": 0.34243,
    "usage": 4468,
    "rank": 265
  }
}