{
  "2022-11": {
    "name": "Weavile",
    "percent": 0.20233,
    "usage": 634,
    "rank": 144
  },
  "2022-12": {
    "name": "Weavile",
    "percent": 0.15522,
    "usage": 730,
    "rank": 163
  },
  "2023-01": {
    "name": "Weavile",
    "percent": 0.19236,
    "usage": 650,
    "rank": 161
  },
  "2023-02": {
    "name": "Weavile",
    "percent": 0.24252,
    "usage": 658,
    "rank": 147
  },
  "2023-03": {
    "name": "Weavile",
    "percent": 0.21842,
    "usage": 614,
    "rank": 146
  },
  "2023-04": {
    "name": "Weavile",
    "percent": 0.08031,
    "usage": 403,
    "rank": 170
  },
  "2023-05": {
    "name": "Weavile",
    "percent": 0.10657,
    "usage": 442,
    "rank": 207
  },
  "2023-06": {
    "name": "Weavile",
    "percent": 0.06126,
    "usage": 431,
    "rank": 237
  },
  "2023-07": {
    "name": "Weavile",
    "percent": 0.06421,
    "usage": 399,
    "rank": 235
  },
  "2023-08": {
    "name": "Weavile",
    "percent": 0.0874,
    "usage": 363,
    "rank": 213
  },
  "2023-09": {
    "name": "Weavile",
    "percent": 0.14158,
    "usage": 634,
    "rank": 229
  },
  "2023-09-DLC1": {
    "name": "Weavile",
    "percent": 0.19697,
    "usage": 451,
    "rank": 211
  },
  "2023-10": {
    "name": "Weavile",
    "percent": 0.2317,
    "usage": 1263,
    "rank": 179
  },
  "2023-11": {
    "name": "Weavile",
    "percent": 0.2862,
    "usage": 1585,
    "rank": 166
  },
  "2023-12": {
    "name": "Weavile",
    "percent": 0.35935,
    "usage": 1895,
    "rank": 160
  },
  "2023-12-DLC2": {
    "name": "Weavile",
    "percent": 0.278,
    "usage": 732,
    "rank": 182
  },
  "2024-01": {
    "name": "Weavile",
    "percent": 0.45928,
    "usage": 2807,
    "rank": 147
  },
  "2024-02": {
    "name": "Weavile",
    "percent": 0.36514,
    "usage": 2055,
    "rank": 159
  },
  "2024-03": {
    "name": "Weavile",
    "percent": 0.38862,
    "usage": 2507,
    "rank": 143
  },
  "2024-04": {
    "name": "Weavile",
    "percent": 0.53009,
    "usage": 2814,
    "rank": 125
  },
  "2024-05": {
    "name": "Weavile",
    "percent": 0.57677,
    "usage": 1484,
    "rank": 117
  },
  "2024-06": {
    "name": "Weavile",
    "percent": 0.37785,
    "usage": 2362,
    "rank": 163
  }
}