{
  "2022-11": {
    "name": "Magnezone",
    "percent": 0.00899,
    "usage": 3950,
    "rank": 192
  },
  "2022-12": {
    "name": "Magnezone",
    "percent": 0.07795,
    "usage": 8063,
    "rank": 137
  },
  "2023-01": {
    "name": "Magnezone",
    "percent": 0.3999,
    "usage": 6995,
    "rank": 84
  },
  "2023-02": {
    "name": "Magnezone",
    "percent": 0.22583,
    "usage": 7471,
    "rank": 110
  },
  "2023-03": {
    "name": "Magnezone",
    "percent": 0.15311,
    "usage": 6219,
    "rank": 114
  },
  "2023-04": {
    "name": "Magnezone",
    "percent": 0.08645,
    "usage": 6236,
    "rank": 131
  },
  "2023-05": {
    "name": "Magnezone",
    "percent": 0.24428,
    "usage": 7181,
    "rank": 116
  },
  "2023-06": {
    "name": "Magnezone",
    "percent": 0.06963,
    "usage": 4044,
    "rank": 180
  },
  "2023-07": {
    "name": "Magnezone",
    "percent": 0.06181,
    "usage": 4322,
    "rank": 189
  },
  "2023-08": {
    "name": "Magnezone",
    "percent": 0.24602,
    "usage": 5415,
    "rank": 121
  },
  "2023-09": {
    "name": "Magnezone",
    "percent": 0.064,
    "usage": 5240,
    "rank": 222
  },
  "2023-09-DLC1": {
    "name": "Magnezone",
    "percent": 0.06431,
    "usage": 2599,
    "rank": 218
  },
  "2023-10": {
    "name": "Magnezone",
    "percent": 0.04765,
    "usage": 4408,
    "rank": 228
  },
  "2023-11": {
    "name": "Magnezone",
    "percent": 0.07259,
    "usage": 3364,
    "rank": 186
  },
  "2023-12": {
    "name": "Magnezone",
    "percent": 0.03875,
    "usage": 2259,
    "rank": 268
  },
  "2023-12-DLC2": {
    "name": "Magnezone",
    "percent": 0.03743,
    "usage": 900,
    "rank": 266
  },
  "2024-01": {
    "name": "Magnezone",
    "percent": 0.01721,
    "usage": 2657,
    "rank": 316
  },
  "2024-02": {
    "name": "Magnezone",
    "percent": 0.2494,
    "usage": 3172,
    "rank": 124
  },
  "2024-03": {
    "name": "Magnezone",
    "percent": 0.01943,
    "usage": 2889,
    "rank": 311
  },
  "2024-04": {
    "name": "Magnezone",
    "percent": 0.01427,
    "usage": 4049,
    "rank": 312
  },
  "2024-05": {
    "name": "Magnezone",
    "percent": 0.02691,
    "usage": 1490,
    "rank": 245
  },
  "2024-06": {
    "name": "Magnezone",
    "percent": 0.03255,
    "usage": 2089,
    "rank": 231
  }
}