{
  "2023-05": {
    "name": "Rillaboom",
    "percent": 0.47101,
    "usage": 16073,
    "rank": 100
  },
  "2023-06": {
    "name": "Rillaboom",
    "percent": 2.46563,
    "usage": 137792,
    "rank": 56
  },
  "2023-07": {
    "name": "Rillaboom",
    "percent": 3.04852,
    "usage": 60819,
    "rank": 45
  },
  "2023-08": {
    "name": "Rillaboom",
    "percent": 2.75479,
    "usage": 61615,
    "rank": 46
  },
  "2023-09": {
    "name": "Rillaboom",
    "percent": 6.69448,
    "usage": 161554,
    "rank": 32
  },
  "2023-09-DLC1": {
    "name": "Rillaboom",
    "percent": 8.09079,
    "usage": 114462,
    "rank": 22
  },
  "2023-10": {
    "name": "Rillaboom",
    "percent": 15.03129,
    "usage": 330350,
    "rank": 12
  },
  "2023-11": {
    "name": "Rillaboom",
    "percent": 18.84435,
    "usage": 382626,
    "rank": 7
  },
  "2023-12": {
    "name": "Rillaboom",
    "percent": 12.02047,
    "usage": 334011,
    "rank": 10
  },
  "2023-12-DLC2": {
    "name": "Rillaboom",
    "percent": 10.82122,
    "usage": 161272,
    "rank": 16
  },
  "2024-01": {
    "name": "Rillaboom",
    "percent": 9.47767,
    "usage": 289301,
    "rank": 20
  },
  "2024-02": {
    "name": "Rillaboom",
    "percent": 9.84531,
    "usage": 243698,
    "rank": 20
  },
  "2024-03": {
    "name": "Rillaboom",
    "percent": 10.63873,
    "usage": 262022,
    "rank": 20
  },
  "2024-04": {
    "name": "Rillaboom",
    "percent": 7.02307,
    "usage": 198838,
    "rank": 29
  },
  "2024-05": {
    "name": "Rillaboom",
    "percent": 7.50768,
    "usage": 90222,
    "rank": 27
  },
  "2024-06": {
    "name": "Rillaboom",
    "percent": 7.07522,
    "usage": 165720,
    "rank": 29
  }
}