{
  "2022-11": {
    "name": "Bouffalant",
    "percent": 0.00072,
    "usage": 442,
    "rank": 492
  },
  "2022-12": {
    "name": "Bouffalant",
    "percent": 0.00111,
    "usage": 1399,
    "rank": 484
  },
  "2023-01": {
    "name": "Bouffalant",
    "percent": 0.00106,
    "usage": 1539,
    "rank": 518
  },
  "2023-02": {
    "name": "Bouffalant",
    "percent": 0.11012,
    "usage": 1601,
    "rank": 240
  },
  "2023-03": {
    "name": "Bouffalant",
    "percent": 0.00343,
    "usage": 1779,
    "rank": 519
  },
  "2023-04": {
    "name": "Bouffalant",
    "percent": 0.00723,
    "usage": 1811,
    "rank": 463
  },
  "2023-05": {
    "name": "Bouffalant",
    "percent": 0.00335,
    "usage": 2251,
    "rank": 540
  },
  "2023-06": {
    "name": "Bouffalant",
    "percent": 0.00162,
    "usage": 1624,
    "rank": 558
  },
  "2023-07": {
    "name": "Bouffalant",
    "percent": 0.00187,
    "usage": 2287,
    "rank": 575
  },
  "2023-08": {
    "name": "Bouffalant",
    "percent": 0.00206,
    "usage": 1983,
    "rank": 574
  },
  "2023-09": {
    "name": "Bouffalant",
    "percent": 0.00334,
    "usage": 1617,
    "rank": 516
  },
  "2023-09-DLC1": {
    "name": "Bouffalant",
    "percent": 0.00173,
    "usage": 824,
    "rank": 534
  },
  "2023-10": {
    "name": "Bouffalant",
    "percent": 0.00165,
    "usage": 2175,
    "rank": 591
  },
  "2023-11": {
    "name": "Bouffalant",
    "percent": 0.00095,
    "usage": 1970,
    "rank": 606
  },
  "2023-12": {
    "name": "Bouffalant",
    "percent": 0.02216,
    "usage": 1706,
    "rank": 333
  },
  "2023-12-DLC2": {
    "name": "Bouffalant",
    "percent": 0.00222,
    "usage": 544,
    "rank": 475
  },
  "2024-01": {
    "name": "Bouffalant",
    "percent": 0.00822,
    "usage": 1339,
    "rank": 405
  },
  "2024-02": {
    "name": "Bouffalant",
    "percent": 0.00615,
    "usage": 2648,
    "rank": 440
  },
  "2024-03": {
    "name": "Bouffalant",
    "percent": 0.09915,
    "usage": 2245,
    "rank": 227
  },
  "2024-04": {
    "name": "Bouffalant",
    "percent": 0.00136,
    "usage": 1859,
    "rank": 562
  },
  "2024-05": {
    "name": "Bouffalant",
    "percent": 0.00122,
    "usage": 691,
    "rank": 552
  },
  "2024-06": {
    "name": "Bouffalant",
    "percent": 0.03773,
    "usage": 1205,
    "rank": 267
  }
}