{
  "2022-11": {
    "name": "Dondozo",
    "percent": 2.79794,
    "usage": 15934,
    "rank": 52
  },
  "2022-12": {
    "name": "Dondozo",
    "percent": 3.46722,
    "usage": 36816,
    "rank": 45
  },
  "2023-01": {
    "name": "Dondozo",
    "percent": 4.09638,
    "usage": 32248,
    "rank": 44
  },
  "2023-02": {
    "name": "Dondozo",
    "percent": 4.65687,
    "usage": 25482,
    "rank": 41
  },
  "2023-03": {
    "name": "Dondozo",
    "percent": 4.69691,
    "usage": 23778,
    "rank": 38
  },
  "2023-04": {
    "name": "Dondozo",
    "percent": 4.23382,
    "usage": 17417,
    "rank": 45
  },
  "2023-05": {
    "name": "Dondozo",
    "percent": 3.84829,
    "usage": 15968,
    "rank": 46
  },
  "2023-06": {
    "name": "Dondozo",
    "percent": 2.92604,
    "usage": 11555,
    "rank": 61
  },
  "2023-07": {
    "name": "Dondozo",
    "percent": 3.20193,
    "usage": 13355,
    "rank": 59
  },
  "2023-08": {
    "name": "Dondozo",
    "percent": 3.07295,
    "usage": 12309,
    "rank": 58
  },
  "2023-09": {
    "name": "Dondozo",
    "percent": 2.9526,
    "usage": 13533,
    "rank": 57
  },
  "2023-09-DLC1": {
    "name": "Dondozo",
    "percent": 2.70128,
    "usage": 6965,
    "rank": 61
  },
  "2023-10": {
    "name": "Dondozo",
    "percent": 3.0751,
    "usage": 15698,
    "rank": 57
  },
  "2023-11": {
    "name": "Dondozo",
    "percent": 3.16415,
    "usage": 12243,
    "rank": 52
  },
  "2023-12": {
    "name": "Dondozo",
    "percent": 1.97608,
    "usage": 7207,
    "rank": 78
  },
  "2023-12-DLC2": {
    "name": "Dondozo",
    "percent": 1.87227,
    "usage": 3118,
    "rank": 88
  },
  "2024-01": {
    "name": "Dondozo",
    "percent": 2.12057,
    "usage": 9859,
    "rank": 75
  },
  "2024-02": {
    "name": "Dondozo",
    "percent": 2.42571,
    "usage": 8936,
    "rank": 65
  },
  "2024-03": {
    "name": "Dondozo",
    "percent": 2.31889,
    "usage": 8915,
    "rank": 72
  },
  "2024-04": {
    "name": "Dondozo",
    "percent": 2.48659,
    "usage": 8667,
    "rank": 66
  },
  "2024-05": {
    "name": "Dondozo",
    "percent": 2.48501,
    "usage": 3804,
    "rank": 66
  },
  "2024-06": {
    "name": "Dondozo",
    "percent": 2.00047,
    "usage": 6391,
    "rank": 77
  }
}