{
  "2022-11": {
    "name": "Dondozo",
    "percent": 2.20437,
    "usage": 15934,
    "rank": 53
  },
  "2022-12": {
    "name": "Dondozo",
    "percent": 4.52271,
    "usage": 36816,
    "rank": 37
  },
  "2023-01": {
    "name": "Dondozo",
    "percent": 4.21183,
    "usage": 32248,
    "rank": 43
  },
  "2023-02": {
    "name": "Dondozo",
    "percent": 7.86105,
    "usage": 25482,
    "rank": 26
  },
  "2023-03": {
    "name": "Dondozo",
    "percent": 7.64421,
    "usage": 23778,
    "rank": 25
  },
  "2023-04": {
    "name": "Dondozo",
    "percent": 5.33776,
    "usage": 17417,
    "rank": 29
  },
  "2023-05": {
    "name": "Dondozo",
    "percent": 3.48888,
    "usage": 15968,
    "rank": 42
  },
  "2023-06": {
    "name": "Dondozo",
    "percent": 4.00857,
    "usage": 11555,
    "rank": 32
  },
  "2023-07": {
    "name": "Dondozo",
    "percent": 3.73915,
    "usage": 13355,
    "rank": 35
  },
  "2023-08": {
    "name": "Dondozo",
    "percent": 4.3968,
    "usage": 12309,
    "rank": 28
  },
  "2023-09": {
    "name": "Dondozo",
    "percent": 4.15016,
    "usage": 13533,
    "rank": 29
  },
  "2023-09-DLC1": {
    "name": "Dondozo",
    "percent": 3.85462,
    "usage": 6965,
    "rank": 31
  },
  "2023-10": {
    "name": "Dondozo",
    "percent": 3.88892,
    "usage": 15698,
    "rank": 31
  },
  "2023-11": {
    "name": "Dondozo",
    "percent": 4.54249,
    "usage": 12243,
    "rank": 29
  },
  "2023-12": {
    "name": "Dondozo",
    "percent": 2.95161,
    "usage": 7207,
    "rank": 41
  },
  "2023-12-DLC2": {
    "name": "Dondozo",
    "percent": 3.08786,
    "usage": 3118,
    "rank": 40
  },
  "2024-01": {
    "name": "Dondozo",
    "percent": 2.59686,
    "usage": 9859,
    "rank": 51
  },
  "2024-02": {
    "name": "Dondozo",
    "percent": 3.19999,
    "usage": 8936,
    "rank": 37
  },
  "2024-03": {
    "name": "Dondozo",
    "percent": 3.44479,
    "usage": 8915,
    "rank": 34
  },
  "2024-04": {
    "name": "Dondozo",
    "percent": 3.97406,
    "usage": 8667,
    "rank": 30
  },
  "2024-05": {
    "name": "Dondozo",
    "percent": 3.3175,
    "usage": 3804,
    "rank": 35
  },
  "2024-06": {
    "name": "Dondozo",
    "percent": 2.46764,
    "usage": 6391,
    "rank": 53
  }
}