{
  "2022-11": {
    "name": "Breloom",
    "percent": 2.73226,
    "usage": 15805,
    "rank": 54
  },
  "2022-12": {
    "name": "Breloom",
    "percent": 5.25797,
    "usage": 57424,
    "rank": 31
  },
  "2023-01": {
    "name": "Breloom",
    "percent": 7.30909,
    "usage": 59007,
    "rank": 25
  },
  "2023-02": {
    "name": "Breloom",
    "percent": 7.60191,
    "usage": 44144,
    "rank": 23
  },
  "2023-03": {
    "name": "Breloom",
    "percent": 7.23676,
    "usage": 40207,
    "rank": 27
  },
  "2023-04": {
    "name": "Breloom",
    "percent": 7.19095,
    "usage": 33966,
    "rank": 25
  },
  "2023-05": {
    "name": "Breloom",
    "percent": 6.69783,
    "usage": 31182,
    "rank": 25
  },
  "2023-06": {
    "name": "Breloom",
    "percent": 4.34221,
    "usage": 20551,
    "rank": 38
  },
  "2023-07": {
    "name": "Breloom",
    "percent": 3.6432,
    "usage": 16755,
    "rank": 47
  },
  "2023-08": {
    "name": "Breloom",
    "percent": 3.67045,
    "usage": 17610,
    "rank": 45
  },
  "2023-09": {
    "name": "Breloom",
    "percent": 2.74264,
    "usage": 15537,
    "rank": 62
  },
  "2023-09-DLC1": {
    "name": "Breloom",
    "percent": 2.41681,
    "usage": 7848,
    "rank": 75
  },
  "2023-10": {
    "name": "Breloom",
    "percent": 2.79578,
    "usage": 17277,
    "rank": 61
  },
  "2023-11": {
    "name": "Breloom",
    "percent": 3.35419,
    "usage": 16632,
    "rank": 45
  },
  "2023-12": {
    "name": "Breloom",
    "percent": 2.73618,
    "usage": 11779,
    "rank": 58
  },
  "2023-12-DLC2": {
    "name": "Breloom",
    "percent": 2.47523,
    "usage": 4937,
    "rank": 68
  },
  "2024-01": {
    "name": "Breloom",
    "percent": 2.30764,
    "usage": 11346,
    "rank": 73
  },
  "2024-02": {
    "name": "Breloom",
    "percent": 2.32699,
    "usage": 10643,
    "rank": 68
  },
  "2024-03": {
    "name": "Breloom",
    "percent": 2.43528,
    "usage": 11573,
    "rank": 65
  },
  "2024-04": {
    "name": "Breloom",
    "percent": 1.96061,
    "usage": 8796,
    "rank": 81
  },
  "2024-05": {
    "name": "Breloom",
    "percent": 1.94637,
    "usage": 4130,
    "rank": 81
  },
  "2024-06": {
    "name": "Breloom",
    "percent": 1.68966,
    "usage": 6169,
    "rank": 96
  }
}