{
  "2022-11": {
    "name": "Pyroar",
    "percent": 0.01514,
    "usage": 658,
    "rank": 448
  },
  "2022-12": {
    "name": "Pyroar",
    "percent": 0.0015,
    "usage": 2052,
    "rank": 595
  },
  "2023-01": {
    "name": "Pyroar",
    "percent": 0.02661,
    "usage": 1999,
    "rank": 407
  },
  "2023-02": {
    "name": "Pyroar",
    "percent": 0.02635,
    "usage": 2556,
    "rank": 430
  },
  "2023-03": {
    "name": "Pyroar",
    "percent": 0.007,
    "usage": 2542,
    "rank": 559
  },
  "2023-04": {
    "name": "Pyroar",
    "percent": 0.01698,
    "usage": 1955,
    "rank": 475
  },
  "2023-05": {
    "name": "Pyroar",
    "percent": 0.01775,
    "usage": 2267,
    "rank": 470
  },
  "2023-06": {
    "name": "Pyroar",
    "percent": 0.01434,
    "usage": 1769,
    "rank": 463
  },
  "2023-07": {
    "name": "Pyroar",
    "percent": 0.00759,
    "usage": 2263,
    "rank": 546
  },
  "2023-08": {
    "name": "Pyroar",
    "percent": 0.00811,
    "usage": 2808,
    "rank": 538
  },
  "2023-09": {
    "name": "Pyroar",
    "percent": 0.01415,
    "usage": 1958,
    "rank": 477
  },
  "2023-09-DLC1": {
    "name": "Pyroar",
    "percent": 0.01926,
    "usage": 915,
    "rank": 428
  },
  "2023-10": {
    "name": "Pyroar",
    "percent": 0.00516,
    "usage": 2097,
    "rank": 587
  },
  "2023-11": {
    "name": "Pyroar",
    "percent": 0.00597,
    "usage": 1469,
    "rank": 571
  },
  "2023-12": {
    "name": "Pyroar",
    "percent": 0.00653,
    "usage": 1537,
    "rank": 575
  },
  "2023-12-DLC2": {
    "name": "Pyroar",
    "percent": 0.0069,
    "usage": 639,
    "rank": 520
  },
  "2024-01": {
    "name": "Pyroar",
    "percent": 0.0064,
    "usage": 1209,
    "rank": 560
  },
  "2024-02": {
    "name": "Pyroar",
    "percent": 0.00276,
    "usage": 936,
    "rank": 633
  },
  "2024-03": {
    "name": "Pyroar",
    "percent": 0.01033,
    "usage": 1236,
    "rank": 531
  },
  "2024-04": {
    "name": "Pyroar",
    "percent": 0.11229,
    "usage": 1680,
    "rank": 259
  },
  "2024-05": {
    "name": "Pyroar",
    "percent": 0.10113,
    "usage": 715,
    "rank": 265
  },
  "2024-06": {
    "name": "Pyroar",
    "percent": 0.06041,
    "usage": 1720,
    "rank": 303
  }
}