{
  "2022-11": {
    "name": "Mismagius",
    "percent": 0.34068,
    "usage": 2144,
    "rank": 315
  },
  "2022-12": {
    "name": "Mismagius",
    "percent": 0.3654,
    "usage": 4770,
    "rank": 299
  },
  "2023-01": {
    "name": "Mismagius",
    "percent": 0.33265,
    "usage": 4868,
    "rank": 292
  },
  "2023-02": {
    "name": "Mismagius",
    "percent": 0.28863,
    "usage": 5076,
    "rank": 319
  },
  "2023-03": {
    "name": "Mismagius",
    "percent": 0.23491,
    "usage": 5679,
    "rank": 321
  },
  "2023-04": {
    "name": "Mismagius",
    "percent": 0.13768,
    "usage": 5218,
    "rank": 356
  },
  "2023-05": {
    "name": "Mismagius",
    "percent": 0.1416,
    "usage": 5927,
    "rank": 339
  },
  "2023-06": {
    "name": "Mismagius",
    "percent": 0.12041,
    "usage": 5116,
    "rank": 350
  },
  "2023-07": {
    "name": "Mismagius",
    "percent": 0.14836,
    "usage": 5309,
    "rank": 330
  },
  "2023-08": {
    "name": "Mismagius",
    "percent": 0.1073,
    "usage": 5114,
    "rank": 366
  },
  "2023-09": {
    "name": "Mismagius",
    "percent": 0.09918,
    "usage": 4447,
    "rank": 379
  },
  "2023-09-DLC1": {
    "name": "Mismagius",
    "percent": 0.10412,
    "usage": 2261,
    "rank": 367
  },
  "2023-10": {
    "name": "Mismagius",
    "percent": 0.13308,
    "usage": 5463,
    "rank": 354
  },
  "2023-11": {
    "name": "Mismagius",
    "percent": 0.1217,
    "usage": 3853,
    "rank": 373
  },
  "2023-12": {
    "name": "Mismagius",
    "percent": 0.10109,
    "usage": 3696,
    "rank": 389
  },
  "2023-12-DLC2": {
    "name": "Mismagius",
    "percent": 0.09939,
    "usage": 1455,
    "rank": 375
  },
  "2024-01": {
    "name": "Mismagius",
    "percent": 0.073,
    "usage": 3365,
    "rank": 415
  },
  "2024-02": {
    "name": "Mismagius",
    "percent": 0.08433,
    "usage": 3709,
    "rank": 385
  },
  "2024-03": {
    "name": "Mismagius",
    "percent": 0.09773,
    "usage": 4114,
    "rank": 375
  },
  "2024-04": {
    "name": "Mismagius",
    "percent": 0.06606,
    "usage": 3645,
    "rank": 439
  },
  "2024-05": {
    "name": "Mismagius",
    "percent": 0.04705,
    "usage": 1444,
    "rank": 470
  },
  "2024-06": {
    "name": "Mismagius",
    "percent": 0.07386,
    "usage": 3511,
    "rank": 378
  }
}