{
  "2023-12": {
    "name": "Gouging Fire",
    "percent": 11.53246,
    "usage": 425947,
    "rank": 12
  },
  "2023-12-DLC2": {
    "name": "Gouging Fire",
    "percent": 14.63397,
    "usage": 330332,
    "rank": 9
  },
  "2024-01": {
    "name": "Gouging Fire",
    "percent": 9.97726,
    "usage": 362166,
    "rank": 17
  },
  "2024-02": {
    "name": "Gouging Fire",
    "percent": 10.80816,
    "usage": 273133,
    "rank": 18
  },
  "2024-03": {
    "name": "Gouging Fire",
    "percent": 14.14707,
    "usage": 326914,
    "rank": 13
  },
  "2024-04": {
    "name": "Gouging Fire",
    "percent": 11.46872,
    "usage": 209255,
    "rank": 18
  },
  "2024-05": {
    "name": "Gouging Fire",
    "percent": 10.35423,
    "usage": 78041,
    "rank": 21
  },
  "2024-06": {
    "name": "Gouging Fire",
    "percent": 9.92026,
    "usage": 149525,
    "rank": 22
  }
}