{
  "2022-11": {
    "name": "Jolteon",
    "percent": 0.514,
    "usage": 27180,
    "rank": 120
  },
  "2022-12": {
    "name": "Jolteon",
    "percent": 0.53412,
    "usage": 38176,
    "rank": 106
  },
  "2023-01": {
    "name": "Jolteon",
    "percent": 0.52847,
    "usage": 24869,
    "rank": 108
  },
  "2023-02": {
    "name": "Jolteon",
    "percent": 0.44993,
    "usage": 15225,
    "rank": 113
  },
  "2023-03": {
    "name": "Jolteon",
    "percent": 0.39593,
    "usage": 15542,
    "rank": 106
  },
  "2023-04": {
    "name": "Jolteon",
    "percent": 0.30352,
    "usage": 15071,
    "rank": 114
  },
  "2023-05": {
    "name": "Jolteon",
    "percent": 0.35103,
    "usage": 15508,
    "rank": 135
  },
  "2023-06": {
    "name": "Jolteon",
    "percent": 0.23719,
    "usage": 16625,
    "rank": 140
  },
  "2023-07": {
    "name": "Jolteon",
    "percent": 0.21816,
    "usage": 11330,
    "rank": 144
  },
  "2023-08": {
    "name": "Jolteon",
    "percent": 0.32577,
    "usage": 13976,
    "rank": 123
  },
  "2023-09": {
    "name": "Jolteon",
    "percent": 0.2095,
    "usage": 15967,
    "rank": 172
  },
  "2023-09-DLC1": {
    "name": "Jolteon",
    "percent": 0.19002,
    "usage": 9191,
    "rank": 170
  },
  "2023-10": {
    "name": "Jolteon",
    "percent": 0.32741,
    "usage": 20028,
    "rank": 131
  },
  "2023-11": {
    "name": "Jolteon",
    "percent": 0.35774,
    "usage": 17001,
    "rank": 130
  },
  "2023-12": {
    "name": "Jolteon",
    "percent": 0.28769,
    "usage": 19366,
    "rank": 160
  },
  "2023-12-DLC2": {
    "name": "Jolteon",
    "percent": 0.22688,
    "usage": 8963,
    "rank": 173
  },
  "2024-01": {
    "name": "Jolteon",
    "percent": 0.24789,
    "usage": 17877,
    "rank": 161
  },
  "2024-02": {
    "name": "Jolteon",
    "percent": 0.28555,
    "usage": 15997,
    "rank": 155
  },
  "2024-03": {
    "name": "Jolteon",
    "percent": 0.21569,
    "usage": 13784,
    "rank": 176
  },
  "2024-04": {
    "name": "Jolteon",
    "percent": 0.24178,
    "usage": 12420,
    "rank": 173
  },
  "2024-05": {
    "name": "Jolteon",
    "percent": 0.39482,
    "usage": 7821,
    "rank": 151
  },
  "2024-06": {
    "name": "Jolteon",
    "percent": 0.38585,
    "usage": 18252,
    "rank": 144
  }
}