{
  "2022-11": {
    "name": "Jolteon",
    "percent": 0.23657,
    "usage": 27180,
    "rank": 125
  },
  "2022-12": {
    "name": "Jolteon",
    "percent": 0.03428,
    "usage": 38176,
    "rank": 146
  },
  "2023-01": {
    "name": "Jolteon",
    "percent": 0.01956,
    "usage": 24869,
    "rank": 167
  },
  "2023-02": {
    "name": "Jolteon",
    "percent": 0.09918,
    "usage": 15225,
    "rank": 114
  },
  "2023-03": {
    "name": "Jolteon",
    "percent": 0.04054,
    "usage": 15542,
    "rank": 149
  },
  "2023-04": {
    "name": "Jolteon",
    "percent": 0.05719,
    "usage": 15071,
    "rank": 138
  },
  "2023-05": {
    "name": "Jolteon",
    "percent": 0.0982,
    "usage": 15508,
    "rank": 158
  },
  "2023-06": {
    "name": "Jolteon",
    "percent": 0.02645,
    "usage": 16625,
    "rank": 193
  },
  "2023-07": {
    "name": "Jolteon",
    "percent": 0.01653,
    "usage": 11330,
    "rank": 201
  },
  "2023-08": {
    "name": "Jolteon",
    "percent": 0.04806,
    "usage": 13976,
    "rank": 162
  },
  "2023-09": {
    "name": "Jolteon",
    "percent": 0.07106,
    "usage": 15967,
    "rank": 181
  },
  "2023-09-DLC1": {
    "name": "Jolteon",
    "percent": 0.08846,
    "usage": 9191,
    "rank": 166
  },
  "2023-10": {
    "name": "Jolteon",
    "percent": 0.02841,
    "usage": 20028,
    "rank": 210
  },
  "2023-11": {
    "name": "Jolteon",
    "percent": 0.07169,
    "usage": 17001,
    "rank": 164
  },
  "2023-12": {
    "name": "Jolteon",
    "percent": 0.12914,
    "usage": 19366,
    "rank": 169
  },
  "2023-12-DLC2": {
    "name": "Jolteon",
    "percent": 0.06213,
    "usage": 8963,
    "rank": 196
  },
  "2024-01": {
    "name": "Jolteon",
    "percent": 0.05444,
    "usage": 17877,
    "rank": 201
  },
  "2024-02": {
    "name": "Jolteon",
    "percent": 0.08229,
    "usage": 15997,
    "rank": 171
  },
  "2024-03": {
    "name": "Jolteon",
    "percent": 0.03322,
    "usage": 13784,
    "rank": 229
  },
  "2024-04": {
    "name": "Jolteon",
    "percent": 0.16021,
    "usage": 12420,
    "rank": 146
  },
  "2024-05": {
    "name": "Jolteon",
    "percent": 0.12701,
    "usage": 7821,
    "rank": 154
  },
  "2024-06": {
    "name": "Jolteon",
    "percent": 0.11125,
    "usage": 18252,
    "rank": 165
  }
}