{
  "2022-11": {
    "name": "Kabutops",
    "percent": 0.13551,
    "usage": 1182,
    "rank": 288
  },
  "2022-12": {
    "name": "Kabutops",
    "percent": 0.02985,
    "usage": 2590,
    "rank": 402
  },
  "2023-01": {
    "name": "Kabutops",
    "percent": 0.02175,
    "usage": 3099,
    "rank": 422
  },
  "2023-02": {
    "name": "Kabutops",
    "percent": 0.03013,
    "usage": 3056,
    "rank": 421
  },
  "2023-03": {
    "name": "Kabutops",
    "percent": 0.02234,
    "usage": 3802,
    "rank": 425
  },
  "2023-04": {
    "name": "Kabutops",
    "percent": 0.03069,
    "usage": 3306,
    "rank": 404
  },
  "2023-05": {
    "name": "Kabutops",
    "percent": 0.02487,
    "usage": 3165,
    "rank": 436
  },
  "2023-06": {
    "name": "Kabutops",
    "percent": 0.02975,
    "usage": 3923,
    "rank": 394
  },
  "2023-07": {
    "name": "Kabutops",
    "percent": 0.02411,
    "usage": 2882,
    "rank": 421
  },
  "2023-08": {
    "name": "Kabutops",
    "percent": 0.01794,
    "usage": 2812,
    "rank": 461
  },
  "2023-09": {
    "name": "Kabutops",
    "percent": 0.02457,
    "usage": 3066,
    "rank": 412
  },
  "2023-09-DLC1": {
    "name": "Kabutops",
    "percent": 0.01726,
    "usage": 1534,
    "rank": 442
  },
  "2023-10": {
    "name": "Kabutops",
    "percent": 0.02492,
    "usage": 3060,
    "rank": 430
  },
  "2023-11": {
    "name": "Kabutops",
    "percent": 0.0215,
    "usage": 2598,
    "rank": 442
  },
  "2023-12": {
    "name": "Kabutops",
    "percent": 0.03362,
    "usage": 2478,
    "rank": 392
  },
  "2023-12-DLC2": {
    "name": "Kabutops",
    "percent": 0.01317,
    "usage": 1156,
    "rank": 461
  },
  "2024-01": {
    "name": "Kabutops",
    "percent": 0.05988,
    "usage": 2682,
    "rank": 311
  },
  "2024-02": {
    "name": "Kabutops",
    "percent": 0.0467,
    "usage": 2896,
    "rank": 353
  },
  "2024-03": {
    "name": "Kabutops",
    "percent": 0.02804,
    "usage": 2677,
    "rank": 420
  },
  "2024-04": {
    "name": "Kabutops",
    "percent": 0.05533,
    "usage": 2708,
    "rank": 326
  },
  "2024-05": {
    "name": "Kabutops",
    "percent": 0.02702,
    "usage": 1503,
    "rank": 393
  },
  "2024-06": {
    "name": "Kabutops",
    "percent": 0.01441,
    "usage": 1874,
    "rank": 449
  }
}