{
  "2022-11": {
    "name": "Orthworm",
    "percent": 1.7339,
    "usage": 10248,
    "rank": 97
  },
  "2022-12": {
    "name": "Orthworm",
    "percent": 1.29972,
    "usage": 15972,
    "rank": 120
  },
  "2023-01": {
    "name": "Orthworm",
    "percent": 1.42924,
    "usage": 19407,
    "rank": 109
  },
  "2023-02": {
    "name": "Orthworm",
    "percent": 4.91286,
    "usage": 76668,
    "rank": 34
  },
  "2023-03": {
    "name": "Orthworm",
    "percent": 2.73382,
    "usage": 48216,
    "rank": 50
  },
  "2023-04": {
    "name": "Orthworm",
    "percent": 1.6344,
    "usage": 28767,
    "rank": 89
  },
  "2023-05": {
    "name": "Orthworm",
    "percent": 0.2103,
    "usage": 3925,
    "rank": 372
  },
  "2023-06": {
    "name": "Orthworm",
    "percent": 0.15957,
    "usage": 2683,
    "rank": 412
  },
  "2023-07": {
    "name": "Orthworm",
    "percent": 0.17788,
    "usage": 2879,
    "rank": 399
  },
  "2023-08": {
    "name": "Orthworm",
    "percent": 0.13501,
    "usage": 2484,
    "rank": 451
  },
  "2023-09": {
    "name": "Orthworm",
    "percent": 0.13309,
    "usage": 2282,
    "rank": 457
  },
  "2023-09-DLC1": {
    "name": "Orthworm",
    "percent": 0.12809,
    "usage": 1093,
    "rank": 461
  },
  "2023-10": {
    "name": "Orthworm",
    "percent": 0.16592,
    "usage": 2616,
    "rank": 430
  },
  "2023-11": {
    "name": "Orthworm",
    "percent": 0.15861,
    "usage": 2145,
    "rank": 449
  },
  "2023-12": {
    "name": "Orthworm",
    "percent": 0.17103,
    "usage": 2187,
    "rank": 424
  },
  "2023-12-DLC2": {
    "name": "Orthworm",
    "percent": 0.1964,
    "usage": 1076,
    "rank": 381
  },
  "2024-01": {
    "name": "Orthworm",
    "percent": 0.14988,
    "usage": 1850,
    "rank": 440
  },
  "2024-02": {
    "name": "Orthworm",
    "percent": 0.12295,
    "usage": 1592,
    "rank": 470
  },
  "2024-03": {
    "name": "Orthworm",
    "percent": 0.1706,
    "usage": 2296,
    "rank": 410
  },
  "2024-04": {
    "name": "Orthworm",
    "percent": 0.13881,
    "usage": 1688,
    "rank": 466
  },
  "2024-05": {
    "name": "Orthworm",
    "percent": 0.17137,
    "usage": 1025,
    "rank": 406
  },
  "2024-06": {
    "name": "Orthworm",
    "percent": 0.12017,
    "usage": 1568,
    "rank": 454
  }
}