{
  "2022-11": {
    "name": "Torkoal",
    "percent": 2.70357,
    "usage": 9809,
    "rank": 48
  },
  "2022-12": {
    "name": "Torkoal",
    "percent": 1.96831,
    "usage": 22481,
    "rank": 58
  },
  "2023-01": {
    "name": "Torkoal",
    "percent": 3.09374,
    "usage": 18106,
    "rank": 45
  },
  "2023-02": {
    "name": "Torkoal",
    "percent": 1.57352,
    "usage": 11170,
    "rank": 65
  },
  "2023-03": {
    "name": "Torkoal",
    "percent": 2.89325,
    "usage": 21010,
    "rank": 52
  },
  "2023-04": {
    "name": "Torkoal",
    "percent": 2.19525,
    "usage": 14087,
    "rank": 60
  },
  "2023-05": {
    "name": "Torkoal",
    "percent": 1.7493,
    "usage": 11087,
    "rank": 67
  },
  "2023-06": {
    "name": "Torkoal",
    "percent": 0.99395,
    "usage": 8603,
    "rank": 100
  },
  "2023-07": {
    "name": "Torkoal",
    "percent": 0.73723,
    "usage": 7362,
    "rank": 109
  },
  "2023-08": {
    "name": "Torkoal",
    "percent": 0.91753,
    "usage": 8335,
    "rank": 101
  },
  "2023-09": {
    "name": "Torkoal",
    "percent": 1.15929,
    "usage": 9865,
    "rank": 93
  },
  "2023-09-DLC1": {
    "name": "Torkoal",
    "percent": 1.02273,
    "usage": 4853,
    "rank": 108
  },
  "2023-10": {
    "name": "Torkoal",
    "percent": 1.26026,
    "usage": 10325,
    "rank": 89
  },
  "2023-11": {
    "name": "Torkoal",
    "percent": 1.16062,
    "usage": 7331,
    "rank": 95
  },
  "2023-12": {
    "name": "Torkoal",
    "percent": 0.86858,
    "usage": 4797,
    "rank": 116
  },
  "2023-12-DLC2": {
    "name": "Torkoal",
    "percent": 0.87806,
    "usage": 2183,
    "rank": 124
  },
  "2024-01": {
    "name": "Torkoal",
    "percent": 0.87107,
    "usage": 7046,
    "rank": 116
  },
  "2024-02": {
    "name": "Torkoal",
    "percent": 0.62808,
    "usage": 7483,
    "rank": 127
  },
  "2024-03": {
    "name": "Torkoal",
    "percent": 0.68458,
    "usage": 8561,
    "rank": 123
  },
  "2024-04": {
    "name": "Torkoal",
    "percent": 0.67855,
    "usage": 8046,
    "rank": 111
  },
  "2024-05": {
    "name": "Torkoal",
    "percent": 0.77842,
    "usage": 2926,
    "rank": 105
  },
  "2024-06": {
    "name": "Torkoal",
    "percent": 0.70674,
    "usage": 6076,
    "rank": 106
  }
}