{
  "2022-11": {
    "name": "Chien-Pao",
    "percent": 17.98207,
    "usage": 62706,
    "rank": 7
  },
  "2022-12": {
    "name": "Chien-Pao",
    "percent": 30.29381,
    "usage": 73126,
    "rank": 5
  },
  "2023-01": {
    "name": "Chien-Pao",
    "percent": 20.04141,
    "usage": 42156,
    "rank": 11
  },
  "2023-02": {
    "name": "Chien-Pao",
    "percent": 20.57371,
    "usage": 41913,
    "rank": 10
  },
  "2023-03": {
    "name": "Chien-Pao",
    "percent": 19.64321,
    "usage": 45365,
    "rank": 10
  },
  "2023-04": {
    "name": "Chien-Pao",
    "percent": 25.44468,
    "usage": 40989,
    "rank": 6
  },
  "2023-05": {
    "name": "Chien-Pao",
    "percent": 22.61671,
    "usage": 34407,
    "rank": 7
  },
  "2023-06": {
    "name": "Chien-Pao",
    "percent": 4.58213,
    "usage": 21881,
    "rank": 34
  },
  "2023-07": {
    "name": "Chien-Pao",
    "percent": 5.8999,
    "usage": 20411,
    "rank": 25
  },
  "2023-08": {
    "name": "Chien-Pao",
    "percent": 4.86649,
    "usage": 20315,
    "rank": 30
  },
  "2023-09": {
    "name": "Chien-Pao",
    "percent": 6.19375,
    "usage": 20352,
    "rank": 26
  },
  "2023-09-DLC1": {
    "name": "Chien-Pao",
    "percent": 7.01425,
    "usage": 11062,
    "rank": 25
  },
  "2023-10": {
    "name": "Chien-Pao",
    "percent": 3.08221,
    "usage": 21678,
    "rank": 37
  },
  "2023-11": {
    "name": "Chien-Pao",
    "percent": 2.53831,
    "usage": 21062,
    "rank": 38
  },
  "2023-12": {
    "name": "Chien-Pao",
    "percent": 3.09667,
    "usage": 24331,
    "rank": 41
  },
  "2023-12-DLC2": {
    "name": "Chien-Pao",
    "percent": 3.80257,
    "usage": 11695,
    "rank": 34
  },
  "2024-01": {
    "name": "Chien-Pao",
    "percent": 3.33416,
    "usage": 24491,
    "rank": 36
  },
  "2024-02": {
    "name": "Chien-Pao",
    "percent": 3.23345,
    "usage": 20990,
    "rank": 34
  },
  "2024-03": {
    "name": "Chien-Pao",
    "percent": 3.06679,
    "usage": 21366,
    "rank": 36
  },
  "2024-04": {
    "name": "Chien-Pao",
    "percent": 4.64835,
    "usage": 19141,
    "rank": 30
  },
  "2024-05": {
    "name": "Chien-Pao",
    "percent": 2.23194,
    "usage": 8342,
    "rank": 39
  },
  "2024-06": {
    "name": "Chien-Pao",
    "percent": 1.49413,
    "usage": 14982,
    "rank": 47
  }
}