{
  "2022-11": {
    "name": "Braviary",
    "percent": 0.00664,
    "usage": 8185,
    "rank": 181
  },
  "2022-12": {
    "name": "Braviary",
    "percent": 0.00025,
    "usage": 11066,
    "rank": 216
  },
  "2023-01": {
    "name": "Braviary",
    "percent": 0.00722,
    "usage": 6185,
    "rank": 165
  },
  "2023-02": {
    "name": "Braviary",
    "percent": 0.00069,
    "usage": 4371,
    "rank": 207
  },
  "2023-03": {
    "name": "Braviary",
    "percent": 0.00176,
    "usage": 3819,
    "rank": 208
  },
  "2023-04": {
    "name": "Braviary",
    "percent": 0.00609,
    "usage": 3208,
    "rank": 184
  },
  "2023-05": {
    "name": "Braviary",
    "percent": 0.00484,
    "usage": 3635,
    "rank": 239
  },
  "2023-06": {
    "name": "Braviary",
    "percent": 0.00025,
    "usage": 2771,
    "rank": 288
  },
  "2023-07": {
    "name": "Braviary",
    "percent": 0.00184,
    "usage": 1948,
    "rank": 255
  },
  "2023-08": {
    "name": "Braviary",
    "percent": 9e-05,
    "usage": 1988,
    "rank": 310
  },
  "2023-09": {
    "name": "Braviary",
    "percent": 0.00249,
    "usage": 2508,
    "rank": 293
  },
  "2023-09-DLC1": {
    "name": "Braviary",
    "percent": 0.00317,
    "usage": 1612,
    "rank": 266
  },
  "2023-10": {
    "name": "Braviary",
    "percent": 0.00067,
    "usage": 1703,
    "rank": 314
  },
  "2023-11": {
    "name": "Braviary",
    "percent": 0.00045,
    "usage": 2127,
    "rank": 330
  },
  "2023-12": {
    "name": "Braviary",
    "percent": 0.00056,
    "usage": 1685,
    "rank": 397
  },
  "2023-12-DLC2": {
    "name": "Braviary",
    "percent": 0.00014,
    "usage": 659,
    "rank": 417
  },
  "2024-01": {
    "name": "Braviary",
    "percent": 0.00233,
    "usage": 2278,
    "rank": 328
  },
  "2024-02": {
    "name": "Braviary",
    "percent": 0.00015,
    "usage": 1835,
    "rank": 434
  },
  "2024-03": {
    "name": "Braviary",
    "percent": 0.00032,
    "usage": 1962,
    "rank": 399
  },
  "2024-04": {
    "name": "Braviary",
    "percent": 0.00181,
    "usage": 2079,
    "rank": 328
  },
  "2024-05": {
    "name": "Braviary",
    "percent": 0.00017,
    "usage": 934,
    "rank": 399
  },
  "2024-06": {
    "name": "Braviary",
    "percent": 0.00071,
    "usage": 1896,
    "rank": 373
  }
}