{
  "2022-11": {
    "name": "Corviknight",
    "percent": 22.21795,
    "usage": 909501,
    "rank": 6
  },
  "2022-12": {
    "name": "Corviknight",
    "percent": 16.60251,
    "usage": 1296484,
    "rank": 12
  },
  "2023-01": {
    "name": "Corviknight",
    "percent": 17.04236,
    "usage": 743223,
    "rank": 10
  },
  "2023-02": {
    "name": "Corviknight",
    "percent": 16.2017,
    "usage": 491911,
    "rank": 10
  },
  "2023-03": {
    "name": "Corviknight",
    "percent": 17.13906,
    "usage": 529116,
    "rank": 11
  },
  "2023-04": {
    "name": "Corviknight",
    "percent": 18.09591,
    "usage": 448904,
    "rank": 8
  },
  "2023-05": {
    "name": "Corviknight",
    "percent": 17.20047,
    "usage": 482896,
    "rank": 8
  },
  "2023-06": {
    "name": "Corviknight",
    "percent": 9.91826,
    "usage": 519804,
    "rank": 17
  },
  "2023-07": {
    "name": "Corviknight",
    "percent": 8.98495,
    "usage": 355133,
    "rank": 20
  },
  "2023-08": {
    "name": "Corviknight",
    "percent": 9.2104,
    "usage": 320404,
    "rank": 22
  },
  "2023-09": {
    "name": "Corviknight",
    "percent": 8.19234,
    "usage": 414899,
    "rank": 24
  },
  "2023-09-DLC1": {
    "name": "Corviknight",
    "percent": 7.44532,
    "usage": 250920,
    "rank": 26
  },
  "2023-10": {
    "name": "Corviknight",
    "percent": 9.33331,
    "usage": 380536,
    "rank": 21
  },
  "2023-11": {
    "name": "Corviknight",
    "percent": 7.79718,
    "usage": 287370,
    "rank": 26
  },
  "2023-12": {
    "name": "Corviknight",
    "percent": 7.35859,
    "usage": 342606,
    "rank": 29
  },
  "2023-12-DLC2": {
    "name": "Corviknight",
    "percent": 6.67599,
    "usage": 168265,
    "rank": 33
  },
  "2024-01": {
    "name": "Corviknight",
    "percent": 9.87751,
    "usage": 352613,
    "rank": 18
  },
  "2024-02": {
    "name": "Corviknight",
    "percent": 9.30858,
    "usage": 271837,
    "rank": 22
  },
  "2024-03": {
    "name": "Corviknight",
    "percent": 9.20371,
    "usage": 272393,
    "rank": 22
  },
  "2024-04": {
    "name": "Corviknight",
    "percent": 8.5719,
    "usage": 248835,
    "rank": 22
  },
  "2024-05": {
    "name": "Corviknight",
    "percent": 8.75732,
    "usage": 114970,
    "rank": 22
  },
  "2024-06": {
    "name": "Corviknight",
    "percent": 7.78335,
    "usage": 215426,
    "rank": 25
  }
}