{
  "2022-11": {
    "name": "Garchomp",
    "percent": 5.04702,
    "usage": 33541,
    "rank": 31
  },
  "2022-12": {
    "name": "Garchomp",
    "percent": 7.82226,
    "usage": 93316,
    "rank": 21
  },
  "2023-01": {
    "name": "Garchomp",
    "percent": 9.11809,
    "usage": 114436,
    "rank": 15
  },
  "2023-02": {
    "name": "Garchomp",
    "percent": 8.26637,
    "usage": 121394,
    "rank": 24
  },
  "2023-03": {
    "name": "Garchomp",
    "percent": 8.29041,
    "usage": 129748,
    "rank": 20
  },
  "2023-04": {
    "name": "Garchomp",
    "percent": 9.61057,
    "usage": 131086,
    "rank": 17
  },
  "2023-05": {
    "name": "Garchomp",
    "percent": 8.85855,
    "usage": 138444,
    "rank": 18
  },
  "2023-06": {
    "name": "Garchomp",
    "percent": 8.07509,
    "usage": 116705,
    "rank": 22
  },
  "2023-07": {
    "name": "Garchomp",
    "percent": 11.76669,
    "usage": 143275,
    "rank": 11
  },
  "2023-08": {
    "name": "Garchomp",
    "percent": 9.76085,
    "usage": 143309,
    "rank": 16
  },
  "2023-09": {
    "name": "Garchomp",
    "percent": 7.69464,
    "usage": 114981,
    "rank": 25
  },
  "2023-09-DLC1": {
    "name": "Garchomp",
    "percent": 7.30281,
    "usage": 57582,
    "rank": 25
  },
  "2023-10": {
    "name": "Garchomp",
    "percent": 8.51022,
    "usage": 119219,
    "rank": 19
  },
  "2023-11": {
    "name": "Garchomp",
    "percent": 10.83243,
    "usage": 106976,
    "rank": 15
  },
  "2023-12": {
    "name": "Garchomp",
    "percent": 9.17258,
    "usage": 97018,
    "rank": 17
  },
  "2023-12-DLC2": {
    "name": "Garchomp",
    "percent": 7.4722,
    "usage": 36349,
    "rank": 22
  },
  "2024-01": {
    "name": "Garchomp",
    "percent": 7.49325,
    "usage": 83446,
    "rank": 26
  },
  "2024-02": {
    "name": "Garchomp",
    "percent": 6.73612,
    "usage": 82842,
    "rank": 32
  },
  "2024-03": {
    "name": "Garchomp",
    "percent": 8.32705,
    "usage": 92970,
    "rank": 19
  },
  "2024-04": {
    "name": "Garchomp",
    "percent": 7.08947,
    "usage": 84025,
    "rank": 25
  },
  "2024-05": {
    "name": "Garchomp",
    "percent": 6.17109,
    "usage": 37036,
    "rank": 34
  },
  "2024-06": {
    "name": "Garchomp",
    "percent": 6.4916,
    "usage": 79482,
    "rank": 29
  }
}