{
  "2022-11": {
    "name": "Cetitan",
    "percent": 0.35504,
    "usage": 4614,
    "rank": 71
  },
  "2022-12": {
    "name": "Cetitan",
    "percent": 0.00103,
    "usage": 4706,
    "rank": 182
  },
  "2023-01": {
    "name": "Cetitan",
    "percent": 0.01288,
    "usage": 2937,
    "rank": 124
  },
  "2023-02": {
    "name": "Cetitan",
    "percent": 0.02822,
    "usage": 1667,
    "rank": 120
  },
  "2023-03": {
    "name": "Cetitan",
    "percent": 0.03451,
    "usage": 1251,
    "rank": 114
  },
  "2023-04": {
    "name": "Cetitan",
    "percent": 0.03021,
    "usage": 1048,
    "rank": 120
  },
  "2023-05": {
    "name": "Cetitan",
    "percent": 0.02295,
    "usage": 861,
    "rank": 180
  },
  "2023-06": {
    "name": "Cetitan",
    "percent": 0.00141,
    "usage": 549,
    "rank": 252
  },
  "2023-07": {
    "name": "Cetitan",
    "percent": 0.00079,
    "usage": 522,
    "rank": 279
  },
  "2023-08": {
    "name": "Cetitan",
    "percent": 0.00255,
    "usage": 551,
    "rank": 232
  },
  "2023-09": {
    "name": "Cetitan",
    "percent": 0.00421,
    "usage": 858,
    "rank": 263
  },
  "2023-09-DLC1": {
    "name": "Cetitan",
    "percent": 0.00617,
    "usage": 666,
    "rank": 246
  },
  "2023-10": {
    "name": "Cetitan",
    "percent": 0.00417,
    "usage": 721,
    "rank": 251
  },
  "2023-11": {
    "name": "Cetitan",
    "percent": 0.00481,
    "usage": 752,
    "rank": 259
  },
  "2023-12": {
    "name": "Cetitan",
    "percent": 0.00584,
    "usage": 984,
    "rank": 296
  },
  "2023-12-DLC2": {
    "name": "Cetitan",
    "percent": 0.00101,
    "usage": 443,
    "rank": 374
  },
  "2024-01": {
    "name": "Cetitan",
    "percent": 0.00212,
    "usage": 1125,
    "rank": 348
  },
  "2024-02": {
    "name": "Cetitan",
    "percent": 0.00384,
    "usage": 1045,
    "rank": 291
  },
  "2024-03": {
    "name": "Cetitan",
    "percent": 0.00175,
    "usage": 728,
    "rank": 344
  },
  "2024-04": {
    "name": "Cetitan",
    "percent": 0.00228,
    "usage": 713,
    "rank": 307
  },
  "2024-05": {
    "name": "Cetitan",
    "percent": 0.00168,
    "usage": 342,
    "rank": 319
  },
  "2024-06": {
    "name": "Cetitan",
    "percent": 0.00189,
    "usage": 882,
    "rank": 344
  }
}