{
  "2022-11": {
    "name": "Moltres",
    "percent": 0.05687,
    "usage": 2336,
    "rank": 294
  },
  "2022-12": {
    "name": "Moltres",
    "percent": 0.22167,
    "usage": 5735,
    "rank": 163
  },
  "2023-01": {
    "name": "Moltres",
    "percent": 0.67105,
    "usage": 6910,
    "rank": 120
  },
  "2023-02": {
    "name": "Moltres",
    "percent": 0.6597,
    "usage": 9263,
    "rank": 126
  },
  "2023-03": {
    "name": "Moltres",
    "percent": 0.4356,
    "usage": 8489,
    "rank": 148
  },
  "2023-04": {
    "name": "Moltres",
    "percent": 0.97092,
    "usage": 12318,
    "rank": 102
  },
  "2023-05": {
    "name": "Moltres",
    "percent": 1.3658,
    "usage": 13112,
    "rank": 81
  },
  "2023-06": {
    "name": "Moltres",
    "percent": 1.92437,
    "usage": 11593,
    "rank": 70
  },
  "2023-07": {
    "name": "Moltres",
    "percent": 5.12221,
    "usage": 34546,
    "rank": 38
  },
  "2023-08": {
    "name": "Moltres",
    "percent": 8.57894,
    "usage": 67918,
    "rank": 22
  },
  "2023-09": {
    "name": "Moltres",
    "percent": 7.7236,
    "usage": 68737,
    "rank": 26
  },
  "2023-09-DLC1": {
    "name": "Moltres",
    "percent": 7.80843,
    "usage": 34437,
    "rank": 25
  },
  "2023-10": {
    "name": "Moltres",
    "percent": 7.63323,
    "usage": 79715,
    "rank": 25
  },
  "2023-11": {
    "name": "Moltres",
    "percent": 6.61749,
    "usage": 68844,
    "rank": 27
  },
  "2023-12": {
    "name": "Moltres",
    "percent": 5.14163,
    "usage": 49595,
    "rank": 43
  },
  "2023-12-DLC2": {
    "name": "Moltres",
    "percent": 4.29784,
    "usage": 19946,
    "rank": 48
  },
  "2024-01": {
    "name": "Moltres",
    "percent": 6.86068,
    "usage": 71155,
    "rank": 28
  },
  "2024-02": {
    "name": "Moltres",
    "percent": 5.56053,
    "usage": 75502,
    "rank": 38
  },
  "2024-03": {
    "name": "Moltres",
    "percent": 5.08498,
    "usage": 60139,
    "rank": 38
  },
  "2024-04": {
    "name": "Moltres",
    "percent": 5.44004,
    "usage": 53565,
    "rank": 37
  },
  "2024-05": {
    "name": "Moltres",
    "percent": 4.85363,
    "usage": 21207,
    "rank": 45
  },
  "2024-06": {
    "name": "Moltres",
    "percent": 4.2961,
    "usage": 54258,
    "rank": 46
  }
}