{
  "2022-11": {
    "name": "Tropius",
    "percent": 0.00725,
    "usage": 2907,
    "rank": 199
  },
  "2022-12": {
    "name": "Tropius",
    "percent": 0.11244,
    "usage": 5637,
    "rank": 121
  },
  "2023-01": {
    "name": "Tropius",
    "percent": 0.00912,
    "usage": 6038,
    "rank": 181
  },
  "2023-02": {
    "name": "Tropius",
    "percent": 0.09687,
    "usage": 4747,
    "rank": 115
  },
  "2023-03": {
    "name": "Tropius",
    "percent": 0.01129,
    "usage": 4450,
    "rank": 190
  },
  "2023-04": {
    "name": "Tropius",
    "percent": 0.01383,
    "usage": 3905,
    "rank": 185
  },
  "2023-05": {
    "name": "Tropius",
    "percent": 0.00671,
    "usage": 3792,
    "rank": 255
  },
  "2023-06": {
    "name": "Tropius",
    "percent": 0.00438,
    "usage": 2433,
    "rank": 249
  },
  "2023-07": {
    "name": "Tropius",
    "percent": 0.0029,
    "usage": 2604,
    "rank": 263
  },
  "2023-08": {
    "name": "Tropius",
    "percent": 0.00366,
    "usage": 2851,
    "rank": 244
  },
  "2023-09": {
    "name": "Tropius",
    "percent": 0.00716,
    "usage": 3761,
    "rank": 283
  },
  "2023-09-DLC1": {
    "name": "Tropius",
    "percent": 0.00376,
    "usage": 1867,
    "rank": 295
  },
  "2023-10": {
    "name": "Tropius",
    "percent": 0.00183,
    "usage": 3802,
    "rank": 312
  },
  "2023-11": {
    "name": "Tropius",
    "percent": 0.00738,
    "usage": 4313,
    "rank": 267
  },
  "2023-12": {
    "name": "Tropius",
    "percent": 0.00626,
    "usage": 3699,
    "rank": 342
  },
  "2023-12-DLC2": {
    "name": "Tropius",
    "percent": 0.00027,
    "usage": 1509,
    "rank": 440
  },
  "2024-01": {
    "name": "Tropius",
    "percent": 0.00221,
    "usage": 3437,
    "rank": 378
  },
  "2024-02": {
    "name": "Tropius",
    "percent": 0.00804,
    "usage": 3460,
    "rank": 306
  },
  "2024-03": {
    "name": "Tropius",
    "percent": 0.00315,
    "usage": 3062,
    "rank": 366
  },
  "2024-04": {
    "name": "Tropius",
    "percent": 0.00232,
    "usage": 3092,
    "rank": 370
  },
  "2024-05": {
    "name": "Tropius",
    "percent": 0.00151,
    "usage": 1111,
    "rank": 382
  },
  "2024-06": {
    "name": "Tropius",
    "percent": 0.00264,
    "usage": 3129,
    "rank": 372
  }
}