{
  "2022-11": {
    "name": "Tropius",
    "percent": 0.00032,
    "usage": 2907,
    "rank": 223
  },
  "2022-12": {
    "name": "Tropius",
    "percent": 0.00151,
    "usage": 5637,
    "rank": 191
  },
  "2023-01": {
    "name": "Tropius",
    "percent": 0.00502,
    "usage": 6038,
    "rank": 171
  },
  "2023-02": {
    "name": "Tropius",
    "percent": 0.10141,
    "usage": 4747,
    "rank": 97
  },
  "2023-03": {
    "name": "Tropius",
    "percent": 0.00615,
    "usage": 4450,
    "rank": 177
  },
  "2023-04": {
    "name": "Tropius",
    "percent": 0.00461,
    "usage": 3905,
    "rank": 190
  },
  "2023-05": {
    "name": "Tropius",
    "percent": 0.00576,
    "usage": 3792,
    "rank": 236
  },
  "2023-06": {
    "name": "Tropius",
    "percent": 0.00126,
    "usage": 2433,
    "rank": 253
  },
  "2023-07": {
    "name": "Tropius",
    "percent": 0.00124,
    "usage": 2604,
    "rank": 264
  },
  "2023-08": {
    "name": "Tropius",
    "percent": 0.00112,
    "usage": 2851,
    "rank": 254
  },
  "2023-09": {
    "name": "Tropius",
    "percent": 0.00176,
    "usage": 3761,
    "rank": 301
  },
  "2023-09-DLC1": {
    "name": "Tropius",
    "percent": 0.00188,
    "usage": 1867,
    "rank": 282
  },
  "2023-10": {
    "name": "Tropius",
    "percent": 0.00067,
    "usage": 3802,
    "rank": 315
  },
  "2023-11": {
    "name": "Tropius",
    "percent": 0.00462,
    "usage": 4313,
    "rank": 252
  },
  "2023-12": {
    "name": "Tropius",
    "percent": 0.00179,
    "usage": 3699,
    "rank": 353
  },
  "2023-12-DLC2": {
    "name": "Tropius",
    "percent": 4e-05,
    "usage": 1509,
    "rank": 444
  },
  "2024-01": {
    "name": "Tropius",
    "percent": 0.00062,
    "usage": 3437,
    "rank": 375
  },
  "2024-02": {
    "name": "Tropius",
    "percent": 0.00483,
    "usage": 3460,
    "rank": 272
  },
  "2024-03": {
    "name": "Tropius",
    "percent": 0.00184,
    "usage": 3062,
    "rank": 320
  },
  "2024-04": {
    "name": "Tropius",
    "percent": 0.00083,
    "usage": 3092,
    "rank": 355
  },
  "2024-05": {
    "name": "Tropius",
    "percent": 0.00098,
    "usage": 1111,
    "rank": 342
  },
  "2024-06": {
    "name": "Tropius",
    "percent": 0.0015,
    "usage": 3129,
    "rank": 340
  }
}