{
  "2022-11": {
    "name": "Garganacl",
    "percent": 8.30835,
    "usage": 420087,
    "rank": 26
  },
  "2022-12": {
    "name": "Garganacl",
    "percent": 12.52661,
    "usage": 847135,
    "rank": 16
  },
  "2023-01": {
    "name": "Garganacl",
    "percent": 17.85264,
    "usage": 774868,
    "rank": 6
  },
  "2023-02": {
    "name": "Garganacl",
    "percent": 17.29167,
    "usage": 509353,
    "rank": 8
  },
  "2023-03": {
    "name": "Garganacl",
    "percent": 13.38627,
    "usage": 411799,
    "rank": 16
  },
  "2023-04": {
    "name": "Garganacl",
    "percent": 12.83523,
    "usage": 322722,
    "rank": 14
  },
  "2023-05": {
    "name": "Garganacl",
    "percent": 11.73011,
    "usage": 307879,
    "rank": 15
  },
  "2023-06": {
    "name": "Garganacl",
    "percent": 7.26835,
    "usage": 298214,
    "rank": 29
  },
  "2023-07": {
    "name": "Garganacl",
    "percent": 9.53021,
    "usage": 264373,
    "rank": 17
  },
  "2023-08": {
    "name": "Garganacl",
    "percent": 9.97899,
    "usage": 265246,
    "rank": 17
  },
  "2023-09": {
    "name": "Garganacl",
    "percent": 5.9774,
    "usage": 256482,
    "rank": 32
  },
  "2023-09-DLC1": {
    "name": "Garganacl",
    "percent": 4.55226,
    "usage": 128790,
    "rank": 43
  },
  "2023-10": {
    "name": "Garganacl",
    "percent": 4.798,
    "usage": 175545,
    "rank": 37
  },
  "2023-11": {
    "name": "Garganacl",
    "percent": 6.93457,
    "usage": 186360,
    "rank": 27
  },
  "2023-12": {
    "name": "Garganacl",
    "percent": 4.51268,
    "usage": 185305,
    "rank": 46
  },
  "2023-12-DLC2": {
    "name": "Garganacl",
    "percent": 3.12937,
    "usage": 75901,
    "rank": 58
  },
  "2024-01": {
    "name": "Garganacl",
    "percent": 2.85248,
    "usage": 118253,
    "rank": 58
  },
  "2024-02": {
    "name": "Garganacl",
    "percent": 3.23705,
    "usage": 98220,
    "rank": 49
  },
  "2024-03": {
    "name": "Garganacl",
    "percent": 4.4935,
    "usage": 117998,
    "rank": 40
  },
  "2024-04": {
    "name": "Garganacl",
    "percent": 6.76184,
    "usage": 161677,
    "rank": 30
  },
  "2024-05": {
    "name": "Garganacl",
    "percent": 7.41094,
    "usage": 80850,
    "rank": 27
  },
  "2024-06": {
    "name": "Garganacl",
    "percent": 7.68043,
    "usage": 159249,
    "rank": 27
  }
}