{
  "2022-11": {
    "name": "Azumarill",
    "percent": 3.16867,
    "usage": 160054,
    "rank": 48
  },
  "2022-12": {
    "name": "Azumarill",
    "percent": 3.93132,
    "usage": 263760,
    "rank": 40
  },
  "2023-01": {
    "name": "Azumarill",
    "percent": 7.38979,
    "usage": 320764,
    "rank": 30
  },
  "2023-02": {
    "name": "Azumarill",
    "percent": 6.65012,
    "usage": 194250,
    "rank": 34
  },
  "2023-03": {
    "name": "Azumarill",
    "percent": 8.08873,
    "usage": 238217,
    "rank": 26
  },
  "2023-04": {
    "name": "Azumarill",
    "percent": 7.32867,
    "usage": 171951,
    "rank": 29
  },
  "2023-05": {
    "name": "Azumarill",
    "percent": 6.67998,
    "usage": 170832,
    "rank": 29
  },
  "2023-06": {
    "name": "Azumarill",
    "percent": 4.81608,
    "usage": 190926,
    "rank": 43
  },
  "2023-07": {
    "name": "Azumarill",
    "percent": 5.60859,
    "usage": 153525,
    "rank": 33
  },
  "2023-08": {
    "name": "Azumarill",
    "percent": 6.1409,
    "usage": 156661,
    "rank": 33
  },
  "2023-09": {
    "name": "Azumarill",
    "percent": 3.95283,
    "usage": 162398,
    "rank": 49
  },
  "2023-09-DLC1": {
    "name": "Azumarill",
    "percent": 3.13671,
    "usage": 83283,
    "rank": 55
  },
  "2023-10": {
    "name": "Azumarill",
    "percent": 2.1098,
    "usage": 76073,
    "rank": 58
  },
  "2023-11": {
    "name": "Azumarill",
    "percent": 1.56839,
    "usage": 49265,
    "rank": 68
  },
  "2023-12": {
    "name": "Azumarill",
    "percent": 1.2069,
    "usage": 49066,
    "rank": 91
  },
  "2023-12-DLC2": {
    "name": "Azumarill",
    "percent": 1.09204,
    "usage": 23748,
    "rank": 93
  },
  "2024-01": {
    "name": "Azumarill",
    "percent": 1.74043,
    "usage": 64194,
    "rank": 71
  },
  "2024-02": {
    "name": "Azumarill",
    "percent": 1.22816,
    "usage": 42193,
    "rank": 76
  },
  "2024-03": {
    "name": "Azumarill",
    "percent": 1.31207,
    "usage": 43637,
    "rank": 76
  },
  "2024-04": {
    "name": "Azumarill",
    "percent": 1.38383,
    "usage": 37051,
    "rank": 76
  },
  "2024-05": {
    "name": "Azumarill",
    "percent": 1.05617,
    "usage": 15729,
    "rank": 86
  },
  "2024-06": {
    "name": "Azumarill",
    "percent": 1.21279,
    "usage": 33557,
    "rank": 80
  }
}