{
  "2022-11": {
    "name": "Snover",
    "percent": 15.23256,
    "usage": 3628,
    "rank": 13
  },
  "2022-12": {
    "name": "Snover",
    "percent": 3.97978,
    "usage": 3035,
    "rank": 22
  },
  "2023-01": {
    "name": "Snover",
    "percent": 0.87447,
    "usage": 2579,
    "rank": 44
  },
  "2023-02": {
    "name": "Snover",
    "percent": 0.47094,
    "usage": 1157,
    "rank": 63
  },
  "2023-03": {
    "name": "Snover",
    "percent": 6.09374,
    "usage": 1236,
    "rank": 28
  },
  "2023-04": {
    "name": "Snover",
    "percent": 1.50555,
    "usage": 1212,
    "rank": 47
  },
  "2023-05": {
    "name": "Snover",
    "percent": 0.58287,
    "usage": 1437,
    "rank": 57
  },
  "2023-06": {
    "name": "Snover",
    "percent": 1.41127,
    "usage": 1166,
    "rank": 50
  },
  "2023-07": {
    "name": "Snover",
    "percent": 2.59854,
    "usage": 868,
    "rank": 34
  },
  "2023-08": {
    "name": "Snover",
    "percent": 1.50664,
    "usage": 1510,
    "rank": 41
  },
  "2023-09": {
    "name": "Snover",
    "percent": 5.56055,
    "usage": 2944,
    "rank": 30
  },
  "2023-09-DLC1": {
    "name": "Snover",
    "percent": 8.34269,
    "usage": 2191,
    "rank": 20
  },
  "2023-10": {
    "name": "Snover",
    "percent": 5.03352,
    "usage": 5743,
    "rank": 25
  },
  "2023-11": {
    "name": "Snover",
    "percent": 10.2609,
    "usage": 3445,
    "rank": 14
  },
  "2023-12": {
    "name": "Snover",
    "percent": 1.90622,
    "usage": 2044,
    "rank": 47
  },
  "2023-12-DLC2": {
    "name": "Snover",
    "percent": 1.08029,
    "usage": 795,
    "rank": 59
  },
  "2024-01": {
    "name": "Snover",
    "percent": 1.26363,
    "usage": 1690,
    "rank": 58
  },
  "2024-02": {
    "name": "Snover",
    "percent": 5.05258,
    "usage": 1255,
    "rank": 28
  },
  "2024-03": {
    "name": "Snover",
    "percent": 2.51662,
    "usage": 2040,
    "rank": 28
  },
  "2024-04": {
    "name": "Snover",
    "percent": 2.28376,
    "usage": 1733,
    "rank": 35
  },
  "2024-05": {
    "name": "Snover",
    "percent": 3.81084,
    "usage": 596,
    "rank": 30
  },
  "2024-06": {
    "name": "Snover",
    "percent": 4.58137,
    "usage": 1335,
    "rank": 25
  }
}