{
  "2023-05": {
    "name": "Mew",
    "percent": 0.06354,
    "usage": 228,
    "rank": 246
  },
  "2023-06": {
    "name": "Mew",
    "percent": 0.64718,
    "usage": 2849,
    "rank": 100
  },
  "2023-07": {
    "name": "Mew",
    "percent": 0.4517,
    "usage": 1699,
    "rank": 118
  },
  "2023-08": {
    "name": "Mew",
    "percent": 0.43609,
    "usage": 1748,
    "rank": 117
  },
  "2023-09": {
    "name": "Mew",
    "percent": 0.35308,
    "usage": 1331,
    "rank": 154
  },
  "2023-09-DLC1": {
    "name": "Mew",
    "percent": 0.39409,
    "usage": 862,
    "rank": 155
  },
  "2023-10": {
    "name": "Mew",
    "percent": 0.28476,
    "usage": 1601,
    "rank": 156
  },
  "2023-11": {
    "name": "Mew",
    "percent": 0.46167,
    "usage": 1905,
    "rank": 122
  },
  "2023-12": {
    "name": "Mew",
    "percent": 0.23988,
    "usage": 1674,
    "rank": 200
  },
  "2023-12-DLC2": {
    "name": "Mew",
    "percent": 0.21533,
    "usage": 799,
    "rank": 206
  },
  "2024-01": {
    "name": "Mew",
    "percent": 0.29707,
    "usage": 1982,
    "rank": 180
  },
  "2024-02": {
    "name": "Mew",
    "percent": 0.25557,
    "usage": 1926,
    "rank": 195
  },
  "2024-03": {
    "name": "Mew",
    "percent": 0.295,
    "usage": 1760,
    "rank": 167
  },
  "2024-04": {
    "name": "Mew",
    "percent": 0.23746,
    "usage": 1930,
    "rank": 191
  },
  "2024-05": {
    "name": "Mew",
    "percent": 0.27423,
    "usage": 976,
    "rank": 182
  },
  "2024-06": {
    "name": "Mew",
    "percent": 0.35452,
    "usage": 1945,
    "rank": 166
  }
}