{
  "2022-11": {
    "name": "Kangaskhan",
    "percent": 0.01804,
    "usage": 221,
    "rank": 434
  },
  "2022-12": {
    "name": "Kangaskhan",
    "percent": 0.0305,
    "usage": 1129,
    "rank": 399
  },
  "2023-01": {
    "name": "Kangaskhan",
    "percent": 0.00098,
    "usage": 1079,
    "rank": 618
  },
  "2023-02": {
    "name": "Kangaskhan",
    "percent": 0.01627,
    "usage": 1568,
    "rank": 496
  },
  "2023-03": {
    "name": "Kangaskhan",
    "percent": 0.00705,
    "usage": 1733,
    "rank": 556
  },
  "2023-04": {
    "name": "Kangaskhan",
    "percent": 0.00684,
    "usage": 1614,
    "rank": 561
  },
  "2023-05": {
    "name": "Kangaskhan",
    "percent": 0.01251,
    "usage": 1570,
    "rank": 506
  },
  "2023-06": {
    "name": "Kangaskhan",
    "percent": 0.00853,
    "usage": 1312,
    "rank": 525
  },
  "2023-07": {
    "name": "Kangaskhan",
    "percent": 0.01327,
    "usage": 1440,
    "rank": 497
  },
  "2023-08": {
    "name": "Kangaskhan",
    "percent": 0.01605,
    "usage": 1632,
    "rank": 478
  },
  "2023-09": {
    "name": "Kangaskhan",
    "percent": 0.00388,
    "usage": 1265,
    "rank": 596
  },
  "2023-09-DLC1": {
    "name": "Kangaskhan",
    "percent": 0.00597,
    "usage": 629,
    "rank": 539
  },
  "2023-10": {
    "name": "Kangaskhan",
    "percent": 0.01981,
    "usage": 1152,
    "rank": 453
  },
  "2023-11": {
    "name": "Kangaskhan",
    "percent": 0.00779,
    "usage": 1056,
    "rank": 545
  },
  "2023-12": {
    "name": "Kangaskhan",
    "percent": 0.00403,
    "usage": 826,
    "rank": 607
  },
  "2023-12-DLC2": {
    "name": "Kangaskhan",
    "percent": 0.00617,
    "usage": 293,
    "rank": 528
  },
  "2024-01": {
    "name": "Kangaskhan",
    "percent": 0.01279,
    "usage": 1136,
    "rank": 488
  },
  "2024-02": {
    "name": "Kangaskhan",
    "percent": 0.01581,
    "usage": 1034,
    "rank": 467
  },
  "2024-03": {
    "name": "Kangaskhan",
    "percent": 0.07533,
    "usage": 1870,
    "rank": 309
  },
  "2024-04": {
    "name": "Kangaskhan",
    "percent": 0.00739,
    "usage": 1133,
    "rank": 540
  },
  "2024-05": {
    "name": "Kangaskhan",
    "percent": 0.00888,
    "usage": 387,
    "rank": 508
  },
  "2024-06": {
    "name": "Kangaskhan",
    "percent": 0.00451,
    "usage": 894,
    "rank": 556
  }
}