{
  "2022-11": {
    "name": "Ferrothorn",
    "percent": 5.41312,
    "usage": 34986,
    "rank": 29
  },
  "2022-12": {
    "name": "Ferrothorn",
    "percent": 12.40713,
    "usage": 100910,
    "rank": 8
  },
  "2023-01": {
    "name": "Ferrothorn",
    "percent": 15.02201,
    "usage": 143217,
    "rank": 7
  },
  "2023-02": {
    "name": "Ferrothorn",
    "percent": 13.14433,
    "usage": 155651,
    "rank": 7
  },
  "2023-03": {
    "name": "Ferrothorn",
    "percent": 11.54982,
    "usage": 170819,
    "rank": 13
  },
  "2023-04": {
    "name": "Ferrothorn",
    "percent": 10.07508,
    "usage": 160187,
    "rank": 15
  },
  "2023-05": {
    "name": "Ferrothorn",
    "percent": 13.09705,
    "usage": 210925,
    "rank": 10
  },
  "2023-06": {
    "name": "Ferrothorn",
    "percent": 10.60779,
    "usage": 164824,
    "rank": 14
  },
  "2023-07": {
    "name": "Ferrothorn",
    "percent": 9.6889,
    "usage": 160055,
    "rank": 17
  },
  "2023-08": {
    "name": "Ferrothorn",
    "percent": 9.24977,
    "usage": 186905,
    "rank": 18
  },
  "2023-09": {
    "name": "Ferrothorn",
    "percent": 8.84222,
    "usage": 157664,
    "rank": 20
  },
  "2023-09-DLC1": {
    "name": "Ferrothorn",
    "percent": 7.53496,
    "usage": 70435,
    "rank": 23
  },
  "2023-10": {
    "name": "Ferrothorn",
    "percent": 8.09717,
    "usage": 134048,
    "rank": 21
  },
  "2023-11": {
    "name": "Ferrothorn",
    "percent": 11.1011,
    "usage": 131382,
    "rank": 12
  },
  "2023-12": {
    "name": "Ferrothorn",
    "percent": 12.55488,
    "usage": 134820,
    "rank": 5
  },
  "2023-12-DLC2": {
    "name": "Ferrothorn",
    "percent": 12.12619,
    "usage": 54897,
    "rank": 8
  },
  "2024-01": {
    "name": "Ferrothorn",
    "percent": 13.04908,
    "usage": 138558,
    "rank": 6
  },
  "2024-02": {
    "name": "Ferrothorn",
    "percent": 13.806,
    "usage": 152401,
    "rank": 3
  },
  "2024-03": {
    "name": "Ferrothorn",
    "percent": 12.14225,
    "usage": 144418,
    "rank": 5
  },
  "2024-04": {
    "name": "Ferrothorn",
    "percent": 12.50477,
    "usage": 134642,
    "rank": 5
  },
  "2024-05": {
    "name": "Ferrothorn",
    "percent": 15.34071,
    "usage": 71447,
    "rank": 2
  },
  "2024-06": {
    "name": "Ferrothorn",
    "percent": 13.03401,
    "usage": 147505,
    "rank": 7
  }
}