{
  "2022-11": {
    "name": "Salamence",
    "percent": 0.20488,
    "usage": 42261,
    "rank": 121
  },
  "2022-12": {
    "name": "Salamence",
    "percent": 0.14539,
    "usage": 47573,
    "rank": 92
  },
  "2023-01": {
    "name": "Salamence",
    "percent": 0.64739,
    "usage": 43032,
    "rank": 77
  },
  "2023-02": {
    "name": "Salamence",
    "percent": 0.23728,
    "usage": 33674,
    "rank": 80
  },
  "2023-03": {
    "name": "Salamence",
    "percent": 0.17034,
    "usage": 30818,
    "rank": 91
  },
  "2023-04": {
    "name": "Salamence",
    "percent": 0.30096,
    "usage": 29607,
    "rank": 82
  },
  "2023-05": {
    "name": "Salamence",
    "percent": 0.2177,
    "usage": 26374,
    "rank": 114
  },
  "2023-06": {
    "name": "Salamence",
    "percent": 0.04898,
    "usage": 22125,
    "rank": 155
  },
  "2023-07": {
    "name": "Salamence",
    "percent": 0.02848,
    "usage": 20357,
    "rank": 160
  },
  "2023-08": {
    "name": "Salamence",
    "percent": 0.03475,
    "usage": 17288,
    "rank": 151
  },
  "2023-09": {
    "name": "Salamence",
    "percent": 0.05427,
    "usage": 23003,
    "rank": 176
  },
  "2023-09-DLC1": {
    "name": "Salamence",
    "percent": 0.05867,
    "usage": 13349,
    "rank": 161
  },
  "2023-10": {
    "name": "Salamence",
    "percent": 0.10394,
    "usage": 28265,
    "rank": 137
  },
  "2023-11": {
    "name": "Salamence",
    "percent": 0.24235,
    "usage": 36425,
    "rank": 109
  },
  "2023-12": {
    "name": "Salamence",
    "percent": 0.53087,
    "usage": 44141,
    "rank": 105
  },
  "2023-12-DLC2": {
    "name": "Salamence",
    "percent": 0.32384,
    "usage": 12275,
    "rank": 112
  },
  "2024-01": {
    "name": "Salamence",
    "percent": 0.03738,
    "usage": 27173,
    "rank": 188
  },
  "2024-02": {
    "name": "Salamence",
    "percent": 0.0421,
    "usage": 20351,
    "rank": 164
  },
  "2024-03": {
    "name": "Salamence",
    "percent": 0.08323,
    "usage": 21453,
    "rank": 144
  },
  "2024-04": {
    "name": "Salamence",
    "percent": 0.07297,
    "usage": 19562,
    "rank": 143
  },
  "2024-05": {
    "name": "Salamence",
    "percent": 0.07041,
    "usage": 10215,
    "rank": 150
  },
  "2024-06": {
    "name": "Salamence",
    "percent": 0.03755,
    "usage": 18274,
    "rank": 172
  }
}