{
  "2022-11": {
    "name": "Krookodile",
    "percent": 0.06329,
    "usage": 6295,
    "rank": 286
  },
  "2022-12": {
    "name": "Krookodile",
    "percent": 0.02017,
    "usage": 13412,
    "rank": 311
  },
  "2023-01": {
    "name": "Krookodile",
    "percent": 0.02998,
    "usage": 14280,
    "rank": 319
  },
  "2023-02": {
    "name": "Krookodile",
    "percent": 0.22793,
    "usage": 18482,
    "rank": 190
  },
  "2023-03": {
    "name": "Krookodile",
    "percent": 0.11749,
    "usage": 19631,
    "rank": 223
  },
  "2023-04": {
    "name": "Krookodile",
    "percent": 0.10479,
    "usage": 19659,
    "rank": 228
  },
  "2023-05": {
    "name": "Krookodile",
    "percent": 0.06788,
    "usage": 15268,
    "rank": 273
  },
  "2023-06": {
    "name": "Krookodile",
    "percent": 0.06094,
    "usage": 12807,
    "rank": 244
  },
  "2023-07": {
    "name": "Krookodile",
    "percent": 0.05154,
    "usage": 14047,
    "rank": 261
  },
  "2023-08": {
    "name": "Krookodile",
    "percent": 0.08525,
    "usage": 16094,
    "rank": 230
  },
  "2023-09": {
    "name": "Krookodile",
    "percent": 0.03759,
    "usage": 13330,
    "rank": 289
  },
  "2023-09-DLC1": {
    "name": "Krookodile",
    "percent": 0.02206,
    "usage": 6502,
    "rank": 314
  },
  "2023-10": {
    "name": "Krookodile",
    "percent": 0.05063,
    "usage": 12834,
    "rank": 262
  },
  "2023-11": {
    "name": "Krookodile",
    "percent": 0.04441,
    "usage": 11526,
    "rank": 288
  },
  "2023-12": {
    "name": "Krookodile",
    "percent": 0.04862,
    "usage": 10602,
    "rank": 266
  },
  "2023-12-DLC2": {
    "name": "Krookodile",
    "percent": 0.03825,
    "usage": 4346,
    "rank": 256
  },
  "2024-01": {
    "name": "Krookodile",
    "percent": 0.03315,
    "usage": 9064,
    "rank": 289
  },
  "2024-02": {
    "name": "Krookodile",
    "percent": 0.0543,
    "usage": 10369,
    "rank": 252
  },
  "2024-03": {
    "name": "Krookodile",
    "percent": 0.05804,
    "usage": 11334,
    "rank": 270
  },
  "2024-04": {
    "name": "Krookodile",
    "percent": 0.06976,
    "usage": 9882,
    "rank": 233
  },
  "2024-05": {
    "name": "Krookodile",
    "percent": 0.04495,
    "usage": 3701,
    "rank": 257
  },
  "2024-06": {
    "name": "Krookodile",
    "percent": 0.02666,
    "usage": 6881,
    "rank": 286
  }
}