{
  "2022-11": {
    "name": "Bewear",
    "percent": 0.13157,
    "usage": 1580,
    "rank": 295
  },
  "2022-12": {
    "name": "Bewear",
    "percent": 0.12047,
    "usage": 3532,
    "rank": 283
  },
  "2023-01": {
    "name": "Bewear",
    "percent": 0.10846,
    "usage": 4128,
    "rank": 275
  },
  "2023-02": {
    "name": "Bewear",
    "percent": 0.17095,
    "usage": 4328,
    "rank": 252
  },
  "2023-03": {
    "name": "Bewear",
    "percent": 0.07569,
    "usage": 5641,
    "rank": 296
  },
  "2023-04": {
    "name": "Bewear",
    "percent": 0.03124,
    "usage": 5027,
    "rank": 401
  },
  "2023-05": {
    "name": "Bewear",
    "percent": 0.04178,
    "usage": 5474,
    "rank": 376
  },
  "2023-06": {
    "name": "Bewear",
    "percent": 0.03959,
    "usage": 4202,
    "rank": 362
  },
  "2023-07": {
    "name": "Bewear",
    "percent": 0.0696,
    "usage": 4566,
    "rank": 319
  },
  "2023-08": {
    "name": "Bewear",
    "percent": 0.0722,
    "usage": 5840,
    "rank": 306
  },
  "2023-09": {
    "name": "Bewear",
    "percent": 0.03893,
    "usage": 5450,
    "rank": 373
  },
  "2023-09-DLC1": {
    "name": "Bewear",
    "percent": 0.05625,
    "usage": 2703,
    "rank": 326
  },
  "2023-10": {
    "name": "Bewear",
    "percent": 0.12578,
    "usage": 5774,
    "rank": 265
  },
  "2023-11": {
    "name": "Bewear",
    "percent": 0.06184,
    "usage": 4700,
    "rank": 331
  },
  "2023-12": {
    "name": "Bewear",
    "percent": 0.02965,
    "usage": 3576,
    "rank": 409
  },
  "2023-12-DLC2": {
    "name": "Bewear",
    "percent": 0.02103,
    "usage": 1358,
    "rank": 409
  },
  "2024-01": {
    "name": "Bewear",
    "percent": 0.03216,
    "usage": 3116,
    "rank": 385
  },
  "2024-02": {
    "name": "Bewear",
    "percent": 0.04719,
    "usage": 3624,
    "rank": 352
  },
  "2024-03": {
    "name": "Bewear",
    "percent": 0.01697,
    "usage": 3721,
    "rank": 472
  },
  "2024-04": {
    "name": "Bewear",
    "percent": 0.05344,
    "usage": 3498,
    "rank": 332
  },
  "2024-05": {
    "name": "Bewear",
    "percent": 0.14298,
    "usage": 1663,
    "rank": 242
  },
  "2024-06": {
    "name": "Bewear",
    "percent": 0.05617,
    "usage": 3302,
    "rank": 314
  }
}