{
  "2023-09": {
    "name": "Nosepass",
    "percent": 0.00199,
    "usage": 55,
    "rank": 490
  },
  "2023-09-DLC1": {
    "name": "Nosepass",
    "percent": 0.00355,
    "usage": 54,
    "rank": 464
  },
  "2023-10": {
    "name": "Nosepass",
    "percent": 0.00217,
    "usage": 106,
    "rank": 489
  },
  "2023-11": {
    "name": "Nosepass",
    "percent": 0.00082,
    "usage": 81,
    "rank": 538
  },
  "2023-12": {
    "name": "Nosepass",
    "percent": 0.01801,
    "usage": 212,
    "rank": 452
  },
  "2023-12-DLC2": {
    "name": "Nosepass",
    "percent": 0.02496,
    "usage": 140,
    "rank": 425
  },
  "2024-01": {
    "name": "Nosepass",
    "percent": 0.02761,
    "usage": 773,
    "rank": 424
  },
  "2024-02": {
    "name": "Nosepass",
    "percent": 0.06091,
    "usage": 1306,
    "rank": 354
  },
  "2024-03": {
    "name": "Nosepass",
    "percent": 0.07863,
    "usage": 987,
    "rank": 335
  },
  "2024-04": {
    "name": "Nosepass",
    "percent": 0.05054,
    "usage": 680,
    "rank": 366
  },
  "2024-05": {
    "name": "Nosepass",
    "percent": 0.0274,
    "usage": 413,
    "rank": 411
  },
  "2024-06": {
    "name": "Nosepass",
    "percent": 0.01534,
    "usage": 771,
    "rank": 445
  }
}