{
  "2023-12": {
    "name": "Swampert",
    "percent": 1.13049,
    "usage": 42105,
    "rank": 100
  },
  "2023-12-DLC2": {
    "name": "Swampert",
    "percent": 1.57428,
    "usage": 33687,
    "rank": 80
  },
  "2024-01": {
    "name": "Swampert",
    "percent": 0.98449,
    "usage": 37036,
    "rank": 102
  },
  "2024-02": {
    "name": "Swampert",
    "percent": 0.73146,
    "usage": 20638,
    "rank": 116
  },
  "2024-03": {
    "name": "Swampert",
    "percent": 0.69338,
    "usage": 18445,
    "rank": 124
  },
  "2024-04": {
    "name": "Swampert",
    "percent": 0.629,
    "usage": 14641,
    "rank": 131
  },
  "2024-05": {
    "name": "Swampert",
    "percent": 0.76928,
    "usage": 8191,
    "rank": 126
  },
  "2024-06": {
    "name": "Swampert",
    "percent": 0.75263,
    "usage": 15554,
    "rank": 124
  }
}