{
  "2022-11": {
    "name": "Naclstack",
    "percent": 0.06456,
    "usage": 3436,
    "rank": 200
  },
  "2022-12": {
    "name": "Naclstack",
    "percent": 0.04864,
    "usage": 3534,
    "rank": 204
  },
  "2023-01": {
    "name": "Naclstack",
    "percent": 0.0699,
    "usage": 3278,
    "rank": 200
  },
  "2023-02": {
    "name": "Naclstack",
    "percent": 0.06523,
    "usage": 2206,
    "rank": 197
  },
  "2023-03": {
    "name": "Naclstack",
    "percent": 0.04293,
    "usage": 1589,
    "rank": 205
  },
  "2023-04": {
    "name": "Naclstack",
    "percent": 0.01301,
    "usage": 890,
    "rank": 228
  },
  "2023-05": {
    "name": "Naclstack",
    "percent": 0.0169,
    "usage": 927,
    "rank": 275
  },
  "2023-06": {
    "name": "Naclstack",
    "percent": 0.00574,
    "usage": 660,
    "rank": 292
  },
  "2023-07": {
    "name": "Naclstack",
    "percent": 0.01019,
    "usage": 689,
    "rank": 274
  },
  "2023-08": {
    "name": "Naclstack",
    "percent": 0.00888,
    "usage": 632,
    "rank": 279
  },
  "2023-09": {
    "name": "Naclstack",
    "percent": 0.00507,
    "usage": 460,
    "rank": 351
  },
  "2023-09-DLC1": {
    "name": "Naclstack",
    "percent": 0.00499,
    "usage": 289,
    "rank": 343
  },
  "2023-10": {
    "name": "Naclstack",
    "percent": 0.00702,
    "usage": 624,
    "rank": 335
  },
  "2023-11": {
    "name": "Naclstack",
    "percent": 0.00739,
    "usage": 465,
    "rank": 334
  },
  "2023-12": {
    "name": "Naclstack",
    "percent": 0.00241,
    "usage": 248,
    "rank": 448
  },
  "2023-12-DLC2": {
    "name": "Naclstack",
    "percent": 0.0027,
    "usage": 143,
    "rank": 439
  },
  "2024-01": {
    "name": "Naclstack",
    "percent": 0.00268,
    "usage": 305,
    "rank": 452
  },
  "2024-02": {
    "name": "Naclstack",
    "percent": 0.00416,
    "usage": 209,
    "rank": 439
  },
  "2024-03": {
    "name": "Naclstack",
    "percent": 0.00284,
    "usage": 176,
    "rank": 457
  },
  "2024-04": {
    "name": "Naclstack",
    "percent": 0.00316,
    "usage": 218,
    "rank": 453
  },
  "2024-05": {
    "name": "Naclstack",
    "percent": 0.00182,
    "usage": 82,
    "rank": 480
  },
  "2024-06": {
    "name": "Naclstack",
    "percent": 0.00428,
    "usage": 230,
    "rank": 444
  }
}