{
  "2022-11": {
    "name": "Empoleon",
    "percent": 0.05448,
    "usage": 3704,
    "rank": 298
  },
  "2022-12": {
    "name": "Empoleon",
    "percent": 0.01815,
    "usage": 9164,
    "rank": 316
  },
  "2023-01": {
    "name": "Empoleon",
    "percent": 0.02448,
    "usage": 10123,
    "rank": 333
  },
  "2023-02": {
    "name": "Empoleon",
    "percent": 0.05844,
    "usage": 10764,
    "rank": 289
  },
  "2023-03": {
    "name": "Empoleon",
    "percent": 0.08952,
    "usage": 13013,
    "rank": 239
  },
  "2023-04": {
    "name": "Empoleon",
    "percent": 0.11258,
    "usage": 14023,
    "rank": 223
  },
  "2023-05": {
    "name": "Empoleon",
    "percent": 0.06727,
    "usage": 12871,
    "rank": 275
  },
  "2023-06": {
    "name": "Empoleon",
    "percent": 0.06384,
    "usage": 10243,
    "rank": 241
  },
  "2023-07": {
    "name": "Empoleon",
    "percent": 0.10921,
    "usage": 9765,
    "rank": 212
  },
  "2023-08": {
    "name": "Empoleon",
    "percent": 0.04183,
    "usage": 11318,
    "rank": 286
  },
  "2023-09": {
    "name": "Empoleon",
    "percent": 0.76369,
    "usage": 30125,
    "rank": 115
  },
  "2023-09-DLC1": {
    "name": "Empoleon",
    "percent": 1.12161,
    "usage": 21456,
    "rank": 91
  },
  "2023-10": {
    "name": "Empoleon",
    "percent": 0.58955,
    "usage": 31163,
    "rank": 121
  },
  "2023-11": {
    "name": "Empoleon",
    "percent": 0.59265,
    "usage": 20468,
    "rank": 134
  },
  "2023-12": {
    "name": "Empoleon",
    "percent": 0.47957,
    "usage": 15840,
    "rank": 142
  },
  "2023-12-DLC2": {
    "name": "Empoleon",
    "percent": 0.19404,
    "usage": 5760,
    "rank": 170
  },
  "2024-01": {
    "name": "Empoleon",
    "percent": 0.20346,
    "usage": 13050,
    "rank": 177
  },
  "2024-02": {
    "name": "Empoleon",
    "percent": 0.10292,
    "usage": 11846,
    "rank": 211
  },
  "2024-03": {
    "name": "Empoleon",
    "percent": 0.34223,
    "usage": 13659,
    "rank": 169
  },
  "2024-04": {
    "name": "Empoleon",
    "percent": 0.16277,
    "usage": 13234,
    "rank": 188
  },
  "2024-05": {
    "name": "Empoleon",
    "percent": 0.11618,
    "usage": 5545,
    "rank": 208
  },
  "2024-06": {
    "name": "Empoleon",
    "percent": 0.13761,
    "usage": 11010,
    "rank": 191
  }
}